ResponseId,activity_type,battery,item,response,response_code,score,is_dont_know,source_column
R_MK0001265,School club or lunchtime activity,outcomes,More knowledgable about STEM,Yes a lot,1,4,False,Q15_1
R_MK0006572,School club or lunchtime activity,outcomes,More knowledgable about STEM,Yes a little,2,3,False,Q15_1
R_MK0007539,School club or lunchtime activity,outcomes,More knowledgable about STEM,Yes a little,2,3,False,Q15_1
R_MK0011453,School club or lunchtime activity,outcomes,More knowledgable about STEM,Yes a little,2,3,False,Q15_1
R_MK0014994,School club or lunchtime activity,outcomes,More knowledgable about STEM,Yes a lot,1,4,False,Q15_1
R_MK0017794,School club or lunchtime activity,outcomes,More knowledgable about STEM,No,4,1,False,Q15_1
R_MK0019683,School club or lunchtime activity,outcomes,More knowledgable about STEM,Yes a little,2,3,False,Q15_1
R_MK0033442,School club or lunchtime activity,outcomes,More knowledgable about STEM,Yes a lot,1,4,False,Q15_1
R_MK0042725,School club or lunchtime activity,outcomes,More knowledgable about STEM,Maybe,3,2,False,Q15_1
R_MK0046892,School club or lunchtime activity,outcomes,More knowledgable about STEM,Yes a lot,1,4,False,Q15_1
R_MK0047788,School club or lunchtime activity,outcomes,More knowledgable about STEM,Yes a little,2,3,False,Q15_1
R_MK0049733,School club or lunchtime activity,outcomes,More knowledgable about STEM,Yes a lot,1,4,False,Q15_1
R_MK0052388,School club or lunchtime activity,outcomes,More knowledgable about STEM,No,4,1,False,Q15_1
R_MK0062899,School club or lunchtime activity,outcomes,More knowledgable about STEM,Maybe,3,2,False,Q15_1
R_MK0065907,School club or lunchtime activity,outcomes,More knowledgable about STEM,I do not know,5,,True,Q15_1
R_MK0089973,School club or lunchtime activity,outcomes,More knowledgable about STEM,Yes a lot,1,4,False,Q15_1
R_MK0092907,School club or lunchtime activity,outcomes,More knowledgable about STEM,Yes a lot,1,4,False,Q15_1
R_MK0094626,School club or lunchtime activity,outcomes,More knowledgable about STEM,Yes a little,2,3,False,Q15_1
R_MK0095142,School club or lunchtime activity,outcomes,More knowledgable about STEM,Yes a lot,1,4,False,Q15_1
R_MK0096327,School club or lunchtime activity,outcomes,More knowledgable about STEM,I do not know,5,,True,Q15_1
R_MK0101806,School club or lunchtime activity,outcomes,More knowledgable about STEM,No,4,1,False,Q15_1
R_MK0102522,School club or lunchtime activity,outcomes,More knowledgable about STEM,No,4,1,False,Q15_1
R_MK0103956,School club or lunchtime activity,outcomes,More knowledgable about STEM,Yes a little,2,3,False,Q15_1
R_MK0108835,School club or lunchtime activity,outcomes,More knowledgable about STEM,Yes a lot,1,4,False,Q15_1
R_MK0109124,School club or lunchtime activity,outcomes,More knowledgable about STEM,Yes a little,2,3,False,Q15_1
R_MK0111624,School club or lunchtime activity,outcomes,More knowledgable about STEM,Yes a little,2,3,False,Q15_1
R_MK0112361,School club or lunchtime activity,outcomes,More knowledgable about STEM,Maybe,3,2,False,Q15_1
R_MK0120834,School club or lunchtime activity,outcomes,More knowledgable about STEM,Maybe,3,2,False,Q15_1
R_MK0121952,School club or lunchtime activity,outcomes,More knowledgable about STEM,Maybe,3,2,False,Q15_1
R_MK0122800,School club or lunchtime activity,outcomes,More knowledgable about STEM,Yes a lot,1,4,False,Q15_1
R_MK0127853,School club or lunchtime activity,outcomes,More knowledgable about STEM,Yes a lot,1,4,False,Q15_1
R_MK0129827,School club or lunchtime activity,outcomes,More knowledgable about STEM,No,4,1,False,Q15_1
R_MK0130464,School club or lunchtime activity,outcomes,More knowledgable about STEM,Yes a little,2,3,False,Q15_1
R_MK0132486,School club or lunchtime activity,outcomes,More knowledgable about STEM,No,4,1,False,Q15_1
R_MK0135917,School club or lunchtime activity,outcomes,More knowledgable about STEM,Yes a little,2,3,False,Q15_1
R_MK0136603,School club or lunchtime activity,outcomes,More knowledgable about STEM,Yes a little,2,3,False,Q15_1
R_MK0137508,School club or lunchtime activity,outcomes,More knowledgable about STEM,Yes a lot,1,4,False,Q15_1
R_MK0138319,School club or lunchtime activity,outcomes,More knowledgable about STEM,No,4,1,False,Q15_1
R_MK0147525,School club or lunchtime activity,outcomes,More knowledgable about STEM,Yes a lot,1,4,False,Q15_1
R_MK0149433,School club or lunchtime activity,outcomes,More knowledgable about STEM,Maybe,3,2,False,Q15_1
R_MK0151675,School club or lunchtime activity,outcomes,More knowledgable about STEM,Yes a little,2,3,False,Q15_1
R_MK0152207,School club or lunchtime activity,outcomes,More knowledgable about STEM,No,4,1,False,Q15_1
R_MK0153261,School club or lunchtime activity,outcomes,More knowledgable about STEM,Maybe,3,2,False,Q15_1
R_MK0159874,School club or lunchtime activity,outcomes,More knowledgable about STEM,Yes a lot,1,4,False,Q15_1
R_MK0161224,School club or lunchtime activity,outcomes,More knowledgable about STEM,Yes a little,2,3,False,Q15_1
R_MK0163831,School club or lunchtime activity,outcomes,More knowledgable about STEM,No,4,1,False,Q15_1
R_MK0171952,School club or lunchtime activity,outcomes,More knowledgable about STEM,I do not know,5,,True,Q15_1
R_MK0177349,School club or lunchtime activity,outcomes,More knowledgable about STEM,Maybe,3,2,False,Q15_1
R_MK0001265,School club or lunchtime activity,outcomes,More aware of a range of jobs in STEM,Yes a lot,1,4,False,Q15_2
R_MK0006572,School club or lunchtime activity,outcomes,More aware of a range of jobs in STEM,No,4,1,False,Q15_2
R_MK0007539,School club or lunchtime activity,outcomes,More aware of a range of jobs in STEM,Yes a lot,1,4,False,Q15_2
R_MK0011453,School club or lunchtime activity,outcomes,More aware of a range of jobs in STEM,Yes a lot,1,4,False,Q15_2
R_MK0014994,School club or lunchtime activity,outcomes,More aware of a range of jobs in STEM,Yes a lot,1,4,False,Q15_2
R_MK0017794,School club or lunchtime activity,outcomes,More aware of a range of jobs in STEM,I do not know,5,,True,Q15_2
R_MK0019683,School club or lunchtime activity,outcomes,More aware of a range of jobs in STEM,Yes a lot,1,4,False,Q15_2
R_MK0033442,School club or lunchtime activity,outcomes,More aware of a range of jobs in STEM,Yes a lot,1,4,False,Q15_2
R_MK0042725,School club or lunchtime activity,outcomes,More aware of a range of jobs in STEM,Yes a little,2,3,False,Q15_2
R_MK0046892,School club or lunchtime activity,outcomes,More aware of a range of jobs in STEM,No,4,1,False,Q15_2
R_MK0047788,School club or lunchtime activity,outcomes,More aware of a range of jobs in STEM,No,4,1,False,Q15_2
R_MK0049733,School club or lunchtime activity,outcomes,More aware of a range of jobs in STEM,Yes a little,2,3,False,Q15_2
R_MK0052388,School club or lunchtime activity,outcomes,More aware of a range of jobs in STEM,Yes a little,2,3,False,Q15_2
R_MK0062899,School club or lunchtime activity,outcomes,More aware of a range of jobs in STEM,Yes a lot,1,4,False,Q15_2
R_MK0065907,School club or lunchtime activity,outcomes,More aware of a range of jobs in STEM,Maybe,3,2,False,Q15_2
R_MK0089973,School club or lunchtime activity,outcomes,More aware of a range of jobs in STEM,Yes a little,2,3,False,Q15_2
R_MK0092907,School club or lunchtime activity,outcomes,More aware of a range of jobs in STEM,Yes a little,2,3,False,Q15_2
R_MK0094626,School club or lunchtime activity,outcomes,More aware of a range of jobs in STEM,Yes a lot,1,4,False,Q15_2
R_MK0095142,School club or lunchtime activity,outcomes,More aware of a range of jobs in STEM,Yes a lot,1,4,False,Q15_2
R_MK0096327,School club or lunchtime activity,outcomes,More aware of a range of jobs in STEM,No,4,1,False,Q15_2
R_MK0101806,School club or lunchtime activity,outcomes,More aware of a range of jobs in STEM,Yes a lot,1,4,False,Q15_2
R_MK0102522,School club or lunchtime activity,outcomes,More aware of a range of jobs in STEM,Maybe,3,2,False,Q15_2
R_MK0103956,School club or lunchtime activity,outcomes,More aware of a range of jobs in STEM,Yes a little,2,3,False,Q15_2
R_MK0108835,School club or lunchtime activity,outcomes,More aware of a range of jobs in STEM,Yes a little,2,3,False,Q15_2
R_MK0109124,School club or lunchtime activity,outcomes,More aware of a range of jobs in STEM,No,4,1,False,Q15_2
R_MK0111624,School club or lunchtime activity,outcomes,More aware of a range of jobs in STEM,Maybe,3,2,False,Q15_2
R_MK0112361,School club or lunchtime activity,outcomes,More aware of a range of jobs in STEM,Yes a lot,1,4,False,Q15_2
R_MK0120834,School club or lunchtime activity,outcomes,More aware of a range of jobs in STEM,Yes a little,2,3,False,Q15_2
R_MK0121952,School club or lunchtime activity,outcomes,More aware of a range of jobs in STEM,Yes a little,2,3,False,Q15_2
R_MK0122800,School club or lunchtime activity,outcomes,More aware of a range of jobs in STEM,Yes a lot,1,4,False,Q15_2
R_MK0127853,School club or lunchtime activity,outcomes,More aware of a range of jobs in STEM,Yes a little,2,3,False,Q15_2
R_MK0129827,School club or lunchtime activity,outcomes,More aware of a range of jobs in STEM,Yes a little,2,3,False,Q15_2
R_MK0130464,School club or lunchtime activity,outcomes,More aware of a range of jobs in STEM,Maybe,3,2,False,Q15_2
R_MK0132486,School club or lunchtime activity,outcomes,More aware of a range of jobs in STEM,Yes a little,2,3,False,Q15_2
R_MK0135917,School club or lunchtime activity,outcomes,More aware of a range of jobs in STEM,Maybe,3,2,False,Q15_2
R_MK0136603,School club or lunchtime activity,outcomes,More aware of a range of jobs in STEM,Yes a lot,1,4,False,Q15_2
R_MK0137508,School club or lunchtime activity,outcomes,More aware of a range of jobs in STEM,Yes a little,2,3,False,Q15_2
R_MK0138319,School club or lunchtime activity,outcomes,More aware of a range of jobs in STEM,I do not know,5,,True,Q15_2
R_MK0147525,School club or lunchtime activity,outcomes,More aware of a range of jobs in STEM,Yes a little,2,3,False,Q15_2
R_MK0149433,School club or lunchtime activity,outcomes,More aware of a range of jobs in STEM,Yes a little,2,3,False,Q15_2
R_MK0151675,School club or lunchtime activity,outcomes,More aware of a range of jobs in STEM,Yes a lot,1,4,False,Q15_2
R_MK0152207,School club or lunchtime activity,outcomes,More aware of a range of jobs in STEM,No,4,1,False,Q15_2
R_MK0153261,School club or lunchtime activity,outcomes,More aware of a range of jobs in STEM,Yes a little,2,3,False,Q15_2
R_MK0159874,School club or lunchtime activity,outcomes,More aware of a range of jobs in STEM,Yes a lot,1,4,False,Q15_2
R_MK0161224,School club or lunchtime activity,outcomes,More aware of a range of jobs in STEM,Yes a little,2,3,False,Q15_2
R_MK0163831,School club or lunchtime activity,outcomes,More aware of a range of jobs in STEM,Maybe,3,2,False,Q15_2
R_MK0171952,School club or lunchtime activity,outcomes,More aware of a range of jobs in STEM,Yes a lot,1,4,False,Q15_2
R_MK0177349,School club or lunchtime activity,outcomes,More aware of a range of jobs in STEM,Yes a little,2,3,False,Q15_2
R_MK0001265,School club or lunchtime activity,outcomes,More interested in learning about STEM,Yes a lot,1,4,False,Q15_3
R_MK0006572,School club or lunchtime activity,outcomes,More interested in learning about STEM,Yes a lot,1,4,False,Q15_3
R_MK0007539,School club or lunchtime activity,outcomes,More interested in learning about STEM,Maybe,3,2,False,Q15_3
R_MK0011453,School club or lunchtime activity,outcomes,More interested in learning about STEM,Maybe,3,2,False,Q15_3
R_MK0014994,School club or lunchtime activity,outcomes,More interested in learning about STEM,Yes a lot,1,4,False,Q15_3
R_MK0017794,School club or lunchtime activity,outcomes,More interested in learning about STEM,Yes a lot,1,4,False,Q15_3
R_MK0019683,School club or lunchtime activity,outcomes,More interested in learning about STEM,Yes a lot,1,4,False,Q15_3
R_MK0033442,School club or lunchtime activity,outcomes,More interested in learning about STEM,Yes a little,2,3,False,Q15_3
R_MK0042725,School club or lunchtime activity,outcomes,More interested in learning about STEM,Yes a little,2,3,False,Q15_3
R_MK0046892,School club or lunchtime activity,outcomes,More interested in learning about STEM,No,4,1,False,Q15_3
R_MK0047788,School club or lunchtime activity,outcomes,More interested in learning about STEM,No,4,1,False,Q15_3
R_MK0049733,School club or lunchtime activity,outcomes,More interested in learning about STEM,Maybe,3,2,False,Q15_3
R_MK0052388,School club or lunchtime activity,outcomes,More interested in learning about STEM,Yes a lot,1,4,False,Q15_3
R_MK0062899,School club or lunchtime activity,outcomes,More interested in learning about STEM,Yes a little,2,3,False,Q15_3
R_MK0065907,School club or lunchtime activity,outcomes,More interested in learning about STEM,Yes a little,2,3,False,Q15_3
R_MK0089973,School club or lunchtime activity,outcomes,More interested in learning about STEM,Yes a little,2,3,False,Q15_3
R_MK0092907,School club or lunchtime activity,outcomes,More interested in learning about STEM,Yes a little,2,3,False,Q15_3
R_MK0094626,School club or lunchtime activity,outcomes,More interested in learning about STEM,Yes a little,2,3,False,Q15_3
R_MK0095142,School club or lunchtime activity,outcomes,More interested in learning about STEM,Yes a little,2,3,False,Q15_3
R_MK0096327,School club or lunchtime activity,outcomes,More interested in learning about STEM,Yes a little,2,3,False,Q15_3
R_MK0101806,School club or lunchtime activity,outcomes,More interested in learning about STEM,Maybe,3,2,False,Q15_3
R_MK0102522,School club or lunchtime activity,outcomes,More interested in learning about STEM,Yes a little,2,3,False,Q15_3
R_MK0103956,School club or lunchtime activity,outcomes,More interested in learning about STEM,Yes a little,2,3,False,Q15_3
R_MK0108835,School club or lunchtime activity,outcomes,More interested in learning about STEM,Yes a lot,1,4,False,Q15_3
R_MK0109124,School club or lunchtime activity,outcomes,More interested in learning about STEM,Yes a lot,1,4,False,Q15_3
R_MK0111624,School club or lunchtime activity,outcomes,More interested in learning about STEM,Yes a lot,1,4,False,Q15_3
R_MK0112361,School club or lunchtime activity,outcomes,More interested in learning about STEM,Maybe,3,2,False,Q15_3
R_MK0120834,School club or lunchtime activity,outcomes,More interested in learning about STEM,I do not know,5,,True,Q15_3
R_MK0121952,School club or lunchtime activity,outcomes,More interested in learning about STEM,Yes a little,2,3,False,Q15_3
R_MK0122800,School club or lunchtime activity,outcomes,More interested in learning about STEM,Yes a lot,1,4,False,Q15_3
R_MK0127853,School club or lunchtime activity,outcomes,More interested in learning about STEM,Yes a little,2,3,False,Q15_3
R_MK0129827,School club or lunchtime activity,outcomes,More interested in learning about STEM,Maybe,3,2,False,Q15_3
R_MK0130464,School club or lunchtime activity,outcomes,More interested in learning about STEM,Maybe,3,2,False,Q15_3
R_MK0132486,School club or lunchtime activity,outcomes,More interested in learning about STEM,Yes a lot,1,4,False,Q15_3
R_MK0135917,School club or lunchtime activity,outcomes,More interested in learning about STEM,No,4,1,False,Q15_3
R_MK0136603,School club or lunchtime activity,outcomes,More interested in learning about STEM,No,4,1,False,Q15_3
R_MK0137508,School club or lunchtime activity,outcomes,More interested in learning about STEM,Yes a lot,1,4,False,Q15_3
R_MK0138319,School club or lunchtime activity,outcomes,More interested in learning about STEM,Yes a lot,1,4,False,Q15_3
R_MK0147525,School club or lunchtime activity,outcomes,More interested in learning about STEM,Yes a lot,1,4,False,Q15_3
R_MK0149433,School club or lunchtime activity,outcomes,More interested in learning about STEM,Maybe,3,2,False,Q15_3
R_MK0151675,School club or lunchtime activity,outcomes,More interested in learning about STEM,Yes a little,2,3,False,Q15_3
R_MK0152207,School club or lunchtime activity,outcomes,More interested in learning about STEM,Maybe,3,2,False,Q15_3
R_MK0153261,School club or lunchtime activity,outcomes,More interested in learning about STEM,Yes a little,2,3,False,Q15_3
R_MK0159874,School club or lunchtime activity,outcomes,More interested in learning about STEM,Yes a little,2,3,False,Q15_3
R_MK0161224,School club or lunchtime activity,outcomes,More interested in learning about STEM,Yes a little,2,3,False,Q15_3
R_MK0163831,School club or lunchtime activity,outcomes,More interested in learning about STEM,Yes a little,2,3,False,Q15_3
R_MK0171952,School club or lunchtime activity,outcomes,More interested in learning about STEM,Maybe,3,2,False,Q15_3
R_MK0177349,School club or lunchtime activity,outcomes,More interested in learning about STEM,Yes a lot,1,4,False,Q15_3
R_MK0001265,School club or lunchtime activity,outcomes,More confident in solving STEM problems,Yes a lot,1,4,False,Q15_4
R_MK0006572,School club or lunchtime activity,outcomes,More confident in solving STEM problems,No,4,1,False,Q15_4
R_MK0007539,School club or lunchtime activity,outcomes,More confident in solving STEM problems,Yes a lot,1,4,False,Q15_4
R_MK0011453,School club or lunchtime activity,outcomes,More confident in solving STEM problems,No,4,1,False,Q15_4
R_MK0014994,School club or lunchtime activity,outcomes,More confident in solving STEM problems,I do not know,5,,True,Q15_4
R_MK0017794,School club or lunchtime activity,outcomes,More confident in solving STEM problems,Maybe,3,2,False,Q15_4
R_MK0019683,School club or lunchtime activity,outcomes,More confident in solving STEM problems,Yes a little,2,3,False,Q15_4
R_MK0033442,School club or lunchtime activity,outcomes,More confident in solving STEM problems,Maybe,3,2,False,Q15_4
R_MK0042725,School club or lunchtime activity,outcomes,More confident in solving STEM problems,Yes a lot,1,4,False,Q15_4
R_MK0046892,School club or lunchtime activity,outcomes,More confident in solving STEM problems,Yes a little,2,3,False,Q15_4
R_MK0047788,School club or lunchtime activity,outcomes,More confident in solving STEM problems,Maybe,3,2,False,Q15_4
R_MK0049733,School club or lunchtime activity,outcomes,More confident in solving STEM problems,Yes a little,2,3,False,Q15_4
R_MK0052388,School club or lunchtime activity,outcomes,More confident in solving STEM problems,Yes a lot,1,4,False,Q15_4
R_MK0062899,School club or lunchtime activity,outcomes,More confident in solving STEM problems,Yes a lot,1,4,False,Q15_4
R_MK0065907,School club or lunchtime activity,outcomes,More confident in solving STEM problems,Yes a little,2,3,False,Q15_4
R_MK0089973,School club or lunchtime activity,outcomes,More confident in solving STEM problems,Yes a little,2,3,False,Q15_4
R_MK0092907,School club or lunchtime activity,outcomes,More confident in solving STEM problems,Yes a little,2,3,False,Q15_4
R_MK0094626,School club or lunchtime activity,outcomes,More confident in solving STEM problems,I do not know,5,,True,Q15_4
R_MK0095142,School club or lunchtime activity,outcomes,More confident in solving STEM problems,Yes a lot,1,4,False,Q15_4
R_MK0096327,School club or lunchtime activity,outcomes,More confident in solving STEM problems,Yes a little,2,3,False,Q15_4
R_MK0101806,School club or lunchtime activity,outcomes,More confident in solving STEM problems,Yes a little,2,3,False,Q15_4
R_MK0102522,School club or lunchtime activity,outcomes,More confident in solving STEM problems,Yes a little,2,3,False,Q15_4
R_MK0103956,School club or lunchtime activity,outcomes,More confident in solving STEM problems,I do not know,5,,True,Q15_4
R_MK0108835,School club or lunchtime activity,outcomes,More confident in solving STEM problems,Maybe,3,2,False,Q15_4
R_MK0109124,School club or lunchtime activity,outcomes,More confident in solving STEM problems,Maybe,3,2,False,Q15_4
R_MK0111624,School club or lunchtime activity,outcomes,More confident in solving STEM problems,Yes a lot,1,4,False,Q15_4
R_MK0112361,School club or lunchtime activity,outcomes,More confident in solving STEM problems,No,4,1,False,Q15_4
R_MK0120834,School club or lunchtime activity,outcomes,More confident in solving STEM problems,No,4,1,False,Q15_4
R_MK0121952,School club or lunchtime activity,outcomes,More confident in solving STEM problems,Yes a lot,1,4,False,Q15_4
R_MK0122800,School club or lunchtime activity,outcomes,More confident in solving STEM problems,Yes a lot,1,4,False,Q15_4
R_MK0127853,School club or lunchtime activity,outcomes,More confident in solving STEM problems,Yes a little,2,3,False,Q15_4
R_MK0129827,School club or lunchtime activity,outcomes,More confident in solving STEM problems,Yes a little,2,3,False,Q15_4
R_MK0130464,School club or lunchtime activity,outcomes,More confident in solving STEM problems,Yes a little,2,3,False,Q15_4
R_MK0132486,School club or lunchtime activity,outcomes,More confident in solving STEM problems,Yes a little,2,3,False,Q15_4
R_MK0135917,School club or lunchtime activity,outcomes,More confident in solving STEM problems,Yes a little,2,3,False,Q15_4
R_MK0136603,School club or lunchtime activity,outcomes,More confident in solving STEM problems,Maybe,3,2,False,Q15_4
R_MK0137508,School club or lunchtime activity,outcomes,More confident in solving STEM problems,Yes a lot,1,4,False,Q15_4
R_MK0138319,School club or lunchtime activity,outcomes,More confident in solving STEM problems,Maybe,3,2,False,Q15_4
R_MK0147525,School club or lunchtime activity,outcomes,More confident in solving STEM problems,Yes a little,2,3,False,Q15_4
R_MK0149433,School club or lunchtime activity,outcomes,More confident in solving STEM problems,Yes a lot,1,4,False,Q15_4
R_MK0151675,School club or lunchtime activity,outcomes,More confident in solving STEM problems,Yes a lot,1,4,False,Q15_4
R_MK0152207,School club or lunchtime activity,outcomes,More confident in solving STEM problems,Yes a little,2,3,False,Q15_4
R_MK0153261,School club or lunchtime activity,outcomes,More confident in solving STEM problems,Yes a little,2,3,False,Q15_4
R_MK0159874,School club or lunchtime activity,outcomes,More confident in solving STEM problems,Yes a little,2,3,False,Q15_4
R_MK0161224,School club or lunchtime activity,outcomes,More confident in solving STEM problems,Yes a lot,1,4,False,Q15_4
R_MK0163831,School club or lunchtime activity,outcomes,More confident in solving STEM problems,Yes a little,2,3,False,Q15_4
R_MK0171952,School club or lunchtime activity,outcomes,More confident in solving STEM problems,Maybe,3,2,False,Q15_4
R_MK0177349,School club or lunchtime activity,outcomes,More confident in solving STEM problems,Yes a lot,1,4,False,Q15_4
R_MK0001265,School club or lunchtime activity,outcomes,"More comfortable with using tools, technology and equipment",Yes a lot,1,4,False,Q15_5
R_MK0006572,School club or lunchtime activity,outcomes,"More comfortable with using tools, technology and equipment",No,4,1,False,Q15_5
R_MK0007539,School club or lunchtime activity,outcomes,"More comfortable with using tools, technology and equipment",Yes a lot,1,4,False,Q15_5
R_MK0011453,School club or lunchtime activity,outcomes,"More comfortable with using tools, technology and equipment",No,4,1,False,Q15_5
R_MK0014994,School club or lunchtime activity,outcomes,"More comfortable with using tools, technology and equipment",Yes a little,2,3,False,Q15_5
R_MK0017794,School club or lunchtime activity,outcomes,"More comfortable with using tools, technology and equipment",Yes a lot,1,4,False,Q15_5
R_MK0019683,School club or lunchtime activity,outcomes,"More comfortable with using tools, technology and equipment",Yes a lot,1,4,False,Q15_5
R_MK0033442,School club or lunchtime activity,outcomes,"More comfortable with using tools, technology and equipment",Maybe,3,2,False,Q15_5
R_MK0042725,School club or lunchtime activity,outcomes,"More comfortable with using tools, technology and equipment",Yes a lot,1,4,False,Q15_5
R_MK0046892,School club or lunchtime activity,outcomes,"More comfortable with using tools, technology and equipment",Yes a lot,1,4,False,Q15_5
R_MK0047788,School club or lunchtime activity,outcomes,"More comfortable with using tools, technology and equipment",Yes a little,2,3,False,Q15_5
R_MK0049733,School club or lunchtime activity,outcomes,"More comfortable with using tools, technology and equipment",I do not know,5,,True,Q15_5
R_MK0052388,School club or lunchtime activity,outcomes,"More comfortable with using tools, technology and equipment",Maybe,3,2,False,Q15_5
R_MK0062899,School club or lunchtime activity,outcomes,"More comfortable with using tools, technology and equipment",Maybe,3,2,False,Q15_5
R_MK0065907,School club or lunchtime activity,outcomes,"More comfortable with using tools, technology and equipment",No,4,1,False,Q15_5
R_MK0089973,School club or lunchtime activity,outcomes,"More comfortable with using tools, technology and equipment",Yes a little,2,3,False,Q15_5
R_MK0092907,School club or lunchtime activity,outcomes,"More comfortable with using tools, technology and equipment",Yes a little,2,3,False,Q15_5
R_MK0094626,School club or lunchtime activity,outcomes,"More comfortable with using tools, technology and equipment",Yes a little,2,3,False,Q15_5
R_MK0095142,School club or lunchtime activity,outcomes,"More comfortable with using tools, technology and equipment",Yes a little,2,3,False,Q15_5
R_MK0096327,School club or lunchtime activity,outcomes,"More comfortable with using tools, technology and equipment",Maybe,3,2,False,Q15_5
R_MK0101806,School club or lunchtime activity,outcomes,"More comfortable with using tools, technology and equipment",Maybe,3,2,False,Q15_5
R_MK0102522,School club or lunchtime activity,outcomes,"More comfortable with using tools, technology and equipment",Yes a little,2,3,False,Q15_5
R_MK0103956,School club or lunchtime activity,outcomes,"More comfortable with using tools, technology and equipment",No,4,1,False,Q15_5
R_MK0108835,School club or lunchtime activity,outcomes,"More comfortable with using tools, technology and equipment",Yes a lot,1,4,False,Q15_5
R_MK0109124,School club or lunchtime activity,outcomes,"More comfortable with using tools, technology and equipment",No,4,1,False,Q15_5
R_MK0111624,School club or lunchtime activity,outcomes,"More comfortable with using tools, technology and equipment",Maybe,3,2,False,Q15_5
R_MK0112361,School club or lunchtime activity,outcomes,"More comfortable with using tools, technology and equipment",Yes a little,2,3,False,Q15_5
R_MK0120834,School club or lunchtime activity,outcomes,"More comfortable with using tools, technology and equipment",Yes a lot,1,4,False,Q15_5
R_MK0121952,School club or lunchtime activity,outcomes,"More comfortable with using tools, technology and equipment",Yes a little,2,3,False,Q15_5
R_MK0122800,School club or lunchtime activity,outcomes,"More comfortable with using tools, technology and equipment",Yes a little,2,3,False,Q15_5
R_MK0127853,School club or lunchtime activity,outcomes,"More comfortable with using tools, technology and equipment",Yes a little,2,3,False,Q15_5
R_MK0129827,School club or lunchtime activity,outcomes,"More comfortable with using tools, technology and equipment",Yes a lot,1,4,False,Q15_5
R_MK0130464,School club or lunchtime activity,outcomes,"More comfortable with using tools, technology and equipment",Maybe,3,2,False,Q15_5
R_MK0132486,School club or lunchtime activity,outcomes,"More comfortable with using tools, technology and equipment",Yes a lot,1,4,False,Q15_5
R_MK0135917,School club or lunchtime activity,outcomes,"More comfortable with using tools, technology and equipment",Maybe,3,2,False,Q15_5
R_MK0136603,School club or lunchtime activity,outcomes,"More comfortable with using tools, technology and equipment",Yes a little,2,3,False,Q15_5
R_MK0137508,School club or lunchtime activity,outcomes,"More comfortable with using tools, technology and equipment",Yes a lot,1,4,False,Q15_5
R_MK0138319,School club or lunchtime activity,outcomes,"More comfortable with using tools, technology and equipment",Maybe,3,2,False,Q15_5
R_MK0147525,School club or lunchtime activity,outcomes,"More comfortable with using tools, technology and equipment",Yes a little,2,3,False,Q15_5
R_MK0149433,School club or lunchtime activity,outcomes,"More comfortable with using tools, technology and equipment",Yes a lot,1,4,False,Q15_5
R_MK0151675,School club or lunchtime activity,outcomes,"More comfortable with using tools, technology and equipment",Yes a lot,1,4,False,Q15_5
R_MK0152207,School club or lunchtime activity,outcomes,"More comfortable with using tools, technology and equipment",Maybe,3,2,False,Q15_5
R_MK0153261,School club or lunchtime activity,outcomes,"More comfortable with using tools, technology and equipment",No,4,1,False,Q15_5
R_MK0159874,School club or lunchtime activity,outcomes,"More comfortable with using tools, technology and equipment",Yes a lot,1,4,False,Q15_5
R_MK0161224,School club or lunchtime activity,outcomes,"More comfortable with using tools, technology and equipment",Yes a little,2,3,False,Q15_5
R_MK0163831,School club or lunchtime activity,outcomes,"More comfortable with using tools, technology and equipment",Maybe,3,2,False,Q15_5
R_MK0171952,School club or lunchtime activity,outcomes,"More comfortable with using tools, technology and equipment",Yes a little,2,3,False,Q15_5
R_MK0177349,School club or lunchtime activity,outcomes,"More comfortable with using tools, technology and equipment",Yes a little,2,3,False,Q15_5
R_MK0001265,School club or lunchtime activity,outcomes,More confident in working in teams,Yes a lot,1,4,False,Q15_11
R_MK0006572,School club or lunchtime activity,outcomes,More confident in working in teams,Yes a lot,1,4,False,Q15_11
R_MK0007539,School club or lunchtime activity,outcomes,More confident in working in teams,Yes a little,2,3,False,Q15_11
R_MK0011453,School club or lunchtime activity,outcomes,More confident in working in teams,Yes a little,2,3,False,Q15_11
R_MK0014994,School club or lunchtime activity,outcomes,More confident in working in teams,Maybe,3,2,False,Q15_11
R_MK0017794,School club or lunchtime activity,outcomes,More confident in working in teams,Maybe,3,2,False,Q15_11
R_MK0019683,School club or lunchtime activity,outcomes,More confident in working in teams,I do not know,5,,True,Q15_11
R_MK0033442,School club or lunchtime activity,outcomes,More confident in working in teams,Yes a little,2,3,False,Q15_11
R_MK0042725,School club or lunchtime activity,outcomes,More confident in working in teams,Yes a lot,1,4,False,Q15_11
R_MK0046892,School club or lunchtime activity,outcomes,More confident in working in teams,Maybe,3,2,False,Q15_11
R_MK0047788,School club or lunchtime activity,outcomes,More confident in working in teams,No,4,1,False,Q15_11
R_MK0049733,School club or lunchtime activity,outcomes,More confident in working in teams,Yes a little,2,3,False,Q15_11
R_MK0052388,School club or lunchtime activity,outcomes,More confident in working in teams,Yes a little,2,3,False,Q15_11
R_MK0062899,School club or lunchtime activity,outcomes,More confident in working in teams,Yes a lot,1,4,False,Q15_11
R_MK0065907,School club or lunchtime activity,outcomes,More confident in working in teams,Yes a little,2,3,False,Q15_11
R_MK0089973,School club or lunchtime activity,outcomes,More confident in working in teams,Yes a lot,1,4,False,Q15_11
R_MK0092907,School club or lunchtime activity,outcomes,More confident in working in teams,Yes a little,2,3,False,Q15_11
R_MK0094626,School club or lunchtime activity,outcomes,More confident in working in teams,Yes a lot,1,4,False,Q15_11
R_MK0095142,School club or lunchtime activity,outcomes,More confident in working in teams,Yes a little,2,3,False,Q15_11
R_MK0096327,School club or lunchtime activity,outcomes,More confident in working in teams,Maybe,3,2,False,Q15_11
R_MK0101806,School club or lunchtime activity,outcomes,More confident in working in teams,Maybe,3,2,False,Q15_11
R_MK0102522,School club or lunchtime activity,outcomes,More confident in working in teams,Yes a lot,1,4,False,Q15_11
R_MK0103956,School club or lunchtime activity,outcomes,More confident in working in teams,Maybe,3,2,False,Q15_11
R_MK0108835,School club or lunchtime activity,outcomes,More confident in working in teams,I do not know,5,,True,Q15_11
R_MK0109124,School club or lunchtime activity,outcomes,More confident in working in teams,I do not know,5,,True,Q15_11
R_MK0111624,School club or lunchtime activity,outcomes,More confident in working in teams,No,4,1,False,Q15_11
R_MK0112361,School club or lunchtime activity,outcomes,More confident in working in teams,Yes a little,2,3,False,Q15_11
R_MK0120834,School club or lunchtime activity,outcomes,More confident in working in teams,No,4,1,False,Q15_11
R_MK0121952,School club or lunchtime activity,outcomes,More confident in working in teams,Maybe,3,2,False,Q15_11
R_MK0122800,School club or lunchtime activity,outcomes,More confident in working in teams,Yes a little,2,3,False,Q15_11
R_MK0127853,School club or lunchtime activity,outcomes,More confident in working in teams,Yes a little,2,3,False,Q15_11
R_MK0129827,School club or lunchtime activity,outcomes,More confident in working in teams,Yes a little,2,3,False,Q15_11
R_MK0130464,School club or lunchtime activity,outcomes,More confident in working in teams,Maybe,3,2,False,Q15_11
R_MK0132486,School club or lunchtime activity,outcomes,More confident in working in teams,Yes a little,2,3,False,Q15_11
R_MK0135917,School club or lunchtime activity,outcomes,More confident in working in teams,Yes a lot,1,4,False,Q15_11
R_MK0136603,School club or lunchtime activity,outcomes,More confident in working in teams,Yes a little,2,3,False,Q15_11
R_MK0137508,School club or lunchtime activity,outcomes,More confident in working in teams,Yes a lot,1,4,False,Q15_11
R_MK0138319,School club or lunchtime activity,outcomes,More confident in working in teams,No,4,1,False,Q15_11
R_MK0147525,School club or lunchtime activity,outcomes,More confident in working in teams,Maybe,3,2,False,Q15_11
R_MK0149433,School club or lunchtime activity,outcomes,More confident in working in teams,No,4,1,False,Q15_11
R_MK0151675,School club or lunchtime activity,outcomes,More confident in working in teams,Yes a lot,1,4,False,Q15_11
R_MK0152207,School club or lunchtime activity,outcomes,More confident in working in teams,Maybe,3,2,False,Q15_11
R_MK0153261,School club or lunchtime activity,outcomes,More confident in working in teams,Yes a lot,1,4,False,Q15_11
R_MK0159874,School club or lunchtime activity,outcomes,More confident in working in teams,Yes a little,2,3,False,Q15_11
R_MK0161224,School club or lunchtime activity,outcomes,More confident in working in teams,Maybe,3,2,False,Q15_11
R_MK0163831,School club or lunchtime activity,outcomes,More confident in working in teams,No,4,1,False,Q15_11
R_MK0171952,School club or lunchtime activity,outcomes,More confident in working in teams,Yes a little,2,3,False,Q15_11
R_MK0177349,School club or lunchtime activity,outcomes,More confident in working in teams,Yes a little,2,3,False,Q15_11
R_MK0001265,School club or lunchtime activity,outcomes,More confident in sharing and communicating my ideas,Yes a lot,1,4,False,Q15_12
R_MK0006572,School club or lunchtime activity,outcomes,More confident in sharing and communicating my ideas,Yes a little,2,3,False,Q15_12
R_MK0007539,School club or lunchtime activity,outcomes,More confident in sharing and communicating my ideas,Yes a little,2,3,False,Q15_12
R_MK0011453,School club or lunchtime activity,outcomes,More confident in sharing and communicating my ideas,Yes a little,2,3,False,Q15_12
R_MK0014994,School club or lunchtime activity,outcomes,More confident in sharing and communicating my ideas,Yes a little,2,3,False,Q15_12
R_MK0017794,School club or lunchtime activity,outcomes,More confident in sharing and communicating my ideas,Yes a lot,1,4,False,Q15_12
R_MK0019683,School club or lunchtime activity,outcomes,More confident in sharing and communicating my ideas,Yes a lot,1,4,False,Q15_12
R_MK0033442,School club or lunchtime activity,outcomes,More confident in sharing and communicating my ideas,Yes a little,2,3,False,Q15_12
R_MK0042725,School club or lunchtime activity,outcomes,More confident in sharing and communicating my ideas,Yes a lot,1,4,False,Q15_12
R_MK0046892,School club or lunchtime activity,outcomes,More confident in sharing and communicating my ideas,Yes a little,2,3,False,Q15_12
R_MK0047788,School club or lunchtime activity,outcomes,More confident in sharing and communicating my ideas,Yes a little,2,3,False,Q15_12
R_MK0049733,School club or lunchtime activity,outcomes,More confident in sharing and communicating my ideas,Yes a lot,1,4,False,Q15_12
R_MK0052388,School club or lunchtime activity,outcomes,More confident in sharing and communicating my ideas,Yes a lot,1,4,False,Q15_12
R_MK0062899,School club or lunchtime activity,outcomes,More confident in sharing and communicating my ideas,Maybe,3,2,False,Q15_12
R_MK0065907,School club or lunchtime activity,outcomes,More confident in sharing and communicating my ideas,Yes a lot,1,4,False,Q15_12
R_MK0089973,School club or lunchtime activity,outcomes,More confident in sharing and communicating my ideas,Maybe,3,2,False,Q15_12
R_MK0092907,School club or lunchtime activity,outcomes,More confident in sharing and communicating my ideas,Yes a lot,1,4,False,Q15_12
R_MK0094626,School club or lunchtime activity,outcomes,More confident in sharing and communicating my ideas,Yes a lot,1,4,False,Q15_12
R_MK0095142,School club or lunchtime activity,outcomes,More confident in sharing and communicating my ideas,Yes a lot,1,4,False,Q15_12
R_MK0096327,School club or lunchtime activity,outcomes,More confident in sharing and communicating my ideas,Yes a little,2,3,False,Q15_12
R_MK0101806,School club or lunchtime activity,outcomes,More confident in sharing and communicating my ideas,I do not know,5,,True,Q15_12
R_MK0102522,School club or lunchtime activity,outcomes,More confident in sharing and communicating my ideas,Yes a lot,1,4,False,Q15_12
R_MK0103956,School club or lunchtime activity,outcomes,More confident in sharing and communicating my ideas,Maybe,3,2,False,Q15_12
R_MK0108835,School club or lunchtime activity,outcomes,More confident in sharing and communicating my ideas,Yes a lot,1,4,False,Q15_12
R_MK0109124,School club or lunchtime activity,outcomes,More confident in sharing and communicating my ideas,Yes a lot,1,4,False,Q15_12
R_MK0111624,School club or lunchtime activity,outcomes,More confident in sharing and communicating my ideas,Yes a little,2,3,False,Q15_12
R_MK0112361,School club or lunchtime activity,outcomes,More confident in sharing and communicating my ideas,Yes a little,2,3,False,Q15_12
R_MK0120834,School club or lunchtime activity,outcomes,More confident in sharing and communicating my ideas,Yes a little,2,3,False,Q15_12
R_MK0121952,School club or lunchtime activity,outcomes,More confident in sharing and communicating my ideas,No,4,1,False,Q15_12
R_MK0122800,School club or lunchtime activity,outcomes,More confident in sharing and communicating my ideas,No,4,1,False,Q15_12
R_MK0127853,School club or lunchtime activity,outcomes,More confident in sharing and communicating my ideas,Yes a little,2,3,False,Q15_12
R_MK0129827,School club or lunchtime activity,outcomes,More confident in sharing and communicating my ideas,Maybe,3,2,False,Q15_12
R_MK0130464,School club or lunchtime activity,outcomes,More confident in sharing and communicating my ideas,Yes a little,2,3,False,Q15_12
R_MK0132486,School club or lunchtime activity,outcomes,More confident in sharing and communicating my ideas,Yes a little,2,3,False,Q15_12
R_MK0135917,School club or lunchtime activity,outcomes,More confident in sharing and communicating my ideas,Yes a lot,1,4,False,Q15_12
R_MK0136603,School club or lunchtime activity,outcomes,More confident in sharing and communicating my ideas,Yes a little,2,3,False,Q15_12
R_MK0137508,School club or lunchtime activity,outcomes,More confident in sharing and communicating my ideas,Yes a lot,1,4,False,Q15_12
R_MK0138319,School club or lunchtime activity,outcomes,More confident in sharing and communicating my ideas,Yes a lot,1,4,False,Q15_12
R_MK0147525,School club or lunchtime activity,outcomes,More confident in sharing and communicating my ideas,Yes a little,2,3,False,Q15_12
R_MK0149433,School club or lunchtime activity,outcomes,More confident in sharing and communicating my ideas,Maybe,3,2,False,Q15_12
R_MK0151675,School club or lunchtime activity,outcomes,More confident in sharing and communicating my ideas,Yes a little,2,3,False,Q15_12
R_MK0152207,School club or lunchtime activity,outcomes,More confident in sharing and communicating my ideas,I do not know,5,,True,Q15_12
R_MK0153261,School club or lunchtime activity,outcomes,More confident in sharing and communicating my ideas,Yes a little,2,3,False,Q15_12
R_MK0159874,School club or lunchtime activity,outcomes,More confident in sharing and communicating my ideas,I do not know,5,,True,Q15_12
R_MK0161224,School club or lunchtime activity,outcomes,More confident in sharing and communicating my ideas,Yes a lot,1,4,False,Q15_12
R_MK0163831,School club or lunchtime activity,outcomes,More confident in sharing and communicating my ideas,No,4,1,False,Q15_12
R_MK0171952,School club or lunchtime activity,outcomes,More confident in sharing and communicating my ideas,Yes a little,2,3,False,Q15_12
R_MK0177349,School club or lunchtime activity,outcomes,More confident in sharing and communicating my ideas,Yes a little,2,3,False,Q15_12
R_MK0001265,School club or lunchtime activity,outcomes,More confident in being a leader,Yes a lot,1,4,False,Q15_13
R_MK0006572,School club or lunchtime activity,outcomes,More confident in being a leader,Maybe,3,2,False,Q15_13
R_MK0007539,School club or lunchtime activity,outcomes,More confident in being a leader,Yes a little,2,3,False,Q15_13
R_MK0011453,School club or lunchtime activity,outcomes,More confident in being a leader,Yes a little,2,3,False,Q15_13
R_MK0014994,School club or lunchtime activity,outcomes,More confident in being a leader,Yes a little,2,3,False,Q15_13
R_MK0017794,School club or lunchtime activity,outcomes,More confident in being a leader,Yes a lot,1,4,False,Q15_13
R_MK0019683,School club or lunchtime activity,outcomes,More confident in being a leader,Yes a little,2,3,False,Q15_13
R_MK0033442,School club or lunchtime activity,outcomes,More confident in being a leader,Yes a little,2,3,False,Q15_13
R_MK0042725,School club or lunchtime activity,outcomes,More confident in being a leader,No,4,1,False,Q15_13
R_MK0046892,School club or lunchtime activity,outcomes,More confident in being a leader,Maybe,3,2,False,Q15_13
R_MK0047788,School club or lunchtime activity,outcomes,More confident in being a leader,Yes a lot,1,4,False,Q15_13
R_MK0049733,School club or lunchtime activity,outcomes,More confident in being a leader,Maybe,3,2,False,Q15_13
R_MK0052388,School club or lunchtime activity,outcomes,More confident in being a leader,Yes a little,2,3,False,Q15_13
R_MK0062899,School club or lunchtime activity,outcomes,More confident in being a leader,Maybe,3,2,False,Q15_13
R_MK0065907,School club or lunchtime activity,outcomes,More confident in being a leader,I do not know,5,,True,Q15_13
R_MK0089973,School club or lunchtime activity,outcomes,More confident in being a leader,Yes a lot,1,4,False,Q15_13
R_MK0092907,School club or lunchtime activity,outcomes,More confident in being a leader,Yes a little,2,3,False,Q15_13
R_MK0094626,School club or lunchtime activity,outcomes,More confident in being a leader,Maybe,3,2,False,Q15_13
R_MK0095142,School club or lunchtime activity,outcomes,More confident in being a leader,Yes a lot,1,4,False,Q15_13
R_MK0096327,School club or lunchtime activity,outcomes,More confident in being a leader,No,4,1,False,Q15_13
R_MK0101806,School club or lunchtime activity,outcomes,More confident in being a leader,Yes a lot,1,4,False,Q15_13
R_MK0102522,School club or lunchtime activity,outcomes,More confident in being a leader,Yes a little,2,3,False,Q15_13
R_MK0103956,School club or lunchtime activity,outcomes,More confident in being a leader,Yes a little,2,3,False,Q15_13
R_MK0108835,School club or lunchtime activity,outcomes,More confident in being a leader,Yes a little,2,3,False,Q15_13
R_MK0109124,School club or lunchtime activity,outcomes,More confident in being a leader,Yes a little,2,3,False,Q15_13
R_MK0111624,School club or lunchtime activity,outcomes,More confident in being a leader,Maybe,3,2,False,Q15_13
R_MK0112361,School club or lunchtime activity,outcomes,More confident in being a leader,No,4,1,False,Q15_13
R_MK0120834,School club or lunchtime activity,outcomes,More confident in being a leader,Yes a little,2,3,False,Q15_13
R_MK0121952,School club or lunchtime activity,outcomes,More confident in being a leader,Maybe,3,2,False,Q15_13
R_MK0122800,School club or lunchtime activity,outcomes,More confident in being a leader,Maybe,3,2,False,Q15_13
R_MK0127853,School club or lunchtime activity,outcomes,More confident in being a leader,Yes a little,2,3,False,Q15_13
R_MK0129827,School club or lunchtime activity,outcomes,More confident in being a leader,Yes a little,2,3,False,Q15_13
R_MK0130464,School club or lunchtime activity,outcomes,More confident in being a leader,Maybe,3,2,False,Q15_13
R_MK0132486,School club or lunchtime activity,outcomes,More confident in being a leader,Yes a little,2,3,False,Q15_13
R_MK0135917,School club or lunchtime activity,outcomes,More confident in being a leader,Yes a lot,1,4,False,Q15_13
R_MK0136603,School club or lunchtime activity,outcomes,More confident in being a leader,Maybe,3,2,False,Q15_13
R_MK0137508,School club or lunchtime activity,outcomes,More confident in being a leader,Yes a lot,1,4,False,Q15_13
R_MK0138319,School club or lunchtime activity,outcomes,More confident in being a leader,Yes a lot,1,4,False,Q15_13
R_MK0147525,School club or lunchtime activity,outcomes,More confident in being a leader,Yes a little,2,3,False,Q15_13
R_MK0149433,School club or lunchtime activity,outcomes,More confident in being a leader,Yes a lot,1,4,False,Q15_13
R_MK0151675,School club or lunchtime activity,outcomes,More confident in being a leader,Yes a little,2,3,False,Q15_13
R_MK0152207,School club or lunchtime activity,outcomes,More confident in being a leader,Maybe,3,2,False,Q15_13
R_MK0153261,School club or lunchtime activity,outcomes,More confident in being a leader,Yes a little,2,3,False,Q15_13
R_MK0159874,School club or lunchtime activity,outcomes,More confident in being a leader,Yes a lot,1,4,False,Q15_13
R_MK0161224,School club or lunchtime activity,outcomes,More confident in being a leader,Yes a lot,1,4,False,Q15_13
R_MK0163831,School club or lunchtime activity,outcomes,More confident in being a leader,Yes a little,2,3,False,Q15_13
R_MK0171952,School club or lunchtime activity,outcomes,More confident in being a leader,Yes a lot,1,4,False,Q15_13
R_MK0177349,School club or lunchtime activity,outcomes,More confident in being a leader,Yes a little,2,3,False,Q15_13
R_MK0001265,School club or lunchtime activity,outcomes,More like a STEM person,Yes a lot,1,4,False,Q15_14
R_MK0006572,School club or lunchtime activity,outcomes,More like a STEM person,Yes a lot,1,4,False,Q15_14
R_MK0007539,School club or lunchtime activity,outcomes,More like a STEM person,Yes a little,2,3,False,Q15_14
R_MK0011453,School club or lunchtime activity,outcomes,More like a STEM person,Maybe,3,2,False,Q15_14
R_MK0014994,School club or lunchtime activity,outcomes,More like a STEM person,Yes a lot,1,4,False,Q15_14
R_MK0017794,School club or lunchtime activity,outcomes,More like a STEM person,Maybe,3,2,False,Q15_14
R_MK0019683,School club or lunchtime activity,outcomes,More like a STEM person,Yes a little,2,3,False,Q15_14
R_MK0033442,School club or lunchtime activity,outcomes,More like a STEM person,Yes a little,2,3,False,Q15_14
R_MK0042725,School club or lunchtime activity,outcomes,More like a STEM person,Maybe,3,2,False,Q15_14
R_MK0046892,School club or lunchtime activity,outcomes,More like a STEM person,Yes a lot,1,4,False,Q15_14
R_MK0047788,School club or lunchtime activity,outcomes,More like a STEM person,Yes a lot,1,4,False,Q15_14
R_MK0049733,School club or lunchtime activity,outcomes,More like a STEM person,Yes a lot,1,4,False,Q15_14
R_MK0052388,School club or lunchtime activity,outcomes,More like a STEM person,Yes a lot,1,4,False,Q15_14
R_MK0062899,School club or lunchtime activity,outcomes,More like a STEM person,Yes a little,2,3,False,Q15_14
R_MK0065907,School club or lunchtime activity,outcomes,More like a STEM person,Yes a lot,1,4,False,Q15_14
R_MK0089973,School club or lunchtime activity,outcomes,More like a STEM person,Yes a lot,1,4,False,Q15_14
R_MK0092907,School club or lunchtime activity,outcomes,More like a STEM person,Yes a lot,1,4,False,Q15_14
R_MK0094626,School club or lunchtime activity,outcomes,More like a STEM person,Yes a little,2,3,False,Q15_14
R_MK0095142,School club or lunchtime activity,outcomes,More like a STEM person,Yes a lot,1,4,False,Q15_14
R_MK0096327,School club or lunchtime activity,outcomes,More like a STEM person,Yes a little,2,3,False,Q15_14
R_MK0101806,School club or lunchtime activity,outcomes,More like a STEM person,No,4,1,False,Q15_14
R_MK0102522,School club or lunchtime activity,outcomes,More like a STEM person,Yes a little,2,3,False,Q15_14
R_MK0103956,School club or lunchtime activity,outcomes,More like a STEM person,Maybe,3,2,False,Q15_14
R_MK0108835,School club or lunchtime activity,outcomes,More like a STEM person,Maybe,3,2,False,Q15_14
R_MK0109124,School club or lunchtime activity,outcomes,More like a STEM person,No,4,1,False,Q15_14
R_MK0111624,School club or lunchtime activity,outcomes,More like a STEM person,Yes a little,2,3,False,Q15_14
R_MK0112361,School club or lunchtime activity,outcomes,More like a STEM person,No,4,1,False,Q15_14
R_MK0120834,School club or lunchtime activity,outcomes,More like a STEM person,No,4,1,False,Q15_14
R_MK0121952,School club or lunchtime activity,outcomes,More like a STEM person,Yes a little,2,3,False,Q15_14
R_MK0122800,School club or lunchtime activity,outcomes,More like a STEM person,Yes a lot,1,4,False,Q15_14
R_MK0127853,School club or lunchtime activity,outcomes,More like a STEM person,Maybe,3,2,False,Q15_14
R_MK0129827,School club or lunchtime activity,outcomes,More like a STEM person,Maybe,3,2,False,Q15_14
R_MK0130464,School club or lunchtime activity,outcomes,More like a STEM person,Yes a lot,1,4,False,Q15_14
R_MK0132486,School club or lunchtime activity,outcomes,More like a STEM person,Yes a lot,1,4,False,Q15_14
R_MK0135917,School club or lunchtime activity,outcomes,More like a STEM person,Maybe,3,2,False,Q15_14
R_MK0136603,School club or lunchtime activity,outcomes,More like a STEM person,Yes a lot,1,4,False,Q15_14
R_MK0137508,School club or lunchtime activity,outcomes,More like a STEM person,Yes a lot,1,4,False,Q15_14
R_MK0138319,School club or lunchtime activity,outcomes,More like a STEM person,Yes a lot,1,4,False,Q15_14
R_MK0147525,School club or lunchtime activity,outcomes,More like a STEM person,Yes a little,2,3,False,Q15_14
R_MK0149433,School club or lunchtime activity,outcomes,More like a STEM person,Yes a little,2,3,False,Q15_14
R_MK0151675,School club or lunchtime activity,outcomes,More like a STEM person,Yes a little,2,3,False,Q15_14
R_MK0152207,School club or lunchtime activity,outcomes,More like a STEM person,No,4,1,False,Q15_14
R_MK0153261,School club or lunchtime activity,outcomes,More like a STEM person,Yes a little,2,3,False,Q15_14
R_MK0159874,School club or lunchtime activity,outcomes,More like a STEM person,I do not know,5,,True,Q15_14
R_MK0161224,School club or lunchtime activity,outcomes,More like a STEM person,Yes a little,2,3,False,Q15_14
R_MK0163831,School club or lunchtime activity,outcomes,More like a STEM person,No,4,1,False,Q15_14
R_MK0171952,School club or lunchtime activity,outcomes,More like a STEM person,Yes a little,2,3,False,Q15_14
R_MK0177349,School club or lunchtime activity,outcomes,More like a STEM person,No,4,1,False,Q15_14
R_MK0003688,Competitions,outcomes,More knowledgable about STEM,No,4,1,False,Q36_1
R_MK0010378,Competitions,outcomes,More knowledgable about STEM,Yes a lot,1,4,False,Q36_1
R_MK0011453,Competitions,outcomes,More knowledgable about STEM,No,4,1,False,Q36_1
R_MK0013834,Competitions,outcomes,More knowledgable about STEM,No,4,1,False,Q36_1
R_MK0014994,Competitions,outcomes,More knowledgable about STEM,Yes a lot,1,4,False,Q36_1
R_MK0020216,Competitions,outcomes,More knowledgable about STEM,Yes a little,2,3,False,Q36_1
R_MK0021162,Competitions,outcomes,More knowledgable about STEM,Yes a lot,1,4,False,Q36_1
R_MK0022405,Competitions,outcomes,More knowledgable about STEM,Yes a little,2,3,False,Q36_1
R_MK0032849,Competitions,outcomes,More knowledgable about STEM,Yes a lot,1,4,False,Q36_1
R_MK0036294,Competitions,outcomes,More knowledgable about STEM,Yes a little,2,3,False,Q36_1
R_MK0037202,Competitions,outcomes,More knowledgable about STEM,Yes a lot,1,4,False,Q36_1
R_MK0043853,Competitions,outcomes,More knowledgable about STEM,Yes a little,2,3,False,Q36_1
R_MK0044771,Competitions,outcomes,More knowledgable about STEM,Yes a little,2,3,False,Q36_1
R_MK0045989,Competitions,outcomes,More knowledgable about STEM,I do not know,5,,True,Q36_1
R_MK0048737,Competitions,outcomes,More knowledgable about STEM,Yes a little,2,3,False,Q36_1
R_MK0049733,Competitions,outcomes,More knowledgable about STEM,Yes a little,2,3,False,Q36_1
R_MK0053734,Competitions,outcomes,More knowledgable about STEM,I do not know,5,,True,Q36_1
R_MK0057204,Competitions,outcomes,More knowledgable about STEM,Yes a lot,1,4,False,Q36_1
R_MK0059837,Competitions,outcomes,More knowledgable about STEM,Yes a little,2,3,False,Q36_1
R_MK0060527,Competitions,outcomes,More knowledgable about STEM,Yes a lot,1,4,False,Q36_1
R_MK0063902,Competitions,outcomes,More knowledgable about STEM,Yes a little,2,3,False,Q36_1
R_MK0065907,Competitions,outcomes,More knowledgable about STEM,Yes a little,2,3,False,Q36_1
R_MK0070229,Competitions,outcomes,More knowledgable about STEM,Yes a little,2,3,False,Q36_1
R_MK0074273,Competitions,outcomes,More knowledgable about STEM,Yes a lot,1,4,False,Q36_1
R_MK0076785,Competitions,outcomes,More knowledgable about STEM,Yes a little,2,3,False,Q36_1
R_MK0078295,Competitions,outcomes,More knowledgable about STEM,Maybe,3,2,False,Q36_1
R_MK0079267,Competitions,outcomes,More knowledgable about STEM,Maybe,3,2,False,Q36_1
R_MK0084225,Competitions,outcomes,More knowledgable about STEM,Yes a lot,1,4,False,Q36_1
R_MK0088386,Competitions,outcomes,More knowledgable about STEM,No,4,1,False,Q36_1
R_MK0089973,Competitions,outcomes,More knowledgable about STEM,No,4,1,False,Q36_1
R_MK0090487,Competitions,outcomes,More knowledgable about STEM,Yes a little,2,3,False,Q36_1
R_MK0091120,Competitions,outcomes,More knowledgable about STEM,No,4,1,False,Q36_1
R_MK0099158,Competitions,outcomes,More knowledgable about STEM,Yes a lot,1,4,False,Q36_1
R_MK0103956,Competitions,outcomes,More knowledgable about STEM,Yes a little,2,3,False,Q36_1
R_MK0104978,Competitions,outcomes,More knowledgable about STEM,Yes a little,2,3,False,Q36_1
R_MK0107788,Competitions,outcomes,More knowledgable about STEM,Yes a little,2,3,False,Q36_1
R_MK0109124,Competitions,outcomes,More knowledgable about STEM,Yes a little,2,3,False,Q36_1
R_MK0110762,Competitions,outcomes,More knowledgable about STEM,No,4,1,False,Q36_1
R_MK0111624,Competitions,outcomes,More knowledgable about STEM,Maybe,3,2,False,Q36_1
R_MK0113467,Competitions,outcomes,More knowledgable about STEM,Maybe,3,2,False,Q36_1
R_MK0115748,Competitions,outcomes,More knowledgable about STEM,No,4,1,False,Q36_1
R_MK0117603,Competitions,outcomes,More knowledgable about STEM,Yes a lot,1,4,False,Q36_1
R_MK0118631,Competitions,outcomes,More knowledgable about STEM,Yes a lot,1,4,False,Q36_1
R_MK0123453,Competitions,outcomes,More knowledgable about STEM,Yes a little,2,3,False,Q36_1
R_MK0125281,Competitions,outcomes,More knowledgable about STEM,Yes a lot,1,4,False,Q36_1
R_MK0130464,Competitions,outcomes,More knowledgable about STEM,Yes a lot,1,4,False,Q36_1
R_MK0132486,Competitions,outcomes,More knowledgable about STEM,No,4,1,False,Q36_1
R_MK0135917,Competitions,outcomes,More knowledgable about STEM,Yes a little,2,3,False,Q36_1
R_MK0139468,Competitions,outcomes,More knowledgable about STEM,Maybe,3,2,False,Q36_1
R_MK0140416,Competitions,outcomes,More knowledgable about STEM,Yes a lot,1,4,False,Q36_1
R_MK0142928,Competitions,outcomes,More knowledgable about STEM,No,4,1,False,Q36_1
R_MK0145593,Competitions,outcomes,More knowledgable about STEM,Yes a lot,1,4,False,Q36_1
R_MK0150172,Competitions,outcomes,More knowledgable about STEM,Yes a lot,1,4,False,Q36_1
R_MK0156575,Competitions,outcomes,More knowledgable about STEM,Maybe,3,2,False,Q36_1
R_MK0157758,Competitions,outcomes,More knowledgable about STEM,I do not know,5,,True,Q36_1
R_MK0160930,Competitions,outcomes,More knowledgable about STEM,Maybe,3,2,False,Q36_1
R_MK0162746,Competitions,outcomes,More knowledgable about STEM,Maybe,3,2,False,Q36_1
R_MK0166129,Competitions,outcomes,More knowledgable about STEM,Yes a little,2,3,False,Q36_1
R_MK0169620,Competitions,outcomes,More knowledgable about STEM,I do not know,5,,True,Q36_1
R_MK0171952,Competitions,outcomes,More knowledgable about STEM,Yes a lot,1,4,False,Q36_1
R_MK0173432,Competitions,outcomes,More knowledgable about STEM,Maybe,3,2,False,Q36_1
R_MK0175836,Competitions,outcomes,More knowledgable about STEM,Yes a lot,1,4,False,Q36_1
R_MK0176600,Competitions,outcomes,More knowledgable about STEM,Yes a little,2,3,False,Q36_1
R_MK0003688,Competitions,outcomes,More aware of a range of jobs in STEM,Yes a little,2,3,False,Q36_2
R_MK0010378,Competitions,outcomes,More aware of a range of jobs in STEM,Yes a little,2,3,False,Q36_2
R_MK0011453,Competitions,outcomes,More aware of a range of jobs in STEM,Yes a little,2,3,False,Q36_2
R_MK0013834,Competitions,outcomes,More aware of a range of jobs in STEM,Yes a little,2,3,False,Q36_2
R_MK0014994,Competitions,outcomes,More aware of a range of jobs in STEM,Yes a little,2,3,False,Q36_2
R_MK0020216,Competitions,outcomes,More aware of a range of jobs in STEM,Yes a little,2,3,False,Q36_2
R_MK0021162,Competitions,outcomes,More aware of a range of jobs in STEM,Yes a lot,1,4,False,Q36_2
R_MK0022405,Competitions,outcomes,More aware of a range of jobs in STEM,No,4,1,False,Q36_2
R_MK0032849,Competitions,outcomes,More aware of a range of jobs in STEM,Yes a little,2,3,False,Q36_2
R_MK0036294,Competitions,outcomes,More aware of a range of jobs in STEM,Yes a little,2,3,False,Q36_2
R_MK0037202,Competitions,outcomes,More aware of a range of jobs in STEM,Maybe,3,2,False,Q36_2
R_MK0043853,Competitions,outcomes,More aware of a range of jobs in STEM,Yes a lot,1,4,False,Q36_2
R_MK0044771,Competitions,outcomes,More aware of a range of jobs in STEM,Yes a lot,1,4,False,Q36_2
R_MK0045989,Competitions,outcomes,More aware of a range of jobs in STEM,Yes a lot,1,4,False,Q36_2
R_MK0048737,Competitions,outcomes,More aware of a range of jobs in STEM,Yes a lot,1,4,False,Q36_2
R_MK0049733,Competitions,outcomes,More aware of a range of jobs in STEM,Yes a lot,1,4,False,Q36_2
R_MK0053734,Competitions,outcomes,More aware of a range of jobs in STEM,Yes a little,2,3,False,Q36_2
R_MK0057204,Competitions,outcomes,More aware of a range of jobs in STEM,Maybe,3,2,False,Q36_2
R_MK0059837,Competitions,outcomes,More aware of a range of jobs in STEM,Yes a little,2,3,False,Q36_2
R_MK0060527,Competitions,outcomes,More aware of a range of jobs in STEM,Yes a little,2,3,False,Q36_2
R_MK0063902,Competitions,outcomes,More aware of a range of jobs in STEM,I do not know,5,,True,Q36_2
R_MK0065907,Competitions,outcomes,More aware of a range of jobs in STEM,Yes a lot,1,4,False,Q36_2
R_MK0070229,Competitions,outcomes,More aware of a range of jobs in STEM,Yes a lot,1,4,False,Q36_2
R_MK0074273,Competitions,outcomes,More aware of a range of jobs in STEM,Yes a little,2,3,False,Q36_2
R_MK0076785,Competitions,outcomes,More aware of a range of jobs in STEM,Maybe,3,2,False,Q36_2
R_MK0078295,Competitions,outcomes,More aware of a range of jobs in STEM,No,4,1,False,Q36_2
R_MK0079267,Competitions,outcomes,More aware of a range of jobs in STEM,No,4,1,False,Q36_2
R_MK0084225,Competitions,outcomes,More aware of a range of jobs in STEM,Yes a little,2,3,False,Q36_2
R_MK0088386,Competitions,outcomes,More aware of a range of jobs in STEM,Yes a little,2,3,False,Q36_2
R_MK0089973,Competitions,outcomes,More aware of a range of jobs in STEM,Maybe,3,2,False,Q36_2
R_MK0090487,Competitions,outcomes,More aware of a range of jobs in STEM,Yes a little,2,3,False,Q36_2
R_MK0091120,Competitions,outcomes,More aware of a range of jobs in STEM,Maybe,3,2,False,Q36_2
R_MK0099158,Competitions,outcomes,More aware of a range of jobs in STEM,Yes a lot,1,4,False,Q36_2
R_MK0103956,Competitions,outcomes,More aware of a range of jobs in STEM,Yes a little,2,3,False,Q36_2
R_MK0104978,Competitions,outcomes,More aware of a range of jobs in STEM,Yes a lot,1,4,False,Q36_2
R_MK0107788,Competitions,outcomes,More aware of a range of jobs in STEM,I do not know,5,,True,Q36_2
R_MK0109124,Competitions,outcomes,More aware of a range of jobs in STEM,Yes a lot,1,4,False,Q36_2
R_MK0110762,Competitions,outcomes,More aware of a range of jobs in STEM,Yes a little,2,3,False,Q36_2
R_MK0111624,Competitions,outcomes,More aware of a range of jobs in STEM,Yes a little,2,3,False,Q36_2
R_MK0113467,Competitions,outcomes,More aware of a range of jobs in STEM,Yes a lot,1,4,False,Q36_2
R_MK0115748,Competitions,outcomes,More aware of a range of jobs in STEM,Maybe,3,2,False,Q36_2
R_MK0117603,Competitions,outcomes,More aware of a range of jobs in STEM,Yes a little,2,3,False,Q36_2
R_MK0118631,Competitions,outcomes,More aware of a range of jobs in STEM,Yes a little,2,3,False,Q36_2
R_MK0123453,Competitions,outcomes,More aware of a range of jobs in STEM,Yes a lot,1,4,False,Q36_2
R_MK0125281,Competitions,outcomes,More aware of a range of jobs in STEM,Yes a lot,1,4,False,Q36_2
R_MK0130464,Competitions,outcomes,More aware of a range of jobs in STEM,Yes a little,2,3,False,Q36_2
R_MK0132486,Competitions,outcomes,More aware of a range of jobs in STEM,No,4,1,False,Q36_2
R_MK0135917,Competitions,outcomes,More aware of a range of jobs in STEM,Maybe,3,2,False,Q36_2
R_MK0139468,Competitions,outcomes,More aware of a range of jobs in STEM,Maybe,3,2,False,Q36_2
R_MK0140416,Competitions,outcomes,More aware of a range of jobs in STEM,Maybe,3,2,False,Q36_2
R_MK0142928,Competitions,outcomes,More aware of a range of jobs in STEM,No,4,1,False,Q36_2
R_MK0145593,Competitions,outcomes,More aware of a range of jobs in STEM,Yes a lot,1,4,False,Q36_2
R_MK0150172,Competitions,outcomes,More aware of a range of jobs in STEM,Yes a little,2,3,False,Q36_2
R_MK0156575,Competitions,outcomes,More aware of a range of jobs in STEM,Yes a little,2,3,False,Q36_2
R_MK0157758,Competitions,outcomes,More aware of a range of jobs in STEM,Yes a little,2,3,False,Q36_2
R_MK0160930,Competitions,outcomes,More aware of a range of jobs in STEM,Yes a lot,1,4,False,Q36_2
R_MK0162746,Competitions,outcomes,More aware of a range of jobs in STEM,Yes a little,2,3,False,Q36_2
R_MK0166129,Competitions,outcomes,More aware of a range of jobs in STEM,Maybe,3,2,False,Q36_2
R_MK0169620,Competitions,outcomes,More aware of a range of jobs in STEM,Yes a little,2,3,False,Q36_2
R_MK0171952,Competitions,outcomes,More aware of a range of jobs in STEM,Maybe,3,2,False,Q36_2
R_MK0173432,Competitions,outcomes,More aware of a range of jobs in STEM,Maybe,3,2,False,Q36_2
R_MK0175836,Competitions,outcomes,More aware of a range of jobs in STEM,Yes a lot,1,4,False,Q36_2
R_MK0176600,Competitions,outcomes,More aware of a range of jobs in STEM,Yes a little,2,3,False,Q36_2
R_MK0003688,Competitions,outcomes,More interested about learning about STEM,Maybe,3,2,False,Q36_3
R_MK0010378,Competitions,outcomes,More interested about learning about STEM,Yes a lot,1,4,False,Q36_3
R_MK0011453,Competitions,outcomes,More interested about learning about STEM,No,4,1,False,Q36_3
R_MK0013834,Competitions,outcomes,More interested about learning about STEM,No,4,1,False,Q36_3
R_MK0014994,Competitions,outcomes,More interested about learning about STEM,Yes a little,2,3,False,Q36_3
R_MK0020216,Competitions,outcomes,More interested about learning about STEM,Yes a little,2,3,False,Q36_3
R_MK0021162,Competitions,outcomes,More interested about learning about STEM,Yes a lot,1,4,False,Q36_3
R_MK0022405,Competitions,outcomes,More interested about learning about STEM,Yes a little,2,3,False,Q36_3
R_MK0032849,Competitions,outcomes,More interested about learning about STEM,Yes a little,2,3,False,Q36_3
R_MK0036294,Competitions,outcomes,More interested about learning about STEM,Yes a little,2,3,False,Q36_3
R_MK0037202,Competitions,outcomes,More interested about learning about STEM,Yes a little,2,3,False,Q36_3
R_MK0043853,Competitions,outcomes,More interested about learning about STEM,Yes a lot,1,4,False,Q36_3
R_MK0044771,Competitions,outcomes,More interested about learning about STEM,Yes a lot,1,4,False,Q36_3
R_MK0045989,Competitions,outcomes,More interested about learning about STEM,Yes a little,2,3,False,Q36_3
R_MK0048737,Competitions,outcomes,More interested about learning about STEM,No,4,1,False,Q36_3
R_MK0049733,Competitions,outcomes,More interested about learning about STEM,No,4,1,False,Q36_3
R_MK0053734,Competitions,outcomes,More interested about learning about STEM,Maybe,3,2,False,Q36_3
R_MK0057204,Competitions,outcomes,More interested about learning about STEM,Yes a little,2,3,False,Q36_3
R_MK0059837,Competitions,outcomes,More interested about learning about STEM,Yes a lot,1,4,False,Q36_3
R_MK0060527,Competitions,outcomes,More interested about learning about STEM,Yes a little,2,3,False,Q36_3
R_MK0063902,Competitions,outcomes,More interested about learning about STEM,No,4,1,False,Q36_3
R_MK0065907,Competitions,outcomes,More interested about learning about STEM,No,4,1,False,Q36_3
R_MK0070229,Competitions,outcomes,More interested about learning about STEM,Maybe,3,2,False,Q36_3
R_MK0074273,Competitions,outcomes,More interested about learning about STEM,No,4,1,False,Q36_3
R_MK0076785,Competitions,outcomes,More interested about learning about STEM,Yes a lot,1,4,False,Q36_3
R_MK0078295,Competitions,outcomes,More interested about learning about STEM,I do not know,5,,True,Q36_3
R_MK0079267,Competitions,outcomes,More interested about learning about STEM,No,4,1,False,Q36_3
R_MK0084225,Competitions,outcomes,More interested about learning about STEM,Yes a little,2,3,False,Q36_3
R_MK0088386,Competitions,outcomes,More interested about learning about STEM,Yes a lot,1,4,False,Q36_3
R_MK0089973,Competitions,outcomes,More interested about learning about STEM,Yes a lot,1,4,False,Q36_3
R_MK0090487,Competitions,outcomes,More interested about learning about STEM,Yes a lot,1,4,False,Q36_3
R_MK0091120,Competitions,outcomes,More interested about learning about STEM,Maybe,3,2,False,Q36_3
R_MK0099158,Competitions,outcomes,More interested about learning about STEM,Yes a little,2,3,False,Q36_3
R_MK0103956,Competitions,outcomes,More interested about learning about STEM,Yes a little,2,3,False,Q36_3
R_MK0104978,Competitions,outcomes,More interested about learning about STEM,No,4,1,False,Q36_3
R_MK0107788,Competitions,outcomes,More interested about learning about STEM,Yes a lot,1,4,False,Q36_3
R_MK0109124,Competitions,outcomes,More interested about learning about STEM,Yes a lot,1,4,False,Q36_3
R_MK0110762,Competitions,outcomes,More interested about learning about STEM,Maybe,3,2,False,Q36_3
R_MK0111624,Competitions,outcomes,More interested about learning about STEM,No,4,1,False,Q36_3
R_MK0113467,Competitions,outcomes,More interested about learning about STEM,Maybe,3,2,False,Q36_3
R_MK0115748,Competitions,outcomes,More interested about learning about STEM,Yes a lot,1,4,False,Q36_3
R_MK0117603,Competitions,outcomes,More interested about learning about STEM,Yes a little,2,3,False,Q36_3
R_MK0118631,Competitions,outcomes,More interested about learning about STEM,Yes a little,2,3,False,Q36_3
R_MK0123453,Competitions,outcomes,More interested about learning about STEM,Yes a lot,1,4,False,Q36_3
R_MK0125281,Competitions,outcomes,More interested about learning about STEM,Yes a little,2,3,False,Q36_3
R_MK0130464,Competitions,outcomes,More interested about learning about STEM,No,4,1,False,Q36_3
R_MK0132486,Competitions,outcomes,More interested about learning about STEM,Yes a little,2,3,False,Q36_3
R_MK0135917,Competitions,outcomes,More interested about learning about STEM,Maybe,3,2,False,Q36_3
R_MK0139468,Competitions,outcomes,More interested about learning about STEM,No,4,1,False,Q36_3
R_MK0140416,Competitions,outcomes,More interested about learning about STEM,Yes a lot,1,4,False,Q36_3
R_MK0142928,Competitions,outcomes,More interested about learning about STEM,Maybe,3,2,False,Q36_3
R_MK0145593,Competitions,outcomes,More interested about learning about STEM,Yes a little,2,3,False,Q36_3
R_MK0150172,Competitions,outcomes,More interested about learning about STEM,Yes a little,2,3,False,Q36_3
R_MK0156575,Competitions,outcomes,More interested about learning about STEM,Yes a little,2,3,False,Q36_3
R_MK0157758,Competitions,outcomes,More interested about learning about STEM,Yes a little,2,3,False,Q36_3
R_MK0160930,Competitions,outcomes,More interested about learning about STEM,Yes a lot,1,4,False,Q36_3
R_MK0162746,Competitions,outcomes,More interested about learning about STEM,Yes a lot,1,4,False,Q36_3
R_MK0166129,Competitions,outcomes,More interested about learning about STEM,Yes a little,2,3,False,Q36_3
R_MK0169620,Competitions,outcomes,More interested about learning about STEM,Yes a little,2,3,False,Q36_3
R_MK0171952,Competitions,outcomes,More interested about learning about STEM,Yes a lot,1,4,False,Q36_3
R_MK0173432,Competitions,outcomes,More interested about learning about STEM,Yes a little,2,3,False,Q36_3
R_MK0175836,Competitions,outcomes,More interested about learning about STEM,No,4,1,False,Q36_3
R_MK0176600,Competitions,outcomes,More interested about learning about STEM,Yes a little,2,3,False,Q36_3
R_MK0003688,Competitions,outcomes,More confident in solving STEM problems,I do not know,5,,True,Q36_4
R_MK0010378,Competitions,outcomes,More confident in solving STEM problems,Maybe,3,2,False,Q36_4
R_MK0011453,Competitions,outcomes,More confident in solving STEM problems,No,4,1,False,Q36_4
R_MK0013834,Competitions,outcomes,More confident in solving STEM problems,Yes a little,2,3,False,Q36_4
R_MK0014994,Competitions,outcomes,More confident in solving STEM problems,Maybe,3,2,False,Q36_4
R_MK0020216,Competitions,outcomes,More confident in solving STEM problems,No,4,1,False,Q36_4
R_MK0021162,Competitions,outcomes,More confident in solving STEM problems,Yes a little,2,3,False,Q36_4
R_MK0022405,Competitions,outcomes,More confident in solving STEM problems,Yes a little,2,3,False,Q36_4
R_MK0032849,Competitions,outcomes,More confident in solving STEM problems,No,4,1,False,Q36_4
R_MK0036294,Competitions,outcomes,More confident in solving STEM problems,Yes a lot,1,4,False,Q36_4
R_MK0037202,Competitions,outcomes,More confident in solving STEM problems,Yes a little,2,3,False,Q36_4
R_MK0043853,Competitions,outcomes,More confident in solving STEM problems,Maybe,3,2,False,Q36_4
R_MK0044771,Competitions,outcomes,More confident in solving STEM problems,Yes a lot,1,4,False,Q36_4
R_MK0045989,Competitions,outcomes,More confident in solving STEM problems,Yes a little,2,3,False,Q36_4
R_MK0048737,Competitions,outcomes,More confident in solving STEM problems,No,4,1,False,Q36_4
R_MK0049733,Competitions,outcomes,More confident in solving STEM problems,Yes a little,2,3,False,Q36_4
R_MK0053734,Competitions,outcomes,More confident in solving STEM problems,Yes a lot,1,4,False,Q36_4
R_MK0057204,Competitions,outcomes,More confident in solving STEM problems,Maybe,3,2,False,Q36_4
R_MK0059837,Competitions,outcomes,More confident in solving STEM problems,Yes a lot,1,4,False,Q36_4
R_MK0060527,Competitions,outcomes,More confident in solving STEM problems,Yes a lot,1,4,False,Q36_4
R_MK0063902,Competitions,outcomes,More confident in solving STEM problems,Yes a little,2,3,False,Q36_4
R_MK0065907,Competitions,outcomes,More confident in solving STEM problems,Yes a lot,1,4,False,Q36_4
R_MK0070229,Competitions,outcomes,More confident in solving STEM problems,Yes a little,2,3,False,Q36_4
R_MK0074273,Competitions,outcomes,More confident in solving STEM problems,Yes a little,2,3,False,Q36_4
R_MK0076785,Competitions,outcomes,More confident in solving STEM problems,Maybe,3,2,False,Q36_4
R_MK0078295,Competitions,outcomes,More confident in solving STEM problems,Yes a little,2,3,False,Q36_4
R_MK0079267,Competitions,outcomes,More confident in solving STEM problems,Yes a lot,1,4,False,Q36_4
R_MK0084225,Competitions,outcomes,More confident in solving STEM problems,Yes a lot,1,4,False,Q36_4
R_MK0088386,Competitions,outcomes,More confident in solving STEM problems,Yes a lot,1,4,False,Q36_4
R_MK0089973,Competitions,outcomes,More confident in solving STEM problems,Yes a little,2,3,False,Q36_4
R_MK0090487,Competitions,outcomes,More confident in solving STEM problems,No,4,1,False,Q36_4
R_MK0091120,Competitions,outcomes,More confident in solving STEM problems,Yes a lot,1,4,False,Q36_4
R_MK0099158,Competitions,outcomes,More confident in solving STEM problems,Yes a little,2,3,False,Q36_4
R_MK0103956,Competitions,outcomes,More confident in solving STEM problems,Maybe,3,2,False,Q36_4
R_MK0104978,Competitions,outcomes,More confident in solving STEM problems,Yes a lot,1,4,False,Q36_4
R_MK0107788,Competitions,outcomes,More confident in solving STEM problems,Yes a little,2,3,False,Q36_4
R_MK0109124,Competitions,outcomes,More confident in solving STEM problems,No,4,1,False,Q36_4
R_MK0110762,Competitions,outcomes,More confident in solving STEM problems,I do not know,5,,True,Q36_4
R_MK0111624,Competitions,outcomes,More confident in solving STEM problems,I do not know,5,,True,Q36_4
R_MK0113467,Competitions,outcomes,More confident in solving STEM problems,Maybe,3,2,False,Q36_4
R_MK0115748,Competitions,outcomes,More confident in solving STEM problems,Maybe,3,2,False,Q36_4
R_MK0117603,Competitions,outcomes,More confident in solving STEM problems,Yes a little,2,3,False,Q36_4
R_MK0118631,Competitions,outcomes,More confident in solving STEM problems,Maybe,3,2,False,Q36_4
R_MK0123453,Competitions,outcomes,More confident in solving STEM problems,Yes a lot,1,4,False,Q36_4
R_MK0125281,Competitions,outcomes,More confident in solving STEM problems,Yes a lot,1,4,False,Q36_4
R_MK0130464,Competitions,outcomes,More confident in solving STEM problems,Yes a lot,1,4,False,Q36_4
R_MK0132486,Competitions,outcomes,More confident in solving STEM problems,Maybe,3,2,False,Q36_4
R_MK0135917,Competitions,outcomes,More confident in solving STEM problems,No,4,1,False,Q36_4
R_MK0139468,Competitions,outcomes,More confident in solving STEM problems,Maybe,3,2,False,Q36_4
R_MK0140416,Competitions,outcomes,More confident in solving STEM problems,No,4,1,False,Q36_4
R_MK0142928,Competitions,outcomes,More confident in solving STEM problems,Yes a lot,1,4,False,Q36_4
R_MK0145593,Competitions,outcomes,More confident in solving STEM problems,Maybe,3,2,False,Q36_4
R_MK0150172,Competitions,outcomes,More confident in solving STEM problems,Yes a lot,1,4,False,Q36_4
R_MK0156575,Competitions,outcomes,More confident in solving STEM problems,Yes a lot,1,4,False,Q36_4
R_MK0157758,Competitions,outcomes,More confident in solving STEM problems,Yes a little,2,3,False,Q36_4
R_MK0160930,Competitions,outcomes,More confident in solving STEM problems,Yes a lot,1,4,False,Q36_4
R_MK0162746,Competitions,outcomes,More confident in solving STEM problems,Yes a little,2,3,False,Q36_4
R_MK0166129,Competitions,outcomes,More confident in solving STEM problems,Maybe,3,2,False,Q36_4
R_MK0169620,Competitions,outcomes,More confident in solving STEM problems,Yes a lot,1,4,False,Q36_4
R_MK0171952,Competitions,outcomes,More confident in solving STEM problems,Yes a lot,1,4,False,Q36_4
R_MK0173432,Competitions,outcomes,More confident in solving STEM problems,Yes a little,2,3,False,Q36_4
R_MK0175836,Competitions,outcomes,More confident in solving STEM problems,Yes a little,2,3,False,Q36_4
R_MK0176600,Competitions,outcomes,More confident in solving STEM problems,Yes a little,2,3,False,Q36_4
R_MK0003688,Competitions,outcomes,"More comfortable with using tools, technology and equipment",I do not know,5,,True,Q36_5
R_MK0010378,Competitions,outcomes,"More comfortable with using tools, technology and equipment",Maybe,3,2,False,Q36_5
R_MK0011453,Competitions,outcomes,"More comfortable with using tools, technology and equipment",I do not know,5,,True,Q36_5
R_MK0013834,Competitions,outcomes,"More comfortable with using tools, technology and equipment",Yes a lot,1,4,False,Q36_5
R_MK0014994,Competitions,outcomes,"More comfortable with using tools, technology and equipment",Yes a little,2,3,False,Q36_5
R_MK0020216,Competitions,outcomes,"More comfortable with using tools, technology and equipment",Yes a lot,1,4,False,Q36_5
R_MK0021162,Competitions,outcomes,"More comfortable with using tools, technology and equipment",Maybe,3,2,False,Q36_5
R_MK0022405,Competitions,outcomes,"More comfortable with using tools, technology and equipment",Yes a little,2,3,False,Q36_5
R_MK0032849,Competitions,outcomes,"More comfortable with using tools, technology and equipment",Yes a lot,1,4,False,Q36_5
R_MK0036294,Competitions,outcomes,"More comfortable with using tools, technology and equipment",Yes a lot,1,4,False,Q36_5
R_MK0037202,Competitions,outcomes,"More comfortable with using tools, technology and equipment",Yes a lot,1,4,False,Q36_5
R_MK0043853,Competitions,outcomes,"More comfortable with using tools, technology and equipment",Yes a lot,1,4,False,Q36_5
R_MK0044771,Competitions,outcomes,"More comfortable with using tools, technology and equipment",Yes a little,2,3,False,Q36_5
R_MK0045989,Competitions,outcomes,"More comfortable with using tools, technology and equipment",Yes a little,2,3,False,Q36_5
R_MK0048737,Competitions,outcomes,"More comfortable with using tools, technology and equipment",Maybe,3,2,False,Q36_5
R_MK0049733,Competitions,outcomes,"More comfortable with using tools, technology and equipment",Maybe,3,2,False,Q36_5
R_MK0053734,Competitions,outcomes,"More comfortable with using tools, technology and equipment",Maybe,3,2,False,Q36_5
R_MK0057204,Competitions,outcomes,"More comfortable with using tools, technology and equipment",Yes a little,2,3,False,Q36_5
R_MK0059837,Competitions,outcomes,"More comfortable with using tools, technology and equipment",Yes a little,2,3,False,Q36_5
R_MK0060527,Competitions,outcomes,"More comfortable with using tools, technology and equipment",Yes a lot,1,4,False,Q36_5
R_MK0063902,Competitions,outcomes,"More comfortable with using tools, technology and equipment",Yes a little,2,3,False,Q36_5
R_MK0065907,Competitions,outcomes,"More comfortable with using tools, technology and equipment",Yes a little,2,3,False,Q36_5
R_MK0070229,Competitions,outcomes,"More comfortable with using tools, technology and equipment",Yes a lot,1,4,False,Q36_5
R_MK0074273,Competitions,outcomes,"More comfortable with using tools, technology and equipment",Yes a lot,1,4,False,Q36_5
R_MK0076785,Competitions,outcomes,"More comfortable with using tools, technology and equipment",I do not know,5,,True,Q36_5
R_MK0078295,Competitions,outcomes,"More comfortable with using tools, technology and equipment",Yes a little,2,3,False,Q36_5
R_MK0079267,Competitions,outcomes,"More comfortable with using tools, technology and equipment",No,4,1,False,Q36_5
R_MK0084225,Competitions,outcomes,"More comfortable with using tools, technology and equipment",Yes a lot,1,4,False,Q36_5
R_MK0088386,Competitions,outcomes,"More comfortable with using tools, technology and equipment",Yes a lot,1,4,False,Q36_5
R_MK0089973,Competitions,outcomes,"More comfortable with using tools, technology and equipment",Yes a lot,1,4,False,Q36_5
R_MK0090487,Competitions,outcomes,"More comfortable with using tools, technology and equipment",Yes a lot,1,4,False,Q36_5
R_MK0091120,Competitions,outcomes,"More comfortable with using tools, technology and equipment",Yes a lot,1,4,False,Q36_5
R_MK0099158,Competitions,outcomes,"More comfortable with using tools, technology and equipment",Maybe,3,2,False,Q36_5
R_MK0103956,Competitions,outcomes,"More comfortable with using tools, technology and equipment",Yes a little,2,3,False,Q36_5
R_MK0104978,Competitions,outcomes,"More comfortable with using tools, technology and equipment",Yes a little,2,3,False,Q36_5
R_MK0107788,Competitions,outcomes,"More comfortable with using tools, technology and equipment",Maybe,3,2,False,Q36_5
R_MK0109124,Competitions,outcomes,"More comfortable with using tools, technology and equipment",Yes a lot,1,4,False,Q36_5
R_MK0110762,Competitions,outcomes,"More comfortable with using tools, technology and equipment",Yes a little,2,3,False,Q36_5
R_MK0111624,Competitions,outcomes,"More comfortable with using tools, technology and equipment",Yes a lot,1,4,False,Q36_5
R_MK0113467,Competitions,outcomes,"More comfortable with using tools, technology and equipment",I do not know,5,,True,Q36_5
R_MK0115748,Competitions,outcomes,"More comfortable with using tools, technology and equipment",Maybe,3,2,False,Q36_5
R_MK0117603,Competitions,outcomes,"More comfortable with using tools, technology and equipment",Yes a little,2,3,False,Q36_5
R_MK0118631,Competitions,outcomes,"More comfortable with using tools, technology and equipment",Maybe,3,2,False,Q36_5
R_MK0123453,Competitions,outcomes,"More comfortable with using tools, technology and equipment",Maybe,3,2,False,Q36_5
R_MK0125281,Competitions,outcomes,"More comfortable with using tools, technology and equipment",Yes a little,2,3,False,Q36_5
R_MK0130464,Competitions,outcomes,"More comfortable with using tools, technology and equipment",Maybe,3,2,False,Q36_5
R_MK0132486,Competitions,outcomes,"More comfortable with using tools, technology and equipment",Yes a little,2,3,False,Q36_5
R_MK0135917,Competitions,outcomes,"More comfortable with using tools, technology and equipment",No,4,1,False,Q36_5
R_MK0139468,Competitions,outcomes,"More comfortable with using tools, technology and equipment",No,4,1,False,Q36_5
R_MK0140416,Competitions,outcomes,"More comfortable with using tools, technology and equipment",Yes a lot,1,4,False,Q36_5
R_MK0142928,Competitions,outcomes,"More comfortable with using tools, technology and equipment",Yes a lot,1,4,False,Q36_5
R_MK0145593,Competitions,outcomes,"More comfortable with using tools, technology and equipment",No,4,1,False,Q36_5
R_MK0150172,Competitions,outcomes,"More comfortable with using tools, technology and equipment",Yes a little,2,3,False,Q36_5
R_MK0156575,Competitions,outcomes,"More comfortable with using tools, technology and equipment",Maybe,3,2,False,Q36_5
R_MK0157758,Competitions,outcomes,"More comfortable with using tools, technology and equipment",Yes a lot,1,4,False,Q36_5
R_MK0160930,Competitions,outcomes,"More comfortable with using tools, technology and equipment",Yes a little,2,3,False,Q36_5
R_MK0162746,Competitions,outcomes,"More comfortable with using tools, technology and equipment",Yes a lot,1,4,False,Q36_5
R_MK0166129,Competitions,outcomes,"More comfortable with using tools, technology and equipment",Yes a lot,1,4,False,Q36_5
R_MK0169620,Competitions,outcomes,"More comfortable with using tools, technology and equipment",Maybe,3,2,False,Q36_5
R_MK0171952,Competitions,outcomes,"More comfortable with using tools, technology and equipment",Yes a lot,1,4,False,Q36_5
R_MK0173432,Competitions,outcomes,"More comfortable with using tools, technology and equipment",Yes a little,2,3,False,Q36_5
R_MK0175836,Competitions,outcomes,"More comfortable with using tools, technology and equipment",I do not know,5,,True,Q36_5
R_MK0176600,Competitions,outcomes,"More comfortable with using tools, technology and equipment",Yes a little,2,3,False,Q36_5
R_MK0003688,Competitions,outcomes,More comfortable working in teams,Yes a little,2,3,False,Q36_6
R_MK0010378,Competitions,outcomes,More comfortable working in teams,Maybe,3,2,False,Q36_6
R_MK0011453,Competitions,outcomes,More comfortable working in teams,No,4,1,False,Q36_6
R_MK0013834,Competitions,outcomes,More comfortable working in teams,Maybe,3,2,False,Q36_6
R_MK0014994,Competitions,outcomes,More comfortable working in teams,Yes a little,2,3,False,Q36_6
R_MK0020216,Competitions,outcomes,More comfortable working in teams,Yes a lot,1,4,False,Q36_6
R_MK0021162,Competitions,outcomes,More comfortable working in teams,I do not know,5,,True,Q36_6
R_MK0022405,Competitions,outcomes,More comfortable working in teams,Yes a lot,1,4,False,Q36_6
R_MK0032849,Competitions,outcomes,More comfortable working in teams,Yes a lot,1,4,False,Q36_6
R_MK0036294,Competitions,outcomes,More comfortable working in teams,Yes a lot,1,4,False,Q36_6
R_MK0037202,Competitions,outcomes,More comfortable working in teams,Yes a little,2,3,False,Q36_6
R_MK0043853,Competitions,outcomes,More comfortable working in teams,No,4,1,False,Q36_6
R_MK0044771,Competitions,outcomes,More comfortable working in teams,Yes a little,2,3,False,Q36_6
R_MK0045989,Competitions,outcomes,More comfortable working in teams,Yes a little,2,3,False,Q36_6
R_MK0048737,Competitions,outcomes,More comfortable working in teams,Yes a little,2,3,False,Q36_6
R_MK0049733,Competitions,outcomes,More comfortable working in teams,Yes a lot,1,4,False,Q36_6
R_MK0053734,Competitions,outcomes,More comfortable working in teams,Maybe,3,2,False,Q36_6
R_MK0057204,Competitions,outcomes,More comfortable working in teams,Yes a lot,1,4,False,Q36_6
R_MK0059837,Competitions,outcomes,More comfortable working in teams,Maybe,3,2,False,Q36_6
R_MK0060527,Competitions,outcomes,More comfortable working in teams,Maybe,3,2,False,Q36_6
R_MK0063902,Competitions,outcomes,More comfortable working in teams,Yes a lot,1,4,False,Q36_6
R_MK0065907,Competitions,outcomes,More comfortable working in teams,Maybe,3,2,False,Q36_6
R_MK0070229,Competitions,outcomes,More comfortable working in teams,Yes a little,2,3,False,Q36_6
R_MK0074273,Competitions,outcomes,More comfortable working in teams,Maybe,3,2,False,Q36_6
R_MK0076785,Competitions,outcomes,More comfortable working in teams,Yes a lot,1,4,False,Q36_6
R_MK0078295,Competitions,outcomes,More comfortable working in teams,No,4,1,False,Q36_6
R_MK0079267,Competitions,outcomes,More comfortable working in teams,Maybe,3,2,False,Q36_6
R_MK0084225,Competitions,outcomes,More comfortable working in teams,Yes a little,2,3,False,Q36_6
R_MK0088386,Competitions,outcomes,More comfortable working in teams,Yes a lot,1,4,False,Q36_6
R_MK0089973,Competitions,outcomes,More comfortable working in teams,Yes a little,2,3,False,Q36_6
R_MK0090487,Competitions,outcomes,More comfortable working in teams,Yes a lot,1,4,False,Q36_6
R_MK0091120,Competitions,outcomes,More comfortable working in teams,No,4,1,False,Q36_6
R_MK0099158,Competitions,outcomes,More comfortable working in teams,Yes a little,2,3,False,Q36_6
R_MK0103956,Competitions,outcomes,More comfortable working in teams,No,4,1,False,Q36_6
R_MK0104978,Competitions,outcomes,More comfortable working in teams,Yes a lot,1,4,False,Q36_6
R_MK0107788,Competitions,outcomes,More comfortable working in teams,Yes a lot,1,4,False,Q36_6
R_MK0109124,Competitions,outcomes,More comfortable working in teams,Yes a little,2,3,False,Q36_6
R_MK0110762,Competitions,outcomes,More comfortable working in teams,Yes a lot,1,4,False,Q36_6
R_MK0111624,Competitions,outcomes,More comfortable working in teams,Yes a little,2,3,False,Q36_6
R_MK0113467,Competitions,outcomes,More comfortable working in teams,No,4,1,False,Q36_6
R_MK0115748,Competitions,outcomes,More comfortable working in teams,Yes a little,2,3,False,Q36_6
R_MK0117603,Competitions,outcomes,More comfortable working in teams,Yes a little,2,3,False,Q36_6
R_MK0118631,Competitions,outcomes,More comfortable working in teams,No,4,1,False,Q36_6
R_MK0123453,Competitions,outcomes,More comfortable working in teams,Yes a little,2,3,False,Q36_6
R_MK0125281,Competitions,outcomes,More comfortable working in teams,Yes a lot,1,4,False,Q36_6
R_MK0130464,Competitions,outcomes,More comfortable working in teams,Yes a little,2,3,False,Q36_6
R_MK0132486,Competitions,outcomes,More comfortable working in teams,Yes a little,2,3,False,Q36_6
R_MK0135917,Competitions,outcomes,More comfortable working in teams,Yes a little,2,3,False,Q36_6
R_MK0139468,Competitions,outcomes,More comfortable working in teams,Yes a little,2,3,False,Q36_6
R_MK0140416,Competitions,outcomes,More comfortable working in teams,Yes a little,2,3,False,Q36_6
R_MK0142928,Competitions,outcomes,More comfortable working in teams,Yes a little,2,3,False,Q36_6
R_MK0145593,Competitions,outcomes,More comfortable working in teams,Yes a lot,1,4,False,Q36_6
R_MK0150172,Competitions,outcomes,More comfortable working in teams,Yes a lot,1,4,False,Q36_6
R_MK0156575,Competitions,outcomes,More comfortable working in teams,Maybe,3,2,False,Q36_6
R_MK0157758,Competitions,outcomes,More comfortable working in teams,Yes a little,2,3,False,Q36_6
R_MK0160930,Competitions,outcomes,More comfortable working in teams,Yes a lot,1,4,False,Q36_6
R_MK0162746,Competitions,outcomes,More comfortable working in teams,Yes a little,2,3,False,Q36_6
R_MK0166129,Competitions,outcomes,More comfortable working in teams,Yes a lot,1,4,False,Q36_6
R_MK0169620,Competitions,outcomes,More comfortable working in teams,Maybe,3,2,False,Q36_6
R_MK0171952,Competitions,outcomes,More comfortable working in teams,Yes a little,2,3,False,Q36_6
R_MK0173432,Competitions,outcomes,More comfortable working in teams,Yes a lot,1,4,False,Q36_6
R_MK0175836,Competitions,outcomes,More comfortable working in teams,No,4,1,False,Q36_6
R_MK0176600,Competitions,outcomes,More comfortable working in teams,Yes a little,2,3,False,Q36_6
R_MK0003688,Competitions,outcomes,More confident in communicating and sharing my ideas,Yes a lot,1,4,False,Q36_7
R_MK0010378,Competitions,outcomes,More confident in communicating and sharing my ideas,Yes a lot,1,4,False,Q36_7
R_MK0011453,Competitions,outcomes,More confident in communicating and sharing my ideas,No,4,1,False,Q36_7
R_MK0013834,Competitions,outcomes,More confident in communicating and sharing my ideas,I do not know,5,,True,Q36_7
R_MK0014994,Competitions,outcomes,More confident in communicating and sharing my ideas,No,4,1,False,Q36_7
R_MK0020216,Competitions,outcomes,More confident in communicating and sharing my ideas,Yes a lot,1,4,False,Q36_7
R_MK0021162,Competitions,outcomes,More confident in communicating and sharing my ideas,Maybe,3,2,False,Q36_7
R_MK0022405,Competitions,outcomes,More confident in communicating and sharing my ideas,Yes a little,2,3,False,Q36_7
R_MK0032849,Competitions,outcomes,More confident in communicating and sharing my ideas,Yes a lot,1,4,False,Q36_7
R_MK0036294,Competitions,outcomes,More confident in communicating and sharing my ideas,Yes a lot,1,4,False,Q36_7
R_MK0037202,Competitions,outcomes,More confident in communicating and sharing my ideas,Yes a little,2,3,False,Q36_7
R_MK0043853,Competitions,outcomes,More confident in communicating and sharing my ideas,Yes a little,2,3,False,Q36_7
R_MK0044771,Competitions,outcomes,More confident in communicating and sharing my ideas,Yes a lot,1,4,False,Q36_7
R_MK0045989,Competitions,outcomes,More confident in communicating and sharing my ideas,Yes a little,2,3,False,Q36_7
R_MK0048737,Competitions,outcomes,More confident in communicating and sharing my ideas,Yes a little,2,3,False,Q36_7
R_MK0049733,Competitions,outcomes,More confident in communicating and sharing my ideas,Yes a lot,1,4,False,Q36_7
R_MK0053734,Competitions,outcomes,More confident in communicating and sharing my ideas,No,4,1,False,Q36_7
R_MK0057204,Competitions,outcomes,More confident in communicating and sharing my ideas,Yes a lot,1,4,False,Q36_7
R_MK0059837,Competitions,outcomes,More confident in communicating and sharing my ideas,Yes a little,2,3,False,Q36_7
R_MK0060527,Competitions,outcomes,More confident in communicating and sharing my ideas,Yes a little,2,3,False,Q36_7
R_MK0063902,Competitions,outcomes,More confident in communicating and sharing my ideas,Yes a little,2,3,False,Q36_7
R_MK0065907,Competitions,outcomes,More confident in communicating and sharing my ideas,Maybe,3,2,False,Q36_7
R_MK0070229,Competitions,outcomes,More confident in communicating and sharing my ideas,I do not know,5,,True,Q36_7
R_MK0074273,Competitions,outcomes,More confident in communicating and sharing my ideas,Yes a lot,1,4,False,Q36_7
R_MK0076785,Competitions,outcomes,More confident in communicating and sharing my ideas,I do not know,5,,True,Q36_7
R_MK0078295,Competitions,outcomes,More confident in communicating and sharing my ideas,Yes a lot,1,4,False,Q36_7
R_MK0079267,Competitions,outcomes,More confident in communicating and sharing my ideas,Maybe,3,2,False,Q36_7
R_MK0084225,Competitions,outcomes,More confident in communicating and sharing my ideas,Yes a little,2,3,False,Q36_7
R_MK0088386,Competitions,outcomes,More confident in communicating and sharing my ideas,Yes a little,2,3,False,Q36_7
R_MK0089973,Competitions,outcomes,More confident in communicating and sharing my ideas,Yes a little,2,3,False,Q36_7
R_MK0090487,Competitions,outcomes,More confident in communicating and sharing my ideas,Maybe,3,2,False,Q36_7
R_MK0091120,Competitions,outcomes,More confident in communicating and sharing my ideas,Yes a lot,1,4,False,Q36_7
R_MK0099158,Competitions,outcomes,More confident in communicating and sharing my ideas,Yes a lot,1,4,False,Q36_7
R_MK0103956,Competitions,outcomes,More confident in communicating and sharing my ideas,Yes a lot,1,4,False,Q36_7
R_MK0104978,Competitions,outcomes,More confident in communicating and sharing my ideas,Maybe,3,2,False,Q36_7
R_MK0107788,Competitions,outcomes,More confident in communicating and sharing my ideas,Yes a little,2,3,False,Q36_7
R_MK0109124,Competitions,outcomes,More confident in communicating and sharing my ideas,Yes a little,2,3,False,Q36_7
R_MK0110762,Competitions,outcomes,More confident in communicating and sharing my ideas,Yes a lot,1,4,False,Q36_7
R_MK0111624,Competitions,outcomes,More confident in communicating and sharing my ideas,Yes a little,2,3,False,Q36_7
R_MK0113467,Competitions,outcomes,More confident in communicating and sharing my ideas,Yes a lot,1,4,False,Q36_7
R_MK0115748,Competitions,outcomes,More confident in communicating and sharing my ideas,Maybe,3,2,False,Q36_7
R_MK0117603,Competitions,outcomes,More confident in communicating and sharing my ideas,Yes a little,2,3,False,Q36_7
R_MK0118631,Competitions,outcomes,More confident in communicating and sharing my ideas,No,4,1,False,Q36_7
R_MK0123453,Competitions,outcomes,More confident in communicating and sharing my ideas,Yes a little,2,3,False,Q36_7
R_MK0125281,Competitions,outcomes,More confident in communicating and sharing my ideas,Yes a little,2,3,False,Q36_7
R_MK0130464,Competitions,outcomes,More confident in communicating and sharing my ideas,Yes a lot,1,4,False,Q36_7
R_MK0132486,Competitions,outcomes,More confident in communicating and sharing my ideas,Yes a little,2,3,False,Q36_7
R_MK0135917,Competitions,outcomes,More confident in communicating and sharing my ideas,Yes a lot,1,4,False,Q36_7
R_MK0139468,Competitions,outcomes,More confident in communicating and sharing my ideas,Maybe,3,2,False,Q36_7
R_MK0140416,Competitions,outcomes,More confident in communicating and sharing my ideas,Maybe,3,2,False,Q36_7
R_MK0142928,Competitions,outcomes,More confident in communicating and sharing my ideas,Yes a lot,1,4,False,Q36_7
R_MK0145593,Competitions,outcomes,More confident in communicating and sharing my ideas,Yes a little,2,3,False,Q36_7
R_MK0150172,Competitions,outcomes,More confident in communicating and sharing my ideas,I do not know,5,,True,Q36_7
R_MK0156575,Competitions,outcomes,More confident in communicating and sharing my ideas,Maybe,3,2,False,Q36_7
R_MK0157758,Competitions,outcomes,More confident in communicating and sharing my ideas,Yes a little,2,3,False,Q36_7
R_MK0160930,Competitions,outcomes,More confident in communicating and sharing my ideas,Yes a little,2,3,False,Q36_7
R_MK0162746,Competitions,outcomes,More confident in communicating and sharing my ideas,Yes a little,2,3,False,Q36_7
R_MK0166129,Competitions,outcomes,More confident in communicating and sharing my ideas,Yes a lot,1,4,False,Q36_7
R_MK0169620,Competitions,outcomes,More confident in communicating and sharing my ideas,Yes a lot,1,4,False,Q36_7
R_MK0171952,Competitions,outcomes,More confident in communicating and sharing my ideas,Yes a lot,1,4,False,Q36_7
R_MK0173432,Competitions,outcomes,More confident in communicating and sharing my ideas,No,4,1,False,Q36_7
R_MK0175836,Competitions,outcomes,More confident in communicating and sharing my ideas,Yes a lot,1,4,False,Q36_7
R_MK0176600,Competitions,outcomes,More confident in communicating and sharing my ideas,I do not know,5,,True,Q36_7
R_MK0003688,Competitions,outcomes,More confident in being a leader,Yes a little,2,3,False,Q36_8
R_MK0010378,Competitions,outcomes,More confident in being a leader,Yes a little,2,3,False,Q36_8
R_MK0011453,Competitions,outcomes,More confident in being a leader,Yes a little,2,3,False,Q36_8
R_MK0013834,Competitions,outcomes,More confident in being a leader,No,4,1,False,Q36_8
R_MK0014994,Competitions,outcomes,More confident in being a leader,Yes a little,2,3,False,Q36_8
R_MK0020216,Competitions,outcomes,More confident in being a leader,Maybe,3,2,False,Q36_8
R_MK0021162,Competitions,outcomes,More confident in being a leader,No,4,1,False,Q36_8
R_MK0022405,Competitions,outcomes,More confident in being a leader,Yes a lot,1,4,False,Q36_8
R_MK0032849,Competitions,outcomes,More confident in being a leader,Yes a little,2,3,False,Q36_8
R_MK0036294,Competitions,outcomes,More confident in being a leader,Yes a little,2,3,False,Q36_8
R_MK0037202,Competitions,outcomes,More confident in being a leader,I do not know,5,,True,Q36_8
R_MK0043853,Competitions,outcomes,More confident in being a leader,Yes a little,2,3,False,Q36_8
R_MK0044771,Competitions,outcomes,More confident in being a leader,Yes a lot,1,4,False,Q36_8
R_MK0045989,Competitions,outcomes,More confident in being a leader,Yes a little,2,3,False,Q36_8
R_MK0048737,Competitions,outcomes,More confident in being a leader,Yes a lot,1,4,False,Q36_8
R_MK0049733,Competitions,outcomes,More confident in being a leader,Yes a little,2,3,False,Q36_8
R_MK0053734,Competitions,outcomes,More confident in being a leader,Yes a little,2,3,False,Q36_8
R_MK0057204,Competitions,outcomes,More confident in being a leader,Yes a little,2,3,False,Q36_8
R_MK0059837,Competitions,outcomes,More confident in being a leader,Yes a lot,1,4,False,Q36_8
R_MK0060527,Competitions,outcomes,More confident in being a leader,Yes a little,2,3,False,Q36_8
R_MK0063902,Competitions,outcomes,More confident in being a leader,Yes a lot,1,4,False,Q36_8
R_MK0065907,Competitions,outcomes,More confident in being a leader,No,4,1,False,Q36_8
R_MK0070229,Competitions,outcomes,More confident in being a leader,Yes a lot,1,4,False,Q36_8
R_MK0074273,Competitions,outcomes,More confident in being a leader,Yes a lot,1,4,False,Q36_8
R_MK0076785,Competitions,outcomes,More confident in being a leader,Yes a little,2,3,False,Q36_8
R_MK0078295,Competitions,outcomes,More confident in being a leader,Yes a lot,1,4,False,Q36_8
R_MK0079267,Competitions,outcomes,More confident in being a leader,I do not know,5,,True,Q36_8
R_MK0084225,Competitions,outcomes,More confident in being a leader,Yes a lot,1,4,False,Q36_8
R_MK0088386,Competitions,outcomes,More confident in being a leader,Yes a little,2,3,False,Q36_8
R_MK0089973,Competitions,outcomes,More confident in being a leader,Yes a little,2,3,False,Q36_8
R_MK0090487,Competitions,outcomes,More confident in being a leader,Yes a lot,1,4,False,Q36_8
R_MK0091120,Competitions,outcomes,More confident in being a leader,Yes a little,2,3,False,Q36_8
R_MK0099158,Competitions,outcomes,More confident in being a leader,Maybe,3,2,False,Q36_8
R_MK0103956,Competitions,outcomes,More confident in being a leader,Yes a lot,1,4,False,Q36_8
R_MK0104978,Competitions,outcomes,More confident in being a leader,No,4,1,False,Q36_8
R_MK0107788,Competitions,outcomes,More confident in being a leader,Yes a little,2,3,False,Q36_8
R_MK0109124,Competitions,outcomes,More confident in being a leader,Yes a little,2,3,False,Q36_8
R_MK0110762,Competitions,outcomes,More confident in being a leader,Yes a lot,1,4,False,Q36_8
R_MK0111624,Competitions,outcomes,More confident in being a leader,Yes a little,2,3,False,Q36_8
R_MK0113467,Competitions,outcomes,More confident in being a leader,Maybe,3,2,False,Q36_8
R_MK0115748,Competitions,outcomes,More confident in being a leader,Yes a lot,1,4,False,Q36_8
R_MK0117603,Competitions,outcomes,More confident in being a leader,Yes a lot,1,4,False,Q36_8
R_MK0118631,Competitions,outcomes,More confident in being a leader,Yes a little,2,3,False,Q36_8
R_MK0123453,Competitions,outcomes,More confident in being a leader,Yes a lot,1,4,False,Q36_8
R_MK0125281,Competitions,outcomes,More confident in being a leader,Yes a little,2,3,False,Q36_8
R_MK0130464,Competitions,outcomes,More confident in being a leader,Yes a little,2,3,False,Q36_8
R_MK0132486,Competitions,outcomes,More confident in being a leader,Maybe,3,2,False,Q36_8
R_MK0135917,Competitions,outcomes,More confident in being a leader,No,4,1,False,Q36_8
R_MK0139468,Competitions,outcomes,More confident in being a leader,Maybe,3,2,False,Q36_8
R_MK0140416,Competitions,outcomes,More confident in being a leader,Yes a lot,1,4,False,Q36_8
R_MK0142928,Competitions,outcomes,More confident in being a leader,Yes a lot,1,4,False,Q36_8
R_MK0145593,Competitions,outcomes,More confident in being a leader,Yes a little,2,3,False,Q36_8
R_MK0150172,Competitions,outcomes,More confident in being a leader,Yes a little,2,3,False,Q36_8
R_MK0156575,Competitions,outcomes,More confident in being a leader,Yes a little,2,3,False,Q36_8
R_MK0157758,Competitions,outcomes,More confident in being a leader,Yes a little,2,3,False,Q36_8
R_MK0160930,Competitions,outcomes,More confident in being a leader,Yes a little,2,3,False,Q36_8
R_MK0162746,Competitions,outcomes,More confident in being a leader,Yes a lot,1,4,False,Q36_8
R_MK0166129,Competitions,outcomes,More confident in being a leader,Yes a little,2,3,False,Q36_8
R_MK0169620,Competitions,outcomes,More confident in being a leader,Yes a lot,1,4,False,Q36_8
R_MK0171952,Competitions,outcomes,More confident in being a leader,Maybe,3,2,False,Q36_8
R_MK0173432,Competitions,outcomes,More confident in being a leader,Yes a little,2,3,False,Q36_8
R_MK0175836,Competitions,outcomes,More confident in being a leader,Yes a lot,1,4,False,Q36_8
R_MK0176600,Competitions,outcomes,More confident in being a leader,Yes a little,2,3,False,Q36_8
R_MK0003688,Competitions,outcomes,More like a STEM person,Maybe,3,2,False,Q36_9
R_MK0010378,Competitions,outcomes,More like a STEM person,Yes a little,2,3,False,Q36_9
R_MK0011453,Competitions,outcomes,More like a STEM person,Maybe,3,2,False,Q36_9
R_MK0013834,Competitions,outcomes,More like a STEM person,I do not know,5,,True,Q36_9
R_MK0014994,Competitions,outcomes,More like a STEM person,No,4,1,False,Q36_9
R_MK0020216,Competitions,outcomes,More like a STEM person,Yes a little,2,3,False,Q36_9
R_MK0021162,Competitions,outcomes,More like a STEM person,I do not know,5,,True,Q36_9
R_MK0022405,Competitions,outcomes,More like a STEM person,Maybe,3,2,False,Q36_9
R_MK0032849,Competitions,outcomes,More like a STEM person,Maybe,3,2,False,Q36_9
R_MK0036294,Competitions,outcomes,More like a STEM person,Yes a little,2,3,False,Q36_9
R_MK0037202,Competitions,outcomes,More like a STEM person,Yes a little,2,3,False,Q36_9
R_MK0043853,Competitions,outcomes,More like a STEM person,Maybe,3,2,False,Q36_9
R_MK0044771,Competitions,outcomes,More like a STEM person,Yes a lot,1,4,False,Q36_9
R_MK0045989,Competitions,outcomes,More like a STEM person,Yes a little,2,3,False,Q36_9
R_MK0048737,Competitions,outcomes,More like a STEM person,Yes a little,2,3,False,Q36_9
R_MK0049733,Competitions,outcomes,More like a STEM person,Yes a lot,1,4,False,Q36_9
R_MK0053734,Competitions,outcomes,More like a STEM person,No,4,1,False,Q36_9
R_MK0057204,Competitions,outcomes,More like a STEM person,Yes a little,2,3,False,Q36_9
R_MK0059837,Competitions,outcomes,More like a STEM person,Maybe,3,2,False,Q36_9
R_MK0060527,Competitions,outcomes,More like a STEM person,Yes a lot,1,4,False,Q36_9
R_MK0063902,Competitions,outcomes,More like a STEM person,Maybe,3,2,False,Q36_9
R_MK0065907,Competitions,outcomes,More like a STEM person,Yes a lot,1,4,False,Q36_9
R_MK0070229,Competitions,outcomes,More like a STEM person,Maybe,3,2,False,Q36_9
R_MK0074273,Competitions,outcomes,More like a STEM person,No,4,1,False,Q36_9
R_MK0076785,Competitions,outcomes,More like a STEM person,Yes a little,2,3,False,Q36_9
R_MK0078295,Competitions,outcomes,More like a STEM person,Yes a lot,1,4,False,Q36_9
R_MK0079267,Competitions,outcomes,More like a STEM person,No,4,1,False,Q36_9
R_MK0084225,Competitions,outcomes,More like a STEM person,I do not know,5,,True,Q36_9
R_MK0088386,Competitions,outcomes,More like a STEM person,Maybe,3,2,False,Q36_9
R_MK0089973,Competitions,outcomes,More like a STEM person,Yes a lot,1,4,False,Q36_9
R_MK0090487,Competitions,outcomes,More like a STEM person,Yes a little,2,3,False,Q36_9
R_MK0091120,Competitions,outcomes,More like a STEM person,Yes a little,2,3,False,Q36_9
R_MK0099158,Competitions,outcomes,More like a STEM person,Yes a little,2,3,False,Q36_9
R_MK0103956,Competitions,outcomes,More like a STEM person,Maybe,3,2,False,Q36_9
R_MK0104978,Competitions,outcomes,More like a STEM person,Yes a little,2,3,False,Q36_9
R_MK0107788,Competitions,outcomes,More like a STEM person,Yes a little,2,3,False,Q36_9
R_MK0109124,Competitions,outcomes,More like a STEM person,Yes a little,2,3,False,Q36_9
R_MK0110762,Competitions,outcomes,More like a STEM person,Yes a lot,1,4,False,Q36_9
R_MK0111624,Competitions,outcomes,More like a STEM person,Maybe,3,2,False,Q36_9
R_MK0113467,Competitions,outcomes,More like a STEM person,Yes a little,2,3,False,Q36_9
R_MK0115748,Competitions,outcomes,More like a STEM person,Yes a little,2,3,False,Q36_9
R_MK0117603,Competitions,outcomes,More like a STEM person,Maybe,3,2,False,Q36_9
R_MK0118631,Competitions,outcomes,More like a STEM person,Maybe,3,2,False,Q36_9
R_MK0123453,Competitions,outcomes,More like a STEM person,Yes a little,2,3,False,Q36_9
R_MK0125281,Competitions,outcomes,More like a STEM person,No,4,1,False,Q36_9
R_MK0130464,Competitions,outcomes,More like a STEM person,Maybe,3,2,False,Q36_9
R_MK0132486,Competitions,outcomes,More like a STEM person,Maybe,3,2,False,Q36_9
R_MK0135917,Competitions,outcomes,More like a STEM person,Yes a little,2,3,False,Q36_9
R_MK0139468,Competitions,outcomes,More like a STEM person,Yes a little,2,3,False,Q36_9
R_MK0140416,Competitions,outcomes,More like a STEM person,Yes a little,2,3,False,Q36_9
R_MK0142928,Competitions,outcomes,More like a STEM person,Maybe,3,2,False,Q36_9
R_MK0145593,Competitions,outcomes,More like a STEM person,No,4,1,False,Q36_9
R_MK0150172,Competitions,outcomes,More like a STEM person,Yes a little,2,3,False,Q36_9
R_MK0156575,Competitions,outcomes,More like a STEM person,Maybe,3,2,False,Q36_9
R_MK0157758,Competitions,outcomes,More like a STEM person,Yes a lot,1,4,False,Q36_9
R_MK0160930,Competitions,outcomes,More like a STEM person,Yes a little,2,3,False,Q36_9
R_MK0162746,Competitions,outcomes,More like a STEM person,Yes a little,2,3,False,Q36_9
R_MK0166129,Competitions,outcomes,More like a STEM person,Yes a lot,1,4,False,Q36_9
R_MK0169620,Competitions,outcomes,More like a STEM person,Yes a little,2,3,False,Q36_9
R_MK0171952,Competitions,outcomes,More like a STEM person,Maybe,3,2,False,Q36_9
R_MK0173432,Competitions,outcomes,More like a STEM person,Yes a little,2,3,False,Q36_9
R_MK0175836,Competitions,outcomes,More like a STEM person,Yes a lot,1,4,False,Q36_9
R_MK0176600,Competitions,outcomes,More like a STEM person,Yes a little,2,3,False,Q36_9
R_MK0000103,Tech school programs,outcomes,More knowledgable about STEM,Yes a little,2,3,False,Q104_1
R_MK0004317,Tech school programs,outcomes,More knowledgable about STEM,Yes a lot,1,4,False,Q104_1
R_MK0016779,Tech school programs,outcomes,More knowledgable about STEM,Yes a lot,1,4,False,Q104_1
R_MK0018342,Tech school programs,outcomes,More knowledgable about STEM,Yes a lot,1,4,False,Q104_1
R_MK0024311,Tech school programs,outcomes,More knowledgable about STEM,Yes a lot,1,4,False,Q104_1
R_MK0026432,Tech school programs,outcomes,More knowledgable about STEM,Yes a little,2,3,False,Q104_1
R_MK0028139,Tech school programs,outcomes,More knowledgable about STEM,Yes a little,2,3,False,Q104_1
R_MK0030402,Tech school programs,outcomes,More knowledgable about STEM,Yes a lot,1,4,False,Q104_1
R_MK0032849,Tech school programs,outcomes,More knowledgable about STEM,No,4,1,False,Q104_1
R_MK0034167,Tech school programs,outcomes,More knowledgable about STEM,Yes a little,2,3,False,Q104_1
R_MK0036294,Tech school programs,outcomes,More knowledgable about STEM,Yes a lot,1,4,False,Q104_1
R_MK0037202,Tech school programs,outcomes,More knowledgable about STEM,Maybe,3,2,False,Q104_1
R_MK0038243,Tech school programs,outcomes,More knowledgable about STEM,Yes a lot,1,4,False,Q104_1
R_MK0044771,Tech school programs,outcomes,More knowledgable about STEM,Yes a lot,1,4,False,Q104_1
R_MK0045989,Tech school programs,outcomes,More knowledgable about STEM,Yes a little,2,3,False,Q104_1
R_MK0046892,Tech school programs,outcomes,More knowledgable about STEM,Yes a lot,1,4,False,Q104_1
R_MK0048737,Tech school programs,outcomes,More knowledgable about STEM,Yes a little,2,3,False,Q104_1
R_MK0050728,Tech school programs,outcomes,More knowledgable about STEM,Yes a little,2,3,False,Q104_1
R_MK0051185,Tech school programs,outcomes,More knowledgable about STEM,Yes a lot,1,4,False,Q104_1
R_MK0053734,Tech school programs,outcomes,More knowledgable about STEM,Yes a little,2,3,False,Q104_1
R_MK0055989,Tech school programs,outcomes,More knowledgable about STEM,Yes a little,2,3,False,Q104_1
R_MK0058713,Tech school programs,outcomes,More knowledgable about STEM,Yes a lot,1,4,False,Q104_1
R_MK0067466,Tech school programs,outcomes,More knowledgable about STEM,Yes a little,2,3,False,Q104_1
R_MK0070229,Tech school programs,outcomes,More knowledgable about STEM,Yes a lot,1,4,False,Q104_1
R_MK0072663,Tech school programs,outcomes,More knowledgable about STEM,Yes a lot,1,4,False,Q104_1
R_MK0080359,Tech school programs,outcomes,More knowledgable about STEM,No,4,1,False,Q104_1
R_MK0081202,Tech school programs,outcomes,More knowledgable about STEM,Maybe,3,2,False,Q104_1
R_MK0083313,Tech school programs,outcomes,More knowledgable about STEM,Yes a little,2,3,False,Q104_1
R_MK0085933,Tech school programs,outcomes,More knowledgable about STEM,Yes a little,2,3,False,Q104_1
R_MK0088386,Tech school programs,outcomes,More knowledgable about STEM,Maybe,3,2,False,Q104_1
R_MK0091120,Tech school programs,outcomes,More knowledgable about STEM,Yes a lot,1,4,False,Q104_1
R_MK0093607,Tech school programs,outcomes,More knowledgable about STEM,Yes a little,2,3,False,Q104_1
R_MK0094626,Tech school programs,outcomes,More knowledgable about STEM,Yes a lot,1,4,False,Q104_1
R_MK0096327,Tech school programs,outcomes,More knowledgable about STEM,I do not know,5,,True,Q104_1
R_MK0099158,Tech school programs,outcomes,More knowledgable about STEM,Yes a little,2,3,False,Q104_1
R_MK0105321,Tech school programs,outcomes,More knowledgable about STEM,Yes a lot,1,4,False,Q104_1
R_MK0106123,Tech school programs,outcomes,More knowledgable about STEM,No,4,1,False,Q104_1
R_MK0114346,Tech school programs,outcomes,More knowledgable about STEM,Yes a little,2,3,False,Q104_1
R_MK0116915,Tech school programs,outcomes,More knowledgable about STEM,Maybe,3,2,False,Q104_1
R_MK0119995,Tech school programs,outcomes,More knowledgable about STEM,Yes a little,2,3,False,Q104_1
R_MK0126574,Tech school programs,outcomes,More knowledgable about STEM,Yes a lot,1,4,False,Q104_1
R_MK0127853,Tech school programs,outcomes,More knowledgable about STEM,Yes a little,2,3,False,Q104_1
R_MK0131132,Tech school programs,outcomes,More knowledgable about STEM,No,4,1,False,Q104_1
R_MK0133408,Tech school programs,outcomes,More knowledgable about STEM,Yes a little,2,3,False,Q104_1
R_MK0134215,Tech school programs,outcomes,More knowledgable about STEM,Yes a lot,1,4,False,Q104_1
R_MK0141171,Tech school programs,outcomes,More knowledgable about STEM,Yes a little,2,3,False,Q104_1
R_MK0144749,Tech school programs,outcomes,More knowledgable about STEM,Yes a lot,1,4,False,Q104_1
R_MK0146638,Tech school programs,outcomes,More knowledgable about STEM,Maybe,3,2,False,Q104_1
R_MK0154868,Tech school programs,outcomes,More knowledgable about STEM,Yes a little,2,3,False,Q104_1
R_MK0155973,Tech school programs,outcomes,More knowledgable about STEM,Maybe,3,2,False,Q104_1
R_MK0158694,Tech school programs,outcomes,More knowledgable about STEM,Yes a lot,1,4,False,Q104_1
R_MK0160930,Tech school programs,outcomes,More knowledgable about STEM,Yes a little,2,3,False,Q104_1
R_MK0163831,Tech school programs,outcomes,More knowledgable about STEM,Maybe,3,2,False,Q104_1
R_MK0164526,Tech school programs,outcomes,More knowledgable about STEM,Yes a little,2,3,False,Q104_1
R_MK0165548,Tech school programs,outcomes,More knowledgable about STEM,Maybe,3,2,False,Q104_1
R_MK0169620,Tech school programs,outcomes,More knowledgable about STEM,Yes a lot,1,4,False,Q104_1
R_MK0172138,Tech school programs,outcomes,More knowledgable about STEM,Yes a little,2,3,False,Q104_1
R_MK0174167,Tech school programs,outcomes,More knowledgable about STEM,No,4,1,False,Q104_1
R_MK0175836,Tech school programs,outcomes,More knowledgable about STEM,Yes a lot,1,4,False,Q104_1
R_MK0000103,Tech school programs,outcomes,More aware of a range of jobs in STEM,Maybe,3,2,False,Q104_2
R_MK0004317,Tech school programs,outcomes,More aware of a range of jobs in STEM,Yes a lot,1,4,False,Q104_2
R_MK0016779,Tech school programs,outcomes,More aware of a range of jobs in STEM,Yes a lot,1,4,False,Q104_2
R_MK0018342,Tech school programs,outcomes,More aware of a range of jobs in STEM,Yes a little,2,3,False,Q104_2
R_MK0024311,Tech school programs,outcomes,More aware of a range of jobs in STEM,Yes a little,2,3,False,Q104_2
R_MK0026432,Tech school programs,outcomes,More aware of a range of jobs in STEM,Yes a little,2,3,False,Q104_2
R_MK0028139,Tech school programs,outcomes,More aware of a range of jobs in STEM,Yes a little,2,3,False,Q104_2
R_MK0030402,Tech school programs,outcomes,More aware of a range of jobs in STEM,Yes a little,2,3,False,Q104_2
R_MK0032849,Tech school programs,outcomes,More aware of a range of jobs in STEM,Yes a little,2,3,False,Q104_2
R_MK0034167,Tech school programs,outcomes,More aware of a range of jobs in STEM,Yes a lot,1,4,False,Q104_2
R_MK0036294,Tech school programs,outcomes,More aware of a range of jobs in STEM,Maybe,3,2,False,Q104_2
R_MK0037202,Tech school programs,outcomes,More aware of a range of jobs in STEM,Yes a lot,1,4,False,Q104_2
R_MK0038243,Tech school programs,outcomes,More aware of a range of jobs in STEM,Yes a little,2,3,False,Q104_2
R_MK0044771,Tech school programs,outcomes,More aware of a range of jobs in STEM,Yes a little,2,3,False,Q104_2
R_MK0045989,Tech school programs,outcomes,More aware of a range of jobs in STEM,Yes a lot,1,4,False,Q104_2
R_MK0046892,Tech school programs,outcomes,More aware of a range of jobs in STEM,Yes a lot,1,4,False,Q104_2
R_MK0048737,Tech school programs,outcomes,More aware of a range of jobs in STEM,Maybe,3,2,False,Q104_2
R_MK0050728,Tech school programs,outcomes,More aware of a range of jobs in STEM,Yes a little,2,3,False,Q104_2
R_MK0051185,Tech school programs,outcomes,More aware of a range of jobs in STEM,Yes a little,2,3,False,Q104_2
R_MK0053734,Tech school programs,outcomes,More aware of a range of jobs in STEM,Yes a lot,1,4,False,Q104_2
R_MK0055989,Tech school programs,outcomes,More aware of a range of jobs in STEM,I do not know,5,,True,Q104_2
R_MK0058713,Tech school programs,outcomes,More aware of a range of jobs in STEM,Yes a little,2,3,False,Q104_2
R_MK0067466,Tech school programs,outcomes,More aware of a range of jobs in STEM,I do not know,5,,True,Q104_2
R_MK0070229,Tech school programs,outcomes,More aware of a range of jobs in STEM,I do not know,5,,True,Q104_2
R_MK0072663,Tech school programs,outcomes,More aware of a range of jobs in STEM,Yes a little,2,3,False,Q104_2
R_MK0080359,Tech school programs,outcomes,More aware of a range of jobs in STEM,No,4,1,False,Q104_2
R_MK0081202,Tech school programs,outcomes,More aware of a range of jobs in STEM,No,4,1,False,Q104_2
R_MK0083313,Tech school programs,outcomes,More aware of a range of jobs in STEM,Yes a little,2,3,False,Q104_2
R_MK0085933,Tech school programs,outcomes,More aware of a range of jobs in STEM,Yes a little,2,3,False,Q104_2
R_MK0088386,Tech school programs,outcomes,More aware of a range of jobs in STEM,Yes a lot,1,4,False,Q104_2
R_MK0091120,Tech school programs,outcomes,More aware of a range of jobs in STEM,Yes a lot,1,4,False,Q104_2
R_MK0093607,Tech school programs,outcomes,More aware of a range of jobs in STEM,Yes a little,2,3,False,Q104_2
R_MK0094626,Tech school programs,outcomes,More aware of a range of jobs in STEM,Yes a lot,1,4,False,Q104_2
R_MK0096327,Tech school programs,outcomes,More aware of a range of jobs in STEM,Maybe,3,2,False,Q104_2
R_MK0099158,Tech school programs,outcomes,More aware of a range of jobs in STEM,No,4,1,False,Q104_2
R_MK0105321,Tech school programs,outcomes,More aware of a range of jobs in STEM,I do not know,5,,True,Q104_2
R_MK0106123,Tech school programs,outcomes,More aware of a range of jobs in STEM,Yes a little,2,3,False,Q104_2
R_MK0114346,Tech school programs,outcomes,More aware of a range of jobs in STEM,Yes a lot,1,4,False,Q104_2
R_MK0116915,Tech school programs,outcomes,More aware of a range of jobs in STEM,Yes a little,2,3,False,Q104_2
R_MK0119995,Tech school programs,outcomes,More aware of a range of jobs in STEM,Yes a little,2,3,False,Q104_2
R_MK0126574,Tech school programs,outcomes,More aware of a range of jobs in STEM,Yes a little,2,3,False,Q104_2
R_MK0127853,Tech school programs,outcomes,More aware of a range of jobs in STEM,Maybe,3,2,False,Q104_2
R_MK0131132,Tech school programs,outcomes,More aware of a range of jobs in STEM,Yes a little,2,3,False,Q104_2
R_MK0133408,Tech school programs,outcomes,More aware of a range of jobs in STEM,Yes a lot,1,4,False,Q104_2
R_MK0134215,Tech school programs,outcomes,More aware of a range of jobs in STEM,Yes a lot,1,4,False,Q104_2
R_MK0141171,Tech school programs,outcomes,More aware of a range of jobs in STEM,Yes a lot,1,4,False,Q104_2
R_MK0144749,Tech school programs,outcomes,More aware of a range of jobs in STEM,Yes a lot,1,4,False,Q104_2
R_MK0146638,Tech school programs,outcomes,More aware of a range of jobs in STEM,Maybe,3,2,False,Q104_2
R_MK0154868,Tech school programs,outcomes,More aware of a range of jobs in STEM,Yes a little,2,3,False,Q104_2
R_MK0155973,Tech school programs,outcomes,More aware of a range of jobs in STEM,Yes a little,2,3,False,Q104_2
R_MK0158694,Tech school programs,outcomes,More aware of a range of jobs in STEM,No,4,1,False,Q104_2
R_MK0160930,Tech school programs,outcomes,More aware of a range of jobs in STEM,Yes a little,2,3,False,Q104_2
R_MK0163831,Tech school programs,outcomes,More aware of a range of jobs in STEM,Yes a little,2,3,False,Q104_2
R_MK0164526,Tech school programs,outcomes,More aware of a range of jobs in STEM,Yes a little,2,3,False,Q104_2
R_MK0165548,Tech school programs,outcomes,More aware of a range of jobs in STEM,Yes a lot,1,4,False,Q104_2
R_MK0169620,Tech school programs,outcomes,More aware of a range of jobs in STEM,Yes a little,2,3,False,Q104_2
R_MK0172138,Tech school programs,outcomes,More aware of a range of jobs in STEM,Maybe,3,2,False,Q104_2
R_MK0174167,Tech school programs,outcomes,More aware of a range of jobs in STEM,No,4,1,False,Q104_2
R_MK0175836,Tech school programs,outcomes,More aware of a range of jobs in STEM,Yes a little,2,3,False,Q104_2
R_MK0000103,Tech school programs,outcomes,More interested about learning about STEM,Yes a little,2,3,False,Q104_3
R_MK0004317,Tech school programs,outcomes,More interested about learning about STEM,Yes a little,2,3,False,Q104_3
R_MK0016779,Tech school programs,outcomes,More interested about learning about STEM,Yes a little,2,3,False,Q104_3
R_MK0018342,Tech school programs,outcomes,More interested about learning about STEM,No,4,1,False,Q104_3
R_MK0024311,Tech school programs,outcomes,More interested about learning about STEM,Yes a little,2,3,False,Q104_3
R_MK0026432,Tech school programs,outcomes,More interested about learning about STEM,Yes a lot,1,4,False,Q104_3
R_MK0028139,Tech school programs,outcomes,More interested about learning about STEM,Yes a lot,1,4,False,Q104_3
R_MK0030402,Tech school programs,outcomes,More interested about learning about STEM,No,4,1,False,Q104_3
R_MK0032849,Tech school programs,outcomes,More interested about learning about STEM,Maybe,3,2,False,Q104_3
R_MK0034167,Tech school programs,outcomes,More interested about learning about STEM,Yes a lot,1,4,False,Q104_3
R_MK0036294,Tech school programs,outcomes,More interested about learning about STEM,Maybe,3,2,False,Q104_3
R_MK0037202,Tech school programs,outcomes,More interested about learning about STEM,Yes a lot,1,4,False,Q104_3
R_MK0038243,Tech school programs,outcomes,More interested about learning about STEM,Maybe,3,2,False,Q104_3
R_MK0044771,Tech school programs,outcomes,More interested about learning about STEM,Yes a lot,1,4,False,Q104_3
R_MK0045989,Tech school programs,outcomes,More interested about learning about STEM,Yes a little,2,3,False,Q104_3
R_MK0046892,Tech school programs,outcomes,More interested about learning about STEM,Yes a lot,1,4,False,Q104_3
R_MK0048737,Tech school programs,outcomes,More interested about learning about STEM,Maybe,3,2,False,Q104_3
R_MK0050728,Tech school programs,outcomes,More interested about learning about STEM,Yes a little,2,3,False,Q104_3
R_MK0051185,Tech school programs,outcomes,More interested about learning about STEM,Yes a lot,1,4,False,Q104_3
R_MK0053734,Tech school programs,outcomes,More interested about learning about STEM,Maybe,3,2,False,Q104_3
R_MK0055989,Tech school programs,outcomes,More interested about learning about STEM,Yes a little,2,3,False,Q104_3
R_MK0058713,Tech school programs,outcomes,More interested about learning about STEM,Maybe,3,2,False,Q104_3
R_MK0067466,Tech school programs,outcomes,More interested about learning about STEM,Maybe,3,2,False,Q104_3
R_MK0070229,Tech school programs,outcomes,More interested about learning about STEM,Yes a little,2,3,False,Q104_3
R_MK0072663,Tech school programs,outcomes,More interested about learning about STEM,Yes a lot,1,4,False,Q104_3
R_MK0080359,Tech school programs,outcomes,More interested about learning about STEM,Yes a lot,1,4,False,Q104_3
R_MK0081202,Tech school programs,outcomes,More interested about learning about STEM,Yes a little,2,3,False,Q104_3
R_MK0083313,Tech school programs,outcomes,More interested about learning about STEM,Yes a little,2,3,False,Q104_3
R_MK0085933,Tech school programs,outcomes,More interested about learning about STEM,Maybe,3,2,False,Q104_3
R_MK0088386,Tech school programs,outcomes,More interested about learning about STEM,Yes a lot,1,4,False,Q104_3
R_MK0091120,Tech school programs,outcomes,More interested about learning about STEM,Yes a lot,1,4,False,Q104_3
R_MK0093607,Tech school programs,outcomes,More interested about learning about STEM,Yes a little,2,3,False,Q104_3
R_MK0094626,Tech school programs,outcomes,More interested about learning about STEM,Maybe,3,2,False,Q104_3
R_MK0096327,Tech school programs,outcomes,More interested about learning about STEM,Yes a little,2,3,False,Q104_3
R_MK0099158,Tech school programs,outcomes,More interested about learning about STEM,Yes a lot,1,4,False,Q104_3
R_MK0105321,Tech school programs,outcomes,More interested about learning about STEM,Yes a lot,1,4,False,Q104_3
R_MK0106123,Tech school programs,outcomes,More interested about learning about STEM,Yes a lot,1,4,False,Q104_3
R_MK0114346,Tech school programs,outcomes,More interested about learning about STEM,Yes a lot,1,4,False,Q104_3
R_MK0116915,Tech school programs,outcomes,More interested about learning about STEM,Yes a lot,1,4,False,Q104_3
R_MK0119995,Tech school programs,outcomes,More interested about learning about STEM,Maybe,3,2,False,Q104_3
R_MK0126574,Tech school programs,outcomes,More interested about learning about STEM,Yes a lot,1,4,False,Q104_3
R_MK0127853,Tech school programs,outcomes,More interested about learning about STEM,Yes a little,2,3,False,Q104_3
R_MK0131132,Tech school programs,outcomes,More interested about learning about STEM,Yes a little,2,3,False,Q104_3
R_MK0133408,Tech school programs,outcomes,More interested about learning about STEM,I do not know,5,,True,Q104_3
R_MK0134215,Tech school programs,outcomes,More interested about learning about STEM,Yes a little,2,3,False,Q104_3
R_MK0141171,Tech school programs,outcomes,More interested about learning about STEM,Yes a lot,1,4,False,Q104_3
R_MK0144749,Tech school programs,outcomes,More interested about learning about STEM,Yes a little,2,3,False,Q104_3
R_MK0146638,Tech school programs,outcomes,More interested about learning about STEM,Yes a little,2,3,False,Q104_3
R_MK0154868,Tech school programs,outcomes,More interested about learning about STEM,Yes a lot,1,4,False,Q104_3
R_MK0155973,Tech school programs,outcomes,More interested about learning about STEM,Maybe,3,2,False,Q104_3
R_MK0158694,Tech school programs,outcomes,More interested about learning about STEM,Yes a little,2,3,False,Q104_3
R_MK0160930,Tech school programs,outcomes,More interested about learning about STEM,Yes a lot,1,4,False,Q104_3
R_MK0163831,Tech school programs,outcomes,More interested about learning about STEM,I do not know,5,,True,Q104_3
R_MK0164526,Tech school programs,outcomes,More interested about learning about STEM,Yes a little,2,3,False,Q104_3
R_MK0165548,Tech school programs,outcomes,More interested about learning about STEM,Maybe,3,2,False,Q104_3
R_MK0169620,Tech school programs,outcomes,More interested about learning about STEM,Yes a little,2,3,False,Q104_3
R_MK0172138,Tech school programs,outcomes,More interested about learning about STEM,Yes a little,2,3,False,Q104_3
R_MK0174167,Tech school programs,outcomes,More interested about learning about STEM,Yes a little,2,3,False,Q104_3
R_MK0175836,Tech school programs,outcomes,More interested about learning about STEM,Yes a lot,1,4,False,Q104_3
R_MK0000103,Tech school programs,outcomes,More confident in solving STEM problems,Yes a lot,1,4,False,Q104_4
R_MK0004317,Tech school programs,outcomes,More confident in solving STEM problems,Yes a lot,1,4,False,Q104_4
R_MK0016779,Tech school programs,outcomes,More confident in solving STEM problems,Yes a little,2,3,False,Q104_4
R_MK0018342,Tech school programs,outcomes,More confident in solving STEM problems,Yes a little,2,3,False,Q104_4
R_MK0024311,Tech school programs,outcomes,More confident in solving STEM problems,I do not know,5,,True,Q104_4
R_MK0026432,Tech school programs,outcomes,More confident in solving STEM problems,Yes a little,2,3,False,Q104_4
R_MK0028139,Tech school programs,outcomes,More confident in solving STEM problems,Yes a little,2,3,False,Q104_4
R_MK0030402,Tech school programs,outcomes,More confident in solving STEM problems,Yes a little,2,3,False,Q104_4
R_MK0032849,Tech school programs,outcomes,More confident in solving STEM problems,Yes a lot,1,4,False,Q104_4
R_MK0034167,Tech school programs,outcomes,More confident in solving STEM problems,Yes a little,2,3,False,Q104_4
R_MK0036294,Tech school programs,outcomes,More confident in solving STEM problems,Maybe,3,2,False,Q104_4
R_MK0037202,Tech school programs,outcomes,More confident in solving STEM problems,No,4,1,False,Q104_4
R_MK0038243,Tech school programs,outcomes,More confident in solving STEM problems,Yes a little,2,3,False,Q104_4
R_MK0044771,Tech school programs,outcomes,More confident in solving STEM problems,Yes a lot,1,4,False,Q104_4
R_MK0045989,Tech school programs,outcomes,More confident in solving STEM problems,I do not know,5,,True,Q104_4
R_MK0046892,Tech school programs,outcomes,More confident in solving STEM problems,Yes a lot,1,4,False,Q104_4
R_MK0048737,Tech school programs,outcomes,More confident in solving STEM problems,Maybe,3,2,False,Q104_4
R_MK0050728,Tech school programs,outcomes,More confident in solving STEM problems,Maybe,3,2,False,Q104_4
R_MK0051185,Tech school programs,outcomes,More confident in solving STEM problems,Maybe,3,2,False,Q104_4
R_MK0053734,Tech school programs,outcomes,More confident in solving STEM problems,Maybe,3,2,False,Q104_4
R_MK0055989,Tech school programs,outcomes,More confident in solving STEM problems,Yes a little,2,3,False,Q104_4
R_MK0058713,Tech school programs,outcomes,More confident in solving STEM problems,Yes a little,2,3,False,Q104_4
R_MK0067466,Tech school programs,outcomes,More confident in solving STEM problems,Yes a little,2,3,False,Q104_4
R_MK0070229,Tech school programs,outcomes,More confident in solving STEM problems,Yes a little,2,3,False,Q104_4
R_MK0072663,Tech school programs,outcomes,More confident in solving STEM problems,Yes a little,2,3,False,Q104_4
R_MK0080359,Tech school programs,outcomes,More confident in solving STEM problems,Maybe,3,2,False,Q104_4
R_MK0081202,Tech school programs,outcomes,More confident in solving STEM problems,Yes a lot,1,4,False,Q104_4
R_MK0083313,Tech school programs,outcomes,More confident in solving STEM problems,Yes a lot,1,4,False,Q104_4
R_MK0085933,Tech school programs,outcomes,More confident in solving STEM problems,Maybe,3,2,False,Q104_4
R_MK0088386,Tech school programs,outcomes,More confident in solving STEM problems,Yes a little,2,3,False,Q104_4
R_MK0091120,Tech school programs,outcomes,More confident in solving STEM problems,Maybe,3,2,False,Q104_4
R_MK0093607,Tech school programs,outcomes,More confident in solving STEM problems,I do not know,5,,True,Q104_4
R_MK0094626,Tech school programs,outcomes,More confident in solving STEM problems,Yes a little,2,3,False,Q104_4
R_MK0096327,Tech school programs,outcomes,More confident in solving STEM problems,Maybe,3,2,False,Q104_4
R_MK0099158,Tech school programs,outcomes,More confident in solving STEM problems,I do not know,5,,True,Q104_4
R_MK0105321,Tech school programs,outcomes,More confident in solving STEM problems,Yes a lot,1,4,False,Q104_4
R_MK0106123,Tech school programs,outcomes,More confident in solving STEM problems,No,4,1,False,Q104_4
R_MK0114346,Tech school programs,outcomes,More confident in solving STEM problems,Yes a lot,1,4,False,Q104_4
R_MK0116915,Tech school programs,outcomes,More confident in solving STEM problems,Yes a lot,1,4,False,Q104_4
R_MK0119995,Tech school programs,outcomes,More confident in solving STEM problems,Yes a lot,1,4,False,Q104_4
R_MK0126574,Tech school programs,outcomes,More confident in solving STEM problems,Yes a lot,1,4,False,Q104_4
R_MK0127853,Tech school programs,outcomes,More confident in solving STEM problems,Maybe,3,2,False,Q104_4
R_MK0131132,Tech school programs,outcomes,More confident in solving STEM problems,Yes a lot,1,4,False,Q104_4
R_MK0133408,Tech school programs,outcomes,More confident in solving STEM problems,Yes a little,2,3,False,Q104_4
R_MK0134215,Tech school programs,outcomes,More confident in solving STEM problems,Yes a lot,1,4,False,Q104_4
R_MK0141171,Tech school programs,outcomes,More confident in solving STEM problems,Yes a little,2,3,False,Q104_4
R_MK0144749,Tech school programs,outcomes,More confident in solving STEM problems,Yes a little,2,3,False,Q104_4
R_MK0146638,Tech school programs,outcomes,More confident in solving STEM problems,Yes a lot,1,4,False,Q104_4
R_MK0154868,Tech school programs,outcomes,More confident in solving STEM problems,No,4,1,False,Q104_4
R_MK0155973,Tech school programs,outcomes,More confident in solving STEM problems,Yes a little,2,3,False,Q104_4
R_MK0158694,Tech school programs,outcomes,More confident in solving STEM problems,I do not know,5,,True,Q104_4
R_MK0160930,Tech school programs,outcomes,More confident in solving STEM problems,Yes a little,2,3,False,Q104_4
R_MK0163831,Tech school programs,outcomes,More confident in solving STEM problems,Yes a little,2,3,False,Q104_4
R_MK0164526,Tech school programs,outcomes,More confident in solving STEM problems,Yes a lot,1,4,False,Q104_4
R_MK0165548,Tech school programs,outcomes,More confident in solving STEM problems,Yes a lot,1,4,False,Q104_4
R_MK0169620,Tech school programs,outcomes,More confident in solving STEM problems,Yes a lot,1,4,False,Q104_4
R_MK0172138,Tech school programs,outcomes,More confident in solving STEM problems,Yes a little,2,3,False,Q104_4
R_MK0174167,Tech school programs,outcomes,More confident in solving STEM problems,No,4,1,False,Q104_4
R_MK0175836,Tech school programs,outcomes,More confident in solving STEM problems,Yes a lot,1,4,False,Q104_4
R_MK0000103,Tech school programs,outcomes,"More comfortable with using tools, technology and equipment",Yes a little,2,3,False,Q104_5
R_MK0004317,Tech school programs,outcomes,"More comfortable with using tools, technology and equipment",Yes a little,2,3,False,Q104_5
R_MK0016779,Tech school programs,outcomes,"More comfortable with using tools, technology and equipment",Yes a lot,1,4,False,Q104_5
R_MK0018342,Tech school programs,outcomes,"More comfortable with using tools, technology and equipment",Yes a little,2,3,False,Q104_5
R_MK0024311,Tech school programs,outcomes,"More comfortable with using tools, technology and equipment",Maybe,3,2,False,Q104_5
R_MK0026432,Tech school programs,outcomes,"More comfortable with using tools, technology and equipment",Yes a little,2,3,False,Q104_5
R_MK0028139,Tech school programs,outcomes,"More comfortable with using tools, technology and equipment",Yes a little,2,3,False,Q104_5
R_MK0030402,Tech school programs,outcomes,"More comfortable with using tools, technology and equipment",Yes a little,2,3,False,Q104_5
R_MK0032849,Tech school programs,outcomes,"More comfortable with using tools, technology and equipment",Yes a little,2,3,False,Q104_5
R_MK0034167,Tech school programs,outcomes,"More comfortable with using tools, technology and equipment",Yes a little,2,3,False,Q104_5
R_MK0036294,Tech school programs,outcomes,"More comfortable with using tools, technology and equipment",Yes a little,2,3,False,Q104_5
R_MK0037202,Tech school programs,outcomes,"More comfortable with using tools, technology and equipment",No,4,1,False,Q104_5
R_MK0038243,Tech school programs,outcomes,"More comfortable with using tools, technology and equipment",Yes a little,2,3,False,Q104_5
R_MK0044771,Tech school programs,outcomes,"More comfortable with using tools, technology and equipment",Yes a little,2,3,False,Q104_5
R_MK0045989,Tech school programs,outcomes,"More comfortable with using tools, technology and equipment",Maybe,3,2,False,Q104_5
R_MK0046892,Tech school programs,outcomes,"More comfortable with using tools, technology and equipment",No,4,1,False,Q104_5
R_MK0048737,Tech school programs,outcomes,"More comfortable with using tools, technology and equipment",Yes a lot,1,4,False,Q104_5
R_MK0050728,Tech school programs,outcomes,"More comfortable with using tools, technology and equipment",Maybe,3,2,False,Q104_5
R_MK0051185,Tech school programs,outcomes,"More comfortable with using tools, technology and equipment",Yes a little,2,3,False,Q104_5
R_MK0053734,Tech school programs,outcomes,"More comfortable with using tools, technology and equipment",Maybe,3,2,False,Q104_5
R_MK0055989,Tech school programs,outcomes,"More comfortable with using tools, technology and equipment",Yes a little,2,3,False,Q104_5
R_MK0058713,Tech school programs,outcomes,"More comfortable with using tools, technology and equipment",Yes a little,2,3,False,Q104_5
R_MK0067466,Tech school programs,outcomes,"More comfortable with using tools, technology and equipment",No,4,1,False,Q104_5
R_MK0070229,Tech school programs,outcomes,"More comfortable with using tools, technology and equipment",Yes a lot,1,4,False,Q104_5
R_MK0072663,Tech school programs,outcomes,"More comfortable with using tools, technology and equipment",Yes a little,2,3,False,Q104_5
R_MK0080359,Tech school programs,outcomes,"More comfortable with using tools, technology and equipment",No,4,1,False,Q104_5
R_MK0081202,Tech school programs,outcomes,"More comfortable with using tools, technology and equipment",Maybe,3,2,False,Q104_5
R_MK0083313,Tech school programs,outcomes,"More comfortable with using tools, technology and equipment",Yes a little,2,3,False,Q104_5
R_MK0085933,Tech school programs,outcomes,"More comfortable with using tools, technology and equipment",Yes a little,2,3,False,Q104_5
R_MK0088386,Tech school programs,outcomes,"More comfortable with using tools, technology and equipment",Yes a lot,1,4,False,Q104_5
R_MK0091120,Tech school programs,outcomes,"More comfortable with using tools, technology and equipment",Yes a lot,1,4,False,Q104_5
R_MK0093607,Tech school programs,outcomes,"More comfortable with using tools, technology and equipment",Yes a lot,1,4,False,Q104_5
R_MK0094626,Tech school programs,outcomes,"More comfortable with using tools, technology and equipment",Yes a little,2,3,False,Q104_5
R_MK0096327,Tech school programs,outcomes,"More comfortable with using tools, technology and equipment",Maybe,3,2,False,Q104_5
R_MK0099158,Tech school programs,outcomes,"More comfortable with using tools, technology and equipment",Yes a lot,1,4,False,Q104_5
R_MK0105321,Tech school programs,outcomes,"More comfortable with using tools, technology and equipment",Maybe,3,2,False,Q104_5
R_MK0106123,Tech school programs,outcomes,"More comfortable with using tools, technology and equipment",Yes a little,2,3,False,Q104_5
R_MK0114346,Tech school programs,outcomes,"More comfortable with using tools, technology and equipment",Yes a little,2,3,False,Q104_5
R_MK0116915,Tech school programs,outcomes,"More comfortable with using tools, technology and equipment",Maybe,3,2,False,Q104_5
R_MK0119995,Tech school programs,outcomes,"More comfortable with using tools, technology and equipment",Yes a lot,1,4,False,Q104_5
R_MK0126574,Tech school programs,outcomes,"More comfortable with using tools, technology and equipment",Yes a lot,1,4,False,Q104_5
R_MK0127853,Tech school programs,outcomes,"More comfortable with using tools, technology and equipment",Yes a lot,1,4,False,Q104_5
R_MK0131132,Tech school programs,outcomes,"More comfortable with using tools, technology and equipment",Yes a little,2,3,False,Q104_5
R_MK0133408,Tech school programs,outcomes,"More comfortable with using tools, technology and equipment",Yes a lot,1,4,False,Q104_5
R_MK0134215,Tech school programs,outcomes,"More comfortable with using tools, technology and equipment",Yes a lot,1,4,False,Q104_5
R_MK0141171,Tech school programs,outcomes,"More comfortable with using tools, technology and equipment",Yes a lot,1,4,False,Q104_5
R_MK0144749,Tech school programs,outcomes,"More comfortable with using tools, technology and equipment",Yes a lot,1,4,False,Q104_5
R_MK0146638,Tech school programs,outcomes,"More comfortable with using tools, technology and equipment",No,4,1,False,Q104_5
R_MK0154868,Tech school programs,outcomes,"More comfortable with using tools, technology and equipment",Maybe,3,2,False,Q104_5
R_MK0155973,Tech school programs,outcomes,"More comfortable with using tools, technology and equipment",Yes a little,2,3,False,Q104_5
R_MK0158694,Tech school programs,outcomes,"More comfortable with using tools, technology and equipment",Maybe,3,2,False,Q104_5
R_MK0160930,Tech school programs,outcomes,"More comfortable with using tools, technology and equipment",Yes a lot,1,4,False,Q104_5
R_MK0163831,Tech school programs,outcomes,"More comfortable with using tools, technology and equipment",No,4,1,False,Q104_5
R_MK0164526,Tech school programs,outcomes,"More comfortable with using tools, technology and equipment",Maybe,3,2,False,Q104_5
R_MK0165548,Tech school programs,outcomes,"More comfortable with using tools, technology and equipment",Maybe,3,2,False,Q104_5
R_MK0169620,Tech school programs,outcomes,"More comfortable with using tools, technology and equipment",Yes a little,2,3,False,Q104_5
R_MK0172138,Tech school programs,outcomes,"More comfortable with using tools, technology and equipment",Yes a lot,1,4,False,Q104_5
R_MK0174167,Tech school programs,outcomes,"More comfortable with using tools, technology and equipment",Yes a little,2,3,False,Q104_5
R_MK0175836,Tech school programs,outcomes,"More comfortable with using tools, technology and equipment",Yes a lot,1,4,False,Q104_5
R_MK0000103,Tech school programs,outcomes,More comfortable working in teams,Yes a little,2,3,False,Q104_6
R_MK0004317,Tech school programs,outcomes,More comfortable working in teams,Yes a lot,1,4,False,Q104_6
R_MK0016779,Tech school programs,outcomes,More comfortable working in teams,Yes a little,2,3,False,Q104_6
R_MK0018342,Tech school programs,outcomes,More comfortable working in teams,Maybe,3,2,False,Q104_6
R_MK0024311,Tech school programs,outcomes,More comfortable working in teams,Maybe,3,2,False,Q104_6
R_MK0026432,Tech school programs,outcomes,More comfortable working in teams,Yes a lot,1,4,False,Q104_6
R_MK0028139,Tech school programs,outcomes,More comfortable working in teams,No,4,1,False,Q104_6
R_MK0030402,Tech school programs,outcomes,More comfortable working in teams,Yes a little,2,3,False,Q104_6
R_MK0032849,Tech school programs,outcomes,More comfortable working in teams,Maybe,3,2,False,Q104_6
R_MK0034167,Tech school programs,outcomes,More comfortable working in teams,Yes a lot,1,4,False,Q104_6
R_MK0036294,Tech school programs,outcomes,More comfortable working in teams,Yes a little,2,3,False,Q104_6
R_MK0037202,Tech school programs,outcomes,More comfortable working in teams,Maybe,3,2,False,Q104_6
R_MK0038243,Tech school programs,outcomes,More comfortable working in teams,Yes a lot,1,4,False,Q104_6
R_MK0044771,Tech school programs,outcomes,More comfortable working in teams,Yes a lot,1,4,False,Q104_6
R_MK0045989,Tech school programs,outcomes,More comfortable working in teams,Yes a little,2,3,False,Q104_6
R_MK0046892,Tech school programs,outcomes,More comfortable working in teams,Yes a little,2,3,False,Q104_6
R_MK0048737,Tech school programs,outcomes,More comfortable working in teams,Yes a little,2,3,False,Q104_6
R_MK0050728,Tech school programs,outcomes,More comfortable working in teams,Yes a little,2,3,False,Q104_6
R_MK0051185,Tech school programs,outcomes,More comfortable working in teams,Yes a lot,1,4,False,Q104_6
R_MK0053734,Tech school programs,outcomes,More comfortable working in teams,Yes a little,2,3,False,Q104_6
R_MK0055989,Tech school programs,outcomes,More comfortable working in teams,Maybe,3,2,False,Q104_6
R_MK0058713,Tech school programs,outcomes,More comfortable working in teams,I do not know,5,,True,Q104_6
R_MK0067466,Tech school programs,outcomes,More comfortable working in teams,Maybe,3,2,False,Q104_6
R_MK0070229,Tech school programs,outcomes,More comfortable working in teams,Yes a lot,1,4,False,Q104_6
R_MK0072663,Tech school programs,outcomes,More comfortable working in teams,Yes a little,2,3,False,Q104_6
R_MK0080359,Tech school programs,outcomes,More comfortable working in teams,I do not know,5,,True,Q104_6
R_MK0081202,Tech school programs,outcomes,More comfortable working in teams,Maybe,3,2,False,Q104_6
R_MK0083313,Tech school programs,outcomes,More comfortable working in teams,Maybe,3,2,False,Q104_6
R_MK0085933,Tech school programs,outcomes,More comfortable working in teams,No,4,1,False,Q104_6
R_MK0088386,Tech school programs,outcomes,More comfortable working in teams,Yes a little,2,3,False,Q104_6
R_MK0091120,Tech school programs,outcomes,More comfortable working in teams,Maybe,3,2,False,Q104_6
R_MK0093607,Tech school programs,outcomes,More comfortable working in teams,Yes a little,2,3,False,Q104_6
R_MK0094626,Tech school programs,outcomes,More comfortable working in teams,I do not know,5,,True,Q104_6
R_MK0096327,Tech school programs,outcomes,More comfortable working in teams,No,4,1,False,Q104_6
R_MK0099158,Tech school programs,outcomes,More comfortable working in teams,No,4,1,False,Q104_6
R_MK0105321,Tech school programs,outcomes,More comfortable working in teams,Yes a little,2,3,False,Q104_6
R_MK0106123,Tech school programs,outcomes,More comfortable working in teams,Maybe,3,2,False,Q104_6
R_MK0114346,Tech school programs,outcomes,More comfortable working in teams,Yes a little,2,3,False,Q104_6
R_MK0116915,Tech school programs,outcomes,More comfortable working in teams,Yes a lot,1,4,False,Q104_6
R_MK0119995,Tech school programs,outcomes,More comfortable working in teams,Yes a little,2,3,False,Q104_6
R_MK0126574,Tech school programs,outcomes,More comfortable working in teams,Yes a lot,1,4,False,Q104_6
R_MK0127853,Tech school programs,outcomes,More comfortable working in teams,Yes a lot,1,4,False,Q104_6
R_MK0131132,Tech school programs,outcomes,More comfortable working in teams,Maybe,3,2,False,Q104_6
R_MK0133408,Tech school programs,outcomes,More comfortable working in teams,I do not know,5,,True,Q104_6
R_MK0134215,Tech school programs,outcomes,More comfortable working in teams,Yes a little,2,3,False,Q104_6
R_MK0141171,Tech school programs,outcomes,More comfortable working in teams,Maybe,3,2,False,Q104_6
R_MK0144749,Tech school programs,outcomes,More comfortable working in teams,No,4,1,False,Q104_6
R_MK0146638,Tech school programs,outcomes,More comfortable working in teams,Yes a lot,1,4,False,Q104_6
R_MK0154868,Tech school programs,outcomes,More comfortable working in teams,Maybe,3,2,False,Q104_6
R_MK0155973,Tech school programs,outcomes,More comfortable working in teams,Maybe,3,2,False,Q104_6
R_MK0158694,Tech school programs,outcomes,More comfortable working in teams,Yes a little,2,3,False,Q104_6
R_MK0160930,Tech school programs,outcomes,More comfortable working in teams,Yes a lot,1,4,False,Q104_6
R_MK0163831,Tech school programs,outcomes,More comfortable working in teams,Yes a little,2,3,False,Q104_6
R_MK0164526,Tech school programs,outcomes,More comfortable working in teams,Maybe,3,2,False,Q104_6
R_MK0165548,Tech school programs,outcomes,More comfortable working in teams,Yes a little,2,3,False,Q104_6
R_MK0169620,Tech school programs,outcomes,More comfortable working in teams,Yes a lot,1,4,False,Q104_6
R_MK0172138,Tech school programs,outcomes,More comfortable working in teams,I do not know,5,,True,Q104_6
R_MK0174167,Tech school programs,outcomes,More comfortable working in teams,Yes a little,2,3,False,Q104_6
R_MK0175836,Tech school programs,outcomes,More comfortable working in teams,Yes a lot,1,4,False,Q104_6
R_MK0000103,Tech school programs,outcomes,More confident in communicating and sharing my ideas,Yes a little,2,3,False,Q104_7
R_MK0004317,Tech school programs,outcomes,More confident in communicating and sharing my ideas,Yes a lot,1,4,False,Q104_7
R_MK0016779,Tech school programs,outcomes,More confident in communicating and sharing my ideas,Yes a little,2,3,False,Q104_7
R_MK0018342,Tech school programs,outcomes,More confident in communicating and sharing my ideas,Maybe,3,2,False,Q104_7
R_MK0024311,Tech school programs,outcomes,More confident in communicating and sharing my ideas,Yes a little,2,3,False,Q104_7
R_MK0026432,Tech school programs,outcomes,More confident in communicating and sharing my ideas,Yes a little,2,3,False,Q104_7
R_MK0028139,Tech school programs,outcomes,More confident in communicating and sharing my ideas,Maybe,3,2,False,Q104_7
R_MK0030402,Tech school programs,outcomes,More confident in communicating and sharing my ideas,Yes a little,2,3,False,Q104_7
R_MK0032849,Tech school programs,outcomes,More confident in communicating and sharing my ideas,Yes a little,2,3,False,Q104_7
R_MK0034167,Tech school programs,outcomes,More confident in communicating and sharing my ideas,Maybe,3,2,False,Q104_7
R_MK0036294,Tech school programs,outcomes,More confident in communicating and sharing my ideas,Yes a lot,1,4,False,Q104_7
R_MK0037202,Tech school programs,outcomes,More confident in communicating and sharing my ideas,Yes a little,2,3,False,Q104_7
R_MK0038243,Tech school programs,outcomes,More confident in communicating and sharing my ideas,Maybe,3,2,False,Q104_7
R_MK0044771,Tech school programs,outcomes,More confident in communicating and sharing my ideas,Yes a little,2,3,False,Q104_7
R_MK0045989,Tech school programs,outcomes,More confident in communicating and sharing my ideas,Yes a little,2,3,False,Q104_7
R_MK0046892,Tech school programs,outcomes,More confident in communicating and sharing my ideas,Yes a little,2,3,False,Q104_7
R_MK0048737,Tech school programs,outcomes,More confident in communicating and sharing my ideas,I do not know,5,,True,Q104_7
R_MK0050728,Tech school programs,outcomes,More confident in communicating and sharing my ideas,Yes a little,2,3,False,Q104_7
R_MK0051185,Tech school programs,outcomes,More confident in communicating and sharing my ideas,Yes a lot,1,4,False,Q104_7
R_MK0053734,Tech school programs,outcomes,More confident in communicating and sharing my ideas,Yes a lot,1,4,False,Q104_7
R_MK0055989,Tech school programs,outcomes,More confident in communicating and sharing my ideas,Yes a little,2,3,False,Q104_7
R_MK0058713,Tech school programs,outcomes,More confident in communicating and sharing my ideas,I do not know,5,,True,Q104_7
R_MK0067466,Tech school programs,outcomes,More confident in communicating and sharing my ideas,Maybe,3,2,False,Q104_7
R_MK0070229,Tech school programs,outcomes,More confident in communicating and sharing my ideas,Yes a lot,1,4,False,Q104_7
R_MK0072663,Tech school programs,outcomes,More confident in communicating and sharing my ideas,No,4,1,False,Q104_7
R_MK0080359,Tech school programs,outcomes,More confident in communicating and sharing my ideas,Maybe,3,2,False,Q104_7
R_MK0081202,Tech school programs,outcomes,More confident in communicating and sharing my ideas,Yes a lot,1,4,False,Q104_7
R_MK0083313,Tech school programs,outcomes,More confident in communicating and sharing my ideas,Maybe,3,2,False,Q104_7
R_MK0085933,Tech school programs,outcomes,More confident in communicating and sharing my ideas,Yes a lot,1,4,False,Q104_7
R_MK0088386,Tech school programs,outcomes,More confident in communicating and sharing my ideas,Yes a lot,1,4,False,Q104_7
R_MK0091120,Tech school programs,outcomes,More confident in communicating and sharing my ideas,Maybe,3,2,False,Q104_7
R_MK0093607,Tech school programs,outcomes,More confident in communicating and sharing my ideas,Yes a lot,1,4,False,Q104_7
R_MK0094626,Tech school programs,outcomes,More confident in communicating and sharing my ideas,Yes a lot,1,4,False,Q104_7
R_MK0096327,Tech school programs,outcomes,More confident in communicating and sharing my ideas,Maybe,3,2,False,Q104_7
R_MK0099158,Tech school programs,outcomes,More confident in communicating and sharing my ideas,Maybe,3,2,False,Q104_7
R_MK0105321,Tech school programs,outcomes,More confident in communicating and sharing my ideas,Yes a lot,1,4,False,Q104_7
R_MK0106123,Tech school programs,outcomes,More confident in communicating and sharing my ideas,Maybe,3,2,False,Q104_7
R_MK0114346,Tech school programs,outcomes,More confident in communicating and sharing my ideas,I do not know,5,,True,Q104_7
R_MK0116915,Tech school programs,outcomes,More confident in communicating and sharing my ideas,Yes a little,2,3,False,Q104_7
R_MK0119995,Tech school programs,outcomes,More confident in communicating and sharing my ideas,No,4,1,False,Q104_7
R_MK0126574,Tech school programs,outcomes,More confident in communicating and sharing my ideas,Yes a lot,1,4,False,Q104_7
R_MK0127853,Tech school programs,outcomes,More confident in communicating and sharing my ideas,Yes a little,2,3,False,Q104_7
R_MK0131132,Tech school programs,outcomes,More confident in communicating and sharing my ideas,Maybe,3,2,False,Q104_7
R_MK0133408,Tech school programs,outcomes,More confident in communicating and sharing my ideas,Yes a little,2,3,False,Q104_7
R_MK0134215,Tech school programs,outcomes,More confident in communicating and sharing my ideas,Yes a little,2,3,False,Q104_7
R_MK0141171,Tech school programs,outcomes,More confident in communicating and sharing my ideas,Yes a little,2,3,False,Q104_7
R_MK0144749,Tech school programs,outcomes,More confident in communicating and sharing my ideas,Yes a little,2,3,False,Q104_7
R_MK0146638,Tech school programs,outcomes,More confident in communicating and sharing my ideas,Yes a little,2,3,False,Q104_7
R_MK0154868,Tech school programs,outcomes,More confident in communicating and sharing my ideas,Yes a lot,1,4,False,Q104_7
R_MK0155973,Tech school programs,outcomes,More confident in communicating and sharing my ideas,Maybe,3,2,False,Q104_7
R_MK0158694,Tech school programs,outcomes,More confident in communicating and sharing my ideas,Yes a little,2,3,False,Q104_7
R_MK0160930,Tech school programs,outcomes,More confident in communicating and sharing my ideas,Yes a little,2,3,False,Q104_7
R_MK0163831,Tech school programs,outcomes,More confident in communicating and sharing my ideas,No,4,1,False,Q104_7
R_MK0164526,Tech school programs,outcomes,More confident in communicating and sharing my ideas,Yes a little,2,3,False,Q104_7
R_MK0165548,Tech school programs,outcomes,More confident in communicating and sharing my ideas,Yes a little,2,3,False,Q104_7
R_MK0169620,Tech school programs,outcomes,More confident in communicating and sharing my ideas,Yes a little,2,3,False,Q104_7
R_MK0172138,Tech school programs,outcomes,More confident in communicating and sharing my ideas,Maybe,3,2,False,Q104_7
R_MK0174167,Tech school programs,outcomes,More confident in communicating and sharing my ideas,No,4,1,False,Q104_7
R_MK0175836,Tech school programs,outcomes,More confident in communicating and sharing my ideas,Yes a lot,1,4,False,Q104_7
R_MK0000103,Tech school programs,outcomes,More confident in being a leader,Yes a little,2,3,False,Q104_8
R_MK0004317,Tech school programs,outcomes,More confident in being a leader,Yes a little,2,3,False,Q104_8
R_MK0016779,Tech school programs,outcomes,More confident in being a leader,Yes a little,2,3,False,Q104_8
R_MK0018342,Tech school programs,outcomes,More confident in being a leader,Yes a lot,1,4,False,Q104_8
R_MK0024311,Tech school programs,outcomes,More confident in being a leader,Yes a little,2,3,False,Q104_8
R_MK0026432,Tech school programs,outcomes,More confident in being a leader,Yes a lot,1,4,False,Q104_8
R_MK0028139,Tech school programs,outcomes,More confident in being a leader,Yes a lot,1,4,False,Q104_8
R_MK0030402,Tech school programs,outcomes,More confident in being a leader,Maybe,3,2,False,Q104_8
R_MK0032849,Tech school programs,outcomes,More confident in being a leader,Maybe,3,2,False,Q104_8
R_MK0034167,Tech school programs,outcomes,More confident in being a leader,No,4,1,False,Q104_8
R_MK0036294,Tech school programs,outcomes,More confident in being a leader,Maybe,3,2,False,Q104_8
R_MK0037202,Tech school programs,outcomes,More confident in being a leader,Yes a lot,1,4,False,Q104_8
R_MK0038243,Tech school programs,outcomes,More confident in being a leader,Yes a little,2,3,False,Q104_8
R_MK0044771,Tech school programs,outcomes,More confident in being a leader,Yes a little,2,3,False,Q104_8
R_MK0045989,Tech school programs,outcomes,More confident in being a leader,Yes a little,2,3,False,Q104_8
R_MK0046892,Tech school programs,outcomes,More confident in being a leader,Yes a lot,1,4,False,Q104_8
R_MK0048737,Tech school programs,outcomes,More confident in being a leader,Yes a lot,1,4,False,Q104_8
R_MK0050728,Tech school programs,outcomes,More confident in being a leader,Yes a little,2,3,False,Q104_8
R_MK0051185,Tech school programs,outcomes,More confident in being a leader,Yes a little,2,3,False,Q104_8
R_MK0053734,Tech school programs,outcomes,More confident in being a leader,Maybe,3,2,False,Q104_8
R_MK0055989,Tech school programs,outcomes,More confident in being a leader,Yes a little,2,3,False,Q104_8
R_MK0058713,Tech school programs,outcomes,More confident in being a leader,Maybe,3,2,False,Q104_8
R_MK0067466,Tech school programs,outcomes,More confident in being a leader,Yes a lot,1,4,False,Q104_8
R_MK0070229,Tech school programs,outcomes,More confident in being a leader,No,4,1,False,Q104_8
R_MK0072663,Tech school programs,outcomes,More confident in being a leader,Maybe,3,2,False,Q104_8
R_MK0080359,Tech school programs,outcomes,More confident in being a leader,Maybe,3,2,False,Q104_8
R_MK0081202,Tech school programs,outcomes,More confident in being a leader,No,4,1,False,Q104_8
R_MK0083313,Tech school programs,outcomes,More confident in being a leader,Yes a lot,1,4,False,Q104_8
R_MK0085933,Tech school programs,outcomes,More confident in being a leader,Yes a little,2,3,False,Q104_8
R_MK0088386,Tech school programs,outcomes,More confident in being a leader,Yes a little,2,3,False,Q104_8
R_MK0091120,Tech school programs,outcomes,More confident in being a leader,Yes a lot,1,4,False,Q104_8
R_MK0093607,Tech school programs,outcomes,More confident in being a leader,No,4,1,False,Q104_8
R_MK0094626,Tech school programs,outcomes,More confident in being a leader,I do not know,5,,True,Q104_8
R_MK0096327,Tech school programs,outcomes,More confident in being a leader,Yes a lot,1,4,False,Q104_8
R_MK0099158,Tech school programs,outcomes,More confident in being a leader,No,4,1,False,Q104_8
R_MK0105321,Tech school programs,outcomes,More confident in being a leader,Yes a lot,1,4,False,Q104_8
R_MK0106123,Tech school programs,outcomes,More confident in being a leader,Maybe,3,2,False,Q104_8
R_MK0114346,Tech school programs,outcomes,More confident in being a leader,Yes a little,2,3,False,Q104_8
R_MK0116915,Tech school programs,outcomes,More confident in being a leader,I do not know,5,,True,Q104_8
R_MK0119995,Tech school programs,outcomes,More confident in being a leader,Maybe,3,2,False,Q104_8
R_MK0126574,Tech school programs,outcomes,More confident in being a leader,Yes a lot,1,4,False,Q104_8
R_MK0127853,Tech school programs,outcomes,More confident in being a leader,Maybe,3,2,False,Q104_8
R_MK0131132,Tech school programs,outcomes,More confident in being a leader,Yes a lot,1,4,False,Q104_8
R_MK0133408,Tech school programs,outcomes,More confident in being a leader,Yes a little,2,3,False,Q104_8
R_MK0134215,Tech school programs,outcomes,More confident in being a leader,Yes a little,2,3,False,Q104_8
R_MK0141171,Tech school programs,outcomes,More confident in being a leader,No,4,1,False,Q104_8
R_MK0144749,Tech school programs,outcomes,More confident in being a leader,Yes a lot,1,4,False,Q104_8
R_MK0146638,Tech school programs,outcomes,More confident in being a leader,Yes a little,2,3,False,Q104_8
R_MK0154868,Tech school programs,outcomes,More confident in being a leader,Maybe,3,2,False,Q104_8
R_MK0155973,Tech school programs,outcomes,More confident in being a leader,Yes a lot,1,4,False,Q104_8
R_MK0158694,Tech school programs,outcomes,More confident in being a leader,Yes a lot,1,4,False,Q104_8
R_MK0160930,Tech school programs,outcomes,More confident in being a leader,Yes a lot,1,4,False,Q104_8
R_MK0163831,Tech school programs,outcomes,More confident in being a leader,Maybe,3,2,False,Q104_8
R_MK0164526,Tech school programs,outcomes,More confident in being a leader,Maybe,3,2,False,Q104_8
R_MK0165548,Tech school programs,outcomes,More confident in being a leader,I do not know,5,,True,Q104_8
R_MK0169620,Tech school programs,outcomes,More confident in being a leader,Maybe,3,2,False,Q104_8
R_MK0172138,Tech school programs,outcomes,More confident in being a leader,Yes a little,2,3,False,Q104_8
R_MK0174167,Tech school programs,outcomes,More confident in being a leader,Maybe,3,2,False,Q104_8
R_MK0175836,Tech school programs,outcomes,More confident in being a leader,Yes a little,2,3,False,Q104_8
R_MK0000103,Tech school programs,outcomes,More like a STEM person,Yes a lot,1,4,False,Q104_9
R_MK0004317,Tech school programs,outcomes,More like a STEM person,Yes a little,2,3,False,Q104_9
R_MK0016779,Tech school programs,outcomes,More like a STEM person,Yes a lot,1,4,False,Q104_9
R_MK0018342,Tech school programs,outcomes,More like a STEM person,No,4,1,False,Q104_9
R_MK0024311,Tech school programs,outcomes,More like a STEM person,Yes a lot,1,4,False,Q104_9
R_MK0026432,Tech school programs,outcomes,More like a STEM person,Yes a little,2,3,False,Q104_9
R_MK0028139,Tech school programs,outcomes,More like a STEM person,Yes a lot,1,4,False,Q104_9
R_MK0030402,Tech school programs,outcomes,More like a STEM person,No,4,1,False,Q104_9
R_MK0032849,Tech school programs,outcomes,More like a STEM person,Yes a little,2,3,False,Q104_9
R_MK0034167,Tech school programs,outcomes,More like a STEM person,Yes a little,2,3,False,Q104_9
R_MK0036294,Tech school programs,outcomes,More like a STEM person,Yes a little,2,3,False,Q104_9
R_MK0037202,Tech school programs,outcomes,More like a STEM person,No,4,1,False,Q104_9
R_MK0038243,Tech school programs,outcomes,More like a STEM person,Maybe,3,2,False,Q104_9
R_MK0044771,Tech school programs,outcomes,More like a STEM person,Yes a lot,1,4,False,Q104_9
R_MK0045989,Tech school programs,outcomes,More like a STEM person,Yes a little,2,3,False,Q104_9
R_MK0046892,Tech school programs,outcomes,More like a STEM person,No,4,1,False,Q104_9
R_MK0048737,Tech school programs,outcomes,More like a STEM person,Yes a lot,1,4,False,Q104_9
R_MK0050728,Tech school programs,outcomes,More like a STEM person,Yes a little,2,3,False,Q104_9
R_MK0051185,Tech school programs,outcomes,More like a STEM person,Yes a lot,1,4,False,Q104_9
R_MK0053734,Tech school programs,outcomes,More like a STEM person,Yes a little,2,3,False,Q104_9
R_MK0055989,Tech school programs,outcomes,More like a STEM person,Maybe,3,2,False,Q104_9
R_MK0058713,Tech school programs,outcomes,More like a STEM person,Maybe,3,2,False,Q104_9
R_MK0067466,Tech school programs,outcomes,More like a STEM person,Maybe,3,2,False,Q104_9
R_MK0070229,Tech school programs,outcomes,More like a STEM person,Yes a little,2,3,False,Q104_9
R_MK0072663,Tech school programs,outcomes,More like a STEM person,Yes a little,2,3,False,Q104_9
R_MK0080359,Tech school programs,outcomes,More like a STEM person,No,4,1,False,Q104_9
R_MK0081202,Tech school programs,outcomes,More like a STEM person,Yes a lot,1,4,False,Q104_9
R_MK0083313,Tech school programs,outcomes,More like a STEM person,No,4,1,False,Q104_9
R_MK0085933,Tech school programs,outcomes,More like a STEM person,Yes a little,2,3,False,Q104_9
R_MK0088386,Tech school programs,outcomes,More like a STEM person,Yes a lot,1,4,False,Q104_9
R_MK0091120,Tech school programs,outcomes,More like a STEM person,Maybe,3,2,False,Q104_9
R_MK0093607,Tech school programs,outcomes,More like a STEM person,Yes a lot,1,4,False,Q104_9
R_MK0094626,Tech school programs,outcomes,More like a STEM person,Yes a lot,1,4,False,Q104_9
R_MK0096327,Tech school programs,outcomes,More like a STEM person,Maybe,3,2,False,Q104_9
R_MK0099158,Tech school programs,outcomes,More like a STEM person,Yes a little,2,3,False,Q104_9
R_MK0105321,Tech school programs,outcomes,More like a STEM person,Maybe,3,2,False,Q104_9
R_MK0106123,Tech school programs,outcomes,More like a STEM person,Yes a little,2,3,False,Q104_9
R_MK0114346,Tech school programs,outcomes,More like a STEM person,Yes a lot,1,4,False,Q104_9
R_MK0116915,Tech school programs,outcomes,More like a STEM person,I do not know,5,,True,Q104_9
R_MK0119995,Tech school programs,outcomes,More like a STEM person,Yes a little,2,3,False,Q104_9
R_MK0126574,Tech school programs,outcomes,More like a STEM person,Yes a lot,1,4,False,Q104_9
R_MK0127853,Tech school programs,outcomes,More like a STEM person,I do not know,5,,True,Q104_9
R_MK0131132,Tech school programs,outcomes,More like a STEM person,Yes a little,2,3,False,Q104_9
R_MK0133408,Tech school programs,outcomes,More like a STEM person,Maybe,3,2,False,Q104_9
R_MK0134215,Tech school programs,outcomes,More like a STEM person,Yes a little,2,3,False,Q104_9
R_MK0141171,Tech school programs,outcomes,More like a STEM person,Maybe,3,2,False,Q104_9
R_MK0144749,Tech school programs,outcomes,More like a STEM person,Yes a little,2,3,False,Q104_9
R_MK0146638,Tech school programs,outcomes,More like a STEM person,Yes a lot,1,4,False,Q104_9
R_MK0154868,Tech school programs,outcomes,More like a STEM person,Maybe,3,2,False,Q104_9
R_MK0155973,Tech school programs,outcomes,More like a STEM person,Yes a lot,1,4,False,Q104_9
R_MK0158694,Tech school programs,outcomes,More like a STEM person,Maybe,3,2,False,Q104_9
R_MK0160930,Tech school programs,outcomes,More like a STEM person,Yes a lot,1,4,False,Q104_9
R_MK0163831,Tech school programs,outcomes,More like a STEM person,Yes a lot,1,4,False,Q104_9
R_MK0164526,Tech school programs,outcomes,More like a STEM person,Yes a little,2,3,False,Q104_9
R_MK0165548,Tech school programs,outcomes,More like a STEM person,Yes a little,2,3,False,Q104_9
R_MK0169620,Tech school programs,outcomes,More like a STEM person,Yes a little,2,3,False,Q104_9
R_MK0172138,Tech school programs,outcomes,More like a STEM person,No,4,1,False,Q104_9
R_MK0174167,Tech school programs,outcomes,More like a STEM person,I do not know,5,,True,Q104_9
R_MK0175836,Tech school programs,outcomes,More like a STEM person,Yes a lot,1,4,False,Q104_9
R_MK0000103,University programs,outcomes,More knowledgable about STEM,Yes a little,2,3,False,Q54_1
R_MK0004317,University programs,outcomes,More knowledgable about STEM,Yes a lot,1,4,False,Q54_1
R_MK0009570,University programs,outcomes,More knowledgable about STEM,Maybe,3,2,False,Q54_1
R_MK0011453,University programs,outcomes,More knowledgable about STEM,Maybe,3,2,False,Q54_1
R_MK0012825,University programs,outcomes,More knowledgable about STEM,Maybe,3,2,False,Q54_1
R_MK0018342,University programs,outcomes,More knowledgable about STEM,Yes a lot,1,4,False,Q54_1
R_MK0019683,University programs,outcomes,More knowledgable about STEM,Yes a lot,1,4,False,Q54_1
R_MK0026432,University programs,outcomes,More knowledgable about STEM,Maybe,3,2,False,Q54_1
R_MK0028139,University programs,outcomes,More knowledgable about STEM,Yes a lot,1,4,False,Q54_1
R_MK0033442,University programs,outcomes,More knowledgable about STEM,Yes a lot,1,4,False,Q54_1
R_MK0038243,University programs,outcomes,More knowledgable about STEM,Yes a little,2,3,False,Q54_1
R_MK0044771,University programs,outcomes,More knowledgable about STEM,Yes a lot,1,4,False,Q54_1
R_MK0046892,University programs,outcomes,More knowledgable about STEM,Yes a lot,1,4,False,Q54_1
R_MK0049733,University programs,outcomes,More knowledgable about STEM,Maybe,3,2,False,Q54_1
R_MK0051185,University programs,outcomes,More knowledgable about STEM,No,4,1,False,Q54_1
R_MK0057204,University programs,outcomes,More knowledgable about STEM,Yes a little,2,3,False,Q54_1
R_MK0061617,University programs,outcomes,More knowledgable about STEM,Maybe,3,2,False,Q54_1
R_MK0068498,University programs,outcomes,More knowledgable about STEM,I do not know,5,,True,Q54_1
R_MK0069685,University programs,outcomes,More knowledgable about STEM,Yes a lot,1,4,False,Q54_1
R_MK0075806,University programs,outcomes,More knowledgable about STEM,Yes a little,2,3,False,Q54_1
R_MK0077903,University programs,outcomes,More knowledgable about STEM,Yes a little,2,3,False,Q54_1
R_MK0078295,University programs,outcomes,More knowledgable about STEM,Yes a lot,1,4,False,Q54_1
R_MK0079267,University programs,outcomes,More knowledgable about STEM,Maybe,3,2,False,Q54_1
R_MK0081202,University programs,outcomes,More knowledgable about STEM,Yes a lot,1,4,False,Q54_1
R_MK0082310,University programs,outcomes,More knowledgable about STEM,Yes a lot,1,4,False,Q54_1
R_MK0083313,University programs,outcomes,More knowledgable about STEM,Yes a little,2,3,False,Q54_1
R_MK0086867,University programs,outcomes,More knowledgable about STEM,Maybe,3,2,False,Q54_1
R_MK0088386,University programs,outcomes,More knowledgable about STEM,Yes a lot,1,4,False,Q54_1
R_MK0089973,University programs,outcomes,More knowledgable about STEM,Yes a little,2,3,False,Q54_1
R_MK0090487,University programs,outcomes,More knowledgable about STEM,No,4,1,False,Q54_1
R_MK0093607,University programs,outcomes,More knowledgable about STEM,Yes a lot,1,4,False,Q54_1
R_MK0097932,University programs,outcomes,More knowledgable about STEM,Yes a little,2,3,False,Q54_1
R_MK0108835,University programs,outcomes,More knowledgable about STEM,Yes a little,2,3,False,Q54_1
R_MK0110762,University programs,outcomes,More knowledgable about STEM,Maybe,3,2,False,Q54_1
R_MK0111624,University programs,outcomes,More knowledgable about STEM,I do not know,5,,True,Q54_1
R_MK0118631,University programs,outcomes,More knowledgable about STEM,Yes a lot,1,4,False,Q54_1
R_MK0120834,University programs,outcomes,More knowledgable about STEM,Yes a little,2,3,False,Q54_1
R_MK0122800,University programs,outcomes,More knowledgable about STEM,Yes a little,2,3,False,Q54_1
R_MK0125281,University programs,outcomes,More knowledgable about STEM,Yes a lot,1,4,False,Q54_1
R_MK0139468,University programs,outcomes,More knowledgable about STEM,Maybe,3,2,False,Q54_1
R_MK0142928,University programs,outcomes,More knowledgable about STEM,Yes a lot,1,4,False,Q54_1
R_MK0148155,University programs,outcomes,More knowledgable about STEM,Maybe,3,2,False,Q54_1
R_MK0151675,University programs,outcomes,More knowledgable about STEM,Yes a lot,1,4,False,Q54_1
R_MK0155973,University programs,outcomes,More knowledgable about STEM,Yes a lot,1,4,False,Q54_1
R_MK0156575,University programs,outcomes,More knowledgable about STEM,Maybe,3,2,False,Q54_1
R_MK0157758,University programs,outcomes,More knowledgable about STEM,I do not know,5,,True,Q54_1
R_MK0170795,University programs,outcomes,More knowledgable about STEM,Yes a little,2,3,False,Q54_1
R_MK0173432,University programs,outcomes,More knowledgable about STEM,Yes a lot,1,4,False,Q54_1
R_MK0177349,University programs,outcomes,More knowledgable about STEM,Yes a lot,1,4,False,Q54_1
R_MK0178108,University programs,outcomes,More knowledgable about STEM,Yes a little,2,3,False,Q54_1
R_MK0000103,University programs,outcomes,More aware of a range of jobs in STEM,Yes a lot,1,4,False,Q54_2
R_MK0004317,University programs,outcomes,More aware of a range of jobs in STEM,Yes a little,2,3,False,Q54_2
R_MK0009570,University programs,outcomes,More aware of a range of jobs in STEM,Yes a lot,1,4,False,Q54_2
R_MK0011453,University programs,outcomes,More aware of a range of jobs in STEM,Yes a lot,1,4,False,Q54_2
R_MK0012825,University programs,outcomes,More aware of a range of jobs in STEM,Yes a lot,1,4,False,Q54_2
R_MK0018342,University programs,outcomes,More aware of a range of jobs in STEM,Yes a little,2,3,False,Q54_2
R_MK0019683,University programs,outcomes,More aware of a range of jobs in STEM,Yes a little,2,3,False,Q54_2
R_MK0026432,University programs,outcomes,More aware of a range of jobs in STEM,Yes a little,2,3,False,Q54_2
R_MK0028139,University programs,outcomes,More aware of a range of jobs in STEM,Yes a little,2,3,False,Q54_2
R_MK0033442,University programs,outcomes,More aware of a range of jobs in STEM,Yes a little,2,3,False,Q54_2
R_MK0038243,University programs,outcomes,More aware of a range of jobs in STEM,No,4,1,False,Q54_2
R_MK0044771,University programs,outcomes,More aware of a range of jobs in STEM,Yes a lot,1,4,False,Q54_2
R_MK0046892,University programs,outcomes,More aware of a range of jobs in STEM,Yes a little,2,3,False,Q54_2
R_MK0049733,University programs,outcomes,More aware of a range of jobs in STEM,Yes a little,2,3,False,Q54_2
R_MK0051185,University programs,outcomes,More aware of a range of jobs in STEM,Maybe,3,2,False,Q54_2
R_MK0057204,University programs,outcomes,More aware of a range of jobs in STEM,Yes a lot,1,4,False,Q54_2
R_MK0061617,University programs,outcomes,More aware of a range of jobs in STEM,I do not know,5,,True,Q54_2
R_MK0068498,University programs,outcomes,More aware of a range of jobs in STEM,Maybe,3,2,False,Q54_2
R_MK0069685,University programs,outcomes,More aware of a range of jobs in STEM,Yes a lot,1,4,False,Q54_2
R_MK0075806,University programs,outcomes,More aware of a range of jobs in STEM,Yes a little,2,3,False,Q54_2
R_MK0077903,University programs,outcomes,More aware of a range of jobs in STEM,Yes a lot,1,4,False,Q54_2
R_MK0078295,University programs,outcomes,More aware of a range of jobs in STEM,Yes a little,2,3,False,Q54_2
R_MK0079267,University programs,outcomes,More aware of a range of jobs in STEM,Yes a little,2,3,False,Q54_2
R_MK0081202,University programs,outcomes,More aware of a range of jobs in STEM,Yes a little,2,3,False,Q54_2
R_MK0082310,University programs,outcomes,More aware of a range of jobs in STEM,Yes a little,2,3,False,Q54_2
R_MK0083313,University programs,outcomes,More aware of a range of jobs in STEM,Yes a little,2,3,False,Q54_2
R_MK0086867,University programs,outcomes,More aware of a range of jobs in STEM,Yes a little,2,3,False,Q54_2
R_MK0088386,University programs,outcomes,More aware of a range of jobs in STEM,Yes a lot,1,4,False,Q54_2
R_MK0089973,University programs,outcomes,More aware of a range of jobs in STEM,Yes a little,2,3,False,Q54_2
R_MK0090487,University programs,outcomes,More aware of a range of jobs in STEM,Yes a little,2,3,False,Q54_2
R_MK0093607,University programs,outcomes,More aware of a range of jobs in STEM,Yes a little,2,3,False,Q54_2
R_MK0097932,University programs,outcomes,More aware of a range of jobs in STEM,Yes a lot,1,4,False,Q54_2
R_MK0108835,University programs,outcomes,More aware of a range of jobs in STEM,Maybe,3,2,False,Q54_2
R_MK0110762,University programs,outcomes,More aware of a range of jobs in STEM,Yes a lot,1,4,False,Q54_2
R_MK0111624,University programs,outcomes,More aware of a range of jobs in STEM,Yes a little,2,3,False,Q54_2
R_MK0118631,University programs,outcomes,More aware of a range of jobs in STEM,Maybe,3,2,False,Q54_2
R_MK0120834,University programs,outcomes,More aware of a range of jobs in STEM,Yes a lot,1,4,False,Q54_2
R_MK0122800,University programs,outcomes,More aware of a range of jobs in STEM,Yes a little,2,3,False,Q54_2
R_MK0125281,University programs,outcomes,More aware of a range of jobs in STEM,No,4,1,False,Q54_2
R_MK0139468,University programs,outcomes,More aware of a range of jobs in STEM,Yes a lot,1,4,False,Q54_2
R_MK0142928,University programs,outcomes,More aware of a range of jobs in STEM,Yes a lot,1,4,False,Q54_2
R_MK0148155,University programs,outcomes,More aware of a range of jobs in STEM,Yes a lot,1,4,False,Q54_2
R_MK0151675,University programs,outcomes,More aware of a range of jobs in STEM,Yes a little,2,3,False,Q54_2
R_MK0155973,University programs,outcomes,More aware of a range of jobs in STEM,Yes a lot,1,4,False,Q54_2
R_MK0156575,University programs,outcomes,More aware of a range of jobs in STEM,No,4,1,False,Q54_2
R_MK0157758,University programs,outcomes,More aware of a range of jobs in STEM,Yes a little,2,3,False,Q54_2
R_MK0170795,University programs,outcomes,More aware of a range of jobs in STEM,Yes a little,2,3,False,Q54_2
R_MK0173432,University programs,outcomes,More aware of a range of jobs in STEM,Yes a lot,1,4,False,Q54_2
R_MK0177349,University programs,outcomes,More aware of a range of jobs in STEM,Yes a little,2,3,False,Q54_2
R_MK0178108,University programs,outcomes,More aware of a range of jobs in STEM,Yes a lot,1,4,False,Q54_2
R_MK0000103,University programs,outcomes,More interested about learning about STEM,Maybe,3,2,False,Q54_3
R_MK0004317,University programs,outcomes,More interested about learning about STEM,Yes a lot,1,4,False,Q54_3
R_MK0009570,University programs,outcomes,More interested about learning about STEM,Maybe,3,2,False,Q54_3
R_MK0011453,University programs,outcomes,More interested about learning about STEM,Yes a lot,1,4,False,Q54_3
R_MK0012825,University programs,outcomes,More interested about learning about STEM,Yes a lot,1,4,False,Q54_3
R_MK0018342,University programs,outcomes,More interested about learning about STEM,Yes a little,2,3,False,Q54_3
R_MK0019683,University programs,outcomes,More interested about learning about STEM,Yes a little,2,3,False,Q54_3
R_MK0026432,University programs,outcomes,More interested about learning about STEM,Yes a little,2,3,False,Q54_3
R_MK0028139,University programs,outcomes,More interested about learning about STEM,Yes a lot,1,4,False,Q54_3
R_MK0033442,University programs,outcomes,More interested about learning about STEM,Yes a little,2,3,False,Q54_3
R_MK0038243,University programs,outcomes,More interested about learning about STEM,Yes a little,2,3,False,Q54_3
R_MK0044771,University programs,outcomes,More interested about learning about STEM,Yes a lot,1,4,False,Q54_3
R_MK0046892,University programs,outcomes,More interested about learning about STEM,Yes a lot,1,4,False,Q54_3
R_MK0049733,University programs,outcomes,More interested about learning about STEM,Maybe,3,2,False,Q54_3
R_MK0051185,University programs,outcomes,More interested about learning about STEM,Yes a little,2,3,False,Q54_3
R_MK0057204,University programs,outcomes,More interested about learning about STEM,No,4,1,False,Q54_3
R_MK0061617,University programs,outcomes,More interested about learning about STEM,Yes a little,2,3,False,Q54_3
R_MK0068498,University programs,outcomes,More interested about learning about STEM,Yes a little,2,3,False,Q54_3
R_MK0069685,University programs,outcomes,More interested about learning about STEM,Yes a lot,1,4,False,Q54_3
R_MK0075806,University programs,outcomes,More interested about learning about STEM,Yes a lot,1,4,False,Q54_3
R_MK0077903,University programs,outcomes,More interested about learning about STEM,Yes a little,2,3,False,Q54_3
R_MK0078295,University programs,outcomes,More interested about learning about STEM,Yes a little,2,3,False,Q54_3
R_MK0079267,University programs,outcomes,More interested about learning about STEM,Maybe,3,2,False,Q54_3
R_MK0081202,University programs,outcomes,More interested about learning about STEM,Yes a lot,1,4,False,Q54_3
R_MK0082310,University programs,outcomes,More interested about learning about STEM,Maybe,3,2,False,Q54_3
R_MK0083313,University programs,outcomes,More interested about learning about STEM,Yes a lot,1,4,False,Q54_3
R_MK0086867,University programs,outcomes,More interested about learning about STEM,Maybe,3,2,False,Q54_3
R_MK0088386,University programs,outcomes,More interested about learning about STEM,Yes a lot,1,4,False,Q54_3
R_MK0089973,University programs,outcomes,More interested about learning about STEM,Yes a little,2,3,False,Q54_3
R_MK0090487,University programs,outcomes,More interested about learning about STEM,Yes a lot,1,4,False,Q54_3
R_MK0093607,University programs,outcomes,More interested about learning about STEM,Yes a lot,1,4,False,Q54_3
R_MK0097932,University programs,outcomes,More interested about learning about STEM,Yes a lot,1,4,False,Q54_3
R_MK0108835,University programs,outcomes,More interested about learning about STEM,Yes a little,2,3,False,Q54_3
R_MK0110762,University programs,outcomes,More interested about learning about STEM,Yes a lot,1,4,False,Q54_3
R_MK0111624,University programs,outcomes,More interested about learning about STEM,Yes a little,2,3,False,Q54_3
R_MK0118631,University programs,outcomes,More interested about learning about STEM,Yes a little,2,3,False,Q54_3
R_MK0120834,University programs,outcomes,More interested about learning about STEM,Yes a lot,1,4,False,Q54_3
R_MK0122800,University programs,outcomes,More interested about learning about STEM,Maybe,3,2,False,Q54_3
R_MK0125281,University programs,outcomes,More interested about learning about STEM,Yes a little,2,3,False,Q54_3
R_MK0139468,University programs,outcomes,More interested about learning about STEM,Yes a little,2,3,False,Q54_3
R_MK0142928,University programs,outcomes,More interested about learning about STEM,Yes a lot,1,4,False,Q54_3
R_MK0148155,University programs,outcomes,More interested about learning about STEM,I do not know,5,,True,Q54_3
R_MK0151675,University programs,outcomes,More interested about learning about STEM,Yes a little,2,3,False,Q54_3
R_MK0155973,University programs,outcomes,More interested about learning about STEM,Yes a lot,1,4,False,Q54_3
R_MK0156575,University programs,outcomes,More interested about learning about STEM,No,4,1,False,Q54_3
R_MK0157758,University programs,outcomes,More interested about learning about STEM,Yes a little,2,3,False,Q54_3
R_MK0170795,University programs,outcomes,More interested about learning about STEM,Maybe,3,2,False,Q54_3
R_MK0173432,University programs,outcomes,More interested about learning about STEM,No,4,1,False,Q54_3
R_MK0177349,University programs,outcomes,More interested about learning about STEM,Yes a little,2,3,False,Q54_3
R_MK0178108,University programs,outcomes,More interested about learning about STEM,Maybe,3,2,False,Q54_3
R_MK0000103,University programs,outcomes,More confident in solving STEM problems,Yes a lot,1,4,False,Q54_4
R_MK0004317,University programs,outcomes,More confident in solving STEM problems,Yes a lot,1,4,False,Q54_4
R_MK0009570,University programs,outcomes,More confident in solving STEM problems,No,4,1,False,Q54_4
R_MK0011453,University programs,outcomes,More confident in solving STEM problems,Maybe,3,2,False,Q54_4
R_MK0012825,University programs,outcomes,More confident in solving STEM problems,Yes a lot,1,4,False,Q54_4
R_MK0018342,University programs,outcomes,More confident in solving STEM problems,Maybe,3,2,False,Q54_4
R_MK0019683,University programs,outcomes,More confident in solving STEM problems,Yes a little,2,3,False,Q54_4
R_MK0026432,University programs,outcomes,More confident in solving STEM problems,Yes a little,2,3,False,Q54_4
R_MK0028139,University programs,outcomes,More confident in solving STEM problems,Yes a lot,1,4,False,Q54_4
R_MK0033442,University programs,outcomes,More confident in solving STEM problems,Yes a little,2,3,False,Q54_4
R_MK0038243,University programs,outcomes,More confident in solving STEM problems,Yes a little,2,3,False,Q54_4
R_MK0044771,University programs,outcomes,More confident in solving STEM problems,Yes a little,2,3,False,Q54_4
R_MK0046892,University programs,outcomes,More confident in solving STEM problems,Yes a lot,1,4,False,Q54_4
R_MK0049733,University programs,outcomes,More confident in solving STEM problems,Yes a lot,1,4,False,Q54_4
R_MK0051185,University programs,outcomes,More confident in solving STEM problems,Maybe,3,2,False,Q54_4
R_MK0057204,University programs,outcomes,More confident in solving STEM problems,No,4,1,False,Q54_4
R_MK0061617,University programs,outcomes,More confident in solving STEM problems,Yes a lot,1,4,False,Q54_4
R_MK0068498,University programs,outcomes,More confident in solving STEM problems,I do not know,5,,True,Q54_4
R_MK0069685,University programs,outcomes,More confident in solving STEM problems,Yes a lot,1,4,False,Q54_4
R_MK0075806,University programs,outcomes,More confident in solving STEM problems,Yes a little,2,3,False,Q54_4
R_MK0077903,University programs,outcomes,More confident in solving STEM problems,Yes a lot,1,4,False,Q54_4
R_MK0078295,University programs,outcomes,More confident in solving STEM problems,Yes a lot,1,4,False,Q54_4
R_MK0079267,University programs,outcomes,More confident in solving STEM problems,Maybe,3,2,False,Q54_4
R_MK0081202,University programs,outcomes,More confident in solving STEM problems,Yes a lot,1,4,False,Q54_4
R_MK0082310,University programs,outcomes,More confident in solving STEM problems,Yes a little,2,3,False,Q54_4
R_MK0083313,University programs,outcomes,More confident in solving STEM problems,Yes a lot,1,4,False,Q54_4
R_MK0086867,University programs,outcomes,More confident in solving STEM problems,Yes a little,2,3,False,Q54_4
R_MK0088386,University programs,outcomes,More confident in solving STEM problems,Yes a lot,1,4,False,Q54_4
R_MK0089973,University programs,outcomes,More confident in solving STEM problems,Yes a little,2,3,False,Q54_4
R_MK0090487,University programs,outcomes,More confident in solving STEM problems,Yes a little,2,3,False,Q54_4
R_MK0093607,University programs,outcomes,More confident in solving STEM problems,Yes a lot,1,4,False,Q54_4
R_MK0097932,University programs,outcomes,More confident in solving STEM problems,No,4,1,False,Q54_4
R_MK0108835,University programs,outcomes,More confident in solving STEM problems,Yes a lot,1,4,False,Q54_4
R_MK0110762,University programs,outcomes,More confident in solving STEM problems,Yes a little,2,3,False,Q54_4
R_MK0111624,University programs,outcomes,More confident in solving STEM problems,Yes a little,2,3,False,Q54_4
R_MK0118631,University programs,outcomes,More confident in solving STEM problems,Yes a lot,1,4,False,Q54_4
R_MK0120834,University programs,outcomes,More confident in solving STEM problems,Yes a little,2,3,False,Q54_4
R_MK0122800,University programs,outcomes,More confident in solving STEM problems,Yes a little,2,3,False,Q54_4
R_MK0125281,University programs,outcomes,More confident in solving STEM problems,Yes a lot,1,4,False,Q54_4
R_MK0139468,University programs,outcomes,More confident in solving STEM problems,Maybe,3,2,False,Q54_4
R_MK0142928,University programs,outcomes,More confident in solving STEM problems,Yes a lot,1,4,False,Q54_4
R_MK0148155,University programs,outcomes,More confident in solving STEM problems,Yes a lot,1,4,False,Q54_4
R_MK0151675,University programs,outcomes,More confident in solving STEM problems,Yes a little,2,3,False,Q54_4
R_MK0155973,University programs,outcomes,More confident in solving STEM problems,Yes a little,2,3,False,Q54_4
R_MK0156575,University programs,outcomes,More confident in solving STEM problems,No,4,1,False,Q54_4
R_MK0157758,University programs,outcomes,More confident in solving STEM problems,Yes a lot,1,4,False,Q54_4
R_MK0170795,University programs,outcomes,More confident in solving STEM problems,Maybe,3,2,False,Q54_4
R_MK0173432,University programs,outcomes,More confident in solving STEM problems,Yes a little,2,3,False,Q54_4
R_MK0177349,University programs,outcomes,More confident in solving STEM problems,Yes a lot,1,4,False,Q54_4
R_MK0178108,University programs,outcomes,More confident in solving STEM problems,Yes a little,2,3,False,Q54_4
R_MK0000103,University programs,outcomes,"More comfortable with using tools, technology and equipment",Yes a little,2,3,False,Q54_5
R_MK0004317,University programs,outcomes,"More comfortable with using tools, technology and equipment",Yes a little,2,3,False,Q54_5
R_MK0009570,University programs,outcomes,"More comfortable with using tools, technology and equipment",Yes a lot,1,4,False,Q54_5
R_MK0011453,University programs,outcomes,"More comfortable with using tools, technology and equipment",Yes a little,2,3,False,Q54_5
R_MK0012825,University programs,outcomes,"More comfortable with using tools, technology and equipment",Yes a little,2,3,False,Q54_5
R_MK0018342,University programs,outcomes,"More comfortable with using tools, technology and equipment",Maybe,3,2,False,Q54_5
R_MK0019683,University programs,outcomes,"More comfortable with using tools, technology and equipment",Yes a little,2,3,False,Q54_5
R_MK0026432,University programs,outcomes,"More comfortable with using tools, technology and equipment",Maybe,3,2,False,Q54_5
R_MK0028139,University programs,outcomes,"More comfortable with using tools, technology and equipment",Maybe,3,2,False,Q54_5
R_MK0033442,University programs,outcomes,"More comfortable with using tools, technology and equipment",Yes a lot,1,4,False,Q54_5
R_MK0038243,University programs,outcomes,"More comfortable with using tools, technology and equipment",Yes a lot,1,4,False,Q54_5
R_MK0044771,University programs,outcomes,"More comfortable with using tools, technology and equipment",Yes a lot,1,4,False,Q54_5
R_MK0046892,University programs,outcomes,"More comfortable with using tools, technology and equipment",Yes a lot,1,4,False,Q54_5
R_MK0049733,University programs,outcomes,"More comfortable with using tools, technology and equipment",Maybe,3,2,False,Q54_5
R_MK0051185,University programs,outcomes,"More comfortable with using tools, technology and equipment",Yes a lot,1,4,False,Q54_5
R_MK0057204,University programs,outcomes,"More comfortable with using tools, technology and equipment",Maybe,3,2,False,Q54_5
R_MK0061617,University programs,outcomes,"More comfortable with using tools, technology and equipment",Yes a little,2,3,False,Q54_5
R_MK0068498,University programs,outcomes,"More comfortable with using tools, technology and equipment",Yes a lot,1,4,False,Q54_5
R_MK0069685,University programs,outcomes,"More comfortable with using tools, technology and equipment",Maybe,3,2,False,Q54_5
R_MK0075806,University programs,outcomes,"More comfortable with using tools, technology and equipment",Yes a lot,1,4,False,Q54_5
R_MK0077903,University programs,outcomes,"More comfortable with using tools, technology and equipment",Maybe,3,2,False,Q54_5
R_MK0078295,University programs,outcomes,"More comfortable with using tools, technology and equipment",Yes a lot,1,4,False,Q54_5
R_MK0079267,University programs,outcomes,"More comfortable with using tools, technology and equipment",Yes a little,2,3,False,Q54_5
R_MK0081202,University programs,outcomes,"More comfortable with using tools, technology and equipment",Yes a little,2,3,False,Q54_5
R_MK0082310,University programs,outcomes,"More comfortable with using tools, technology and equipment",Yes a lot,1,4,False,Q54_5
R_MK0083313,University programs,outcomes,"More comfortable with using tools, technology and equipment",Yes a lot,1,4,False,Q54_5
R_MK0086867,University programs,outcomes,"More comfortable with using tools, technology and equipment",Yes a little,2,3,False,Q54_5
R_MK0088386,University programs,outcomes,"More comfortable with using tools, technology and equipment",Maybe,3,2,False,Q54_5
R_MK0089973,University programs,outcomes,"More comfortable with using tools, technology and equipment",Yes a little,2,3,False,Q54_5
R_MK0090487,University programs,outcomes,"More comfortable with using tools, technology and equipment",Yes a lot,1,4,False,Q54_5
R_MK0093607,University programs,outcomes,"More comfortable with using tools, technology and equipment",Yes a little,2,3,False,Q54_5
R_MK0097932,University programs,outcomes,"More comfortable with using tools, technology and equipment",Yes a lot,1,4,False,Q54_5
R_MK0108835,University programs,outcomes,"More comfortable with using tools, technology and equipment",Yes a lot,1,4,False,Q54_5
R_MK0110762,University programs,outcomes,"More comfortable with using tools, technology and equipment",Maybe,3,2,False,Q54_5
R_MK0111624,University programs,outcomes,"More comfortable with using tools, technology and equipment",No,4,1,False,Q54_5
R_MK0118631,University programs,outcomes,"More comfortable with using tools, technology and equipment",No,4,1,False,Q54_5
R_MK0120834,University programs,outcomes,"More comfortable with using tools, technology and equipment",No,4,1,False,Q54_5
R_MK0122800,University programs,outcomes,"More comfortable with using tools, technology and equipment",Maybe,3,2,False,Q54_5
R_MK0125281,University programs,outcomes,"More comfortable with using tools, technology and equipment",Yes a lot,1,4,False,Q54_5
R_MK0139468,University programs,outcomes,"More comfortable with using tools, technology and equipment",Maybe,3,2,False,Q54_5
R_MK0142928,University programs,outcomes,"More comfortable with using tools, technology and equipment",No,4,1,False,Q54_5
R_MK0148155,University programs,outcomes,"More comfortable with using tools, technology and equipment",Yes a lot,1,4,False,Q54_5
R_MK0151675,University programs,outcomes,"More comfortable with using tools, technology and equipment",Yes a little,2,3,False,Q54_5
R_MK0155973,University programs,outcomes,"More comfortable with using tools, technology and equipment",Yes a little,2,3,False,Q54_5
R_MK0156575,University programs,outcomes,"More comfortable with using tools, technology and equipment",I do not know,5,,True,Q54_5
R_MK0157758,University programs,outcomes,"More comfortable with using tools, technology and equipment",Yes a little,2,3,False,Q54_5
R_MK0170795,University programs,outcomes,"More comfortable with using tools, technology and equipment",Yes a little,2,3,False,Q54_5
R_MK0173432,University programs,outcomes,"More comfortable with using tools, technology and equipment",Yes a lot,1,4,False,Q54_5
R_MK0177349,University programs,outcomes,"More comfortable with using tools, technology and equipment",No,4,1,False,Q54_5
R_MK0178108,University programs,outcomes,"More comfortable with using tools, technology and equipment",Yes a little,2,3,False,Q54_5
R_MK0000103,University programs,outcomes,More comfortable working in teams,Yes a lot,1,4,False,Q54_6
R_MK0004317,University programs,outcomes,More comfortable working in teams,Yes a little,2,3,False,Q54_6
R_MK0009570,University programs,outcomes,More comfortable working in teams,Yes a lot,1,4,False,Q54_6
R_MK0011453,University programs,outcomes,More comfortable working in teams,No,4,1,False,Q54_6
R_MK0012825,University programs,outcomes,More comfortable working in teams,Yes a lot,1,4,False,Q54_6
R_MK0018342,University programs,outcomes,More comfortable working in teams,Maybe,3,2,False,Q54_6
R_MK0019683,University programs,outcomes,More comfortable working in teams,Yes a little,2,3,False,Q54_6
R_MK0026432,University programs,outcomes,More comfortable working in teams,Yes a lot,1,4,False,Q54_6
R_MK0028139,University programs,outcomes,More comfortable working in teams,I do not know,5,,True,Q54_6
R_MK0033442,University programs,outcomes,More comfortable working in teams,Yes a lot,1,4,False,Q54_6
R_MK0038243,University programs,outcomes,More comfortable working in teams,Yes a little,2,3,False,Q54_6
R_MK0044771,University programs,outcomes,More comfortable working in teams,Yes a lot,1,4,False,Q54_6
R_MK0046892,University programs,outcomes,More comfortable working in teams,Yes a little,2,3,False,Q54_6
R_MK0049733,University programs,outcomes,More comfortable working in teams,Maybe,3,2,False,Q54_6
R_MK0051185,University programs,outcomes,More comfortable working in teams,Yes a lot,1,4,False,Q54_6
R_MK0057204,University programs,outcomes,More comfortable working in teams,Maybe,3,2,False,Q54_6
R_MK0061617,University programs,outcomes,More comfortable working in teams,No,4,1,False,Q54_6
R_MK0068498,University programs,outcomes,More comfortable working in teams,Yes a lot,1,4,False,Q54_6
R_MK0069685,University programs,outcomes,More comfortable working in teams,Yes a little,2,3,False,Q54_6
R_MK0075806,University programs,outcomes,More comfortable working in teams,Yes a lot,1,4,False,Q54_6
R_MK0077903,University programs,outcomes,More comfortable working in teams,No,4,1,False,Q54_6
R_MK0078295,University programs,outcomes,More comfortable working in teams,Yes a little,2,3,False,Q54_6
R_MK0079267,University programs,outcomes,More comfortable working in teams,Yes a lot,1,4,False,Q54_6
R_MK0081202,University programs,outcomes,More comfortable working in teams,Yes a little,2,3,False,Q54_6
R_MK0082310,University programs,outcomes,More comfortable working in teams,I do not know,5,,True,Q54_6
R_MK0083313,University programs,outcomes,More comfortable working in teams,Yes a little,2,3,False,Q54_6
R_MK0086867,University programs,outcomes,More comfortable working in teams,I do not know,5,,True,Q54_6
R_MK0088386,University programs,outcomes,More comfortable working in teams,Yes a little,2,3,False,Q54_6
R_MK0089973,University programs,outcomes,More comfortable working in teams,Yes a little,2,3,False,Q54_6
R_MK0090487,University programs,outcomes,More comfortable working in teams,Maybe,3,2,False,Q54_6
R_MK0093607,University programs,outcomes,More comfortable working in teams,Maybe,3,2,False,Q54_6
R_MK0097932,University programs,outcomes,More comfortable working in teams,Maybe,3,2,False,Q54_6
R_MK0108835,University programs,outcomes,More comfortable working in teams,Yes a lot,1,4,False,Q54_6
R_MK0110762,University programs,outcomes,More comfortable working in teams,Yes a lot,1,4,False,Q54_6
R_MK0111624,University programs,outcomes,More comfortable working in teams,Maybe,3,2,False,Q54_6
R_MK0118631,University programs,outcomes,More comfortable working in teams,Yes a little,2,3,False,Q54_6
R_MK0120834,University programs,outcomes,More comfortable working in teams,Yes a lot,1,4,False,Q54_6
R_MK0122800,University programs,outcomes,More comfortable working in teams,Yes a little,2,3,False,Q54_6
R_MK0125281,University programs,outcomes,More comfortable working in teams,No,4,1,False,Q54_6
R_MK0139468,University programs,outcomes,More comfortable working in teams,Yes a lot,1,4,False,Q54_6
R_MK0142928,University programs,outcomes,More comfortable working in teams,Yes a lot,1,4,False,Q54_6
R_MK0148155,University programs,outcomes,More comfortable working in teams,I do not know,5,,True,Q54_6
R_MK0151675,University programs,outcomes,More comfortable working in teams,Yes a little,2,3,False,Q54_6
R_MK0155973,University programs,outcomes,More comfortable working in teams,Yes a little,2,3,False,Q54_6
R_MK0156575,University programs,outcomes,More comfortable working in teams,No,4,1,False,Q54_6
R_MK0157758,University programs,outcomes,More comfortable working in teams,Yes a lot,1,4,False,Q54_6
R_MK0170795,University programs,outcomes,More comfortable working in teams,Yes a little,2,3,False,Q54_6
R_MK0173432,University programs,outcomes,More comfortable working in teams,Yes a little,2,3,False,Q54_6
R_MK0177349,University programs,outcomes,More comfortable working in teams,No,4,1,False,Q54_6
R_MK0178108,University programs,outcomes,More comfortable working in teams,Yes a lot,1,4,False,Q54_6
R_MK0000103,University programs,outcomes,More confident in communicating and sharing my ideas,I do not know,5,,True,Q54_7
R_MK0004317,University programs,outcomes,More confident in communicating and sharing my ideas,Yes a lot,1,4,False,Q54_7
R_MK0009570,University programs,outcomes,More confident in communicating and sharing my ideas,Yes a little,2,3,False,Q54_7
R_MK0011453,University programs,outcomes,More confident in communicating and sharing my ideas,Maybe,3,2,False,Q54_7
R_MK0012825,University programs,outcomes,More confident in communicating and sharing my ideas,Yes a little,2,3,False,Q54_7
R_MK0018342,University programs,outcomes,More confident in communicating and sharing my ideas,Yes a little,2,3,False,Q54_7
R_MK0019683,University programs,outcomes,More confident in communicating and sharing my ideas,Maybe,3,2,False,Q54_7
R_MK0026432,University programs,outcomes,More confident in communicating and sharing my ideas,Yes a little,2,3,False,Q54_7
R_MK0028139,University programs,outcomes,More confident in communicating and sharing my ideas,Maybe,3,2,False,Q54_7
R_MK0033442,University programs,outcomes,More confident in communicating and sharing my ideas,Maybe,3,2,False,Q54_7
R_MK0038243,University programs,outcomes,More confident in communicating and sharing my ideas,Yes a little,2,3,False,Q54_7
R_MK0044771,University programs,outcomes,More confident in communicating and sharing my ideas,Yes a little,2,3,False,Q54_7
R_MK0046892,University programs,outcomes,More confident in communicating and sharing my ideas,Yes a lot,1,4,False,Q54_7
R_MK0049733,University programs,outcomes,More confident in communicating and sharing my ideas,Yes a little,2,3,False,Q54_7
R_MK0051185,University programs,outcomes,More confident in communicating and sharing my ideas,Maybe,3,2,False,Q54_7
R_MK0057204,University programs,outcomes,More confident in communicating and sharing my ideas,No,4,1,False,Q54_7
R_MK0061617,University programs,outcomes,More confident in communicating and sharing my ideas,Yes a little,2,3,False,Q54_7
R_MK0068498,University programs,outcomes,More confident in communicating and sharing my ideas,Maybe,3,2,False,Q54_7
R_MK0069685,University programs,outcomes,More confident in communicating and sharing my ideas,Yes a little,2,3,False,Q54_7
R_MK0075806,University programs,outcomes,More confident in communicating and sharing my ideas,Yes a little,2,3,False,Q54_7
R_MK0077903,University programs,outcomes,More confident in communicating and sharing my ideas,No,4,1,False,Q54_7
R_MK0078295,University programs,outcomes,More confident in communicating and sharing my ideas,I do not know,5,,True,Q54_7
R_MK0079267,University programs,outcomes,More confident in communicating and sharing my ideas,Yes a little,2,3,False,Q54_7
R_MK0081202,University programs,outcomes,More confident in communicating and sharing my ideas,I do not know,5,,True,Q54_7
R_MK0082310,University programs,outcomes,More confident in communicating and sharing my ideas,Maybe,3,2,False,Q54_7
R_MK0083313,University programs,outcomes,More confident in communicating and sharing my ideas,Yes a little,2,3,False,Q54_7
R_MK0086867,University programs,outcomes,More confident in communicating and sharing my ideas,Yes a little,2,3,False,Q54_7
R_MK0088386,University programs,outcomes,More confident in communicating and sharing my ideas,Yes a little,2,3,False,Q54_7
R_MK0089973,University programs,outcomes,More confident in communicating and sharing my ideas,Yes a little,2,3,False,Q54_7
R_MK0090487,University programs,outcomes,More confident in communicating and sharing my ideas,Yes a little,2,3,False,Q54_7
R_MK0093607,University programs,outcomes,More confident in communicating and sharing my ideas,Yes a lot,1,4,False,Q54_7
R_MK0097932,University programs,outcomes,More confident in communicating and sharing my ideas,Yes a lot,1,4,False,Q54_7
R_MK0108835,University programs,outcomes,More confident in communicating and sharing my ideas,Yes a little,2,3,False,Q54_7
R_MK0110762,University programs,outcomes,More confident in communicating and sharing my ideas,Yes a little,2,3,False,Q54_7
R_MK0111624,University programs,outcomes,More confident in communicating and sharing my ideas,I do not know,5,,True,Q54_7
R_MK0118631,University programs,outcomes,More confident in communicating and sharing my ideas,Yes a little,2,3,False,Q54_7
R_MK0120834,University programs,outcomes,More confident in communicating and sharing my ideas,Yes a little,2,3,False,Q54_7
R_MK0122800,University programs,outcomes,More confident in communicating and sharing my ideas,No,4,1,False,Q54_7
R_MK0125281,University programs,outcomes,More confident in communicating and sharing my ideas,No,4,1,False,Q54_7
R_MK0139468,University programs,outcomes,More confident in communicating and sharing my ideas,Maybe,3,2,False,Q54_7
R_MK0142928,University programs,outcomes,More confident in communicating and sharing my ideas,Yes a lot,1,4,False,Q54_7
R_MK0148155,University programs,outcomes,More confident in communicating and sharing my ideas,Yes a lot,1,4,False,Q54_7
R_MK0151675,University programs,outcomes,More confident in communicating and sharing my ideas,Yes a lot,1,4,False,Q54_7
R_MK0155973,University programs,outcomes,More confident in communicating and sharing my ideas,No,4,1,False,Q54_7
R_MK0156575,University programs,outcomes,More confident in communicating and sharing my ideas,Yes a little,2,3,False,Q54_7
R_MK0157758,University programs,outcomes,More confident in communicating and sharing my ideas,Yes a lot,1,4,False,Q54_7
R_MK0170795,University programs,outcomes,More confident in communicating and sharing my ideas,Yes a lot,1,4,False,Q54_7
R_MK0173432,University programs,outcomes,More confident in communicating and sharing my ideas,Yes a lot,1,4,False,Q54_7
R_MK0177349,University programs,outcomes,More confident in communicating and sharing my ideas,Yes a little,2,3,False,Q54_7
R_MK0178108,University programs,outcomes,More confident in communicating and sharing my ideas,Yes a lot,1,4,False,Q54_7
R_MK0000103,University programs,outcomes,More confident in being a leader,Maybe,3,2,False,Q54_8
R_MK0004317,University programs,outcomes,More confident in being a leader,Yes a lot,1,4,False,Q54_8
R_MK0009570,University programs,outcomes,More confident in being a leader,Yes a little,2,3,False,Q54_8
R_MK0011453,University programs,outcomes,More confident in being a leader,Yes a little,2,3,False,Q54_8
R_MK0012825,University programs,outcomes,More confident in being a leader,Yes a little,2,3,False,Q54_8
R_MK0018342,University programs,outcomes,More confident in being a leader,Maybe,3,2,False,Q54_8
R_MK0019683,University programs,outcomes,More confident in being a leader,Yes a lot,1,4,False,Q54_8
R_MK0026432,University programs,outcomes,More confident in being a leader,Yes a lot,1,4,False,Q54_8
R_MK0028139,University programs,outcomes,More confident in being a leader,Yes a little,2,3,False,Q54_8
R_MK0033442,University programs,outcomes,More confident in being a leader,Yes a lot,1,4,False,Q54_8
R_MK0038243,University programs,outcomes,More confident in being a leader,Yes a lot,1,4,False,Q54_8
R_MK0044771,University programs,outcomes,More confident in being a leader,Yes a little,2,3,False,Q54_8
R_MK0046892,University programs,outcomes,More confident in being a leader,Yes a little,2,3,False,Q54_8
R_MK0049733,University programs,outcomes,More confident in being a leader,Yes a little,2,3,False,Q54_8
R_MK0051185,University programs,outcomes,More confident in being a leader,Yes a little,2,3,False,Q54_8
R_MK0057204,University programs,outcomes,More confident in being a leader,Yes a little,2,3,False,Q54_8
R_MK0061617,University programs,outcomes,More confident in being a leader,Yes a lot,1,4,False,Q54_8
R_MK0068498,University programs,outcomes,More confident in being a leader,Yes a lot,1,4,False,Q54_8
R_MK0069685,University programs,outcomes,More confident in being a leader,Maybe,3,2,False,Q54_8
R_MK0075806,University programs,outcomes,More confident in being a leader,Yes a little,2,3,False,Q54_8
R_MK0077903,University programs,outcomes,More confident in being a leader,Yes a lot,1,4,False,Q54_8
R_MK0078295,University programs,outcomes,More confident in being a leader,Maybe,3,2,False,Q54_8
R_MK0079267,University programs,outcomes,More confident in being a leader,Maybe,3,2,False,Q54_8
R_MK0081202,University programs,outcomes,More confident in being a leader,Yes a lot,1,4,False,Q54_8
R_MK0082310,University programs,outcomes,More confident in being a leader,Maybe,3,2,False,Q54_8
R_MK0083313,University programs,outcomes,More confident in being a leader,Yes a little,2,3,False,Q54_8
R_MK0086867,University programs,outcomes,More confident in being a leader,Maybe,3,2,False,Q54_8
R_MK0088386,University programs,outcomes,More confident in being a leader,Yes a lot,1,4,False,Q54_8
R_MK0089973,University programs,outcomes,More confident in being a leader,Yes a little,2,3,False,Q54_8
R_MK0090487,University programs,outcomes,More confident in being a leader,Yes a little,2,3,False,Q54_8
R_MK0093607,University programs,outcomes,More confident in being a leader,Maybe,3,2,False,Q54_8
R_MK0097932,University programs,outcomes,More confident in being a leader,Yes a lot,1,4,False,Q54_8
R_MK0108835,University programs,outcomes,More confident in being a leader,Yes a little,2,3,False,Q54_8
R_MK0110762,University programs,outcomes,More confident in being a leader,Yes a lot,1,4,False,Q54_8
R_MK0111624,University programs,outcomes,More confident in being a leader,Yes a lot,1,4,False,Q54_8
R_MK0118631,University programs,outcomes,More confident in being a leader,I do not know,5,,True,Q54_8
R_MK0120834,University programs,outcomes,More confident in being a leader,Yes a lot,1,4,False,Q54_8
R_MK0122800,University programs,outcomes,More confident in being a leader,Maybe,3,2,False,Q54_8
R_MK0125281,University programs,outcomes,More confident in being a leader,Yes a little,2,3,False,Q54_8
R_MK0139468,University programs,outcomes,More confident in being a leader,No,4,1,False,Q54_8
R_MK0142928,University programs,outcomes,More confident in being a leader,Maybe,3,2,False,Q54_8
R_MK0148155,University programs,outcomes,More confident in being a leader,Yes a little,2,3,False,Q54_8
R_MK0151675,University programs,outcomes,More confident in being a leader,Maybe,3,2,False,Q54_8
R_MK0155973,University programs,outcomes,More confident in being a leader,Yes a lot,1,4,False,Q54_8
R_MK0156575,University programs,outcomes,More confident in being a leader,Maybe,3,2,False,Q54_8
R_MK0157758,University programs,outcomes,More confident in being a leader,Yes a little,2,3,False,Q54_8
R_MK0170795,University programs,outcomes,More confident in being a leader,Yes a little,2,3,False,Q54_8
R_MK0173432,University programs,outcomes,More confident in being a leader,Yes a little,2,3,False,Q54_8
R_MK0177349,University programs,outcomes,More confident in being a leader,No,4,1,False,Q54_8
R_MK0178108,University programs,outcomes,More confident in being a leader,No,4,1,False,Q54_8
R_MK0000103,University programs,outcomes,More like a STEM person,I do not know,5,,True,Q54_9
R_MK0004317,University programs,outcomes,More like a STEM person,Yes a little,2,3,False,Q54_9
R_MK0009570,University programs,outcomes,More like a STEM person,Yes a little,2,3,False,Q54_9
R_MK0011453,University programs,outcomes,More like a STEM person,Maybe,3,2,False,Q54_9
R_MK0012825,University programs,outcomes,More like a STEM person,Yes a little,2,3,False,Q54_9
R_MK0018342,University programs,outcomes,More like a STEM person,No,4,1,False,Q54_9
R_MK0019683,University programs,outcomes,More like a STEM person,Yes a lot,1,4,False,Q54_9
R_MK0026432,University programs,outcomes,More like a STEM person,Maybe,3,2,False,Q54_9
R_MK0028139,University programs,outcomes,More like a STEM person,Yes a lot,1,4,False,Q54_9
R_MK0033442,University programs,outcomes,More like a STEM person,Yes a lot,1,4,False,Q54_9
R_MK0038243,University programs,outcomes,More like a STEM person,No,4,1,False,Q54_9
R_MK0044771,University programs,outcomes,More like a STEM person,Yes a lot,1,4,False,Q54_9
R_MK0046892,University programs,outcomes,More like a STEM person,Yes a lot,1,4,False,Q54_9
R_MK0049733,University programs,outcomes,More like a STEM person,Maybe,3,2,False,Q54_9
R_MK0051185,University programs,outcomes,More like a STEM person,No,4,1,False,Q54_9
R_MK0057204,University programs,outcomes,More like a STEM person,Yes a lot,1,4,False,Q54_9
R_MK0061617,University programs,outcomes,More like a STEM person,Maybe,3,2,False,Q54_9
R_MK0068498,University programs,outcomes,More like a STEM person,Yes a little,2,3,False,Q54_9
R_MK0069685,University programs,outcomes,More like a STEM person,Yes a lot,1,4,False,Q54_9
R_MK0075806,University programs,outcomes,More like a STEM person,Yes a little,2,3,False,Q54_9
R_MK0077903,University programs,outcomes,More like a STEM person,Yes a little,2,3,False,Q54_9
R_MK0078295,University programs,outcomes,More like a STEM person,Yes a lot,1,4,False,Q54_9
R_MK0079267,University programs,outcomes,More like a STEM person,Maybe,3,2,False,Q54_9
R_MK0081202,University programs,outcomes,More like a STEM person,Yes a little,2,3,False,Q54_9
R_MK0082310,University programs,outcomes,More like a STEM person,I do not know,5,,True,Q54_9
R_MK0083313,University programs,outcomes,More like a STEM person,Yes a little,2,3,False,Q54_9
R_MK0086867,University programs,outcomes,More like a STEM person,No,4,1,False,Q54_9
R_MK0088386,University programs,outcomes,More like a STEM person,Yes a little,2,3,False,Q54_9
R_MK0089973,University programs,outcomes,More like a STEM person,Yes a little,2,3,False,Q54_9
R_MK0090487,University programs,outcomes,More like a STEM person,Yes a little,2,3,False,Q54_9
R_MK0093607,University programs,outcomes,More like a STEM person,I do not know,5,,True,Q54_9
R_MK0097932,University programs,outcomes,More like a STEM person,Maybe,3,2,False,Q54_9
R_MK0108835,University programs,outcomes,More like a STEM person,Yes a little,2,3,False,Q54_9
R_MK0110762,University programs,outcomes,More like a STEM person,Yes a lot,1,4,False,Q54_9
R_MK0111624,University programs,outcomes,More like a STEM person,Yes a little,2,3,False,Q54_9
R_MK0118631,University programs,outcomes,More like a STEM person,Yes a lot,1,4,False,Q54_9
R_MK0120834,University programs,outcomes,More like a STEM person,Yes a lot,1,4,False,Q54_9
R_MK0122800,University programs,outcomes,More like a STEM person,No,4,1,False,Q54_9
R_MK0125281,University programs,outcomes,More like a STEM person,Yes a lot,1,4,False,Q54_9
R_MK0139468,University programs,outcomes,More like a STEM person,No,4,1,False,Q54_9
R_MK0142928,University programs,outcomes,More like a STEM person,No,4,1,False,Q54_9
R_MK0148155,University programs,outcomes,More like a STEM person,Yes a lot,1,4,False,Q54_9
R_MK0151675,University programs,outcomes,More like a STEM person,Yes a lot,1,4,False,Q54_9
R_MK0155973,University programs,outcomes,More like a STEM person,Maybe,3,2,False,Q54_9
R_MK0156575,University programs,outcomes,More like a STEM person,Yes a little,2,3,False,Q54_9
R_MK0157758,University programs,outcomes,More like a STEM person,Yes a lot,1,4,False,Q54_9
R_MK0170795,University programs,outcomes,More like a STEM person,Yes a little,2,3,False,Q54_9
R_MK0173432,University programs,outcomes,More like a STEM person,Yes a lot,1,4,False,Q54_9
R_MK0177349,University programs,outcomes,More like a STEM person,Yes a lot,1,4,False,Q54_9
R_MK0178108,University programs,outcomes,More like a STEM person,Yes a lot,1,4,False,Q54_9
R_MK0001265,Girls as Leaders in STEM program,outcomes,More knowledgable about STEM,Yes a lot,1,4,False,Q63_1
R_MK0002320,Girls as Leaders in STEM program,outcomes,More knowledgable about STEM,Yes a little,2,3,False,Q63_1
R_MK0004317,Girls as Leaders in STEM program,outcomes,More knowledgable about STEM,Yes a lot,1,4,False,Q63_1
R_MK0007539,Girls as Leaders in STEM program,outcomes,More knowledgable about STEM,Yes a little,2,3,False,Q63_1
R_MK0008963,Girls as Leaders in STEM program,outcomes,More knowledgable about STEM,Yes a little,2,3,False,Q63_1
R_MK0012825,Girls as Leaders in STEM program,outcomes,More knowledgable about STEM,Maybe,3,2,False,Q63_1
R_MK0013834,Girls as Leaders in STEM program,outcomes,More knowledgable about STEM,Maybe,3,2,False,Q63_1
R_MK0014994,Girls as Leaders in STEM program,outcomes,More knowledgable about STEM,Yes a little,2,3,False,Q63_1
R_MK0018342,Girls as Leaders in STEM program,outcomes,More knowledgable about STEM,No,4,1,False,Q63_1
R_MK0019683,Girls as Leaders in STEM program,outcomes,More knowledgable about STEM,Yes a lot,1,4,False,Q63_1
R_MK0022405,Girls as Leaders in STEM program,outcomes,More knowledgable about STEM,Yes a lot,1,4,False,Q63_1
R_MK0023140,Girls as Leaders in STEM program,outcomes,More knowledgable about STEM,Maybe,3,2,False,Q63_1
R_MK0025966,Girls as Leaders in STEM program,outcomes,More knowledgable about STEM,No,4,1,False,Q63_1
R_MK0027899,Girls as Leaders in STEM program,outcomes,More knowledgable about STEM,Yes a little,2,3,False,Q63_1
R_MK0029136,Girls as Leaders in STEM program,outcomes,More knowledgable about STEM,Maybe,3,2,False,Q63_1
R_MK0030402,Girls as Leaders in STEM program,outcomes,More knowledgable about STEM,Yes a little,2,3,False,Q63_1
R_MK0032849,Girls as Leaders in STEM program,outcomes,More knowledgable about STEM,Yes a little,2,3,False,Q63_1
R_MK0035534,Girls as Leaders in STEM program,outcomes,More knowledgable about STEM,Maybe,3,2,False,Q63_1
R_MK0036294,Girls as Leaders in STEM program,outcomes,More knowledgable about STEM,Yes a little,2,3,False,Q63_1
R_MK0037202,Girls as Leaders in STEM program,outcomes,More knowledgable about STEM,No,4,1,False,Q63_1
R_MK0038243,Girls as Leaders in STEM program,outcomes,More knowledgable about STEM,Yes a little,2,3,False,Q63_1
R_MK0039124,Girls as Leaders in STEM program,outcomes,More knowledgable about STEM,Yes a lot,1,4,False,Q63_1
R_MK0043853,Girls as Leaders in STEM program,outcomes,More knowledgable about STEM,I do not know,5,,True,Q63_1
R_MK0044771,Girls as Leaders in STEM program,outcomes,More knowledgable about STEM,Yes a little,2,3,False,Q63_1
R_MK0046892,Girls as Leaders in STEM program,outcomes,More knowledgable about STEM,Yes a little,2,3,False,Q63_1
R_MK0049733,Girls as Leaders in STEM program,outcomes,More knowledgable about STEM,Yes a lot,1,4,False,Q63_1
R_MK0050728,Girls as Leaders in STEM program,outcomes,More knowledgable about STEM,Yes a lot,1,4,False,Q63_1
R_MK0051185,Girls as Leaders in STEM program,outcomes,More knowledgable about STEM,Yes a lot,1,4,False,Q63_1
R_MK0053734,Girls as Leaders in STEM program,outcomes,More knowledgable about STEM,Yes a lot,1,4,False,Q63_1
R_MK0054375,Girls as Leaders in STEM program,outcomes,More knowledgable about STEM,Yes a lot,1,4,False,Q63_1
R_MK0059837,Girls as Leaders in STEM program,outcomes,More knowledgable about STEM,Yes a lot,1,4,False,Q63_1
R_MK0060527,Girls as Leaders in STEM program,outcomes,More knowledgable about STEM,Yes a little,2,3,False,Q63_1
R_MK0061617,Girls as Leaders in STEM program,outcomes,More knowledgable about STEM,Maybe,3,2,False,Q63_1
R_MK0062899,Girls as Leaders in STEM program,outcomes,More knowledgable about STEM,Yes a little,2,3,False,Q63_1
R_MK0063902,Girls as Leaders in STEM program,outcomes,More knowledgable about STEM,Yes a lot,1,4,False,Q63_1
R_MK0065907,Girls as Leaders in STEM program,outcomes,More knowledgable about STEM,No,4,1,False,Q63_1
R_MK0066500,Girls as Leaders in STEM program,outcomes,More knowledgable about STEM,Maybe,3,2,False,Q63_1
R_MK0067466,Girls as Leaders in STEM program,outcomes,More knowledgable about STEM,Yes a lot,1,4,False,Q63_1
R_MK0069685,Girls as Leaders in STEM program,outcomes,More knowledgable about STEM,Yes a lot,1,4,False,Q63_1
R_MK0071423,Girls as Leaders in STEM program,outcomes,More knowledgable about STEM,Yes a lot,1,4,False,Q63_1
R_MK0072663,Girls as Leaders in STEM program,outcomes,More knowledgable about STEM,No,4,1,False,Q63_1
R_MK0073741,Girls as Leaders in STEM program,outcomes,More knowledgable about STEM,Yes a little,2,3,False,Q63_1
R_MK0074273,Girls as Leaders in STEM program,outcomes,More knowledgable about STEM,Yes a lot,1,4,False,Q63_1
R_MK0076785,Girls as Leaders in STEM program,outcomes,More knowledgable about STEM,Maybe,3,2,False,Q63_1
R_MK0078295,Girls as Leaders in STEM program,outcomes,More knowledgable about STEM,Maybe,3,2,False,Q63_1
R_MK0079267,Girls as Leaders in STEM program,outcomes,More knowledgable about STEM,Yes a little,2,3,False,Q63_1
R_MK0080359,Girls as Leaders in STEM program,outcomes,More knowledgable about STEM,Yes a little,2,3,False,Q63_1
R_MK0081202,Girls as Leaders in STEM program,outcomes,More knowledgable about STEM,Yes a little,2,3,False,Q63_1
R_MK0082310,Girls as Leaders in STEM program,outcomes,More knowledgable about STEM,Yes a little,2,3,False,Q63_1
R_MK0084225,Girls as Leaders in STEM program,outcomes,More knowledgable about STEM,Yes a little,2,3,False,Q63_1
R_MK0088386,Girls as Leaders in STEM program,outcomes,More knowledgable about STEM,Yes a lot,1,4,False,Q63_1
R_MK0089973,Girls as Leaders in STEM program,outcomes,More knowledgable about STEM,Yes a lot,1,4,False,Q63_1
R_MK0090487,Girls as Leaders in STEM program,outcomes,More knowledgable about STEM,Yes a lot,1,4,False,Q63_1
R_MK0093607,Girls as Leaders in STEM program,outcomes,More knowledgable about STEM,Yes a lot,1,4,False,Q63_1
R_MK0095142,Girls as Leaders in STEM program,outcomes,More knowledgable about STEM,I do not know,5,,True,Q63_1
R_MK0096327,Girls as Leaders in STEM program,outcomes,More knowledgable about STEM,I do not know,5,,True,Q63_1
R_MK0097932,Girls as Leaders in STEM program,outcomes,More knowledgable about STEM,Yes a lot,1,4,False,Q63_1
R_MK0098967,Girls as Leaders in STEM program,outcomes,More knowledgable about STEM,I do not know,5,,True,Q63_1
R_MK0099158,Girls as Leaders in STEM program,outcomes,More knowledgable about STEM,Maybe,3,2,False,Q63_1
R_MK0101806,Girls as Leaders in STEM program,outcomes,More knowledgable about STEM,Yes a lot,1,4,False,Q63_1
R_MK0104978,Girls as Leaders in STEM program,outcomes,More knowledgable about STEM,I do not know,5,,True,Q63_1
R_MK0106123,Girls as Leaders in STEM program,outcomes,More knowledgable about STEM,Yes a little,2,3,False,Q63_1
R_MK0108835,Girls as Leaders in STEM program,outcomes,More knowledgable about STEM,Yes a little,2,3,False,Q63_1
R_MK0110762,Girls as Leaders in STEM program,outcomes,More knowledgable about STEM,No,4,1,False,Q63_1
R_MK0111624,Girls as Leaders in STEM program,outcomes,More knowledgable about STEM,Yes a little,2,3,False,Q63_1
R_MK0116915,Girls as Leaders in STEM program,outcomes,More knowledgable about STEM,Yes a little,2,3,False,Q63_1
R_MK0117603,Girls as Leaders in STEM program,outcomes,More knowledgable about STEM,Yes a lot,1,4,False,Q63_1
R_MK0118631,Girls as Leaders in STEM program,outcomes,More knowledgable about STEM,No,4,1,False,Q63_1
R_MK0119995,Girls as Leaders in STEM program,outcomes,More knowledgable about STEM,Yes a little,2,3,False,Q63_1
R_MK0120834,Girls as Leaders in STEM program,outcomes,More knowledgable about STEM,Maybe,3,2,False,Q63_1
R_MK0122800,Girls as Leaders in STEM program,outcomes,More knowledgable about STEM,Maybe,3,2,False,Q63_1
R_MK0123453,Girls as Leaders in STEM program,outcomes,More knowledgable about STEM,Yes a little,2,3,False,Q63_1
R_MK0127853,Girls as Leaders in STEM program,outcomes,More knowledgable about STEM,Yes a lot,1,4,False,Q63_1
R_MK0128835,Girls as Leaders in STEM program,outcomes,More knowledgable about STEM,Maybe,3,2,False,Q63_1
R_MK0130464,Girls as Leaders in STEM program,outcomes,More knowledgable about STEM,I do not know,5,,True,Q63_1
R_MK0132486,Girls as Leaders in STEM program,outcomes,More knowledgable about STEM,Yes a lot,1,4,False,Q63_1
R_MK0133408,Girls as Leaders in STEM program,outcomes,More knowledgable about STEM,Yes a lot,1,4,False,Q63_1
R_MK0137508,Girls as Leaders in STEM program,outcomes,More knowledgable about STEM,Yes a little,2,3,False,Q63_1
R_MK0138319,Girls as Leaders in STEM program,outcomes,More knowledgable about STEM,Yes a little,2,3,False,Q63_1
R_MK0140416,Girls as Leaders in STEM program,outcomes,More knowledgable about STEM,Yes a lot,1,4,False,Q63_1
R_MK0141171,Girls as Leaders in STEM program,outcomes,More knowledgable about STEM,Yes a lot,1,4,False,Q63_1
R_MK0142928,Girls as Leaders in STEM program,outcomes,More knowledgable about STEM,Maybe,3,2,False,Q63_1
R_MK0144749,Girls as Leaders in STEM program,outcomes,More knowledgable about STEM,Maybe,3,2,False,Q63_1
R_MK0147525,Girls as Leaders in STEM program,outcomes,More knowledgable about STEM,Maybe,3,2,False,Q63_1
R_MK0151675,Girls as Leaders in STEM program,outcomes,More knowledgable about STEM,Yes a little,2,3,False,Q63_1
R_MK0152207,Girls as Leaders in STEM program,outcomes,More knowledgable about STEM,Maybe,3,2,False,Q63_1
R_MK0153261,Girls as Leaders in STEM program,outcomes,More knowledgable about STEM,Yes a little,2,3,False,Q63_1
R_MK0156575,Girls as Leaders in STEM program,outcomes,More knowledgable about STEM,Maybe,3,2,False,Q63_1
R_MK0157758,Girls as Leaders in STEM program,outcomes,More knowledgable about STEM,Yes a little,2,3,False,Q63_1
R_MK0158694,Girls as Leaders in STEM program,outcomes,More knowledgable about STEM,Yes a lot,1,4,False,Q63_1
R_MK0161224,Girls as Leaders in STEM program,outcomes,More knowledgable about STEM,Yes a lot,1,4,False,Q63_1
R_MK0162746,Girls as Leaders in STEM program,outcomes,More knowledgable about STEM,Maybe,3,2,False,Q63_1
R_MK0164526,Girls as Leaders in STEM program,outcomes,More knowledgable about STEM,No,4,1,False,Q63_1
R_MK0168594,Girls as Leaders in STEM program,outcomes,More knowledgable about STEM,Maybe,3,2,False,Q63_1
R_MK0171952,Girls as Leaders in STEM program,outcomes,More knowledgable about STEM,Yes a lot,1,4,False,Q63_1
R_MK0173432,Girls as Leaders in STEM program,outcomes,More knowledgable about STEM,Yes a little,2,3,False,Q63_1
R_MK0174167,Girls as Leaders in STEM program,outcomes,More knowledgable about STEM,Maybe,3,2,False,Q63_1
R_MK0175836,Girls as Leaders in STEM program,outcomes,More knowledgable about STEM,Yes a little,2,3,False,Q63_1
R_MK0176600,Girls as Leaders in STEM program,outcomes,More knowledgable about STEM,Maybe,3,2,False,Q63_1
R_MK0178108,Girls as Leaders in STEM program,outcomes,More knowledgable about STEM,Yes a lot,1,4,False,Q63_1
R_MK0179378,Girls as Leaders in STEM program,outcomes,More knowledgable about STEM,No,4,1,False,Q63_1
R_MK0001265,Girls as Leaders in STEM program,outcomes,More aware of a range of jobs in STEM,Yes a lot,1,4,False,Q63_2
R_MK0002320,Girls as Leaders in STEM program,outcomes,More aware of a range of jobs in STEM,Yes a little,2,3,False,Q63_2
R_MK0004317,Girls as Leaders in STEM program,outcomes,More aware of a range of jobs in STEM,Yes a little,2,3,False,Q63_2
R_MK0007539,Girls as Leaders in STEM program,outcomes,More aware of a range of jobs in STEM,I do not know,5,,True,Q63_2
R_MK0008963,Girls as Leaders in STEM program,outcomes,More aware of a range of jobs in STEM,Yes a little,2,3,False,Q63_2
R_MK0012825,Girls as Leaders in STEM program,outcomes,More aware of a range of jobs in STEM,Yes a lot,1,4,False,Q63_2
R_MK0013834,Girls as Leaders in STEM program,outcomes,More aware of a range of jobs in STEM,Yes a little,2,3,False,Q63_2
R_MK0014994,Girls as Leaders in STEM program,outcomes,More aware of a range of jobs in STEM,Yes a lot,1,4,False,Q63_2
R_MK0018342,Girls as Leaders in STEM program,outcomes,More aware of a range of jobs in STEM,Yes a little,2,3,False,Q63_2
R_MK0019683,Girls as Leaders in STEM program,outcomes,More aware of a range of jobs in STEM,Yes a lot,1,4,False,Q63_2
R_MK0022405,Girls as Leaders in STEM program,outcomes,More aware of a range of jobs in STEM,Maybe,3,2,False,Q63_2
R_MK0023140,Girls as Leaders in STEM program,outcomes,More aware of a range of jobs in STEM,Yes a little,2,3,False,Q63_2
R_MK0025966,Girls as Leaders in STEM program,outcomes,More aware of a range of jobs in STEM,Maybe,3,2,False,Q63_2
R_MK0027899,Girls as Leaders in STEM program,outcomes,More aware of a range of jobs in STEM,Maybe,3,2,False,Q63_2
R_MK0029136,Girls as Leaders in STEM program,outcomes,More aware of a range of jobs in STEM,Maybe,3,2,False,Q63_2
R_MK0030402,Girls as Leaders in STEM program,outcomes,More aware of a range of jobs in STEM,Yes a lot,1,4,False,Q63_2
R_MK0032849,Girls as Leaders in STEM program,outcomes,More aware of a range of jobs in STEM,No,4,1,False,Q63_2
R_MK0035534,Girls as Leaders in STEM program,outcomes,More aware of a range of jobs in STEM,Maybe,3,2,False,Q63_2
R_MK0036294,Girls as Leaders in STEM program,outcomes,More aware of a range of jobs in STEM,Yes a little,2,3,False,Q63_2
R_MK0037202,Girls as Leaders in STEM program,outcomes,More aware of a range of jobs in STEM,Yes a lot,1,4,False,Q63_2
R_MK0038243,Girls as Leaders in STEM program,outcomes,More aware of a range of jobs in STEM,No,4,1,False,Q63_2
R_MK0039124,Girls as Leaders in STEM program,outcomes,More aware of a range of jobs in STEM,Maybe,3,2,False,Q63_2
R_MK0043853,Girls as Leaders in STEM program,outcomes,More aware of a range of jobs in STEM,Maybe,3,2,False,Q63_2
R_MK0044771,Girls as Leaders in STEM program,outcomes,More aware of a range of jobs in STEM,Yes a lot,1,4,False,Q63_2
R_MK0046892,Girls as Leaders in STEM program,outcomes,More aware of a range of jobs in STEM,Yes a little,2,3,False,Q63_2
R_MK0049733,Girls as Leaders in STEM program,outcomes,More aware of a range of jobs in STEM,Yes a lot,1,4,False,Q63_2
R_MK0050728,Girls as Leaders in STEM program,outcomes,More aware of a range of jobs in STEM,Yes a little,2,3,False,Q63_2
R_MK0051185,Girls as Leaders in STEM program,outcomes,More aware of a range of jobs in STEM,I do not know,5,,True,Q63_2
R_MK0053734,Girls as Leaders in STEM program,outcomes,More aware of a range of jobs in STEM,No,4,1,False,Q63_2
R_MK0054375,Girls as Leaders in STEM program,outcomes,More aware of a range of jobs in STEM,Maybe,3,2,False,Q63_2
R_MK0059837,Girls as Leaders in STEM program,outcomes,More aware of a range of jobs in STEM,Yes a little,2,3,False,Q63_2
R_MK0060527,Girls as Leaders in STEM program,outcomes,More aware of a range of jobs in STEM,I do not know,5,,True,Q63_2
R_MK0061617,Girls as Leaders in STEM program,outcomes,More aware of a range of jobs in STEM,Yes a lot,1,4,False,Q63_2
R_MK0062899,Girls as Leaders in STEM program,outcomes,More aware of a range of jobs in STEM,No,4,1,False,Q63_2
R_MK0063902,Girls as Leaders in STEM program,outcomes,More aware of a range of jobs in STEM,Maybe,3,2,False,Q63_2
R_MK0065907,Girls as Leaders in STEM program,outcomes,More aware of a range of jobs in STEM,Maybe,3,2,False,Q63_2
R_MK0066500,Girls as Leaders in STEM program,outcomes,More aware of a range of jobs in STEM,I do not know,5,,True,Q63_2
R_MK0067466,Girls as Leaders in STEM program,outcomes,More aware of a range of jobs in STEM,Yes a little,2,3,False,Q63_2
R_MK0069685,Girls as Leaders in STEM program,outcomes,More aware of a range of jobs in STEM,Maybe,3,2,False,Q63_2
R_MK0071423,Girls as Leaders in STEM program,outcomes,More aware of a range of jobs in STEM,Maybe,3,2,False,Q63_2
R_MK0072663,Girls as Leaders in STEM program,outcomes,More aware of a range of jobs in STEM,Maybe,3,2,False,Q63_2
R_MK0073741,Girls as Leaders in STEM program,outcomes,More aware of a range of jobs in STEM,No,4,1,False,Q63_2
R_MK0074273,Girls as Leaders in STEM program,outcomes,More aware of a range of jobs in STEM,Maybe,3,2,False,Q63_2
R_MK0076785,Girls as Leaders in STEM program,outcomes,More aware of a range of jobs in STEM,Maybe,3,2,False,Q63_2
R_MK0078295,Girls as Leaders in STEM program,outcomes,More aware of a range of jobs in STEM,Yes a lot,1,4,False,Q63_2
R_MK0079267,Girls as Leaders in STEM program,outcomes,More aware of a range of jobs in STEM,Yes a little,2,3,False,Q63_2
R_MK0080359,Girls as Leaders in STEM program,outcomes,More aware of a range of jobs in STEM,Yes a little,2,3,False,Q63_2
R_MK0081202,Girls as Leaders in STEM program,outcomes,More aware of a range of jobs in STEM,Maybe,3,2,False,Q63_2
R_MK0082310,Girls as Leaders in STEM program,outcomes,More aware of a range of jobs in STEM,Yes a little,2,3,False,Q63_2
R_MK0084225,Girls as Leaders in STEM program,outcomes,More aware of a range of jobs in STEM,Yes a little,2,3,False,Q63_2
R_MK0088386,Girls as Leaders in STEM program,outcomes,More aware of a range of jobs in STEM,Yes a lot,1,4,False,Q63_2
R_MK0089973,Girls as Leaders in STEM program,outcomes,More aware of a range of jobs in STEM,Yes a little,2,3,False,Q63_2
R_MK0090487,Girls as Leaders in STEM program,outcomes,More aware of a range of jobs in STEM,Yes a lot,1,4,False,Q63_2
R_MK0093607,Girls as Leaders in STEM program,outcomes,More aware of a range of jobs in STEM,Yes a little,2,3,False,Q63_2
R_MK0095142,Girls as Leaders in STEM program,outcomes,More aware of a range of jobs in STEM,Yes a lot,1,4,False,Q63_2
R_MK0096327,Girls as Leaders in STEM program,outcomes,More aware of a range of jobs in STEM,Yes a lot,1,4,False,Q63_2
R_MK0097932,Girls as Leaders in STEM program,outcomes,More aware of a range of jobs in STEM,Yes a lot,1,4,False,Q63_2
R_MK0098967,Girls as Leaders in STEM program,outcomes,More aware of a range of jobs in STEM,Yes a lot,1,4,False,Q63_2
R_MK0099158,Girls as Leaders in STEM program,outcomes,More aware of a range of jobs in STEM,I do not know,5,,True,Q63_2
R_MK0101806,Girls as Leaders in STEM program,outcomes,More aware of a range of jobs in STEM,Maybe,3,2,False,Q63_2
R_MK0104978,Girls as Leaders in STEM program,outcomes,More aware of a range of jobs in STEM,Yes a little,2,3,False,Q63_2
R_MK0106123,Girls as Leaders in STEM program,outcomes,More aware of a range of jobs in STEM,Maybe,3,2,False,Q63_2
R_MK0108835,Girls as Leaders in STEM program,outcomes,More aware of a range of jobs in STEM,Yes a little,2,3,False,Q63_2
R_MK0110762,Girls as Leaders in STEM program,outcomes,More aware of a range of jobs in STEM,Yes a lot,1,4,False,Q63_2
R_MK0111624,Girls as Leaders in STEM program,outcomes,More aware of a range of jobs in STEM,Yes a lot,1,4,False,Q63_2
R_MK0116915,Girls as Leaders in STEM program,outcomes,More aware of a range of jobs in STEM,Yes a little,2,3,False,Q63_2
R_MK0117603,Girls as Leaders in STEM program,outcomes,More aware of a range of jobs in STEM,Yes a lot,1,4,False,Q63_2
R_MK0118631,Girls as Leaders in STEM program,outcomes,More aware of a range of jobs in STEM,No,4,1,False,Q63_2
R_MK0119995,Girls as Leaders in STEM program,outcomes,More aware of a range of jobs in STEM,Yes a lot,1,4,False,Q63_2
R_MK0120834,Girls as Leaders in STEM program,outcomes,More aware of a range of jobs in STEM,Maybe,3,2,False,Q63_2
R_MK0122800,Girls as Leaders in STEM program,outcomes,More aware of a range of jobs in STEM,Yes a lot,1,4,False,Q63_2
R_MK0123453,Girls as Leaders in STEM program,outcomes,More aware of a range of jobs in STEM,Yes a lot,1,4,False,Q63_2
R_MK0127853,Girls as Leaders in STEM program,outcomes,More aware of a range of jobs in STEM,Yes a little,2,3,False,Q63_2
R_MK0128835,Girls as Leaders in STEM program,outcomes,More aware of a range of jobs in STEM,Yes a lot,1,4,False,Q63_2
R_MK0130464,Girls as Leaders in STEM program,outcomes,More aware of a range of jobs in STEM,Maybe,3,2,False,Q63_2
R_MK0132486,Girls as Leaders in STEM program,outcomes,More aware of a range of jobs in STEM,Yes a little,2,3,False,Q63_2
R_MK0133408,Girls as Leaders in STEM program,outcomes,More aware of a range of jobs in STEM,Maybe,3,2,False,Q63_2
R_MK0137508,Girls as Leaders in STEM program,outcomes,More aware of a range of jobs in STEM,Yes a little,2,3,False,Q63_2
R_MK0138319,Girls as Leaders in STEM program,outcomes,More aware of a range of jobs in STEM,No,4,1,False,Q63_2
R_MK0140416,Girls as Leaders in STEM program,outcomes,More aware of a range of jobs in STEM,Yes a little,2,3,False,Q63_2
R_MK0141171,Girls as Leaders in STEM program,outcomes,More aware of a range of jobs in STEM,Yes a lot,1,4,False,Q63_2
R_MK0142928,Girls as Leaders in STEM program,outcomes,More aware of a range of jobs in STEM,No,4,1,False,Q63_2
R_MK0144749,Girls as Leaders in STEM program,outcomes,More aware of a range of jobs in STEM,Maybe,3,2,False,Q63_2
R_MK0147525,Girls as Leaders in STEM program,outcomes,More aware of a range of jobs in STEM,Yes a lot,1,4,False,Q63_2
R_MK0151675,Girls as Leaders in STEM program,outcomes,More aware of a range of jobs in STEM,Yes a lot,1,4,False,Q63_2
R_MK0152207,Girls as Leaders in STEM program,outcomes,More aware of a range of jobs in STEM,Yes a lot,1,4,False,Q63_2
R_MK0153261,Girls as Leaders in STEM program,outcomes,More aware of a range of jobs in STEM,Maybe,3,2,False,Q63_2
R_MK0156575,Girls as Leaders in STEM program,outcomes,More aware of a range of jobs in STEM,Yes a little,2,3,False,Q63_2
R_MK0157758,Girls as Leaders in STEM program,outcomes,More aware of a range of jobs in STEM,Yes a little,2,3,False,Q63_2
R_MK0158694,Girls as Leaders in STEM program,outcomes,More aware of a range of jobs in STEM,Yes a lot,1,4,False,Q63_2
R_MK0161224,Girls as Leaders in STEM program,outcomes,More aware of a range of jobs in STEM,Yes a little,2,3,False,Q63_2
R_MK0162746,Girls as Leaders in STEM program,outcomes,More aware of a range of jobs in STEM,Yes a little,2,3,False,Q63_2
R_MK0164526,Girls as Leaders in STEM program,outcomes,More aware of a range of jobs in STEM,Maybe,3,2,False,Q63_2
R_MK0168594,Girls as Leaders in STEM program,outcomes,More aware of a range of jobs in STEM,Maybe,3,2,False,Q63_2
R_MK0171952,Girls as Leaders in STEM program,outcomes,More aware of a range of jobs in STEM,Yes a little,2,3,False,Q63_2
R_MK0173432,Girls as Leaders in STEM program,outcomes,More aware of a range of jobs in STEM,Yes a little,2,3,False,Q63_2
R_MK0174167,Girls as Leaders in STEM program,outcomes,More aware of a range of jobs in STEM,Yes a little,2,3,False,Q63_2
R_MK0175836,Girls as Leaders in STEM program,outcomes,More aware of a range of jobs in STEM,Yes a lot,1,4,False,Q63_2
R_MK0176600,Girls as Leaders in STEM program,outcomes,More aware of a range of jobs in STEM,Yes a little,2,3,False,Q63_2
R_MK0178108,Girls as Leaders in STEM program,outcomes,More aware of a range of jobs in STEM,Yes a lot,1,4,False,Q63_2
R_MK0179378,Girls as Leaders in STEM program,outcomes,More aware of a range of jobs in STEM,Yes a lot,1,4,False,Q63_2
R_MK0001265,Girls as Leaders in STEM program,outcomes,More interested about learning about STEM,Yes a lot,1,4,False,Q63_3
R_MK0002320,Girls as Leaders in STEM program,outcomes,More interested about learning about STEM,Yes a lot,1,4,False,Q63_3
R_MK0004317,Girls as Leaders in STEM program,outcomes,More interested about learning about STEM,Yes a little,2,3,False,Q63_3
R_MK0007539,Girls as Leaders in STEM program,outcomes,More interested about learning about STEM,Yes a lot,1,4,False,Q63_3
R_MK0008963,Girls as Leaders in STEM program,outcomes,More interested about learning about STEM,Yes a lot,1,4,False,Q63_3
R_MK0012825,Girls as Leaders in STEM program,outcomes,More interested about learning about STEM,No,4,1,False,Q63_3
R_MK0013834,Girls as Leaders in STEM program,outcomes,More interested about learning about STEM,Maybe,3,2,False,Q63_3
R_MK0014994,Girls as Leaders in STEM program,outcomes,More interested about learning about STEM,Yes a little,2,3,False,Q63_3
R_MK0018342,Girls as Leaders in STEM program,outcomes,More interested about learning about STEM,Yes a little,2,3,False,Q63_3
R_MK0019683,Girls as Leaders in STEM program,outcomes,More interested about learning about STEM,Yes a lot,1,4,False,Q63_3
R_MK0022405,Girls as Leaders in STEM program,outcomes,More interested about learning about STEM,Yes a little,2,3,False,Q63_3
R_MK0023140,Girls as Leaders in STEM program,outcomes,More interested about learning about STEM,Yes a little,2,3,False,Q63_3
R_MK0025966,Girls as Leaders in STEM program,outcomes,More interested about learning about STEM,Yes a lot,1,4,False,Q63_3
R_MK0027899,Girls as Leaders in STEM program,outcomes,More interested about learning about STEM,Yes a lot,1,4,False,Q63_3
R_MK0029136,Girls as Leaders in STEM program,outcomes,More interested about learning about STEM,Maybe,3,2,False,Q63_3
R_MK0030402,Girls as Leaders in STEM program,outcomes,More interested about learning about STEM,No,4,1,False,Q63_3
R_MK0032849,Girls as Leaders in STEM program,outcomes,More interested about learning about STEM,Yes a lot,1,4,False,Q63_3
R_MK0035534,Girls as Leaders in STEM program,outcomes,More interested about learning about STEM,Yes a little,2,3,False,Q63_3
R_MK0036294,Girls as Leaders in STEM program,outcomes,More interested about learning about STEM,Yes a lot,1,4,False,Q63_3
R_MK0037202,Girls as Leaders in STEM program,outcomes,More interested about learning about STEM,I do not know,5,,True,Q63_3
R_MK0038243,Girls as Leaders in STEM program,outcomes,More interested about learning about STEM,Maybe,3,2,False,Q63_3
R_MK0039124,Girls as Leaders in STEM program,outcomes,More interested about learning about STEM,Maybe,3,2,False,Q63_3
R_MK0043853,Girls as Leaders in STEM program,outcomes,More interested about learning about STEM,No,4,1,False,Q63_3
R_MK0044771,Girls as Leaders in STEM program,outcomes,More interested about learning about STEM,Yes a lot,1,4,False,Q63_3
R_MK0046892,Girls as Leaders in STEM program,outcomes,More interested about learning about STEM,Yes a little,2,3,False,Q63_3
R_MK0049733,Girls as Leaders in STEM program,outcomes,More interested about learning about STEM,Yes a little,2,3,False,Q63_3
R_MK0050728,Girls as Leaders in STEM program,outcomes,More interested about learning about STEM,Maybe,3,2,False,Q63_3
R_MK0051185,Girls as Leaders in STEM program,outcomes,More interested about learning about STEM,Yes a little,2,3,False,Q63_3
R_MK0053734,Girls as Leaders in STEM program,outcomes,More interested about learning about STEM,Yes a little,2,3,False,Q63_3
R_MK0054375,Girls as Leaders in STEM program,outcomes,More interested about learning about STEM,Yes a lot,1,4,False,Q63_3
R_MK0059837,Girls as Leaders in STEM program,outcomes,More interested about learning about STEM,Yes a little,2,3,False,Q63_3
R_MK0060527,Girls as Leaders in STEM program,outcomes,More interested about learning about STEM,Yes a little,2,3,False,Q63_3
R_MK0061617,Girls as Leaders in STEM program,outcomes,More interested about learning about STEM,Yes a little,2,3,False,Q63_3
R_MK0062899,Girls as Leaders in STEM program,outcomes,More interested about learning about STEM,Yes a lot,1,4,False,Q63_3
R_MK0063902,Girls as Leaders in STEM program,outcomes,More interested about learning about STEM,Yes a lot,1,4,False,Q63_3
R_MK0065907,Girls as Leaders in STEM program,outcomes,More interested about learning about STEM,Maybe,3,2,False,Q63_3
R_MK0066500,Girls as Leaders in STEM program,outcomes,More interested about learning about STEM,Yes a little,2,3,False,Q63_3
R_MK0067466,Girls as Leaders in STEM program,outcomes,More interested about learning about STEM,No,4,1,False,Q63_3
R_MK0069685,Girls as Leaders in STEM program,outcomes,More interested about learning about STEM,Yes a little,2,3,False,Q63_3
R_MK0071423,Girls as Leaders in STEM program,outcomes,More interested about learning about STEM,Maybe,3,2,False,Q63_3
R_MK0072663,Girls as Leaders in STEM program,outcomes,More interested about learning about STEM,Yes a lot,1,4,False,Q63_3
R_MK0073741,Girls as Leaders in STEM program,outcomes,More interested about learning about STEM,Maybe,3,2,False,Q63_3
R_MK0074273,Girls as Leaders in STEM program,outcomes,More interested about learning about STEM,Yes a little,2,3,False,Q63_3
R_MK0076785,Girls as Leaders in STEM program,outcomes,More interested about learning about STEM,No,4,1,False,Q63_3
R_MK0078295,Girls as Leaders in STEM program,outcomes,More interested about learning about STEM,Yes a little,2,3,False,Q63_3
R_MK0079267,Girls as Leaders in STEM program,outcomes,More interested about learning about STEM,Maybe,3,2,False,Q63_3
R_MK0080359,Girls as Leaders in STEM program,outcomes,More interested about learning about STEM,No,4,1,False,Q63_3
R_MK0081202,Girls as Leaders in STEM program,outcomes,More interested about learning about STEM,Yes a little,2,3,False,Q63_3
R_MK0082310,Girls as Leaders in STEM program,outcomes,More interested about learning about STEM,Yes a lot,1,4,False,Q63_3
R_MK0084225,Girls as Leaders in STEM program,outcomes,More interested about learning about STEM,Yes a little,2,3,False,Q63_3
R_MK0088386,Girls as Leaders in STEM program,outcomes,More interested about learning about STEM,Yes a little,2,3,False,Q63_3
R_MK0089973,Girls as Leaders in STEM program,outcomes,More interested about learning about STEM,Yes a little,2,3,False,Q63_3
R_MK0090487,Girls as Leaders in STEM program,outcomes,More interested about learning about STEM,Maybe,3,2,False,Q63_3
R_MK0093607,Girls as Leaders in STEM program,outcomes,More interested about learning about STEM,Yes a lot,1,4,False,Q63_3
R_MK0095142,Girls as Leaders in STEM program,outcomes,More interested about learning about STEM,Yes a lot,1,4,False,Q63_3
R_MK0096327,Girls as Leaders in STEM program,outcomes,More interested about learning about STEM,Maybe,3,2,False,Q63_3
R_MK0097932,Girls as Leaders in STEM program,outcomes,More interested about learning about STEM,Yes a little,2,3,False,Q63_3
R_MK0098967,Girls as Leaders in STEM program,outcomes,More interested about learning about STEM,Yes a lot,1,4,False,Q63_3
R_MK0099158,Girls as Leaders in STEM program,outcomes,More interested about learning about STEM,Yes a little,2,3,False,Q63_3
R_MK0101806,Girls as Leaders in STEM program,outcomes,More interested about learning about STEM,Yes a little,2,3,False,Q63_3
R_MK0104978,Girls as Leaders in STEM program,outcomes,More interested about learning about STEM,Yes a lot,1,4,False,Q63_3
R_MK0106123,Girls as Leaders in STEM program,outcomes,More interested about learning about STEM,Yes a lot,1,4,False,Q63_3
R_MK0108835,Girls as Leaders in STEM program,outcomes,More interested about learning about STEM,Yes a little,2,3,False,Q63_3
R_MK0110762,Girls as Leaders in STEM program,outcomes,More interested about learning about STEM,Yes a lot,1,4,False,Q63_3
R_MK0111624,Girls as Leaders in STEM program,outcomes,More interested about learning about STEM,No,4,1,False,Q63_3
R_MK0116915,Girls as Leaders in STEM program,outcomes,More interested about learning about STEM,Yes a lot,1,4,False,Q63_3
R_MK0117603,Girls as Leaders in STEM program,outcomes,More interested about learning about STEM,Yes a little,2,3,False,Q63_3
R_MK0118631,Girls as Leaders in STEM program,outcomes,More interested about learning about STEM,No,4,1,False,Q63_3
R_MK0119995,Girls as Leaders in STEM program,outcomes,More interested about learning about STEM,Yes a little,2,3,False,Q63_3
R_MK0120834,Girls as Leaders in STEM program,outcomes,More interested about learning about STEM,Maybe,3,2,False,Q63_3
R_MK0122800,Girls as Leaders in STEM program,outcomes,More interested about learning about STEM,Yes a little,2,3,False,Q63_3
R_MK0123453,Girls as Leaders in STEM program,outcomes,More interested about learning about STEM,Yes a lot,1,4,False,Q63_3
R_MK0127853,Girls as Leaders in STEM program,outcomes,More interested about learning about STEM,Yes a little,2,3,False,Q63_3
R_MK0128835,Girls as Leaders in STEM program,outcomes,More interested about learning about STEM,Yes a lot,1,4,False,Q63_3
R_MK0130464,Girls as Leaders in STEM program,outcomes,More interested about learning about STEM,Yes a lot,1,4,False,Q63_3
R_MK0132486,Girls as Leaders in STEM program,outcomes,More interested about learning about STEM,I do not know,5,,True,Q63_3
R_MK0133408,Girls as Leaders in STEM program,outcomes,More interested about learning about STEM,Maybe,3,2,False,Q63_3
R_MK0137508,Girls as Leaders in STEM program,outcomes,More interested about learning about STEM,Yes a little,2,3,False,Q63_3
R_MK0138319,Girls as Leaders in STEM program,outcomes,More interested about learning about STEM,Maybe,3,2,False,Q63_3
R_MK0140416,Girls as Leaders in STEM program,outcomes,More interested about learning about STEM,Yes a lot,1,4,False,Q63_3
R_MK0141171,Girls as Leaders in STEM program,outcomes,More interested about learning about STEM,Maybe,3,2,False,Q63_3
R_MK0142928,Girls as Leaders in STEM program,outcomes,More interested about learning about STEM,Yes a lot,1,4,False,Q63_3
R_MK0144749,Girls as Leaders in STEM program,outcomes,More interested about learning about STEM,Yes a little,2,3,False,Q63_3
R_MK0147525,Girls as Leaders in STEM program,outcomes,More interested about learning about STEM,Yes a little,2,3,False,Q63_3
R_MK0151675,Girls as Leaders in STEM program,outcomes,More interested about learning about STEM,Yes a little,2,3,False,Q63_3
R_MK0152207,Girls as Leaders in STEM program,outcomes,More interested about learning about STEM,Yes a lot,1,4,False,Q63_3
R_MK0153261,Girls as Leaders in STEM program,outcomes,More interested about learning about STEM,Yes a lot,1,4,False,Q63_3
R_MK0156575,Girls as Leaders in STEM program,outcomes,More interested about learning about STEM,Maybe,3,2,False,Q63_3
R_MK0157758,Girls as Leaders in STEM program,outcomes,More interested about learning about STEM,Yes a lot,1,4,False,Q63_3
R_MK0158694,Girls as Leaders in STEM program,outcomes,More interested about learning about STEM,Maybe,3,2,False,Q63_3
R_MK0161224,Girls as Leaders in STEM program,outcomes,More interested about learning about STEM,Yes a little,2,3,False,Q63_3
R_MK0162746,Girls as Leaders in STEM program,outcomes,More interested about learning about STEM,Yes a little,2,3,False,Q63_3
R_MK0164526,Girls as Leaders in STEM program,outcomes,More interested about learning about STEM,Yes a lot,1,4,False,Q63_3
R_MK0168594,Girls as Leaders in STEM program,outcomes,More interested about learning about STEM,Maybe,3,2,False,Q63_3
R_MK0171952,Girls as Leaders in STEM program,outcomes,More interested about learning about STEM,I do not know,5,,True,Q63_3
R_MK0173432,Girls as Leaders in STEM program,outcomes,More interested about learning about STEM,Yes a lot,1,4,False,Q63_3
R_MK0174167,Girls as Leaders in STEM program,outcomes,More interested about learning about STEM,Maybe,3,2,False,Q63_3
R_MK0175836,Girls as Leaders in STEM program,outcomes,More interested about learning about STEM,I do not know,5,,True,Q63_3
R_MK0176600,Girls as Leaders in STEM program,outcomes,More interested about learning about STEM,Yes a little,2,3,False,Q63_3
R_MK0178108,Girls as Leaders in STEM program,outcomes,More interested about learning about STEM,Yes a lot,1,4,False,Q63_3
R_MK0179378,Girls as Leaders in STEM program,outcomes,More interested about learning about STEM,No,4,1,False,Q63_3
R_MK0001265,Girls as Leaders in STEM program,outcomes,More confident in solving STEM problems,Yes a lot,1,4,False,Q63_4
R_MK0002320,Girls as Leaders in STEM program,outcomes,More confident in solving STEM problems,Yes a lot,1,4,False,Q63_4
R_MK0004317,Girls as Leaders in STEM program,outcomes,More confident in solving STEM problems,I do not know,5,,True,Q63_4
R_MK0007539,Girls as Leaders in STEM program,outcomes,More confident in solving STEM problems,Yes a lot,1,4,False,Q63_4
R_MK0008963,Girls as Leaders in STEM program,outcomes,More confident in solving STEM problems,Yes a little,2,3,False,Q63_4
R_MK0012825,Girls as Leaders in STEM program,outcomes,More confident in solving STEM problems,I do not know,5,,True,Q63_4
R_MK0013834,Girls as Leaders in STEM program,outcomes,More confident in solving STEM problems,Maybe,3,2,False,Q63_4
R_MK0014994,Girls as Leaders in STEM program,outcomes,More confident in solving STEM problems,Yes a lot,1,4,False,Q63_4
R_MK0018342,Girls as Leaders in STEM program,outcomes,More confident in solving STEM problems,Yes a lot,1,4,False,Q63_4
R_MK0019683,Girls as Leaders in STEM program,outcomes,More confident in solving STEM problems,Yes a little,2,3,False,Q63_4
R_MK0022405,Girls as Leaders in STEM program,outcomes,More confident in solving STEM problems,Maybe,3,2,False,Q63_4
R_MK0023140,Girls as Leaders in STEM program,outcomes,More confident in solving STEM problems,Yes a little,2,3,False,Q63_4
R_MK0025966,Girls as Leaders in STEM program,outcomes,More confident in solving STEM problems,No,4,1,False,Q63_4
R_MK0027899,Girls as Leaders in STEM program,outcomes,More confident in solving STEM problems,Yes a lot,1,4,False,Q63_4
R_MK0029136,Girls as Leaders in STEM program,outcomes,More confident in solving STEM problems,Yes a little,2,3,False,Q63_4
R_MK0030402,Girls as Leaders in STEM program,outcomes,More confident in solving STEM problems,No,4,1,False,Q63_4
R_MK0032849,Girls as Leaders in STEM program,outcomes,More confident in solving STEM problems,Yes a lot,1,4,False,Q63_4
R_MK0035534,Girls as Leaders in STEM program,outcomes,More confident in solving STEM problems,Yes a lot,1,4,False,Q63_4
R_MK0036294,Girls as Leaders in STEM program,outcomes,More confident in solving STEM problems,Yes a little,2,3,False,Q63_4
R_MK0037202,Girls as Leaders in STEM program,outcomes,More confident in solving STEM problems,Maybe,3,2,False,Q63_4
R_MK0038243,Girls as Leaders in STEM program,outcomes,More confident in solving STEM problems,Yes a little,2,3,False,Q63_4
R_MK0039124,Girls as Leaders in STEM program,outcomes,More confident in solving STEM problems,Yes a little,2,3,False,Q63_4
R_MK0043853,Girls as Leaders in STEM program,outcomes,More confident in solving STEM problems,Maybe,3,2,False,Q63_4
R_MK0044771,Girls as Leaders in STEM program,outcomes,More confident in solving STEM problems,Yes a little,2,3,False,Q63_4
R_MK0046892,Girls as Leaders in STEM program,outcomes,More confident in solving STEM problems,I do not know,5,,True,Q63_4
R_MK0049733,Girls as Leaders in STEM program,outcomes,More confident in solving STEM problems,No,4,1,False,Q63_4
R_MK0050728,Girls as Leaders in STEM program,outcomes,More confident in solving STEM problems,Yes a lot,1,4,False,Q63_4
R_MK0051185,Girls as Leaders in STEM program,outcomes,More confident in solving STEM problems,Yes a little,2,3,False,Q63_4
R_MK0053734,Girls as Leaders in STEM program,outcomes,More confident in solving STEM problems,Yes a little,2,3,False,Q63_4
R_MK0054375,Girls as Leaders in STEM program,outcomes,More confident in solving STEM problems,Yes a little,2,3,False,Q63_4
R_MK0059837,Girls as Leaders in STEM program,outcomes,More confident in solving STEM problems,Yes a lot,1,4,False,Q63_4
R_MK0060527,Girls as Leaders in STEM program,outcomes,More confident in solving STEM problems,Yes a lot,1,4,False,Q63_4
R_MK0061617,Girls as Leaders in STEM program,outcomes,More confident in solving STEM problems,Maybe,3,2,False,Q63_4
R_MK0062899,Girls as Leaders in STEM program,outcomes,More confident in solving STEM problems,Yes a lot,1,4,False,Q63_4
R_MK0063902,Girls as Leaders in STEM program,outcomes,More confident in solving STEM problems,Yes a lot,1,4,False,Q63_4
R_MK0065907,Girls as Leaders in STEM program,outcomes,More confident in solving STEM problems,Yes a lot,1,4,False,Q63_4
R_MK0066500,Girls as Leaders in STEM program,outcomes,More confident in solving STEM problems,Yes a little,2,3,False,Q63_4
R_MK0067466,Girls as Leaders in STEM program,outcomes,More confident in solving STEM problems,I do not know,5,,True,Q63_4
R_MK0069685,Girls as Leaders in STEM program,outcomes,More confident in solving STEM problems,Yes a little,2,3,False,Q63_4
R_MK0071423,Girls as Leaders in STEM program,outcomes,More confident in solving STEM problems,Yes a little,2,3,False,Q63_4
R_MK0072663,Girls as Leaders in STEM program,outcomes,More confident in solving STEM problems,Yes a lot,1,4,False,Q63_4
R_MK0073741,Girls as Leaders in STEM program,outcomes,More confident in solving STEM problems,Yes a lot,1,4,False,Q63_4
R_MK0074273,Girls as Leaders in STEM program,outcomes,More confident in solving STEM problems,Yes a lot,1,4,False,Q63_4
R_MK0076785,Girls as Leaders in STEM program,outcomes,More confident in solving STEM problems,Yes a lot,1,4,False,Q63_4
R_MK0078295,Girls as Leaders in STEM program,outcomes,More confident in solving STEM problems,Yes a little,2,3,False,Q63_4
R_MK0079267,Girls as Leaders in STEM program,outcomes,More confident in solving STEM problems,Yes a lot,1,4,False,Q63_4
R_MK0080359,Girls as Leaders in STEM program,outcomes,More confident in solving STEM problems,Yes a little,2,3,False,Q63_4
R_MK0081202,Girls as Leaders in STEM program,outcomes,More confident in solving STEM problems,Maybe,3,2,False,Q63_4
R_MK0082310,Girls as Leaders in STEM program,outcomes,More confident in solving STEM problems,Maybe,3,2,False,Q63_4
R_MK0084225,Girls as Leaders in STEM program,outcomes,More confident in solving STEM problems,Yes a lot,1,4,False,Q63_4
R_MK0088386,Girls as Leaders in STEM program,outcomes,More confident in solving STEM problems,Yes a lot,1,4,False,Q63_4
R_MK0089973,Girls as Leaders in STEM program,outcomes,More confident in solving STEM problems,Yes a lot,1,4,False,Q63_4
R_MK0090487,Girls as Leaders in STEM program,outcomes,More confident in solving STEM problems,Yes a lot,1,4,False,Q63_4
R_MK0093607,Girls as Leaders in STEM program,outcomes,More confident in solving STEM problems,Maybe,3,2,False,Q63_4
R_MK0095142,Girls as Leaders in STEM program,outcomes,More confident in solving STEM problems,Yes a lot,1,4,False,Q63_4
R_MK0096327,Girls as Leaders in STEM program,outcomes,More confident in solving STEM problems,Yes a little,2,3,False,Q63_4
R_MK0097932,Girls as Leaders in STEM program,outcomes,More confident in solving STEM problems,Yes a little,2,3,False,Q63_4
R_MK0098967,Girls as Leaders in STEM program,outcomes,More confident in solving STEM problems,Maybe,3,2,False,Q63_4
R_MK0099158,Girls as Leaders in STEM program,outcomes,More confident in solving STEM problems,Maybe,3,2,False,Q63_4
R_MK0101806,Girls as Leaders in STEM program,outcomes,More confident in solving STEM problems,Maybe,3,2,False,Q63_4
R_MK0104978,Girls as Leaders in STEM program,outcomes,More confident in solving STEM problems,Yes a little,2,3,False,Q63_4
R_MK0106123,Girls as Leaders in STEM program,outcomes,More confident in solving STEM problems,Yes a lot,1,4,False,Q63_4
R_MK0108835,Girls as Leaders in STEM program,outcomes,More confident in solving STEM problems,Yes a little,2,3,False,Q63_4
R_MK0110762,Girls as Leaders in STEM program,outcomes,More confident in solving STEM problems,Yes a little,2,3,False,Q63_4
R_MK0111624,Girls as Leaders in STEM program,outcomes,More confident in solving STEM problems,Yes a little,2,3,False,Q63_4
R_MK0116915,Girls as Leaders in STEM program,outcomes,More confident in solving STEM problems,I do not know,5,,True,Q63_4
R_MK0117603,Girls as Leaders in STEM program,outcomes,More confident in solving STEM problems,Yes a little,2,3,False,Q63_4
R_MK0118631,Girls as Leaders in STEM program,outcomes,More confident in solving STEM problems,Yes a little,2,3,False,Q63_4
R_MK0119995,Girls as Leaders in STEM program,outcomes,More confident in solving STEM problems,I do not know,5,,True,Q63_4
R_MK0120834,Girls as Leaders in STEM program,outcomes,More confident in solving STEM problems,No,4,1,False,Q63_4
R_MK0122800,Girls as Leaders in STEM program,outcomes,More confident in solving STEM problems,Maybe,3,2,False,Q63_4
R_MK0123453,Girls as Leaders in STEM program,outcomes,More confident in solving STEM problems,Yes a little,2,3,False,Q63_4
R_MK0127853,Girls as Leaders in STEM program,outcomes,More confident in solving STEM problems,Maybe,3,2,False,Q63_4
R_MK0128835,Girls as Leaders in STEM program,outcomes,More confident in solving STEM problems,Yes a lot,1,4,False,Q63_4
R_MK0130464,Girls as Leaders in STEM program,outcomes,More confident in solving STEM problems,I do not know,5,,True,Q63_4
R_MK0132486,Girls as Leaders in STEM program,outcomes,More confident in solving STEM problems,Yes a little,2,3,False,Q63_4
R_MK0133408,Girls as Leaders in STEM program,outcomes,More confident in solving STEM problems,Yes a little,2,3,False,Q63_4
R_MK0137508,Girls as Leaders in STEM program,outcomes,More confident in solving STEM problems,Yes a little,2,3,False,Q63_4
R_MK0138319,Girls as Leaders in STEM program,outcomes,More confident in solving STEM problems,Maybe,3,2,False,Q63_4
R_MK0140416,Girls as Leaders in STEM program,outcomes,More confident in solving STEM problems,Yes a lot,1,4,False,Q63_4
R_MK0141171,Girls as Leaders in STEM program,outcomes,More confident in solving STEM problems,Yes a little,2,3,False,Q63_4
R_MK0142928,Girls as Leaders in STEM program,outcomes,More confident in solving STEM problems,Yes a lot,1,4,False,Q63_4
R_MK0144749,Girls as Leaders in STEM program,outcomes,More confident in solving STEM problems,Yes a little,2,3,False,Q63_4
R_MK0147525,Girls as Leaders in STEM program,outcomes,More confident in solving STEM problems,No,4,1,False,Q63_4
R_MK0151675,Girls as Leaders in STEM program,outcomes,More confident in solving STEM problems,Yes a little,2,3,False,Q63_4
R_MK0152207,Girls as Leaders in STEM program,outcomes,More confident in solving STEM problems,Yes a lot,1,4,False,Q63_4
R_MK0153261,Girls as Leaders in STEM program,outcomes,More confident in solving STEM problems,Yes a lot,1,4,False,Q63_4
R_MK0156575,Girls as Leaders in STEM program,outcomes,More confident in solving STEM problems,Yes a little,2,3,False,Q63_4
R_MK0157758,Girls as Leaders in STEM program,outcomes,More confident in solving STEM problems,Yes a lot,1,4,False,Q63_4
R_MK0158694,Girls as Leaders in STEM program,outcomes,More confident in solving STEM problems,Yes a little,2,3,False,Q63_4
R_MK0161224,Girls as Leaders in STEM program,outcomes,More confident in solving STEM problems,Yes a little,2,3,False,Q63_4
R_MK0162746,Girls as Leaders in STEM program,outcomes,More confident in solving STEM problems,Yes a little,2,3,False,Q63_4
R_MK0164526,Girls as Leaders in STEM program,outcomes,More confident in solving STEM problems,Yes a little,2,3,False,Q63_4
R_MK0168594,Girls as Leaders in STEM program,outcomes,More confident in solving STEM problems,Yes a lot,1,4,False,Q63_4
R_MK0171952,Girls as Leaders in STEM program,outcomes,More confident in solving STEM problems,Yes a lot,1,4,False,Q63_4
R_MK0173432,Girls as Leaders in STEM program,outcomes,More confident in solving STEM problems,Yes a little,2,3,False,Q63_4
R_MK0174167,Girls as Leaders in STEM program,outcomes,More confident in solving STEM problems,Yes a little,2,3,False,Q63_4
R_MK0175836,Girls as Leaders in STEM program,outcomes,More confident in solving STEM problems,Yes a little,2,3,False,Q63_4
R_MK0176600,Girls as Leaders in STEM program,outcomes,More confident in solving STEM problems,Yes a lot,1,4,False,Q63_4
R_MK0178108,Girls as Leaders in STEM program,outcomes,More confident in solving STEM problems,Yes a little,2,3,False,Q63_4
R_MK0179378,Girls as Leaders in STEM program,outcomes,More confident in solving STEM problems,Yes a little,2,3,False,Q63_4
R_MK0001265,Girls as Leaders in STEM program,outcomes,"More comfortable with using tools, technology and equipment",Yes a little,2,3,False,Q63_5
R_MK0002320,Girls as Leaders in STEM program,outcomes,"More comfortable with using tools, technology and equipment",Yes a lot,1,4,False,Q63_5
R_MK0004317,Girls as Leaders in STEM program,outcomes,"More comfortable with using tools, technology and equipment",Maybe,3,2,False,Q63_5
R_MK0007539,Girls as Leaders in STEM program,outcomes,"More comfortable with using tools, technology and equipment",Yes a little,2,3,False,Q63_5
R_MK0008963,Girls as Leaders in STEM program,outcomes,"More comfortable with using tools, technology and equipment",Yes a lot,1,4,False,Q63_5
R_MK0012825,Girls as Leaders in STEM program,outcomes,"More comfortable with using tools, technology and equipment",Yes a lot,1,4,False,Q63_5
R_MK0013834,Girls as Leaders in STEM program,outcomes,"More comfortable with using tools, technology and equipment",Maybe,3,2,False,Q63_5
R_MK0014994,Girls as Leaders in STEM program,outcomes,"More comfortable with using tools, technology and equipment",Yes a little,2,3,False,Q63_5
R_MK0018342,Girls as Leaders in STEM program,outcomes,"More comfortable with using tools, technology and equipment",Yes a little,2,3,False,Q63_5
R_MK0019683,Girls as Leaders in STEM program,outcomes,"More comfortable with using tools, technology and equipment",Yes a little,2,3,False,Q63_5
R_MK0022405,Girls as Leaders in STEM program,outcomes,"More comfortable with using tools, technology and equipment",Yes a little,2,3,False,Q63_5
R_MK0023140,Girls as Leaders in STEM program,outcomes,"More comfortable with using tools, technology and equipment",Yes a lot,1,4,False,Q63_5
R_MK0025966,Girls as Leaders in STEM program,outcomes,"More comfortable with using tools, technology and equipment",Yes a little,2,3,False,Q63_5
R_MK0027899,Girls as Leaders in STEM program,outcomes,"More comfortable with using tools, technology and equipment",Yes a little,2,3,False,Q63_5
R_MK0029136,Girls as Leaders in STEM program,outcomes,"More comfortable with using tools, technology and equipment",Yes a lot,1,4,False,Q63_5
R_MK0030402,Girls as Leaders in STEM program,outcomes,"More comfortable with using tools, technology and equipment",No,4,1,False,Q63_5
R_MK0032849,Girls as Leaders in STEM program,outcomes,"More comfortable with using tools, technology and equipment",Yes a little,2,3,False,Q63_5
R_MK0035534,Girls as Leaders in STEM program,outcomes,"More comfortable with using tools, technology and equipment",Yes a little,2,3,False,Q63_5
R_MK0036294,Girls as Leaders in STEM program,outcomes,"More comfortable with using tools, technology and equipment",Yes a lot,1,4,False,Q63_5
R_MK0037202,Girls as Leaders in STEM program,outcomes,"More comfortable with using tools, technology and equipment",Yes a lot,1,4,False,Q63_5
R_MK0038243,Girls as Leaders in STEM program,outcomes,"More comfortable with using tools, technology and equipment",Yes a little,2,3,False,Q63_5
R_MK0039124,Girls as Leaders in STEM program,outcomes,"More comfortable with using tools, technology and equipment",Maybe,3,2,False,Q63_5
R_MK0043853,Girls as Leaders in STEM program,outcomes,"More comfortable with using tools, technology and equipment",Yes a lot,1,4,False,Q63_5
R_MK0044771,Girls as Leaders in STEM program,outcomes,"More comfortable with using tools, technology and equipment",Maybe,3,2,False,Q63_5
R_MK0046892,Girls as Leaders in STEM program,outcomes,"More comfortable with using tools, technology and equipment",Maybe,3,2,False,Q63_5
R_MK0049733,Girls as Leaders in STEM program,outcomes,"More comfortable with using tools, technology and equipment",Maybe,3,2,False,Q63_5
R_MK0050728,Girls as Leaders in STEM program,outcomes,"More comfortable with using tools, technology and equipment",No,4,1,False,Q63_5
R_MK0051185,Girls as Leaders in STEM program,outcomes,"More comfortable with using tools, technology and equipment",Yes a lot,1,4,False,Q63_5
R_MK0053734,Girls as Leaders in STEM program,outcomes,"More comfortable with using tools, technology and equipment",No,4,1,False,Q63_5
R_MK0054375,Girls as Leaders in STEM program,outcomes,"More comfortable with using tools, technology and equipment",Yes a little,2,3,False,Q63_5
R_MK0059837,Girls as Leaders in STEM program,outcomes,"More comfortable with using tools, technology and equipment",No,4,1,False,Q63_5
R_MK0060527,Girls as Leaders in STEM program,outcomes,"More comfortable with using tools, technology and equipment",Maybe,3,2,False,Q63_5
R_MK0061617,Girls as Leaders in STEM program,outcomes,"More comfortable with using tools, technology and equipment",No,4,1,False,Q63_5
R_MK0062899,Girls as Leaders in STEM program,outcomes,"More comfortable with using tools, technology and equipment",Maybe,3,2,False,Q63_5
R_MK0063902,Girls as Leaders in STEM program,outcomes,"More comfortable with using tools, technology and equipment",Maybe,3,2,False,Q63_5
R_MK0065907,Girls as Leaders in STEM program,outcomes,"More comfortable with using tools, technology and equipment",Yes a little,2,3,False,Q63_5
R_MK0066500,Girls as Leaders in STEM program,outcomes,"More comfortable with using tools, technology and equipment",Yes a little,2,3,False,Q63_5
R_MK0067466,Girls as Leaders in STEM program,outcomes,"More comfortable with using tools, technology and equipment",Yes a lot,1,4,False,Q63_5
R_MK0069685,Girls as Leaders in STEM program,outcomes,"More comfortable with using tools, technology and equipment",Yes a lot,1,4,False,Q63_5
R_MK0071423,Girls as Leaders in STEM program,outcomes,"More comfortable with using tools, technology and equipment",No,4,1,False,Q63_5
R_MK0072663,Girls as Leaders in STEM program,outcomes,"More comfortable with using tools, technology and equipment",Yes a lot,1,4,False,Q63_5
R_MK0073741,Girls as Leaders in STEM program,outcomes,"More comfortable with using tools, technology and equipment",Yes a little,2,3,False,Q63_5
R_MK0074273,Girls as Leaders in STEM program,outcomes,"More comfortable with using tools, technology and equipment",Maybe,3,2,False,Q63_5
R_MK0076785,Girls as Leaders in STEM program,outcomes,"More comfortable with using tools, technology and equipment",Yes a little,2,3,False,Q63_5
R_MK0078295,Girls as Leaders in STEM program,outcomes,"More comfortable with using tools, technology and equipment",Yes a lot,1,4,False,Q63_5
R_MK0079267,Girls as Leaders in STEM program,outcomes,"More comfortable with using tools, technology and equipment",Maybe,3,2,False,Q63_5
R_MK0080359,Girls as Leaders in STEM program,outcomes,"More comfortable with using tools, technology and equipment",Yes a lot,1,4,False,Q63_5
R_MK0081202,Girls as Leaders in STEM program,outcomes,"More comfortable with using tools, technology and equipment",No,4,1,False,Q63_5
R_MK0082310,Girls as Leaders in STEM program,outcomes,"More comfortable with using tools, technology and equipment",Maybe,3,2,False,Q63_5
R_MK0084225,Girls as Leaders in STEM program,outcomes,"More comfortable with using tools, technology and equipment",Yes a little,2,3,False,Q63_5
R_MK0088386,Girls as Leaders in STEM program,outcomes,"More comfortable with using tools, technology and equipment",Yes a lot,1,4,False,Q63_5
R_MK0089973,Girls as Leaders in STEM program,outcomes,"More comfortable with using tools, technology and equipment",No,4,1,False,Q63_5
R_MK0090487,Girls as Leaders in STEM program,outcomes,"More comfortable with using tools, technology and equipment",Maybe,3,2,False,Q63_5
R_MK0093607,Girls as Leaders in STEM program,outcomes,"More comfortable with using tools, technology and equipment",Yes a little,2,3,False,Q63_5
R_MK0095142,Girls as Leaders in STEM program,outcomes,"More comfortable with using tools, technology and equipment",Yes a little,2,3,False,Q63_5
R_MK0096327,Girls as Leaders in STEM program,outcomes,"More comfortable with using tools, technology and equipment",Maybe,3,2,False,Q63_5
R_MK0097932,Girls as Leaders in STEM program,outcomes,"More comfortable with using tools, technology and equipment",I do not know,5,,True,Q63_5
R_MK0098967,Girls as Leaders in STEM program,outcomes,"More comfortable with using tools, technology and equipment",Yes a lot,1,4,False,Q63_5
R_MK0099158,Girls as Leaders in STEM program,outcomes,"More comfortable with using tools, technology and equipment",Yes a lot,1,4,False,Q63_5
R_MK0101806,Girls as Leaders in STEM program,outcomes,"More comfortable with using tools, technology and equipment",Yes a little,2,3,False,Q63_5
R_MK0104978,Girls as Leaders in STEM program,outcomes,"More comfortable with using tools, technology and equipment",Yes a little,2,3,False,Q63_5
R_MK0106123,Girls as Leaders in STEM program,outcomes,"More comfortable with using tools, technology and equipment",Yes a lot,1,4,False,Q63_5
R_MK0108835,Girls as Leaders in STEM program,outcomes,"More comfortable with using tools, technology and equipment",Yes a lot,1,4,False,Q63_5
R_MK0110762,Girls as Leaders in STEM program,outcomes,"More comfortable with using tools, technology and equipment",No,4,1,False,Q63_5
R_MK0111624,Girls as Leaders in STEM program,outcomes,"More comfortable with using tools, technology and equipment",Maybe,3,2,False,Q63_5
R_MK0116915,Girls as Leaders in STEM program,outcomes,"More comfortable with using tools, technology and equipment",Yes a little,2,3,False,Q63_5
R_MK0117603,Girls as Leaders in STEM program,outcomes,"More comfortable with using tools, technology and equipment",Yes a little,2,3,False,Q63_5
R_MK0118631,Girls as Leaders in STEM program,outcomes,"More comfortable with using tools, technology and equipment",No,4,1,False,Q63_5
R_MK0119995,Girls as Leaders in STEM program,outcomes,"More comfortable with using tools, technology and equipment",Yes a lot,1,4,False,Q63_5
R_MK0120834,Girls as Leaders in STEM program,outcomes,"More comfortable with using tools, technology and equipment",Yes a little,2,3,False,Q63_5
R_MK0122800,Girls as Leaders in STEM program,outcomes,"More comfortable with using tools, technology and equipment",Yes a little,2,3,False,Q63_5
R_MK0123453,Girls as Leaders in STEM program,outcomes,"More comfortable with using tools, technology and equipment",Yes a lot,1,4,False,Q63_5
R_MK0127853,Girls as Leaders in STEM program,outcomes,"More comfortable with using tools, technology and equipment",Yes a lot,1,4,False,Q63_5
R_MK0128835,Girls as Leaders in STEM program,outcomes,"More comfortable with using tools, technology and equipment",I do not know,5,,True,Q63_5
R_MK0130464,Girls as Leaders in STEM program,outcomes,"More comfortable with using tools, technology and equipment",Yes a lot,1,4,False,Q63_5
R_MK0132486,Girls as Leaders in STEM program,outcomes,"More comfortable with using tools, technology and equipment",Yes a little,2,3,False,Q63_5
R_MK0133408,Girls as Leaders in STEM program,outcomes,"More comfortable with using tools, technology and equipment",Yes a lot,1,4,False,Q63_5
R_MK0137508,Girls as Leaders in STEM program,outcomes,"More comfortable with using tools, technology and equipment",Yes a little,2,3,False,Q63_5
R_MK0138319,Girls as Leaders in STEM program,outcomes,"More comfortable with using tools, technology and equipment",No,4,1,False,Q63_5
R_MK0140416,Girls as Leaders in STEM program,outcomes,"More comfortable with using tools, technology and equipment",Yes a little,2,3,False,Q63_5
R_MK0141171,Girls as Leaders in STEM program,outcomes,"More comfortable with using tools, technology and equipment",Yes a little,2,3,False,Q63_5
R_MK0142928,Girls as Leaders in STEM program,outcomes,"More comfortable with using tools, technology and equipment",Yes a lot,1,4,False,Q63_5
R_MK0144749,Girls as Leaders in STEM program,outcomes,"More comfortable with using tools, technology and equipment",Yes a little,2,3,False,Q63_5
R_MK0147525,Girls as Leaders in STEM program,outcomes,"More comfortable with using tools, technology and equipment",Yes a lot,1,4,False,Q63_5
R_MK0151675,Girls as Leaders in STEM program,outcomes,"More comfortable with using tools, technology and equipment",Yes a lot,1,4,False,Q63_5
R_MK0152207,Girls as Leaders in STEM program,outcomes,"More comfortable with using tools, technology and equipment",I do not know,5,,True,Q63_5
R_MK0153261,Girls as Leaders in STEM program,outcomes,"More comfortable with using tools, technology and equipment",Yes a little,2,3,False,Q63_5
R_MK0156575,Girls as Leaders in STEM program,outcomes,"More comfortable with using tools, technology and equipment",Yes a little,2,3,False,Q63_5
R_MK0157758,Girls as Leaders in STEM program,outcomes,"More comfortable with using tools, technology and equipment",Yes a little,2,3,False,Q63_5
R_MK0158694,Girls as Leaders in STEM program,outcomes,"More comfortable with using tools, technology and equipment",Maybe,3,2,False,Q63_5
R_MK0161224,Girls as Leaders in STEM program,outcomes,"More comfortable with using tools, technology and equipment",Yes a little,2,3,False,Q63_5
R_MK0162746,Girls as Leaders in STEM program,outcomes,"More comfortable with using tools, technology and equipment",Yes a lot,1,4,False,Q63_5
R_MK0164526,Girls as Leaders in STEM program,outcomes,"More comfortable with using tools, technology and equipment",Yes a little,2,3,False,Q63_5
R_MK0168594,Girls as Leaders in STEM program,outcomes,"More comfortable with using tools, technology and equipment",Yes a lot,1,4,False,Q63_5
R_MK0171952,Girls as Leaders in STEM program,outcomes,"More comfortable with using tools, technology and equipment",Maybe,3,2,False,Q63_5
R_MK0173432,Girls as Leaders in STEM program,outcomes,"More comfortable with using tools, technology and equipment",Yes a lot,1,4,False,Q63_5
R_MK0174167,Girls as Leaders in STEM program,outcomes,"More comfortable with using tools, technology and equipment",Yes a little,2,3,False,Q63_5
R_MK0175836,Girls as Leaders in STEM program,outcomes,"More comfortable with using tools, technology and equipment",Maybe,3,2,False,Q63_5
R_MK0176600,Girls as Leaders in STEM program,outcomes,"More comfortable with using tools, technology and equipment",No,4,1,False,Q63_5
R_MK0178108,Girls as Leaders in STEM program,outcomes,"More comfortable with using tools, technology and equipment",Yes a lot,1,4,False,Q63_5
R_MK0179378,Girls as Leaders in STEM program,outcomes,"More comfortable with using tools, technology and equipment",No,4,1,False,Q63_5
R_MK0001265,Girls as Leaders in STEM program,outcomes,More comfortable working in teams,Yes a lot,1,4,False,Q63_6
R_MK0002320,Girls as Leaders in STEM program,outcomes,More comfortable working in teams,No,4,1,False,Q63_6
R_MK0004317,Girls as Leaders in STEM program,outcomes,More comfortable working in teams,Yes a lot,1,4,False,Q63_6
R_MK0007539,Girls as Leaders in STEM program,outcomes,More comfortable working in teams,Yes a little,2,3,False,Q63_6
R_MK0008963,Girls as Leaders in STEM program,outcomes,More comfortable working in teams,Yes a lot,1,4,False,Q63_6
R_MK0012825,Girls as Leaders in STEM program,outcomes,More comfortable working in teams,No,4,1,False,Q63_6
R_MK0013834,Girls as Leaders in STEM program,outcomes,More comfortable working in teams,No,4,1,False,Q63_6
R_MK0014994,Girls as Leaders in STEM program,outcomes,More comfortable working in teams,Yes a little,2,3,False,Q63_6
R_MK0018342,Girls as Leaders in STEM program,outcomes,More comfortable working in teams,Yes a little,2,3,False,Q63_6
R_MK0019683,Girls as Leaders in STEM program,outcomes,More comfortable working in teams,Yes a little,2,3,False,Q63_6
R_MK0022405,Girls as Leaders in STEM program,outcomes,More comfortable working in teams,Yes a lot,1,4,False,Q63_6
R_MK0023140,Girls as Leaders in STEM program,outcomes,More comfortable working in teams,Yes a little,2,3,False,Q63_6
R_MK0025966,Girls as Leaders in STEM program,outcomes,More comfortable working in teams,Yes a little,2,3,False,Q63_6
R_MK0027899,Girls as Leaders in STEM program,outcomes,More comfortable working in teams,Yes a little,2,3,False,Q63_6
R_MK0029136,Girls as Leaders in STEM program,outcomes,More comfortable working in teams,Yes a little,2,3,False,Q63_6
R_MK0030402,Girls as Leaders in STEM program,outcomes,More comfortable working in teams,Yes a lot,1,4,False,Q63_6
R_MK0032849,Girls as Leaders in STEM program,outcomes,More comfortable working in teams,Yes a little,2,3,False,Q63_6
R_MK0035534,Girls as Leaders in STEM program,outcomes,More comfortable working in teams,Yes a little,2,3,False,Q63_6
R_MK0036294,Girls as Leaders in STEM program,outcomes,More comfortable working in teams,Yes a little,2,3,False,Q63_6
R_MK0037202,Girls as Leaders in STEM program,outcomes,More comfortable working in teams,I do not know,5,,True,Q63_6
R_MK0038243,Girls as Leaders in STEM program,outcomes,More comfortable working in teams,Yes a little,2,3,False,Q63_6
R_MK0039124,Girls as Leaders in STEM program,outcomes,More comfortable working in teams,No,4,1,False,Q63_6
R_MK0043853,Girls as Leaders in STEM program,outcomes,More comfortable working in teams,Maybe,3,2,False,Q63_6
R_MK0044771,Girls as Leaders in STEM program,outcomes,More comfortable working in teams,Yes a lot,1,4,False,Q63_6
R_MK0046892,Girls as Leaders in STEM program,outcomes,More comfortable working in teams,No,4,1,False,Q63_6
R_MK0049733,Girls as Leaders in STEM program,outcomes,More comfortable working in teams,I do not know,5,,True,Q63_6
R_MK0050728,Girls as Leaders in STEM program,outcomes,More comfortable working in teams,No,4,1,False,Q63_6
R_MK0051185,Girls as Leaders in STEM program,outcomes,More comfortable working in teams,Maybe,3,2,False,Q63_6
R_MK0053734,Girls as Leaders in STEM program,outcomes,More comfortable working in teams,Yes a little,2,3,False,Q63_6
R_MK0054375,Girls as Leaders in STEM program,outcomes,More comfortable working in teams,Yes a lot,1,4,False,Q63_6
R_MK0059837,Girls as Leaders in STEM program,outcomes,More comfortable working in teams,Yes a little,2,3,False,Q63_6
R_MK0060527,Girls as Leaders in STEM program,outcomes,More comfortable working in teams,Yes a little,2,3,False,Q63_6
R_MK0061617,Girls as Leaders in STEM program,outcomes,More comfortable working in teams,Maybe,3,2,False,Q63_6
R_MK0062899,Girls as Leaders in STEM program,outcomes,More comfortable working in teams,Yes a lot,1,4,False,Q63_6
R_MK0063902,Girls as Leaders in STEM program,outcomes,More comfortable working in teams,Yes a lot,1,4,False,Q63_6
R_MK0065907,Girls as Leaders in STEM program,outcomes,More comfortable working in teams,Maybe,3,2,False,Q63_6
R_MK0066500,Girls as Leaders in STEM program,outcomes,More comfortable working in teams,Maybe,3,2,False,Q63_6
R_MK0067466,Girls as Leaders in STEM program,outcomes,More comfortable working in teams,Yes a lot,1,4,False,Q63_6
R_MK0069685,Girls as Leaders in STEM program,outcomes,More comfortable working in teams,Yes a little,2,3,False,Q63_6
R_MK0071423,Girls as Leaders in STEM program,outcomes,More comfortable working in teams,Yes a lot,1,4,False,Q63_6
R_MK0072663,Girls as Leaders in STEM program,outcomes,More comfortable working in teams,Yes a lot,1,4,False,Q63_6
R_MK0073741,Girls as Leaders in STEM program,outcomes,More comfortable working in teams,No,4,1,False,Q63_6
R_MK0074273,Girls as Leaders in STEM program,outcomes,More comfortable working in teams,No,4,1,False,Q63_6
R_MK0076785,Girls as Leaders in STEM program,outcomes,More comfortable working in teams,Maybe,3,2,False,Q63_6
R_MK0078295,Girls as Leaders in STEM program,outcomes,More comfortable working in teams,Maybe,3,2,False,Q63_6
R_MK0079267,Girls as Leaders in STEM program,outcomes,More comfortable working in teams,No,4,1,False,Q63_6
R_MK0080359,Girls as Leaders in STEM program,outcomes,More comfortable working in teams,Maybe,3,2,False,Q63_6
R_MK0081202,Girls as Leaders in STEM program,outcomes,More comfortable working in teams,Yes a little,2,3,False,Q63_6
R_MK0082310,Girls as Leaders in STEM program,outcomes,More comfortable working in teams,Yes a little,2,3,False,Q63_6
R_MK0084225,Girls as Leaders in STEM program,outcomes,More comfortable working in teams,Yes a lot,1,4,False,Q63_6
R_MK0088386,Girls as Leaders in STEM program,outcomes,More comfortable working in teams,Yes a little,2,3,False,Q63_6
R_MK0089973,Girls as Leaders in STEM program,outcomes,More comfortable working in teams,Yes a lot,1,4,False,Q63_6
R_MK0090487,Girls as Leaders in STEM program,outcomes,More comfortable working in teams,Yes a little,2,3,False,Q63_6
R_MK0093607,Girls as Leaders in STEM program,outcomes,More comfortable working in teams,Yes a little,2,3,False,Q63_6
R_MK0095142,Girls as Leaders in STEM program,outcomes,More comfortable working in teams,Yes a little,2,3,False,Q63_6
R_MK0096327,Girls as Leaders in STEM program,outcomes,More comfortable working in teams,Maybe,3,2,False,Q63_6
R_MK0097932,Girls as Leaders in STEM program,outcomes,More comfortable working in teams,Yes a lot,1,4,False,Q63_6
R_MK0098967,Girls as Leaders in STEM program,outcomes,More comfortable working in teams,I do not know,5,,True,Q63_6
R_MK0099158,Girls as Leaders in STEM program,outcomes,More comfortable working in teams,Yes a lot,1,4,False,Q63_6
R_MK0101806,Girls as Leaders in STEM program,outcomes,More comfortable working in teams,Yes a little,2,3,False,Q63_6
R_MK0104978,Girls as Leaders in STEM program,outcomes,More comfortable working in teams,Yes a lot,1,4,False,Q63_6
R_MK0106123,Girls as Leaders in STEM program,outcomes,More comfortable working in teams,Maybe,3,2,False,Q63_6
R_MK0108835,Girls as Leaders in STEM program,outcomes,More comfortable working in teams,Maybe,3,2,False,Q63_6
R_MK0110762,Girls as Leaders in STEM program,outcomes,More comfortable working in teams,Yes a little,2,3,False,Q63_6
R_MK0111624,Girls as Leaders in STEM program,outcomes,More comfortable working in teams,Yes a little,2,3,False,Q63_6
R_MK0116915,Girls as Leaders in STEM program,outcomes,More comfortable working in teams,Yes a little,2,3,False,Q63_6
R_MK0117603,Girls as Leaders in STEM program,outcomes,More comfortable working in teams,Yes a little,2,3,False,Q63_6
R_MK0118631,Girls as Leaders in STEM program,outcomes,More comfortable working in teams,Yes a lot,1,4,False,Q63_6
R_MK0119995,Girls as Leaders in STEM program,outcomes,More comfortable working in teams,Yes a lot,1,4,False,Q63_6
R_MK0120834,Girls as Leaders in STEM program,outcomes,More comfortable working in teams,Yes a little,2,3,False,Q63_6
R_MK0122800,Girls as Leaders in STEM program,outcomes,More comfortable working in teams,Yes a little,2,3,False,Q63_6
R_MK0123453,Girls as Leaders in STEM program,outcomes,More comfortable working in teams,Yes a little,2,3,False,Q63_6
R_MK0127853,Girls as Leaders in STEM program,outcomes,More comfortable working in teams,Yes a lot,1,4,False,Q63_6
R_MK0128835,Girls as Leaders in STEM program,outcomes,More comfortable working in teams,Yes a little,2,3,False,Q63_6
R_MK0130464,Girls as Leaders in STEM program,outcomes,More comfortable working in teams,Yes a little,2,3,False,Q63_6
R_MK0132486,Girls as Leaders in STEM program,outcomes,More comfortable working in teams,Yes a little,2,3,False,Q63_6
R_MK0133408,Girls as Leaders in STEM program,outcomes,More comfortable working in teams,Yes a little,2,3,False,Q63_6
R_MK0137508,Girls as Leaders in STEM program,outcomes,More comfortable working in teams,Yes a lot,1,4,False,Q63_6
R_MK0138319,Girls as Leaders in STEM program,outcomes,More comfortable working in teams,Yes a little,2,3,False,Q63_6
R_MK0140416,Girls as Leaders in STEM program,outcomes,More comfortable working in teams,I do not know,5,,True,Q63_6
R_MK0141171,Girls as Leaders in STEM program,outcomes,More comfortable working in teams,Yes a little,2,3,False,Q63_6
R_MK0142928,Girls as Leaders in STEM program,outcomes,More comfortable working in teams,Yes a lot,1,4,False,Q63_6
R_MK0144749,Girls as Leaders in STEM program,outcomes,More comfortable working in teams,Maybe,3,2,False,Q63_6
R_MK0147525,Girls as Leaders in STEM program,outcomes,More comfortable working in teams,Yes a lot,1,4,False,Q63_6
R_MK0151675,Girls as Leaders in STEM program,outcomes,More comfortable working in teams,Yes a lot,1,4,False,Q63_6
R_MK0152207,Girls as Leaders in STEM program,outcomes,More comfortable working in teams,No,4,1,False,Q63_6
R_MK0153261,Girls as Leaders in STEM program,outcomes,More comfortable working in teams,Yes a lot,1,4,False,Q63_6
R_MK0156575,Girls as Leaders in STEM program,outcomes,More comfortable working in teams,Yes a little,2,3,False,Q63_6
R_MK0157758,Girls as Leaders in STEM program,outcomes,More comfortable working in teams,I do not know,5,,True,Q63_6
R_MK0158694,Girls as Leaders in STEM program,outcomes,More comfortable working in teams,I do not know,5,,True,Q63_6
R_MK0161224,Girls as Leaders in STEM program,outcomes,More comfortable working in teams,Yes a lot,1,4,False,Q63_6
R_MK0162746,Girls as Leaders in STEM program,outcomes,More comfortable working in teams,Maybe,3,2,False,Q63_6
R_MK0164526,Girls as Leaders in STEM program,outcomes,More comfortable working in teams,Yes a lot,1,4,False,Q63_6
R_MK0168594,Girls as Leaders in STEM program,outcomes,More comfortable working in teams,Yes a lot,1,4,False,Q63_6
R_MK0171952,Girls as Leaders in STEM program,outcomes,More comfortable working in teams,Yes a little,2,3,False,Q63_6
R_MK0173432,Girls as Leaders in STEM program,outcomes,More comfortable working in teams,Yes a lot,1,4,False,Q63_6
R_MK0174167,Girls as Leaders in STEM program,outcomes,More comfortable working in teams,Yes a lot,1,4,False,Q63_6
R_MK0175836,Girls as Leaders in STEM program,outcomes,More comfortable working in teams,Maybe,3,2,False,Q63_6
R_MK0176600,Girls as Leaders in STEM program,outcomes,More comfortable working in teams,Maybe,3,2,False,Q63_6
R_MK0178108,Girls as Leaders in STEM program,outcomes,More comfortable working in teams,I do not know,5,,True,Q63_6
R_MK0179378,Girls as Leaders in STEM program,outcomes,More comfortable working in teams,Yes a lot,1,4,False,Q63_6
R_MK0001265,Girls as Leaders in STEM program,outcomes,More confident in communicating and sharing my ideas,Yes a lot,1,4,False,Q63_7
R_MK0002320,Girls as Leaders in STEM program,outcomes,More confident in communicating and sharing my ideas,Maybe,3,2,False,Q63_7
R_MK0004317,Girls as Leaders in STEM program,outcomes,More confident in communicating and sharing my ideas,Yes a little,2,3,False,Q63_7
R_MK0007539,Girls as Leaders in STEM program,outcomes,More confident in communicating and sharing my ideas,Yes a little,2,3,False,Q63_7
R_MK0008963,Girls as Leaders in STEM program,outcomes,More confident in communicating and sharing my ideas,Yes a lot,1,4,False,Q63_7
R_MK0012825,Girls as Leaders in STEM program,outcomes,More confident in communicating and sharing my ideas,Yes a lot,1,4,False,Q63_7
R_MK0013834,Girls as Leaders in STEM program,outcomes,More confident in communicating and sharing my ideas,Maybe,3,2,False,Q63_7
R_MK0014994,Girls as Leaders in STEM program,outcomes,More confident in communicating and sharing my ideas,Yes a lot,1,4,False,Q63_7
R_MK0018342,Girls as Leaders in STEM program,outcomes,More confident in communicating and sharing my ideas,Yes a little,2,3,False,Q63_7
R_MK0019683,Girls as Leaders in STEM program,outcomes,More confident in communicating and sharing my ideas,Yes a lot,1,4,False,Q63_7
R_MK0022405,Girls as Leaders in STEM program,outcomes,More confident in communicating and sharing my ideas,Yes a little,2,3,False,Q63_7
R_MK0023140,Girls as Leaders in STEM program,outcomes,More confident in communicating and sharing my ideas,Yes a lot,1,4,False,Q63_7
R_MK0025966,Girls as Leaders in STEM program,outcomes,More confident in communicating and sharing my ideas,Yes a little,2,3,False,Q63_7
R_MK0027899,Girls as Leaders in STEM program,outcomes,More confident in communicating and sharing my ideas,Yes a little,2,3,False,Q63_7
R_MK0029136,Girls as Leaders in STEM program,outcomes,More confident in communicating and sharing my ideas,Maybe,3,2,False,Q63_7
R_MK0030402,Girls as Leaders in STEM program,outcomes,More confident in communicating and sharing my ideas,Yes a little,2,3,False,Q63_7
R_MK0032849,Girls as Leaders in STEM program,outcomes,More confident in communicating and sharing my ideas,Maybe,3,2,False,Q63_7
R_MK0035534,Girls as Leaders in STEM program,outcomes,More confident in communicating and sharing my ideas,I do not know,5,,True,Q63_7
R_MK0036294,Girls as Leaders in STEM program,outcomes,More confident in communicating and sharing my ideas,Yes a lot,1,4,False,Q63_7
R_MK0037202,Girls as Leaders in STEM program,outcomes,More confident in communicating and sharing my ideas,Maybe,3,2,False,Q63_7
R_MK0038243,Girls as Leaders in STEM program,outcomes,More confident in communicating and sharing my ideas,Yes a little,2,3,False,Q63_7
R_MK0039124,Girls as Leaders in STEM program,outcomes,More confident in communicating and sharing my ideas,No,4,1,False,Q63_7
R_MK0043853,Girls as Leaders in STEM program,outcomes,More confident in communicating and sharing my ideas,No,4,1,False,Q63_7
R_MK0044771,Girls as Leaders in STEM program,outcomes,More confident in communicating and sharing my ideas,I do not know,5,,True,Q63_7
R_MK0046892,Girls as Leaders in STEM program,outcomes,More confident in communicating and sharing my ideas,Maybe,3,2,False,Q63_7
R_MK0049733,Girls as Leaders in STEM program,outcomes,More confident in communicating and sharing my ideas,No,4,1,False,Q63_7
R_MK0050728,Girls as Leaders in STEM program,outcomes,More confident in communicating and sharing my ideas,Yes a little,2,3,False,Q63_7
R_MK0051185,Girls as Leaders in STEM program,outcomes,More confident in communicating and sharing my ideas,Maybe,3,2,False,Q63_7
R_MK0053734,Girls as Leaders in STEM program,outcomes,More confident in communicating and sharing my ideas,Yes a little,2,3,False,Q63_7
R_MK0054375,Girls as Leaders in STEM program,outcomes,More confident in communicating and sharing my ideas,Maybe,3,2,False,Q63_7
R_MK0059837,Girls as Leaders in STEM program,outcomes,More confident in communicating and sharing my ideas,Yes a lot,1,4,False,Q63_7
R_MK0060527,Girls as Leaders in STEM program,outcomes,More confident in communicating and sharing my ideas,Yes a lot,1,4,False,Q63_7
R_MK0061617,Girls as Leaders in STEM program,outcomes,More confident in communicating and sharing my ideas,Yes a little,2,3,False,Q63_7
R_MK0062899,Girls as Leaders in STEM program,outcomes,More confident in communicating and sharing my ideas,No,4,1,False,Q63_7
R_MK0063902,Girls as Leaders in STEM program,outcomes,More confident in communicating and sharing my ideas,Yes a lot,1,4,False,Q63_7
R_MK0065907,Girls as Leaders in STEM program,outcomes,More confident in communicating and sharing my ideas,Maybe,3,2,False,Q63_7
R_MK0066500,Girls as Leaders in STEM program,outcomes,More confident in communicating and sharing my ideas,No,4,1,False,Q63_7
R_MK0067466,Girls as Leaders in STEM program,outcomes,More confident in communicating and sharing my ideas,Yes a little,2,3,False,Q63_7
R_MK0069685,Girls as Leaders in STEM program,outcomes,More confident in communicating and sharing my ideas,Yes a little,2,3,False,Q63_7
R_MK0071423,Girls as Leaders in STEM program,outcomes,More confident in communicating and sharing my ideas,Yes a little,2,3,False,Q63_7
R_MK0072663,Girls as Leaders in STEM program,outcomes,More confident in communicating and sharing my ideas,Maybe,3,2,False,Q63_7
R_MK0073741,Girls as Leaders in STEM program,outcomes,More confident in communicating and sharing my ideas,Yes a little,2,3,False,Q63_7
R_MK0074273,Girls as Leaders in STEM program,outcomes,More confident in communicating and sharing my ideas,Yes a lot,1,4,False,Q63_7
R_MK0076785,Girls as Leaders in STEM program,outcomes,More confident in communicating and sharing my ideas,Yes a little,2,3,False,Q63_7
R_MK0078295,Girls as Leaders in STEM program,outcomes,More confident in communicating and sharing my ideas,No,4,1,False,Q63_7
R_MK0079267,Girls as Leaders in STEM program,outcomes,More confident in communicating and sharing my ideas,Maybe,3,2,False,Q63_7
R_MK0080359,Girls as Leaders in STEM program,outcomes,More confident in communicating and sharing my ideas,Yes a little,2,3,False,Q63_7
R_MK0081202,Girls as Leaders in STEM program,outcomes,More confident in communicating and sharing my ideas,No,4,1,False,Q63_7
R_MK0082310,Girls as Leaders in STEM program,outcomes,More confident in communicating and sharing my ideas,Yes a little,2,3,False,Q63_7
R_MK0084225,Girls as Leaders in STEM program,outcomes,More confident in communicating and sharing my ideas,Yes a little,2,3,False,Q63_7
R_MK0088386,Girls as Leaders in STEM program,outcomes,More confident in communicating and sharing my ideas,Yes a little,2,3,False,Q63_7
R_MK0089973,Girls as Leaders in STEM program,outcomes,More confident in communicating and sharing my ideas,Yes a little,2,3,False,Q63_7
R_MK0090487,Girls as Leaders in STEM program,outcomes,More confident in communicating and sharing my ideas,Yes a lot,1,4,False,Q63_7
R_MK0093607,Girls as Leaders in STEM program,outcomes,More confident in communicating and sharing my ideas,Maybe,3,2,False,Q63_7
R_MK0095142,Girls as Leaders in STEM program,outcomes,More confident in communicating and sharing my ideas,I do not know,5,,True,Q63_7
R_MK0096327,Girls as Leaders in STEM program,outcomes,More confident in communicating and sharing my ideas,Maybe,3,2,False,Q63_7
R_MK0097932,Girls as Leaders in STEM program,outcomes,More confident in communicating and sharing my ideas,Yes a lot,1,4,False,Q63_7
R_MK0098967,Girls as Leaders in STEM program,outcomes,More confident in communicating and sharing my ideas,Yes a lot,1,4,False,Q63_7
R_MK0099158,Girls as Leaders in STEM program,outcomes,More confident in communicating and sharing my ideas,Yes a lot,1,4,False,Q63_7
R_MK0101806,Girls as Leaders in STEM program,outcomes,More confident in communicating and sharing my ideas,Yes a little,2,3,False,Q63_7
R_MK0104978,Girls as Leaders in STEM program,outcomes,More confident in communicating and sharing my ideas,Yes a little,2,3,False,Q63_7
R_MK0106123,Girls as Leaders in STEM program,outcomes,More confident in communicating and sharing my ideas,Yes a little,2,3,False,Q63_7
R_MK0108835,Girls as Leaders in STEM program,outcomes,More confident in communicating and sharing my ideas,Yes a little,2,3,False,Q63_7
R_MK0110762,Girls as Leaders in STEM program,outcomes,More confident in communicating and sharing my ideas,No,4,1,False,Q63_7
R_MK0111624,Girls as Leaders in STEM program,outcomes,More confident in communicating and sharing my ideas,Yes a little,2,3,False,Q63_7
R_MK0116915,Girls as Leaders in STEM program,outcomes,More confident in communicating and sharing my ideas,Yes a lot,1,4,False,Q63_7
R_MK0117603,Girls as Leaders in STEM program,outcomes,More confident in communicating and sharing my ideas,Yes a little,2,3,False,Q63_7
R_MK0118631,Girls as Leaders in STEM program,outcomes,More confident in communicating and sharing my ideas,Yes a lot,1,4,False,Q63_7
R_MK0119995,Girls as Leaders in STEM program,outcomes,More confident in communicating and sharing my ideas,Yes a lot,1,4,False,Q63_7
R_MK0120834,Girls as Leaders in STEM program,outcomes,More confident in communicating and sharing my ideas,Yes a lot,1,4,False,Q63_7
R_MK0122800,Girls as Leaders in STEM program,outcomes,More confident in communicating and sharing my ideas,Yes a lot,1,4,False,Q63_7
R_MK0123453,Girls as Leaders in STEM program,outcomes,More confident in communicating and sharing my ideas,Yes a lot,1,4,False,Q63_7
R_MK0127853,Girls as Leaders in STEM program,outcomes,More confident in communicating and sharing my ideas,Yes a lot,1,4,False,Q63_7
R_MK0128835,Girls as Leaders in STEM program,outcomes,More confident in communicating and sharing my ideas,Yes a little,2,3,False,Q63_7
R_MK0130464,Girls as Leaders in STEM program,outcomes,More confident in communicating and sharing my ideas,Yes a little,2,3,False,Q63_7
R_MK0132486,Girls as Leaders in STEM program,outcomes,More confident in communicating and sharing my ideas,Yes a lot,1,4,False,Q63_7
R_MK0133408,Girls as Leaders in STEM program,outcomes,More confident in communicating and sharing my ideas,Yes a little,2,3,False,Q63_7
R_MK0137508,Girls as Leaders in STEM program,outcomes,More confident in communicating and sharing my ideas,Yes a little,2,3,False,Q63_7
R_MK0138319,Girls as Leaders in STEM program,outcomes,More confident in communicating and sharing my ideas,Yes a lot,1,4,False,Q63_7
R_MK0140416,Girls as Leaders in STEM program,outcomes,More confident in communicating and sharing my ideas,Yes a little,2,3,False,Q63_7
R_MK0141171,Girls as Leaders in STEM program,outcomes,More confident in communicating and sharing my ideas,Yes a little,2,3,False,Q63_7
R_MK0142928,Girls as Leaders in STEM program,outcomes,More confident in communicating and sharing my ideas,Yes a lot,1,4,False,Q63_7
R_MK0144749,Girls as Leaders in STEM program,outcomes,More confident in communicating and sharing my ideas,Yes a lot,1,4,False,Q63_7
R_MK0147525,Girls as Leaders in STEM program,outcomes,More confident in communicating and sharing my ideas,Yes a lot,1,4,False,Q63_7
R_MK0151675,Girls as Leaders in STEM program,outcomes,More confident in communicating and sharing my ideas,Yes a lot,1,4,False,Q63_7
R_MK0152207,Girls as Leaders in STEM program,outcomes,More confident in communicating and sharing my ideas,Maybe,3,2,False,Q63_7
R_MK0153261,Girls as Leaders in STEM program,outcomes,More confident in communicating and sharing my ideas,No,4,1,False,Q63_7
R_MK0156575,Girls as Leaders in STEM program,outcomes,More confident in communicating and sharing my ideas,No,4,1,False,Q63_7
R_MK0157758,Girls as Leaders in STEM program,outcomes,More confident in communicating and sharing my ideas,Yes a lot,1,4,False,Q63_7
R_MK0158694,Girls as Leaders in STEM program,outcomes,More confident in communicating and sharing my ideas,Maybe,3,2,False,Q63_7
R_MK0161224,Girls as Leaders in STEM program,outcomes,More confident in communicating and sharing my ideas,Yes a little,2,3,False,Q63_7
R_MK0162746,Girls as Leaders in STEM program,outcomes,More confident in communicating and sharing my ideas,Yes a lot,1,4,False,Q63_7
R_MK0164526,Girls as Leaders in STEM program,outcomes,More confident in communicating and sharing my ideas,Maybe,3,2,False,Q63_7
R_MK0168594,Girls as Leaders in STEM program,outcomes,More confident in communicating and sharing my ideas,Maybe,3,2,False,Q63_7
R_MK0171952,Girls as Leaders in STEM program,outcomes,More confident in communicating and sharing my ideas,Yes a little,2,3,False,Q63_7
R_MK0173432,Girls as Leaders in STEM program,outcomes,More confident in communicating and sharing my ideas,Yes a little,2,3,False,Q63_7
R_MK0174167,Girls as Leaders in STEM program,outcomes,More confident in communicating and sharing my ideas,Yes a little,2,3,False,Q63_7
R_MK0175836,Girls as Leaders in STEM program,outcomes,More confident in communicating and sharing my ideas,Yes a lot,1,4,False,Q63_7
R_MK0176600,Girls as Leaders in STEM program,outcomes,More confident in communicating and sharing my ideas,Yes a little,2,3,False,Q63_7
R_MK0178108,Girls as Leaders in STEM program,outcomes,More confident in communicating and sharing my ideas,Yes a little,2,3,False,Q63_7
R_MK0179378,Girls as Leaders in STEM program,outcomes,More confident in communicating and sharing my ideas,Yes a little,2,3,False,Q63_7
R_MK0001265,Girls as Leaders in STEM program,outcomes,More confident in being a leader,Yes a little,2,3,False,Q63_8
R_MK0002320,Girls as Leaders in STEM program,outcomes,More confident in being a leader,Yes a little,2,3,False,Q63_8
R_MK0004317,Girls as Leaders in STEM program,outcomes,More confident in being a leader,Yes a little,2,3,False,Q63_8
R_MK0007539,Girls as Leaders in STEM program,outcomes,More confident in being a leader,Maybe,3,2,False,Q63_8
R_MK0008963,Girls as Leaders in STEM program,outcomes,More confident in being a leader,Yes a little,2,3,False,Q63_8
R_MK0012825,Girls as Leaders in STEM program,outcomes,More confident in being a leader,Yes a lot,1,4,False,Q63_8
R_MK0013834,Girls as Leaders in STEM program,outcomes,More confident in being a leader,I do not know,5,,True,Q63_8
R_MK0014994,Girls as Leaders in STEM program,outcomes,More confident in being a leader,Yes a little,2,3,False,Q63_8
R_MK0018342,Girls as Leaders in STEM program,outcomes,More confident in being a leader,No,4,1,False,Q63_8
R_MK0019683,Girls as Leaders in STEM program,outcomes,More confident in being a leader,Yes a little,2,3,False,Q63_8
R_MK0022405,Girls as Leaders in STEM program,outcomes,More confident in being a leader,Yes a little,2,3,False,Q63_8
R_MK0023140,Girls as Leaders in STEM program,outcomes,More confident in being a leader,Yes a lot,1,4,False,Q63_8
R_MK0025966,Girls as Leaders in STEM program,outcomes,More confident in being a leader,Yes a lot,1,4,False,Q63_8
R_MK0027899,Girls as Leaders in STEM program,outcomes,More confident in being a leader,Yes a lot,1,4,False,Q63_8
R_MK0029136,Girls as Leaders in STEM program,outcomes,More confident in being a leader,Maybe,3,2,False,Q63_8
R_MK0030402,Girls as Leaders in STEM program,outcomes,More confident in being a leader,Yes a little,2,3,False,Q63_8
R_MK0032849,Girls as Leaders in STEM program,outcomes,More confident in being a leader,Yes a little,2,3,False,Q63_8
R_MK0035534,Girls as Leaders in STEM program,outcomes,More confident in being a leader,Yes a little,2,3,False,Q63_8
R_MK0036294,Girls as Leaders in STEM program,outcomes,More confident in being a leader,Yes a lot,1,4,False,Q63_8
R_MK0037202,Girls as Leaders in STEM program,outcomes,More confident in being a leader,Yes a little,2,3,False,Q63_8
R_MK0038243,Girls as Leaders in STEM program,outcomes,More confident in being a leader,Yes a little,2,3,False,Q63_8
R_MK0039124,Girls as Leaders in STEM program,outcomes,More confident in being a leader,No,4,1,False,Q63_8
R_MK0043853,Girls as Leaders in STEM program,outcomes,More confident in being a leader,Yes a little,2,3,False,Q63_8
R_MK0044771,Girls as Leaders in STEM program,outcomes,More confident in being a leader,Yes a little,2,3,False,Q63_8
R_MK0046892,Girls as Leaders in STEM program,outcomes,More confident in being a leader,Yes a lot,1,4,False,Q63_8
R_MK0049733,Girls as Leaders in STEM program,outcomes,More confident in being a leader,Yes a lot,1,4,False,Q63_8
R_MK0050728,Girls as Leaders in STEM program,outcomes,More confident in being a leader,No,4,1,False,Q63_8
R_MK0051185,Girls as Leaders in STEM program,outcomes,More confident in being a leader,Yes a lot,1,4,False,Q63_8
R_MK0053734,Girls as Leaders in STEM program,outcomes,More confident in being a leader,Yes a little,2,3,False,Q63_8
R_MK0054375,Girls as Leaders in STEM program,outcomes,More confident in being a leader,Yes a little,2,3,False,Q63_8
R_MK0059837,Girls as Leaders in STEM program,outcomes,More confident in being a leader,Yes a lot,1,4,False,Q63_8
R_MK0060527,Girls as Leaders in STEM program,outcomes,More confident in being a leader,Yes a lot,1,4,False,Q63_8
R_MK0061617,Girls as Leaders in STEM program,outcomes,More confident in being a leader,Yes a lot,1,4,False,Q63_8
R_MK0062899,Girls as Leaders in STEM program,outcomes,More confident in being a leader,No,4,1,False,Q63_8
R_MK0063902,Girls as Leaders in STEM program,outcomes,More confident in being a leader,Yes a lot,1,4,False,Q63_8
R_MK0065907,Girls as Leaders in STEM program,outcomes,More confident in being a leader,Maybe,3,2,False,Q63_8
R_MK0066500,Girls as Leaders in STEM program,outcomes,More confident in being a leader,No,4,1,False,Q63_8
R_MK0067466,Girls as Leaders in STEM program,outcomes,More confident in being a leader,Yes a little,2,3,False,Q63_8
R_MK0069685,Girls as Leaders in STEM program,outcomes,More confident in being a leader,Yes a little,2,3,False,Q63_8
R_MK0071423,Girls as Leaders in STEM program,outcomes,More confident in being a leader,Maybe,3,2,False,Q63_8
R_MK0072663,Girls as Leaders in STEM program,outcomes,More confident in being a leader,Yes a lot,1,4,False,Q63_8
R_MK0073741,Girls as Leaders in STEM program,outcomes,More confident in being a leader,Yes a little,2,3,False,Q63_8
R_MK0074273,Girls as Leaders in STEM program,outcomes,More confident in being a leader,I do not know,5,,True,Q63_8
R_MK0076785,Girls as Leaders in STEM program,outcomes,More confident in being a leader,Yes a lot,1,4,False,Q63_8
R_MK0078295,Girls as Leaders in STEM program,outcomes,More confident in being a leader,Yes a little,2,3,False,Q63_8
R_MK0079267,Girls as Leaders in STEM program,outcomes,More confident in being a leader,Maybe,3,2,False,Q63_8
R_MK0080359,Girls as Leaders in STEM program,outcomes,More confident in being a leader,Yes a lot,1,4,False,Q63_8
R_MK0081202,Girls as Leaders in STEM program,outcomes,More confident in being a leader,Maybe,3,2,False,Q63_8
R_MK0082310,Girls as Leaders in STEM program,outcomes,More confident in being a leader,Yes a little,2,3,False,Q63_8
R_MK0084225,Girls as Leaders in STEM program,outcomes,More confident in being a leader,Yes a lot,1,4,False,Q63_8
R_MK0088386,Girls as Leaders in STEM program,outcomes,More confident in being a leader,Yes a little,2,3,False,Q63_8
R_MK0089973,Girls as Leaders in STEM program,outcomes,More confident in being a leader,Yes a lot,1,4,False,Q63_8
R_MK0090487,Girls as Leaders in STEM program,outcomes,More confident in being a leader,Yes a lot,1,4,False,Q63_8
R_MK0093607,Girls as Leaders in STEM program,outcomes,More confident in being a leader,Yes a lot,1,4,False,Q63_8
R_MK0095142,Girls as Leaders in STEM program,outcomes,More confident in being a leader,Yes a lot,1,4,False,Q63_8
R_MK0096327,Girls as Leaders in STEM program,outcomes,More confident in being a leader,Maybe,3,2,False,Q63_8
R_MK0097932,Girls as Leaders in STEM program,outcomes,More confident in being a leader,Yes a lot,1,4,False,Q63_8
R_MK0098967,Girls as Leaders in STEM program,outcomes,More confident in being a leader,Yes a little,2,3,False,Q63_8
R_MK0099158,Girls as Leaders in STEM program,outcomes,More confident in being a leader,Yes a little,2,3,False,Q63_8
R_MK0101806,Girls as Leaders in STEM program,outcomes,More confident in being a leader,Yes a little,2,3,False,Q63_8
R_MK0104978,Girls as Leaders in STEM program,outcomes,More confident in being a leader,Yes a little,2,3,False,Q63_8
R_MK0106123,Girls as Leaders in STEM program,outcomes,More confident in being a leader,Yes a lot,1,4,False,Q63_8
R_MK0108835,Girls as Leaders in STEM program,outcomes,More confident in being a leader,Yes a little,2,3,False,Q63_8
R_MK0110762,Girls as Leaders in STEM program,outcomes,More confident in being a leader,Yes a lot,1,4,False,Q63_8
R_MK0111624,Girls as Leaders in STEM program,outcomes,More confident in being a leader,Yes a little,2,3,False,Q63_8
R_MK0116915,Girls as Leaders in STEM program,outcomes,More confident in being a leader,Maybe,3,2,False,Q63_8
R_MK0117603,Girls as Leaders in STEM program,outcomes,More confident in being a leader,Yes a lot,1,4,False,Q63_8
R_MK0118631,Girls as Leaders in STEM program,outcomes,More confident in being a leader,Yes a little,2,3,False,Q63_8
R_MK0119995,Girls as Leaders in STEM program,outcomes,More confident in being a leader,Yes a lot,1,4,False,Q63_8
R_MK0120834,Girls as Leaders in STEM program,outcomes,More confident in being a leader,Yes a lot,1,4,False,Q63_8
R_MK0122800,Girls as Leaders in STEM program,outcomes,More confident in being a leader,Yes a lot,1,4,False,Q63_8
R_MK0123453,Girls as Leaders in STEM program,outcomes,More confident in being a leader,Yes a lot,1,4,False,Q63_8
R_MK0127853,Girls as Leaders in STEM program,outcomes,More confident in being a leader,Yes a lot,1,4,False,Q63_8
R_MK0128835,Girls as Leaders in STEM program,outcomes,More confident in being a leader,Yes a lot,1,4,False,Q63_8
R_MK0130464,Girls as Leaders in STEM program,outcomes,More confident in being a leader,Yes a little,2,3,False,Q63_8
R_MK0132486,Girls as Leaders in STEM program,outcomes,More confident in being a leader,Yes a little,2,3,False,Q63_8
R_MK0133408,Girls as Leaders in STEM program,outcomes,More confident in being a leader,Maybe,3,2,False,Q63_8
R_MK0137508,Girls as Leaders in STEM program,outcomes,More confident in being a leader,Yes a lot,1,4,False,Q63_8
R_MK0138319,Girls as Leaders in STEM program,outcomes,More confident in being a leader,Maybe,3,2,False,Q63_8
R_MK0140416,Girls as Leaders in STEM program,outcomes,More confident in being a leader,Yes a lot,1,4,False,Q63_8
R_MK0141171,Girls as Leaders in STEM program,outcomes,More confident in being a leader,Yes a lot,1,4,False,Q63_8
R_MK0142928,Girls as Leaders in STEM program,outcomes,More confident in being a leader,Maybe,3,2,False,Q63_8
R_MK0144749,Girls as Leaders in STEM program,outcomes,More confident in being a leader,Yes a lot,1,4,False,Q63_8
R_MK0147525,Girls as Leaders in STEM program,outcomes,More confident in being a leader,Yes a lot,1,4,False,Q63_8
R_MK0151675,Girls as Leaders in STEM program,outcomes,More confident in being a leader,Yes a lot,1,4,False,Q63_8
R_MK0152207,Girls as Leaders in STEM program,outcomes,More confident in being a leader,Yes a little,2,3,False,Q63_8
R_MK0153261,Girls as Leaders in STEM program,outcomes,More confident in being a leader,Yes a lot,1,4,False,Q63_8
R_MK0156575,Girls as Leaders in STEM program,outcomes,More confident in being a leader,I do not know,5,,True,Q63_8
R_MK0157758,Girls as Leaders in STEM program,outcomes,More confident in being a leader,Yes a lot,1,4,False,Q63_8
R_MK0158694,Girls as Leaders in STEM program,outcomes,More confident in being a leader,Maybe,3,2,False,Q63_8
R_MK0161224,Girls as Leaders in STEM program,outcomes,More confident in being a leader,Yes a little,2,3,False,Q63_8
R_MK0162746,Girls as Leaders in STEM program,outcomes,More confident in being a leader,Maybe,3,2,False,Q63_8
R_MK0164526,Girls as Leaders in STEM program,outcomes,More confident in being a leader,Yes a little,2,3,False,Q63_8
R_MK0168594,Girls as Leaders in STEM program,outcomes,More confident in being a leader,Yes a lot,1,4,False,Q63_8
R_MK0171952,Girls as Leaders in STEM program,outcomes,More confident in being a leader,Yes a lot,1,4,False,Q63_8
R_MK0173432,Girls as Leaders in STEM program,outcomes,More confident in being a leader,Yes a little,2,3,False,Q63_8
R_MK0174167,Girls as Leaders in STEM program,outcomes,More confident in being a leader,Yes a lot,1,4,False,Q63_8
R_MK0175836,Girls as Leaders in STEM program,outcomes,More confident in being a leader,Yes a lot,1,4,False,Q63_8
R_MK0176600,Girls as Leaders in STEM program,outcomes,More confident in being a leader,Yes a little,2,3,False,Q63_8
R_MK0178108,Girls as Leaders in STEM program,outcomes,More confident in being a leader,I do not know,5,,True,Q63_8
R_MK0179378,Girls as Leaders in STEM program,outcomes,More confident in being a leader,Yes a lot,1,4,False,Q63_8
R_MK0001265,Girls as Leaders in STEM program,outcomes,More like a STEM person,Yes a lot,1,4,False,Q63_9
R_MK0002320,Girls as Leaders in STEM program,outcomes,More like a STEM person,I do not know,5,,True,Q63_9
R_MK0004317,Girls as Leaders in STEM program,outcomes,More like a STEM person,Yes a little,2,3,False,Q63_9
R_MK0007539,Girls as Leaders in STEM program,outcomes,More like a STEM person,Maybe,3,2,False,Q63_9
R_MK0008963,Girls as Leaders in STEM program,outcomes,More like a STEM person,Maybe,3,2,False,Q63_9
R_MK0012825,Girls as Leaders in STEM program,outcomes,More like a STEM person,Maybe,3,2,False,Q63_9
R_MK0013834,Girls as Leaders in STEM program,outcomes,More like a STEM person,Yes a lot,1,4,False,Q63_9
R_MK0014994,Girls as Leaders in STEM program,outcomes,More like a STEM person,Yes a little,2,3,False,Q63_9
R_MK0018342,Girls as Leaders in STEM program,outcomes,More like a STEM person,Maybe,3,2,False,Q63_9
R_MK0019683,Girls as Leaders in STEM program,outcomes,More like a STEM person,Yes a little,2,3,False,Q63_9
R_MK0022405,Girls as Leaders in STEM program,outcomes,More like a STEM person,Yes a lot,1,4,False,Q63_9
R_MK0023140,Girls as Leaders in STEM program,outcomes,More like a STEM person,Yes a little,2,3,False,Q63_9
R_MK0025966,Girls as Leaders in STEM program,outcomes,More like a STEM person,No,4,1,False,Q63_9
R_MK0027899,Girls as Leaders in STEM program,outcomes,More like a STEM person,Maybe,3,2,False,Q63_9
R_MK0029136,Girls as Leaders in STEM program,outcomes,More like a STEM person,Maybe,3,2,False,Q63_9
R_MK0030402,Girls as Leaders in STEM program,outcomes,More like a STEM person,Maybe,3,2,False,Q63_9
R_MK0032849,Girls as Leaders in STEM program,outcomes,More like a STEM person,Yes a lot,1,4,False,Q63_9
R_MK0035534,Girls as Leaders in STEM program,outcomes,More like a STEM person,Yes a little,2,3,False,Q63_9
R_MK0036294,Girls as Leaders in STEM program,outcomes,More like a STEM person,Yes a lot,1,4,False,Q63_9
R_MK0037202,Girls as Leaders in STEM program,outcomes,More like a STEM person,Yes a lot,1,4,False,Q63_9
R_MK0038243,Girls as Leaders in STEM program,outcomes,More like a STEM person,Yes a lot,1,4,False,Q63_9
R_MK0039124,Girls as Leaders in STEM program,outcomes,More like a STEM person,No,4,1,False,Q63_9
R_MK0043853,Girls as Leaders in STEM program,outcomes,More like a STEM person,Yes a lot,1,4,False,Q63_9
R_MK0044771,Girls as Leaders in STEM program,outcomes,More like a STEM person,Yes a little,2,3,False,Q63_9
R_MK0046892,Girls as Leaders in STEM program,outcomes,More like a STEM person,I do not know,5,,True,Q63_9
R_MK0049733,Girls as Leaders in STEM program,outcomes,More like a STEM person,Yes a little,2,3,False,Q63_9
R_MK0050728,Girls as Leaders in STEM program,outcomes,More like a STEM person,Yes a little,2,3,False,Q63_9
R_MK0051185,Girls as Leaders in STEM program,outcomes,More like a STEM person,Yes a little,2,3,False,Q63_9
R_MK0053734,Girls as Leaders in STEM program,outcomes,More like a STEM person,Yes a lot,1,4,False,Q63_9
R_MK0054375,Girls as Leaders in STEM program,outcomes,More like a STEM person,Yes a little,2,3,False,Q63_9
R_MK0059837,Girls as Leaders in STEM program,outcomes,More like a STEM person,Yes a lot,1,4,False,Q63_9
R_MK0060527,Girls as Leaders in STEM program,outcomes,More like a STEM person,Yes a lot,1,4,False,Q63_9
R_MK0061617,Girls as Leaders in STEM program,outcomes,More like a STEM person,No,4,1,False,Q63_9
R_MK0062899,Girls as Leaders in STEM program,outcomes,More like a STEM person,Yes a little,2,3,False,Q63_9
R_MK0063902,Girls as Leaders in STEM program,outcomes,More like a STEM person,No,4,1,False,Q63_9
R_MK0065907,Girls as Leaders in STEM program,outcomes,More like a STEM person,Yes a little,2,3,False,Q63_9
R_MK0066500,Girls as Leaders in STEM program,outcomes,More like a STEM person,Yes a little,2,3,False,Q63_9
R_MK0067466,Girls as Leaders in STEM program,outcomes,More like a STEM person,Yes a lot,1,4,False,Q63_9
R_MK0069685,Girls as Leaders in STEM program,outcomes,More like a STEM person,I do not know,5,,True,Q63_9
R_MK0071423,Girls as Leaders in STEM program,outcomes,More like a STEM person,Yes a little,2,3,False,Q63_9
R_MK0072663,Girls as Leaders in STEM program,outcomes,More like a STEM person,Yes a little,2,3,False,Q63_9
R_MK0073741,Girls as Leaders in STEM program,outcomes,More like a STEM person,Maybe,3,2,False,Q63_9
R_MK0074273,Girls as Leaders in STEM program,outcomes,More like a STEM person,Maybe,3,2,False,Q63_9
R_MK0076785,Girls as Leaders in STEM program,outcomes,More like a STEM person,Maybe,3,2,False,Q63_9
R_MK0078295,Girls as Leaders in STEM program,outcomes,More like a STEM person,Yes a lot,1,4,False,Q63_9
R_MK0079267,Girls as Leaders in STEM program,outcomes,More like a STEM person,Yes a little,2,3,False,Q63_9
R_MK0080359,Girls as Leaders in STEM program,outcomes,More like a STEM person,Maybe,3,2,False,Q63_9
R_MK0081202,Girls as Leaders in STEM program,outcomes,More like a STEM person,Yes a lot,1,4,False,Q63_9
R_MK0082310,Girls as Leaders in STEM program,outcomes,More like a STEM person,Maybe,3,2,False,Q63_9
R_MK0084225,Girls as Leaders in STEM program,outcomes,More like a STEM person,Yes a lot,1,4,False,Q63_9
R_MK0088386,Girls as Leaders in STEM program,outcomes,More like a STEM person,Yes a lot,1,4,False,Q63_9
R_MK0089973,Girls as Leaders in STEM program,outcomes,More like a STEM person,Yes a lot,1,4,False,Q63_9
R_MK0090487,Girls as Leaders in STEM program,outcomes,More like a STEM person,No,4,1,False,Q63_9
R_MK0093607,Girls as Leaders in STEM program,outcomes,More like a STEM person,Yes a little,2,3,False,Q63_9
R_MK0095142,Girls as Leaders in STEM program,outcomes,More like a STEM person,I do not know,5,,True,Q63_9
R_MK0096327,Girls as Leaders in STEM program,outcomes,More like a STEM person,No,4,1,False,Q63_9
R_MK0097932,Girls as Leaders in STEM program,outcomes,More like a STEM person,Maybe,3,2,False,Q63_9
R_MK0098967,Girls as Leaders in STEM program,outcomes,More like a STEM person,Maybe,3,2,False,Q63_9
R_MK0099158,Girls as Leaders in STEM program,outcomes,More like a STEM person,Yes a little,2,3,False,Q63_9
R_MK0101806,Girls as Leaders in STEM program,outcomes,More like a STEM person,Yes a lot,1,4,False,Q63_9
R_MK0104978,Girls as Leaders in STEM program,outcomes,More like a STEM person,Maybe,3,2,False,Q63_9
R_MK0106123,Girls as Leaders in STEM program,outcomes,More like a STEM person,No,4,1,False,Q63_9
R_MK0108835,Girls as Leaders in STEM program,outcomes,More like a STEM person,Yes a lot,1,4,False,Q63_9
R_MK0110762,Girls as Leaders in STEM program,outcomes,More like a STEM person,Yes a lot,1,4,False,Q63_9
R_MK0111624,Girls as Leaders in STEM program,outcomes,More like a STEM person,Yes a lot,1,4,False,Q63_9
R_MK0116915,Girls as Leaders in STEM program,outcomes,More like a STEM person,Yes a lot,1,4,False,Q63_9
R_MK0117603,Girls as Leaders in STEM program,outcomes,More like a STEM person,Yes a little,2,3,False,Q63_9
R_MK0118631,Girls as Leaders in STEM program,outcomes,More like a STEM person,No,4,1,False,Q63_9
R_MK0119995,Girls as Leaders in STEM program,outcomes,More like a STEM person,Yes a lot,1,4,False,Q63_9
R_MK0120834,Girls as Leaders in STEM program,outcomes,More like a STEM person,Maybe,3,2,False,Q63_9
R_MK0122800,Girls as Leaders in STEM program,outcomes,More like a STEM person,I do not know,5,,True,Q63_9
R_MK0123453,Girls as Leaders in STEM program,outcomes,More like a STEM person,Yes a little,2,3,False,Q63_9
R_MK0127853,Girls as Leaders in STEM program,outcomes,More like a STEM person,Yes a lot,1,4,False,Q63_9
R_MK0128835,Girls as Leaders in STEM program,outcomes,More like a STEM person,Yes a little,2,3,False,Q63_9
R_MK0130464,Girls as Leaders in STEM program,outcomes,More like a STEM person,Yes a little,2,3,False,Q63_9
R_MK0132486,Girls as Leaders in STEM program,outcomes,More like a STEM person,Yes a lot,1,4,False,Q63_9
R_MK0133408,Girls as Leaders in STEM program,outcomes,More like a STEM person,Yes a little,2,3,False,Q63_9
R_MK0137508,Girls as Leaders in STEM program,outcomes,More like a STEM person,Yes a little,2,3,False,Q63_9
R_MK0138319,Girls as Leaders in STEM program,outcomes,More like a STEM person,Yes a little,2,3,False,Q63_9
R_MK0140416,Girls as Leaders in STEM program,outcomes,More like a STEM person,Yes a lot,1,4,False,Q63_9
R_MK0141171,Girls as Leaders in STEM program,outcomes,More like a STEM person,Yes a lot,1,4,False,Q63_9
R_MK0142928,Girls as Leaders in STEM program,outcomes,More like a STEM person,Maybe,3,2,False,Q63_9
R_MK0144749,Girls as Leaders in STEM program,outcomes,More like a STEM person,Yes a little,2,3,False,Q63_9
R_MK0147525,Girls as Leaders in STEM program,outcomes,More like a STEM person,Yes a little,2,3,False,Q63_9
R_MK0151675,Girls as Leaders in STEM program,outcomes,More like a STEM person,Yes a little,2,3,False,Q63_9
R_MK0152207,Girls as Leaders in STEM program,outcomes,More like a STEM person,Yes a lot,1,4,False,Q63_9
R_MK0153261,Girls as Leaders in STEM program,outcomes,More like a STEM person,Yes a lot,1,4,False,Q63_9
R_MK0156575,Girls as Leaders in STEM program,outcomes,More like a STEM person,Maybe,3,2,False,Q63_9
R_MK0157758,Girls as Leaders in STEM program,outcomes,More like a STEM person,Yes a lot,1,4,False,Q63_9
R_MK0158694,Girls as Leaders in STEM program,outcomes,More like a STEM person,Yes a little,2,3,False,Q63_9
R_MK0161224,Girls as Leaders in STEM program,outcomes,More like a STEM person,Yes a lot,1,4,False,Q63_9
R_MK0162746,Girls as Leaders in STEM program,outcomes,More like a STEM person,No,4,1,False,Q63_9
R_MK0164526,Girls as Leaders in STEM program,outcomes,More like a STEM person,Maybe,3,2,False,Q63_9
R_MK0168594,Girls as Leaders in STEM program,outcomes,More like a STEM person,Maybe,3,2,False,Q63_9
R_MK0171952,Girls as Leaders in STEM program,outcomes,More like a STEM person,Maybe,3,2,False,Q63_9
R_MK0173432,Girls as Leaders in STEM program,outcomes,More like a STEM person,Yes a lot,1,4,False,Q63_9
R_MK0174167,Girls as Leaders in STEM program,outcomes,More like a STEM person,I do not know,5,,True,Q63_9
R_MK0175836,Girls as Leaders in STEM program,outcomes,More like a STEM person,Maybe,3,2,False,Q63_9
R_MK0176600,Girls as Leaders in STEM program,outcomes,More like a STEM person,Maybe,3,2,False,Q63_9
R_MK0178108,Girls as Leaders in STEM program,outcomes,More like a STEM person,Yes a lot,1,4,False,Q63_9
R_MK0179378,Girls as Leaders in STEM program,outcomes,More like a STEM person,Yes a lot,1,4,False,Q63_9
R_MK0002320,Online STEM activities,outcomes,More knowledgable about STEM,Yes a little,2,3,False,Q105_1
R_MK0003688,Online STEM activities,outcomes,More knowledgable about STEM,Yes a little,2,3,False,Q105_1
R_MK0004317,Online STEM activities,outcomes,More knowledgable about STEM,Yes a little,2,3,False,Q105_1
R_MK0005590,Online STEM activities,outcomes,More knowledgable about STEM,Yes a little,2,3,False,Q105_1
R_MK0010378,Online STEM activities,outcomes,More knowledgable about STEM,Maybe,3,2,False,Q105_1
R_MK0012825,Online STEM activities,outcomes,More knowledgable about STEM,Yes a little,2,3,False,Q105_1
R_MK0013834,Online STEM activities,outcomes,More knowledgable about STEM,Maybe,3,2,False,Q105_1
R_MK0015892,Online STEM activities,outcomes,More knowledgable about STEM,Yes a lot,1,4,False,Q105_1
R_MK0017794,Online STEM activities,outcomes,More knowledgable about STEM,Yes a lot,1,4,False,Q105_1
R_MK0019683,Online STEM activities,outcomes,More knowledgable about STEM,Yes a lot,1,4,False,Q105_1
R_MK0021162,Online STEM activities,outcomes,More knowledgable about STEM,No,4,1,False,Q105_1
R_MK0025966,Online STEM activities,outcomes,More knowledgable about STEM,Yes a little,2,3,False,Q105_1
R_MK0026432,Online STEM activities,outcomes,More knowledgable about STEM,No,4,1,False,Q105_1
R_MK0027899,Online STEM activities,outcomes,More knowledgable about STEM,Yes a little,2,3,False,Q105_1
R_MK0029136,Online STEM activities,outcomes,More knowledgable about STEM,No,4,1,False,Q105_1
R_MK0033442,Online STEM activities,outcomes,More knowledgable about STEM,Yes a little,2,3,False,Q105_1
R_MK0034167,Online STEM activities,outcomes,More knowledgable about STEM,Yes a lot,1,4,False,Q105_1
R_MK0035534,Online STEM activities,outcomes,More knowledgable about STEM,Yes a little,2,3,False,Q105_1
R_MK0036294,Online STEM activities,outcomes,More knowledgable about STEM,Yes a little,2,3,False,Q105_1
R_MK0039124,Online STEM activities,outcomes,More knowledgable about STEM,No,4,1,False,Q105_1
R_MK0040868,Online STEM activities,outcomes,More knowledgable about STEM,Yes a little,2,3,False,Q105_1
R_MK0047788,Online STEM activities,outcomes,More knowledgable about STEM,No,4,1,False,Q105_1
R_MK0048737,Online STEM activities,outcomes,More knowledgable about STEM,I do not know,5,,True,Q105_1
R_MK0050728,Online STEM activities,outcomes,More knowledgable about STEM,Yes a little,2,3,False,Q105_1
R_MK0052388,Online STEM activities,outcomes,More knowledgable about STEM,Yes a lot,1,4,False,Q105_1
R_MK0054375,Online STEM activities,outcomes,More knowledgable about STEM,Yes a little,2,3,False,Q105_1
R_MK0059837,Online STEM activities,outcomes,More knowledgable about STEM,I do not know,5,,True,Q105_1
R_MK0060527,Online STEM activities,outcomes,More knowledgable about STEM,Maybe,3,2,False,Q105_1
R_MK0063902,Online STEM activities,outcomes,More knowledgable about STEM,Yes a lot,1,4,False,Q105_1
R_MK0066500,Online STEM activities,outcomes,More knowledgable about STEM,Yes a little,2,3,False,Q105_1
R_MK0067466,Online STEM activities,outcomes,More knowledgable about STEM,Maybe,3,2,False,Q105_1
R_MK0068498,Online STEM activities,outcomes,More knowledgable about STEM,Yes a lot,1,4,False,Q105_1
R_MK0070229,Online STEM activities,outcomes,More knowledgable about STEM,Yes a little,2,3,False,Q105_1
R_MK0071423,Online STEM activities,outcomes,More knowledgable about STEM,I do not know,5,,True,Q105_1
R_MK0072663,Online STEM activities,outcomes,More knowledgable about STEM,Maybe,3,2,False,Q105_1
R_MK0073741,Online STEM activities,outcomes,More knowledgable about STEM,Yes a lot,1,4,False,Q105_1
R_MK0074273,Online STEM activities,outcomes,More knowledgable about STEM,Yes a little,2,3,False,Q105_1
R_MK0075806,Online STEM activities,outcomes,More knowledgable about STEM,Yes a little,2,3,False,Q105_1
R_MK0080359,Online STEM activities,outcomes,More knowledgable about STEM,Yes a little,2,3,False,Q105_1
R_MK0082310,Online STEM activities,outcomes,More knowledgable about STEM,Maybe,3,2,False,Q105_1
R_MK0085933,Online STEM activities,outcomes,More knowledgable about STEM,Yes a little,2,3,False,Q105_1
R_MK0087396,Online STEM activities,outcomes,More knowledgable about STEM,Maybe,3,2,False,Q105_1
R_MK0092907,Online STEM activities,outcomes,More knowledgable about STEM,Yes a lot,1,4,False,Q105_1
R_MK0093607,Online STEM activities,outcomes,More knowledgable about STEM,Yes a lot,1,4,False,Q105_1
R_MK0101806,Online STEM activities,outcomes,More knowledgable about STEM,Yes a little,2,3,False,Q105_1
R_MK0105321,Online STEM activities,outcomes,More knowledgable about STEM,Yes a lot,1,4,False,Q105_1
R_MK0106123,Online STEM activities,outcomes,More knowledgable about STEM,Yes a little,2,3,False,Q105_1
R_MK0107788,Online STEM activities,outcomes,More knowledgable about STEM,Maybe,3,2,False,Q105_1
R_MK0115748,Online STEM activities,outcomes,More knowledgable about STEM,Yes a little,2,3,False,Q105_1
R_MK0121952,Online STEM activities,outcomes,More knowledgable about STEM,Yes a little,2,3,False,Q105_1
R_MK0124466,Online STEM activities,outcomes,More knowledgable about STEM,Yes a little,2,3,False,Q105_1
R_MK0126574,Online STEM activities,outcomes,More knowledgable about STEM,Yes a little,2,3,False,Q105_1
R_MK0129827,Online STEM activities,outcomes,More knowledgable about STEM,Yes a little,2,3,False,Q105_1
R_MK0133408,Online STEM activities,outcomes,More knowledgable about STEM,Maybe,3,2,False,Q105_1
R_MK0142928,Online STEM activities,outcomes,More knowledgable about STEM,Yes a lot,1,4,False,Q105_1
R_MK0151675,Online STEM activities,outcomes,More knowledgable about STEM,Maybe,3,2,False,Q105_1
R_MK0153261,Online STEM activities,outcomes,More knowledgable about STEM,Yes a little,2,3,False,Q105_1
R_MK0161224,Online STEM activities,outcomes,More knowledgable about STEM,Yes a little,2,3,False,Q105_1
R_MK0162746,Online STEM activities,outcomes,More knowledgable about STEM,Yes a lot,1,4,False,Q105_1
R_MK0164526,Online STEM activities,outcomes,More knowledgable about STEM,Maybe,3,2,False,Q105_1
R_MK0165548,Online STEM activities,outcomes,More knowledgable about STEM,Yes a little,2,3,False,Q105_1
R_MK0166129,Online STEM activities,outcomes,More knowledgable about STEM,Yes a little,2,3,False,Q105_1
R_MK0167780,Online STEM activities,outcomes,More knowledgable about STEM,Yes a little,2,3,False,Q105_1
R_MK0168594,Online STEM activities,outcomes,More knowledgable about STEM,Yes a little,2,3,False,Q105_1
R_MK0172138,Online STEM activities,outcomes,More knowledgable about STEM,Yes a little,2,3,False,Q105_1
R_MK0174167,Online STEM activities,outcomes,More knowledgable about STEM,Yes a lot,1,4,False,Q105_1
R_MK0175836,Online STEM activities,outcomes,More knowledgable about STEM,Yes a lot,1,4,False,Q105_1
R_MK0176600,Online STEM activities,outcomes,More knowledgable about STEM,No,4,1,False,Q105_1
R_MK0179378,Online STEM activities,outcomes,More knowledgable about STEM,Yes a lot,1,4,False,Q105_1
R_MK0002320,Online STEM activities,outcomes,More aware of a range of jobs in STEM,Maybe,3,2,False,Q105_2
R_MK0003688,Online STEM activities,outcomes,More aware of a range of jobs in STEM,I do not know,5,,True,Q105_2
R_MK0004317,Online STEM activities,outcomes,More aware of a range of jobs in STEM,I do not know,5,,True,Q105_2
R_MK0005590,Online STEM activities,outcomes,More aware of a range of jobs in STEM,Yes a little,2,3,False,Q105_2
R_MK0010378,Online STEM activities,outcomes,More aware of a range of jobs in STEM,Yes a little,2,3,False,Q105_2
R_MK0012825,Online STEM activities,outcomes,More aware of a range of jobs in STEM,Maybe,3,2,False,Q105_2
R_MK0013834,Online STEM activities,outcomes,More aware of a range of jobs in STEM,Maybe,3,2,False,Q105_2
R_MK0015892,Online STEM activities,outcomes,More aware of a range of jobs in STEM,Yes a little,2,3,False,Q105_2
R_MK0017794,Online STEM activities,outcomes,More aware of a range of jobs in STEM,Yes a little,2,3,False,Q105_2
R_MK0019683,Online STEM activities,outcomes,More aware of a range of jobs in STEM,Yes a little,2,3,False,Q105_2
R_MK0021162,Online STEM activities,outcomes,More aware of a range of jobs in STEM,Maybe,3,2,False,Q105_2
R_MK0025966,Online STEM activities,outcomes,More aware of a range of jobs in STEM,Maybe,3,2,False,Q105_2
R_MK0026432,Online STEM activities,outcomes,More aware of a range of jobs in STEM,Maybe,3,2,False,Q105_2
R_MK0027899,Online STEM activities,outcomes,More aware of a range of jobs in STEM,Maybe,3,2,False,Q105_2
R_MK0029136,Online STEM activities,outcomes,More aware of a range of jobs in STEM,Yes a lot,1,4,False,Q105_2
R_MK0033442,Online STEM activities,outcomes,More aware of a range of jobs in STEM,Yes a lot,1,4,False,Q105_2
R_MK0034167,Online STEM activities,outcomes,More aware of a range of jobs in STEM,Maybe,3,2,False,Q105_2
R_MK0035534,Online STEM activities,outcomes,More aware of a range of jobs in STEM,Yes a little,2,3,False,Q105_2
R_MK0036294,Online STEM activities,outcomes,More aware of a range of jobs in STEM,Yes a little,2,3,False,Q105_2
R_MK0039124,Online STEM activities,outcomes,More aware of a range of jobs in STEM,Maybe,3,2,False,Q105_2
R_MK0040868,Online STEM activities,outcomes,More aware of a range of jobs in STEM,Yes a little,2,3,False,Q105_2
R_MK0047788,Online STEM activities,outcomes,More aware of a range of jobs in STEM,Maybe,3,2,False,Q105_2
R_MK0048737,Online STEM activities,outcomes,More aware of a range of jobs in STEM,Yes a lot,1,4,False,Q105_2
R_MK0050728,Online STEM activities,outcomes,More aware of a range of jobs in STEM,Maybe,3,2,False,Q105_2
R_MK0052388,Online STEM activities,outcomes,More aware of a range of jobs in STEM,Yes a lot,1,4,False,Q105_2
R_MK0054375,Online STEM activities,outcomes,More aware of a range of jobs in STEM,Yes a lot,1,4,False,Q105_2
R_MK0059837,Online STEM activities,outcomes,More aware of a range of jobs in STEM,Yes a little,2,3,False,Q105_2
R_MK0060527,Online STEM activities,outcomes,More aware of a range of jobs in STEM,Yes a lot,1,4,False,Q105_2
R_MK0063902,Online STEM activities,outcomes,More aware of a range of jobs in STEM,Yes a little,2,3,False,Q105_2
R_MK0066500,Online STEM activities,outcomes,More aware of a range of jobs in STEM,Yes a little,2,3,False,Q105_2
R_MK0067466,Online STEM activities,outcomes,More aware of a range of jobs in STEM,I do not know,5,,True,Q105_2
R_MK0068498,Online STEM activities,outcomes,More aware of a range of jobs in STEM,Yes a lot,1,4,False,Q105_2
R_MK0070229,Online STEM activities,outcomes,More aware of a range of jobs in STEM,Yes a lot,1,4,False,Q105_2
R_MK0071423,Online STEM activities,outcomes,More aware of a range of jobs in STEM,Maybe,3,2,False,Q105_2
R_MK0072663,Online STEM activities,outcomes,More aware of a range of jobs in STEM,I do not know,5,,True,Q105_2
R_MK0073741,Online STEM activities,outcomes,More aware of a range of jobs in STEM,Maybe,3,2,False,Q105_2
R_MK0074273,Online STEM activities,outcomes,More aware of a range of jobs in STEM,Yes a lot,1,4,False,Q105_2
R_MK0075806,Online STEM activities,outcomes,More aware of a range of jobs in STEM,Yes a lot,1,4,False,Q105_2
R_MK0080359,Online STEM activities,outcomes,More aware of a range of jobs in STEM,Yes a little,2,3,False,Q105_2
R_MK0082310,Online STEM activities,outcomes,More aware of a range of jobs in STEM,Maybe,3,2,False,Q105_2
R_MK0085933,Online STEM activities,outcomes,More aware of a range of jobs in STEM,Maybe,3,2,False,Q105_2
R_MK0087396,Online STEM activities,outcomes,More aware of a range of jobs in STEM,Maybe,3,2,False,Q105_2
R_MK0092907,Online STEM activities,outcomes,More aware of a range of jobs in STEM,Yes a lot,1,4,False,Q105_2
R_MK0093607,Online STEM activities,outcomes,More aware of a range of jobs in STEM,Yes a little,2,3,False,Q105_2
R_MK0101806,Online STEM activities,outcomes,More aware of a range of jobs in STEM,Maybe,3,2,False,Q105_2
R_MK0105321,Online STEM activities,outcomes,More aware of a range of jobs in STEM,Yes a little,2,3,False,Q105_2
R_MK0106123,Online STEM activities,outcomes,More aware of a range of jobs in STEM,Yes a little,2,3,False,Q105_2
R_MK0107788,Online STEM activities,outcomes,More aware of a range of jobs in STEM,Yes a lot,1,4,False,Q105_2
R_MK0115748,Online STEM activities,outcomes,More aware of a range of jobs in STEM,Yes a little,2,3,False,Q105_2
R_MK0121952,Online STEM activities,outcomes,More aware of a range of jobs in STEM,Maybe,3,2,False,Q105_2
R_MK0124466,Online STEM activities,outcomes,More aware of a range of jobs in STEM,Yes a little,2,3,False,Q105_2
R_MK0126574,Online STEM activities,outcomes,More aware of a range of jobs in STEM,Yes a little,2,3,False,Q105_2
R_MK0129827,Online STEM activities,outcomes,More aware of a range of jobs in STEM,Yes a little,2,3,False,Q105_2
R_MK0133408,Online STEM activities,outcomes,More aware of a range of jobs in STEM,Yes a little,2,3,False,Q105_2
R_MK0142928,Online STEM activities,outcomes,More aware of a range of jobs in STEM,Yes a little,2,3,False,Q105_2
R_MK0151675,Online STEM activities,outcomes,More aware of a range of jobs in STEM,Yes a lot,1,4,False,Q105_2
R_MK0153261,Online STEM activities,outcomes,More aware of a range of jobs in STEM,Maybe,3,2,False,Q105_2
R_MK0161224,Online STEM activities,outcomes,More aware of a range of jobs in STEM,Yes a lot,1,4,False,Q105_2
R_MK0162746,Online STEM activities,outcomes,More aware of a range of jobs in STEM,Yes a lot,1,4,False,Q105_2
R_MK0164526,Online STEM activities,outcomes,More aware of a range of jobs in STEM,Yes a little,2,3,False,Q105_2
R_MK0165548,Online STEM activities,outcomes,More aware of a range of jobs in STEM,Yes a lot,1,4,False,Q105_2
R_MK0166129,Online STEM activities,outcomes,More aware of a range of jobs in STEM,Yes a lot,1,4,False,Q105_2
R_MK0167780,Online STEM activities,outcomes,More aware of a range of jobs in STEM,Maybe,3,2,False,Q105_2
R_MK0168594,Online STEM activities,outcomes,More aware of a range of jobs in STEM,No,4,1,False,Q105_2
R_MK0172138,Online STEM activities,outcomes,More aware of a range of jobs in STEM,Yes a little,2,3,False,Q105_2
R_MK0174167,Online STEM activities,outcomes,More aware of a range of jobs in STEM,Maybe,3,2,False,Q105_2
R_MK0175836,Online STEM activities,outcomes,More aware of a range of jobs in STEM,No,4,1,False,Q105_2
R_MK0176600,Online STEM activities,outcomes,More aware of a range of jobs in STEM,Yes a lot,1,4,False,Q105_2
R_MK0179378,Online STEM activities,outcomes,More aware of a range of jobs in STEM,Yes a little,2,3,False,Q105_2
R_MK0002320,Online STEM activities,outcomes,More interested about learning about STEM,Yes a little,2,3,False,Q105_3
R_MK0003688,Online STEM activities,outcomes,More interested about learning about STEM,Yes a little,2,3,False,Q105_3
R_MK0004317,Online STEM activities,outcomes,More interested about learning about STEM,Yes a lot,1,4,False,Q105_3
R_MK0005590,Online STEM activities,outcomes,More interested about learning about STEM,Yes a lot,1,4,False,Q105_3
R_MK0010378,Online STEM activities,outcomes,More interested about learning about STEM,Yes a little,2,3,False,Q105_3
R_MK0012825,Online STEM activities,outcomes,More interested about learning about STEM,Yes a little,2,3,False,Q105_3
R_MK0013834,Online STEM activities,outcomes,More interested about learning about STEM,Yes a little,2,3,False,Q105_3
R_MK0015892,Online STEM activities,outcomes,More interested about learning about STEM,I do not know,5,,True,Q105_3
R_MK0017794,Online STEM activities,outcomes,More interested about learning about STEM,Yes a little,2,3,False,Q105_3
R_MK0019683,Online STEM activities,outcomes,More interested about learning about STEM,Yes a lot,1,4,False,Q105_3
R_MK0021162,Online STEM activities,outcomes,More interested about learning about STEM,No,4,1,False,Q105_3
R_MK0025966,Online STEM activities,outcomes,More interested about learning about STEM,Yes a little,2,3,False,Q105_3
R_MK0026432,Online STEM activities,outcomes,More interested about learning about STEM,Yes a lot,1,4,False,Q105_3
R_MK0027899,Online STEM activities,outcomes,More interested about learning about STEM,Yes a lot,1,4,False,Q105_3
R_MK0029136,Online STEM activities,outcomes,More interested about learning about STEM,Yes a little,2,3,False,Q105_3
R_MK0033442,Online STEM activities,outcomes,More interested about learning about STEM,Yes a little,2,3,False,Q105_3
R_MK0034167,Online STEM activities,outcomes,More interested about learning about STEM,Yes a little,2,3,False,Q105_3
R_MK0035534,Online STEM activities,outcomes,More interested about learning about STEM,Maybe,3,2,False,Q105_3
R_MK0036294,Online STEM activities,outcomes,More interested about learning about STEM,Yes a little,2,3,False,Q105_3
R_MK0039124,Online STEM activities,outcomes,More interested about learning about STEM,Yes a little,2,3,False,Q105_3
R_MK0040868,Online STEM activities,outcomes,More interested about learning about STEM,Yes a lot,1,4,False,Q105_3
R_MK0047788,Online STEM activities,outcomes,More interested about learning about STEM,Yes a little,2,3,False,Q105_3
R_MK0048737,Online STEM activities,outcomes,More interested about learning about STEM,Yes a lot,1,4,False,Q105_3
R_MK0050728,Online STEM activities,outcomes,More interested about learning about STEM,Maybe,3,2,False,Q105_3
R_MK0052388,Online STEM activities,outcomes,More interested about learning about STEM,Yes a little,2,3,False,Q105_3
R_MK0054375,Online STEM activities,outcomes,More interested about learning about STEM,Yes a little,2,3,False,Q105_3
R_MK0059837,Online STEM activities,outcomes,More interested about learning about STEM,Yes a little,2,3,False,Q105_3
R_MK0060527,Online STEM activities,outcomes,More interested about learning about STEM,Yes a lot,1,4,False,Q105_3
R_MK0063902,Online STEM activities,outcomes,More interested about learning about STEM,No,4,1,False,Q105_3
R_MK0066500,Online STEM activities,outcomes,More interested about learning about STEM,Maybe,3,2,False,Q105_3
R_MK0067466,Online STEM activities,outcomes,More interested about learning about STEM,Yes a lot,1,4,False,Q105_3
R_MK0068498,Online STEM activities,outcomes,More interested about learning about STEM,Yes a little,2,3,False,Q105_3
R_MK0070229,Online STEM activities,outcomes,More interested about learning about STEM,Yes a lot,1,4,False,Q105_3
R_MK0071423,Online STEM activities,outcomes,More interested about learning about STEM,No,4,1,False,Q105_3
R_MK0072663,Online STEM activities,outcomes,More interested about learning about STEM,I do not know,5,,True,Q105_3
R_MK0073741,Online STEM activities,outcomes,More interested about learning about STEM,Maybe,3,2,False,Q105_3
R_MK0074273,Online STEM activities,outcomes,More interested about learning about STEM,Yes a lot,1,4,False,Q105_3
R_MK0075806,Online STEM activities,outcomes,More interested about learning about STEM,No,4,1,False,Q105_3
R_MK0080359,Online STEM activities,outcomes,More interested about learning about STEM,Maybe,3,2,False,Q105_3
R_MK0082310,Online STEM activities,outcomes,More interested about learning about STEM,Yes a little,2,3,False,Q105_3
R_MK0085933,Online STEM activities,outcomes,More interested about learning about STEM,Yes a lot,1,4,False,Q105_3
R_MK0087396,Online STEM activities,outcomes,More interested about learning about STEM,Yes a little,2,3,False,Q105_3
R_MK0092907,Online STEM activities,outcomes,More interested about learning about STEM,Yes a lot,1,4,False,Q105_3
R_MK0093607,Online STEM activities,outcomes,More interested about learning about STEM,No,4,1,False,Q105_3
R_MK0101806,Online STEM activities,outcomes,More interested about learning about STEM,Yes a little,2,3,False,Q105_3
R_MK0105321,Online STEM activities,outcomes,More interested about learning about STEM,Yes a little,2,3,False,Q105_3
R_MK0106123,Online STEM activities,outcomes,More interested about learning about STEM,Yes a little,2,3,False,Q105_3
R_MK0107788,Online STEM activities,outcomes,More interested about learning about STEM,Yes a little,2,3,False,Q105_3
R_MK0115748,Online STEM activities,outcomes,More interested about learning about STEM,Yes a lot,1,4,False,Q105_3
R_MK0121952,Online STEM activities,outcomes,More interested about learning about STEM,Yes a little,2,3,False,Q105_3
R_MK0124466,Online STEM activities,outcomes,More interested about learning about STEM,Yes a lot,1,4,False,Q105_3
R_MK0126574,Online STEM activities,outcomes,More interested about learning about STEM,Yes a lot,1,4,False,Q105_3
R_MK0129827,Online STEM activities,outcomes,More interested about learning about STEM,Yes a little,2,3,False,Q105_3
R_MK0133408,Online STEM activities,outcomes,More interested about learning about STEM,Yes a little,2,3,False,Q105_3
R_MK0142928,Online STEM activities,outcomes,More interested about learning about STEM,Yes a lot,1,4,False,Q105_3
R_MK0151675,Online STEM activities,outcomes,More interested about learning about STEM,Yes a lot,1,4,False,Q105_3
R_MK0153261,Online STEM activities,outcomes,More interested about learning about STEM,Maybe,3,2,False,Q105_3
R_MK0161224,Online STEM activities,outcomes,More interested about learning about STEM,Yes a lot,1,4,False,Q105_3
R_MK0162746,Online STEM activities,outcomes,More interested about learning about STEM,Yes a lot,1,4,False,Q105_3
R_MK0164526,Online STEM activities,outcomes,More interested about learning about STEM,Maybe,3,2,False,Q105_3
R_MK0165548,Online STEM activities,outcomes,More interested about learning about STEM,Yes a little,2,3,False,Q105_3
R_MK0166129,Online STEM activities,outcomes,More interested about learning about STEM,Yes a lot,1,4,False,Q105_3
R_MK0167780,Online STEM activities,outcomes,More interested about learning about STEM,Yes a little,2,3,False,Q105_3
R_MK0168594,Online STEM activities,outcomes,More interested about learning about STEM,Yes a little,2,3,False,Q105_3
R_MK0172138,Online STEM activities,outcomes,More interested about learning about STEM,No,4,1,False,Q105_3
R_MK0174167,Online STEM activities,outcomes,More interested about learning about STEM,No,4,1,False,Q105_3
R_MK0175836,Online STEM activities,outcomes,More interested about learning about STEM,Maybe,3,2,False,Q105_3
R_MK0176600,Online STEM activities,outcomes,More interested about learning about STEM,Yes a little,2,3,False,Q105_3
R_MK0179378,Online STEM activities,outcomes,More interested about learning about STEM,Yes a little,2,3,False,Q105_3
R_MK0002320,Online STEM activities,outcomes,More confident in solving STEM problems,No,4,1,False,Q105_4
R_MK0003688,Online STEM activities,outcomes,More confident in solving STEM problems,No,4,1,False,Q105_4
R_MK0004317,Online STEM activities,outcomes,More confident in solving STEM problems,I do not know,5,,True,Q105_4
R_MK0005590,Online STEM activities,outcomes,More confident in solving STEM problems,Yes a little,2,3,False,Q105_4
R_MK0010378,Online STEM activities,outcomes,More confident in solving STEM problems,Yes a little,2,3,False,Q105_4
R_MK0012825,Online STEM activities,outcomes,More confident in solving STEM problems,Yes a little,2,3,False,Q105_4
R_MK0013834,Online STEM activities,outcomes,More confident in solving STEM problems,No,4,1,False,Q105_4
R_MK0015892,Online STEM activities,outcomes,More confident in solving STEM problems,Yes a little,2,3,False,Q105_4
R_MK0017794,Online STEM activities,outcomes,More confident in solving STEM problems,Yes a little,2,3,False,Q105_4
R_MK0019683,Online STEM activities,outcomes,More confident in solving STEM problems,Yes a lot,1,4,False,Q105_4
R_MK0021162,Online STEM activities,outcomes,More confident in solving STEM problems,Maybe,3,2,False,Q105_4
R_MK0025966,Online STEM activities,outcomes,More confident in solving STEM problems,No,4,1,False,Q105_4
R_MK0026432,Online STEM activities,outcomes,More confident in solving STEM problems,I do not know,5,,True,Q105_4
R_MK0027899,Online STEM activities,outcomes,More confident in solving STEM problems,Maybe,3,2,False,Q105_4
R_MK0029136,Online STEM activities,outcomes,More confident in solving STEM problems,Yes a lot,1,4,False,Q105_4
R_MK0033442,Online STEM activities,outcomes,More confident in solving STEM problems,Yes a little,2,3,False,Q105_4
R_MK0034167,Online STEM activities,outcomes,More confident in solving STEM problems,Yes a little,2,3,False,Q105_4
R_MK0035534,Online STEM activities,outcomes,More confident in solving STEM problems,Yes a little,2,3,False,Q105_4
R_MK0036294,Online STEM activities,outcomes,More confident in solving STEM problems,Yes a little,2,3,False,Q105_4
R_MK0039124,Online STEM activities,outcomes,More confident in solving STEM problems,Yes a little,2,3,False,Q105_4
R_MK0040868,Online STEM activities,outcomes,More confident in solving STEM problems,Yes a lot,1,4,False,Q105_4
R_MK0047788,Online STEM activities,outcomes,More confident in solving STEM problems,No,4,1,False,Q105_4
R_MK0048737,Online STEM activities,outcomes,More confident in solving STEM problems,Yes a lot,1,4,False,Q105_4
R_MK0050728,Online STEM activities,outcomes,More confident in solving STEM problems,No,4,1,False,Q105_4
R_MK0052388,Online STEM activities,outcomes,More confident in solving STEM problems,Yes a lot,1,4,False,Q105_4
R_MK0054375,Online STEM activities,outcomes,More confident in solving STEM problems,Yes a lot,1,4,False,Q105_4
R_MK0059837,Online STEM activities,outcomes,More confident in solving STEM problems,Yes a lot,1,4,False,Q105_4
R_MK0060527,Online STEM activities,outcomes,More confident in solving STEM problems,Yes a lot,1,4,False,Q105_4
R_MK0063902,Online STEM activities,outcomes,More confident in solving STEM problems,Yes a lot,1,4,False,Q105_4
R_MK0066500,Online STEM activities,outcomes,More confident in solving STEM problems,Yes a little,2,3,False,Q105_4
R_MK0067466,Online STEM activities,outcomes,More confident in solving STEM problems,Yes a lot,1,4,False,Q105_4
R_MK0068498,Online STEM activities,outcomes,More confident in solving STEM problems,Yes a lot,1,4,False,Q105_4
R_MK0070229,Online STEM activities,outcomes,More confident in solving STEM problems,Maybe,3,2,False,Q105_4
R_MK0071423,Online STEM activities,outcomes,More confident in solving STEM problems,Maybe,3,2,False,Q105_4
R_MK0072663,Online STEM activities,outcomes,More confident in solving STEM problems,No,4,1,False,Q105_4
R_MK0073741,Online STEM activities,outcomes,More confident in solving STEM problems,Maybe,3,2,False,Q105_4
R_MK0074273,Online STEM activities,outcomes,More confident in solving STEM problems,Maybe,3,2,False,Q105_4
R_MK0075806,Online STEM activities,outcomes,More confident in solving STEM problems,Yes a little,2,3,False,Q105_4
R_MK0080359,Online STEM activities,outcomes,More confident in solving STEM problems,Yes a little,2,3,False,Q105_4
R_MK0082310,Online STEM activities,outcomes,More confident in solving STEM problems,Maybe,3,2,False,Q105_4
R_MK0085933,Online STEM activities,outcomes,More confident in solving STEM problems,Yes a lot,1,4,False,Q105_4
R_MK0087396,Online STEM activities,outcomes,More confident in solving STEM problems,I do not know,5,,True,Q105_4
R_MK0092907,Online STEM activities,outcomes,More confident in solving STEM problems,Yes a little,2,3,False,Q105_4
R_MK0093607,Online STEM activities,outcomes,More confident in solving STEM problems,Maybe,3,2,False,Q105_4
R_MK0101806,Online STEM activities,outcomes,More confident in solving STEM problems,No,4,1,False,Q105_4
R_MK0105321,Online STEM activities,outcomes,More confident in solving STEM problems,Yes a lot,1,4,False,Q105_4
R_MK0106123,Online STEM activities,outcomes,More confident in solving STEM problems,Maybe,3,2,False,Q105_4
R_MK0107788,Online STEM activities,outcomes,More confident in solving STEM problems,Yes a lot,1,4,False,Q105_4
R_MK0115748,Online STEM activities,outcomes,More confident in solving STEM problems,Maybe,3,2,False,Q105_4
R_MK0121952,Online STEM activities,outcomes,More confident in solving STEM problems,Yes a lot,1,4,False,Q105_4
R_MK0124466,Online STEM activities,outcomes,More confident in solving STEM problems,Maybe,3,2,False,Q105_4
R_MK0126574,Online STEM activities,outcomes,More confident in solving STEM problems,Yes a little,2,3,False,Q105_4
R_MK0129827,Online STEM activities,outcomes,More confident in solving STEM problems,Yes a lot,1,4,False,Q105_4
R_MK0133408,Online STEM activities,outcomes,More confident in solving STEM problems,Yes a little,2,3,False,Q105_4
R_MK0142928,Online STEM activities,outcomes,More confident in solving STEM problems,I do not know,5,,True,Q105_4
R_MK0151675,Online STEM activities,outcomes,More confident in solving STEM problems,Yes a little,2,3,False,Q105_4
R_MK0153261,Online STEM activities,outcomes,More confident in solving STEM problems,Yes a lot,1,4,False,Q105_4
R_MK0161224,Online STEM activities,outcomes,More confident in solving STEM problems,Yes a lot,1,4,False,Q105_4
R_MK0162746,Online STEM activities,outcomes,More confident in solving STEM problems,Yes a little,2,3,False,Q105_4
R_MK0164526,Online STEM activities,outcomes,More confident in solving STEM problems,Yes a lot,1,4,False,Q105_4
R_MK0165548,Online STEM activities,outcomes,More confident in solving STEM problems,Yes a lot,1,4,False,Q105_4
R_MK0166129,Online STEM activities,outcomes,More confident in solving STEM problems,Maybe,3,2,False,Q105_4
R_MK0167780,Online STEM activities,outcomes,More confident in solving STEM problems,Yes a little,2,3,False,Q105_4
R_MK0168594,Online STEM activities,outcomes,More confident in solving STEM problems,Yes a lot,1,4,False,Q105_4
R_MK0172138,Online STEM activities,outcomes,More confident in solving STEM problems,I do not know,5,,True,Q105_4
R_MK0174167,Online STEM activities,outcomes,More confident in solving STEM problems,Maybe,3,2,False,Q105_4
R_MK0175836,Online STEM activities,outcomes,More confident in solving STEM problems,Yes a little,2,3,False,Q105_4
R_MK0176600,Online STEM activities,outcomes,More confident in solving STEM problems,Yes a little,2,3,False,Q105_4
R_MK0179378,Online STEM activities,outcomes,More confident in solving STEM problems,Maybe,3,2,False,Q105_4
R_MK0002320,Online STEM activities,outcomes,"More comfortable with using tools, technology and equipment",Yes a little,2,3,False,Q105_5
R_MK0003688,Online STEM activities,outcomes,"More comfortable with using tools, technology and equipment",Yes a lot,1,4,False,Q105_5
R_MK0004317,Online STEM activities,outcomes,"More comfortable with using tools, technology and equipment",I do not know,5,,True,Q105_5
R_MK0005590,Online STEM activities,outcomes,"More comfortable with using tools, technology and equipment",Maybe,3,2,False,Q105_5
R_MK0010378,Online STEM activities,outcomes,"More comfortable with using tools, technology and equipment",Yes a little,2,3,False,Q105_5
R_MK0012825,Online STEM activities,outcomes,"More comfortable with using tools, technology and equipment",Yes a lot,1,4,False,Q105_5
R_MK0013834,Online STEM activities,outcomes,"More comfortable with using tools, technology and equipment",Yes a little,2,3,False,Q105_5
R_MK0015892,Online STEM activities,outcomes,"More comfortable with using tools, technology and equipment",Maybe,3,2,False,Q105_5
R_MK0017794,Online STEM activities,outcomes,"More comfortable with using tools, technology and equipment",Yes a little,2,3,False,Q105_5
R_MK0019683,Online STEM activities,outcomes,"More comfortable with using tools, technology and equipment",Yes a little,2,3,False,Q105_5
R_MK0021162,Online STEM activities,outcomes,"More comfortable with using tools, technology and equipment",No,4,1,False,Q105_5
R_MK0025966,Online STEM activities,outcomes,"More comfortable with using tools, technology and equipment",No,4,1,False,Q105_5
R_MK0026432,Online STEM activities,outcomes,"More comfortable with using tools, technology and equipment",Yes a lot,1,4,False,Q105_5
R_MK0027899,Online STEM activities,outcomes,"More comfortable with using tools, technology and equipment",Maybe,3,2,False,Q105_5
R_MK0029136,Online STEM activities,outcomes,"More comfortable with using tools, technology and equipment",Yes a little,2,3,False,Q105_5
R_MK0033442,Online STEM activities,outcomes,"More comfortable with using tools, technology and equipment",Yes a little,2,3,False,Q105_5
R_MK0034167,Online STEM activities,outcomes,"More comfortable with using tools, technology and equipment",Maybe,3,2,False,Q105_5
R_MK0035534,Online STEM activities,outcomes,"More comfortable with using tools, technology and equipment",Yes a lot,1,4,False,Q105_5
R_MK0036294,Online STEM activities,outcomes,"More comfortable with using tools, technology and equipment",Maybe,3,2,False,Q105_5
R_MK0039124,Online STEM activities,outcomes,"More comfortable with using tools, technology and equipment",Yes a lot,1,4,False,Q105_5
R_MK0040868,Online STEM activities,outcomes,"More comfortable with using tools, technology and equipment",Yes a lot,1,4,False,Q105_5
R_MK0047788,Online STEM activities,outcomes,"More comfortable with using tools, technology and equipment",Yes a lot,1,4,False,Q105_5
R_MK0048737,Online STEM activities,outcomes,"More comfortable with using tools, technology and equipment",Yes a little,2,3,False,Q105_5
R_MK0050728,Online STEM activities,outcomes,"More comfortable with using tools, technology and equipment",Yes a lot,1,4,False,Q105_5
R_MK0052388,Online STEM activities,outcomes,"More comfortable with using tools, technology and equipment",Yes a little,2,3,False,Q105_5
R_MK0054375,Online STEM activities,outcomes,"More comfortable with using tools, technology and equipment",Yes a lot,1,4,False,Q105_5
R_MK0059837,Online STEM activities,outcomes,"More comfortable with using tools, technology and equipment",Yes a little,2,3,False,Q105_5
R_MK0060527,Online STEM activities,outcomes,"More comfortable with using tools, technology and equipment",Yes a little,2,3,False,Q105_5
R_MK0063902,Online STEM activities,outcomes,"More comfortable with using tools, technology and equipment",Yes a little,2,3,False,Q105_5
R_MK0066500,Online STEM activities,outcomes,"More comfortable with using tools, technology and equipment",Yes a little,2,3,False,Q105_5
R_MK0067466,Online STEM activities,outcomes,"More comfortable with using tools, technology and equipment",Yes a little,2,3,False,Q105_5
R_MK0068498,Online STEM activities,outcomes,"More comfortable with using tools, technology and equipment",Yes a little,2,3,False,Q105_5
R_MK0070229,Online STEM activities,outcomes,"More comfortable with using tools, technology and equipment",Yes a little,2,3,False,Q105_5
R_MK0071423,Online STEM activities,outcomes,"More comfortable with using tools, technology and equipment",Maybe,3,2,False,Q105_5
R_MK0072663,Online STEM activities,outcomes,"More comfortable with using tools, technology and equipment",Yes a little,2,3,False,Q105_5
R_MK0073741,Online STEM activities,outcomes,"More comfortable with using tools, technology and equipment",Yes a little,2,3,False,Q105_5
R_MK0074273,Online STEM activities,outcomes,"More comfortable with using tools, technology and equipment",Yes a little,2,3,False,Q105_5
R_MK0075806,Online STEM activities,outcomes,"More comfortable with using tools, technology and equipment",Yes a lot,1,4,False,Q105_5
R_MK0080359,Online STEM activities,outcomes,"More comfortable with using tools, technology and equipment",Yes a lot,1,4,False,Q105_5
R_MK0082310,Online STEM activities,outcomes,"More comfortable with using tools, technology and equipment",Yes a little,2,3,False,Q105_5
R_MK0085933,Online STEM activities,outcomes,"More comfortable with using tools, technology and equipment",Yes a little,2,3,False,Q105_5
R_MK0087396,Online STEM activities,outcomes,"More comfortable with using tools, technology and equipment",Maybe,3,2,False,Q105_5
R_MK0092907,Online STEM activities,outcomes,"More comfortable with using tools, technology and equipment",Yes a lot,1,4,False,Q105_5
R_MK0093607,Online STEM activities,outcomes,"More comfortable with using tools, technology and equipment",Yes a lot,1,4,False,Q105_5
R_MK0101806,Online STEM activities,outcomes,"More comfortable with using tools, technology and equipment",Yes a lot,1,4,False,Q105_5
R_MK0105321,Online STEM activities,outcomes,"More comfortable with using tools, technology and equipment",Yes a lot,1,4,False,Q105_5
R_MK0106123,Online STEM activities,outcomes,"More comfortable with using tools, technology and equipment",Yes a lot,1,4,False,Q105_5
R_MK0107788,Online STEM activities,outcomes,"More comfortable with using tools, technology and equipment",Yes a little,2,3,False,Q105_5
R_MK0115748,Online STEM activities,outcomes,"More comfortable with using tools, technology and equipment",Yes a lot,1,4,False,Q105_5
R_MK0121952,Online STEM activities,outcomes,"More comfortable with using tools, technology and equipment",Maybe,3,2,False,Q105_5
R_MK0124466,Online STEM activities,outcomes,"More comfortable with using tools, technology and equipment",Maybe,3,2,False,Q105_5
R_MK0126574,Online STEM activities,outcomes,"More comfortable with using tools, technology and equipment",Yes a lot,1,4,False,Q105_5
R_MK0129827,Online STEM activities,outcomes,"More comfortable with using tools, technology and equipment",Maybe,3,2,False,Q105_5
R_MK0133408,Online STEM activities,outcomes,"More comfortable with using tools, technology and equipment",Yes a lot,1,4,False,Q105_5
R_MK0142928,Online STEM activities,outcomes,"More comfortable with using tools, technology and equipment",Yes a little,2,3,False,Q105_5
R_MK0151675,Online STEM activities,outcomes,"More comfortable with using tools, technology and equipment",Maybe,3,2,False,Q105_5
R_MK0153261,Online STEM activities,outcomes,"More comfortable with using tools, technology and equipment",Maybe,3,2,False,Q105_5
R_MK0161224,Online STEM activities,outcomes,"More comfortable with using tools, technology and equipment",Yes a lot,1,4,False,Q105_5
R_MK0162746,Online STEM activities,outcomes,"More comfortable with using tools, technology and equipment",Maybe,3,2,False,Q105_5
R_MK0164526,Online STEM activities,outcomes,"More comfortable with using tools, technology and equipment",Yes a lot,1,4,False,Q105_5
R_MK0165548,Online STEM activities,outcomes,"More comfortable with using tools, technology and equipment",Yes a lot,1,4,False,Q105_5
R_MK0166129,Online STEM activities,outcomes,"More comfortable with using tools, technology and equipment",Yes a lot,1,4,False,Q105_5
R_MK0167780,Online STEM activities,outcomes,"More comfortable with using tools, technology and equipment",Yes a lot,1,4,False,Q105_5
R_MK0168594,Online STEM activities,outcomes,"More comfortable with using tools, technology and equipment",Yes a little,2,3,False,Q105_5
R_MK0172138,Online STEM activities,outcomes,"More comfortable with using tools, technology and equipment",Maybe,3,2,False,Q105_5
R_MK0174167,Online STEM activities,outcomes,"More comfortable with using tools, technology and equipment",Yes a little,2,3,False,Q105_5
R_MK0175836,Online STEM activities,outcomes,"More comfortable with using tools, technology and equipment",Yes a little,2,3,False,Q105_5
R_MK0176600,Online STEM activities,outcomes,"More comfortable with using tools, technology and equipment",Yes a lot,1,4,False,Q105_5
R_MK0179378,Online STEM activities,outcomes,"More comfortable with using tools, technology and equipment",Yes a little,2,3,False,Q105_5
R_MK0002320,Online STEM activities,outcomes,More comfortable working in teams,Maybe,3,2,False,Q105_6
R_MK0003688,Online STEM activities,outcomes,More comfortable working in teams,Yes a little,2,3,False,Q105_6
R_MK0004317,Online STEM activities,outcomes,More comfortable working in teams,Maybe,3,2,False,Q105_6
R_MK0005590,Online STEM activities,outcomes,More comfortable working in teams,Yes a lot,1,4,False,Q105_6
R_MK0010378,Online STEM activities,outcomes,More comfortable working in teams,Maybe,3,2,False,Q105_6
R_MK0012825,Online STEM activities,outcomes,More comfortable working in teams,Yes a little,2,3,False,Q105_6
R_MK0013834,Online STEM activities,outcomes,More comfortable working in teams,Yes a little,2,3,False,Q105_6
R_MK0015892,Online STEM activities,outcomes,More comfortable working in teams,Yes a little,2,3,False,Q105_6
R_MK0017794,Online STEM activities,outcomes,More comfortable working in teams,Maybe,3,2,False,Q105_6
R_MK0019683,Online STEM activities,outcomes,More comfortable working in teams,Yes a lot,1,4,False,Q105_6
R_MK0021162,Online STEM activities,outcomes,More comfortable working in teams,Yes a little,2,3,False,Q105_6
R_MK0025966,Online STEM activities,outcomes,More comfortable working in teams,Maybe,3,2,False,Q105_6
R_MK0026432,Online STEM activities,outcomes,More comfortable working in teams,Yes a little,2,3,False,Q105_6
R_MK0027899,Online STEM activities,outcomes,More comfortable working in teams,Maybe,3,2,False,Q105_6
R_MK0029136,Online STEM activities,outcomes,More comfortable working in teams,Yes a little,2,3,False,Q105_6
R_MK0033442,Online STEM activities,outcomes,More comfortable working in teams,Yes a lot,1,4,False,Q105_6
R_MK0034167,Online STEM activities,outcomes,More comfortable working in teams,Yes a lot,1,4,False,Q105_6
R_MK0035534,Online STEM activities,outcomes,More comfortable working in teams,Yes a lot,1,4,False,Q105_6
R_MK0036294,Online STEM activities,outcomes,More comfortable working in teams,Yes a little,2,3,False,Q105_6
R_MK0039124,Online STEM activities,outcomes,More comfortable working in teams,No,4,1,False,Q105_6
R_MK0040868,Online STEM activities,outcomes,More comfortable working in teams,Yes a lot,1,4,False,Q105_6
R_MK0047788,Online STEM activities,outcomes,More comfortable working in teams,Yes a little,2,3,False,Q105_6
R_MK0048737,Online STEM activities,outcomes,More comfortable working in teams,Yes a little,2,3,False,Q105_6
R_MK0050728,Online STEM activities,outcomes,More comfortable working in teams,Yes a lot,1,4,False,Q105_6
R_MK0052388,Online STEM activities,outcomes,More comfortable working in teams,Yes a little,2,3,False,Q105_6
R_MK0054375,Online STEM activities,outcomes,More comfortable working in teams,Yes a lot,1,4,False,Q105_6
R_MK0059837,Online STEM activities,outcomes,More comfortable working in teams,Yes a little,2,3,False,Q105_6
R_MK0060527,Online STEM activities,outcomes,More comfortable working in teams,Yes a little,2,3,False,Q105_6
R_MK0063902,Online STEM activities,outcomes,More comfortable working in teams,Maybe,3,2,False,Q105_6
R_MK0066500,Online STEM activities,outcomes,More comfortable working in teams,Maybe,3,2,False,Q105_6
R_MK0067466,Online STEM activities,outcomes,More comfortable working in teams,Yes a little,2,3,False,Q105_6
R_MK0068498,Online STEM activities,outcomes,More comfortable working in teams,Yes a lot,1,4,False,Q105_6
R_MK0070229,Online STEM activities,outcomes,More comfortable working in teams,Yes a lot,1,4,False,Q105_6
R_MK0071423,Online STEM activities,outcomes,More comfortable working in teams,No,4,1,False,Q105_6
R_MK0072663,Online STEM activities,outcomes,More comfortable working in teams,Yes a little,2,3,False,Q105_6
R_MK0073741,Online STEM activities,outcomes,More comfortable working in teams,Yes a lot,1,4,False,Q105_6
R_MK0074273,Online STEM activities,outcomes,More comfortable working in teams,Maybe,3,2,False,Q105_6
R_MK0075806,Online STEM activities,outcomes,More comfortable working in teams,Yes a lot,1,4,False,Q105_6
R_MK0080359,Online STEM activities,outcomes,More comfortable working in teams,Yes a lot,1,4,False,Q105_6
R_MK0082310,Online STEM activities,outcomes,More comfortable working in teams,Maybe,3,2,False,Q105_6
R_MK0085933,Online STEM activities,outcomes,More comfortable working in teams,No,4,1,False,Q105_6
R_MK0087396,Online STEM activities,outcomes,More comfortable working in teams,No,4,1,False,Q105_6
R_MK0092907,Online STEM activities,outcomes,More comfortable working in teams,Yes a little,2,3,False,Q105_6
R_MK0093607,Online STEM activities,outcomes,More comfortable working in teams,Yes a little,2,3,False,Q105_6
R_MK0101806,Online STEM activities,outcomes,More comfortable working in teams,I do not know,5,,True,Q105_6
R_MK0105321,Online STEM activities,outcomes,More comfortable working in teams,Yes a little,2,3,False,Q105_6
R_MK0106123,Online STEM activities,outcomes,More comfortable working in teams,Maybe,3,2,False,Q105_6
R_MK0107788,Online STEM activities,outcomes,More comfortable working in teams,No,4,1,False,Q105_6
R_MK0115748,Online STEM activities,outcomes,More comfortable working in teams,Yes a little,2,3,False,Q105_6
R_MK0121952,Online STEM activities,outcomes,More comfortable working in teams,No,4,1,False,Q105_6
R_MK0124466,Online STEM activities,outcomes,More comfortable working in teams,Yes a lot,1,4,False,Q105_6
R_MK0126574,Online STEM activities,outcomes,More comfortable working in teams,Yes a little,2,3,False,Q105_6
R_MK0129827,Online STEM activities,outcomes,More comfortable working in teams,Yes a little,2,3,False,Q105_6
R_MK0133408,Online STEM activities,outcomes,More comfortable working in teams,Yes a lot,1,4,False,Q105_6
R_MK0142928,Online STEM activities,outcomes,More comfortable working in teams,I do not know,5,,True,Q105_6
R_MK0151675,Online STEM activities,outcomes,More comfortable working in teams,Yes a lot,1,4,False,Q105_6
R_MK0153261,Online STEM activities,outcomes,More comfortable working in teams,Yes a little,2,3,False,Q105_6
R_MK0161224,Online STEM activities,outcomes,More comfortable working in teams,Yes a lot,1,4,False,Q105_6
R_MK0162746,Online STEM activities,outcomes,More comfortable working in teams,I do not know,5,,True,Q105_6
R_MK0164526,Online STEM activities,outcomes,More comfortable working in teams,Yes a lot,1,4,False,Q105_6
R_MK0165548,Online STEM activities,outcomes,More comfortable working in teams,Yes a lot,1,4,False,Q105_6
R_MK0166129,Online STEM activities,outcomes,More comfortable working in teams,No,4,1,False,Q105_6
R_MK0167780,Online STEM activities,outcomes,More comfortable working in teams,Yes a little,2,3,False,Q105_6
R_MK0168594,Online STEM activities,outcomes,More comfortable working in teams,Maybe,3,2,False,Q105_6
R_MK0172138,Online STEM activities,outcomes,More comfortable working in teams,Maybe,3,2,False,Q105_6
R_MK0174167,Online STEM activities,outcomes,More comfortable working in teams,Maybe,3,2,False,Q105_6
R_MK0175836,Online STEM activities,outcomes,More comfortable working in teams,Maybe,3,2,False,Q105_6
R_MK0176600,Online STEM activities,outcomes,More comfortable working in teams,Yes a little,2,3,False,Q105_6
R_MK0179378,Online STEM activities,outcomes,More comfortable working in teams,Yes a lot,1,4,False,Q105_6
R_MK0002320,Online STEM activities,outcomes,More confident in communicating and sharing my ideas,Yes a little,2,3,False,Q105_7
R_MK0003688,Online STEM activities,outcomes,More confident in communicating and sharing my ideas,Yes a lot,1,4,False,Q105_7
R_MK0004317,Online STEM activities,outcomes,More confident in communicating and sharing my ideas,Yes a little,2,3,False,Q105_7
R_MK0005590,Online STEM activities,outcomes,More confident in communicating and sharing my ideas,Yes a little,2,3,False,Q105_7
R_MK0010378,Online STEM activities,outcomes,More confident in communicating and sharing my ideas,Yes a little,2,3,False,Q105_7
R_MK0012825,Online STEM activities,outcomes,More confident in communicating and sharing my ideas,Yes a little,2,3,False,Q105_7
R_MK0013834,Online STEM activities,outcomes,More confident in communicating and sharing my ideas,No,4,1,False,Q105_7
R_MK0015892,Online STEM activities,outcomes,More confident in communicating and sharing my ideas,Yes a lot,1,4,False,Q105_7
R_MK0017794,Online STEM activities,outcomes,More confident in communicating and sharing my ideas,Yes a lot,1,4,False,Q105_7
R_MK0019683,Online STEM activities,outcomes,More confident in communicating and sharing my ideas,Yes a lot,1,4,False,Q105_7
R_MK0021162,Online STEM activities,outcomes,More confident in communicating and sharing my ideas,No,4,1,False,Q105_7
R_MK0025966,Online STEM activities,outcomes,More confident in communicating and sharing my ideas,Yes a lot,1,4,False,Q105_7
R_MK0026432,Online STEM activities,outcomes,More confident in communicating and sharing my ideas,Yes a little,2,3,False,Q105_7
R_MK0027899,Online STEM activities,outcomes,More confident in communicating and sharing my ideas,Maybe,3,2,False,Q105_7
R_MK0029136,Online STEM activities,outcomes,More confident in communicating and sharing my ideas,Yes a lot,1,4,False,Q105_7
R_MK0033442,Online STEM activities,outcomes,More confident in communicating and sharing my ideas,I do not know,5,,True,Q105_7
R_MK0034167,Online STEM activities,outcomes,More confident in communicating and sharing my ideas,Yes a lot,1,4,False,Q105_7
R_MK0035534,Online STEM activities,outcomes,More confident in communicating and sharing my ideas,Yes a lot,1,4,False,Q105_7
R_MK0036294,Online STEM activities,outcomes,More confident in communicating and sharing my ideas,Yes a little,2,3,False,Q105_7
R_MK0039124,Online STEM activities,outcomes,More confident in communicating and sharing my ideas,Yes a little,2,3,False,Q105_7
R_MK0040868,Online STEM activities,outcomes,More confident in communicating and sharing my ideas,Yes a lot,1,4,False,Q105_7
R_MK0047788,Online STEM activities,outcomes,More confident in communicating and sharing my ideas,Yes a little,2,3,False,Q105_7
R_MK0048737,Online STEM activities,outcomes,More confident in communicating and sharing my ideas,No,4,1,False,Q105_7
R_MK0050728,Online STEM activities,outcomes,More confident in communicating and sharing my ideas,Yes a lot,1,4,False,Q105_7
R_MK0052388,Online STEM activities,outcomes,More confident in communicating and sharing my ideas,Yes a lot,1,4,False,Q105_7
R_MK0054375,Online STEM activities,outcomes,More confident in communicating and sharing my ideas,Yes a lot,1,4,False,Q105_7
R_MK0059837,Online STEM activities,outcomes,More confident in communicating and sharing my ideas,Yes a little,2,3,False,Q105_7
R_MK0060527,Online STEM activities,outcomes,More confident in communicating and sharing my ideas,Yes a lot,1,4,False,Q105_7
R_MK0063902,Online STEM activities,outcomes,More confident in communicating and sharing my ideas,Maybe,3,2,False,Q105_7
R_MK0066500,Online STEM activities,outcomes,More confident in communicating and sharing my ideas,Yes a little,2,3,False,Q105_7
R_MK0067466,Online STEM activities,outcomes,More confident in communicating and sharing my ideas,Yes a little,2,3,False,Q105_7
R_MK0068498,Online STEM activities,outcomes,More confident in communicating and sharing my ideas,Yes a little,2,3,False,Q105_7
R_MK0070229,Online STEM activities,outcomes,More confident in communicating and sharing my ideas,Yes a little,2,3,False,Q105_7
R_MK0071423,Online STEM activities,outcomes,More confident in communicating and sharing my ideas,Maybe,3,2,False,Q105_7
R_MK0072663,Online STEM activities,outcomes,More confident in communicating and sharing my ideas,Maybe,3,2,False,Q105_7
R_MK0073741,Online STEM activities,outcomes,More confident in communicating and sharing my ideas,Yes a lot,1,4,False,Q105_7
R_MK0074273,Online STEM activities,outcomes,More confident in communicating and sharing my ideas,Yes a little,2,3,False,Q105_7
R_MK0075806,Online STEM activities,outcomes,More confident in communicating and sharing my ideas,Yes a little,2,3,False,Q105_7
R_MK0080359,Online STEM activities,outcomes,More confident in communicating and sharing my ideas,Yes a lot,1,4,False,Q105_7
R_MK0082310,Online STEM activities,outcomes,More confident in communicating and sharing my ideas,No,4,1,False,Q105_7
R_MK0085933,Online STEM activities,outcomes,More confident in communicating and sharing my ideas,Yes a little,2,3,False,Q105_7
R_MK0087396,Online STEM activities,outcomes,More confident in communicating and sharing my ideas,Yes a little,2,3,False,Q105_7
R_MK0092907,Online STEM activities,outcomes,More confident in communicating and sharing my ideas,Yes a lot,1,4,False,Q105_7
R_MK0093607,Online STEM activities,outcomes,More confident in communicating and sharing my ideas,Yes a lot,1,4,False,Q105_7
R_MK0101806,Online STEM activities,outcomes,More confident in communicating and sharing my ideas,Maybe,3,2,False,Q105_7
R_MK0105321,Online STEM activities,outcomes,More confident in communicating and sharing my ideas,Yes a little,2,3,False,Q105_7
R_MK0106123,Online STEM activities,outcomes,More confident in communicating and sharing my ideas,Yes a lot,1,4,False,Q105_7
R_MK0107788,Online STEM activities,outcomes,More confident in communicating and sharing my ideas,Yes a little,2,3,False,Q105_7
R_MK0115748,Online STEM activities,outcomes,More confident in communicating and sharing my ideas,Maybe,3,2,False,Q105_7
R_MK0121952,Online STEM activities,outcomes,More confident in communicating and sharing my ideas,Yes a lot,1,4,False,Q105_7
R_MK0124466,Online STEM activities,outcomes,More confident in communicating and sharing my ideas,Yes a lot,1,4,False,Q105_7
R_MK0126574,Online STEM activities,outcomes,More confident in communicating and sharing my ideas,Yes a lot,1,4,False,Q105_7
R_MK0129827,Online STEM activities,outcomes,More confident in communicating and sharing my ideas,Yes a little,2,3,False,Q105_7
R_MK0133408,Online STEM activities,outcomes,More confident in communicating and sharing my ideas,Maybe,3,2,False,Q105_7
R_MK0142928,Online STEM activities,outcomes,More confident in communicating and sharing my ideas,No,4,1,False,Q105_7
R_MK0151675,Online STEM activities,outcomes,More confident in communicating and sharing my ideas,Yes a lot,1,4,False,Q105_7
R_MK0153261,Online STEM activities,outcomes,More confident in communicating and sharing my ideas,Yes a little,2,3,False,Q105_7
R_MK0161224,Online STEM activities,outcomes,More confident in communicating and sharing my ideas,Yes a little,2,3,False,Q105_7
R_MK0162746,Online STEM activities,outcomes,More confident in communicating and sharing my ideas,Yes a little,2,3,False,Q105_7
R_MK0164526,Online STEM activities,outcomes,More confident in communicating and sharing my ideas,Yes a little,2,3,False,Q105_7
R_MK0165548,Online STEM activities,outcomes,More confident in communicating and sharing my ideas,Maybe,3,2,False,Q105_7
R_MK0166129,Online STEM activities,outcomes,More confident in communicating and sharing my ideas,No,4,1,False,Q105_7
R_MK0167780,Online STEM activities,outcomes,More confident in communicating and sharing my ideas,Maybe,3,2,False,Q105_7
R_MK0168594,Online STEM activities,outcomes,More confident in communicating and sharing my ideas,Yes a little,2,3,False,Q105_7
R_MK0172138,Online STEM activities,outcomes,More confident in communicating and sharing my ideas,Yes a little,2,3,False,Q105_7
R_MK0174167,Online STEM activities,outcomes,More confident in communicating and sharing my ideas,Yes a little,2,3,False,Q105_7
R_MK0175836,Online STEM activities,outcomes,More confident in communicating and sharing my ideas,Yes a lot,1,4,False,Q105_7
R_MK0176600,Online STEM activities,outcomes,More confident in communicating and sharing my ideas,Maybe,3,2,False,Q105_7
R_MK0179378,Online STEM activities,outcomes,More confident in communicating and sharing my ideas,No,4,1,False,Q105_7
R_MK0002320,Online STEM activities,outcomes,More confident in being a leader,No,4,1,False,Q105_8
R_MK0003688,Online STEM activities,outcomes,More confident in being a leader,Yes a lot,1,4,False,Q105_8
R_MK0004317,Online STEM activities,outcomes,More confident in being a leader,Maybe,3,2,False,Q105_8
R_MK0005590,Online STEM activities,outcomes,More confident in being a leader,Yes a little,2,3,False,Q105_8
R_MK0010378,Online STEM activities,outcomes,More confident in being a leader,Yes a little,2,3,False,Q105_8
R_MK0012825,Online STEM activities,outcomes,More confident in being a leader,Yes a lot,1,4,False,Q105_8
R_MK0013834,Online STEM activities,outcomes,More confident in being a leader,Yes a little,2,3,False,Q105_8
R_MK0015892,Online STEM activities,outcomes,More confident in being a leader,Yes a little,2,3,False,Q105_8
R_MK0017794,Online STEM activities,outcomes,More confident in being a leader,Yes a little,2,3,False,Q105_8
R_MK0019683,Online STEM activities,outcomes,More confident in being a leader,Yes a little,2,3,False,Q105_8
R_MK0021162,Online STEM activities,outcomes,More confident in being a leader,Yes a little,2,3,False,Q105_8
R_MK0025966,Online STEM activities,outcomes,More confident in being a leader,Yes a lot,1,4,False,Q105_8
R_MK0026432,Online STEM activities,outcomes,More confident in being a leader,Yes a lot,1,4,False,Q105_8
R_MK0027899,Online STEM activities,outcomes,More confident in being a leader,Yes a little,2,3,False,Q105_8
R_MK0029136,Online STEM activities,outcomes,More confident in being a leader,Maybe,3,2,False,Q105_8
R_MK0033442,Online STEM activities,outcomes,More confident in being a leader,Yes a lot,1,4,False,Q105_8
R_MK0034167,Online STEM activities,outcomes,More confident in being a leader,Yes a lot,1,4,False,Q105_8
R_MK0035534,Online STEM activities,outcomes,More confident in being a leader,I do not know,5,,True,Q105_8
R_MK0036294,Online STEM activities,outcomes,More confident in being a leader,Yes a lot,1,4,False,Q105_8
R_MK0039124,Online STEM activities,outcomes,More confident in being a leader,Yes a lot,1,4,False,Q105_8
R_MK0040868,Online STEM activities,outcomes,More confident in being a leader,Yes a little,2,3,False,Q105_8
R_MK0047788,Online STEM activities,outcomes,More confident in being a leader,Yes a lot,1,4,False,Q105_8
R_MK0048737,Online STEM activities,outcomes,More confident in being a leader,Maybe,3,2,False,Q105_8
R_MK0050728,Online STEM activities,outcomes,More confident in being a leader,Maybe,3,2,False,Q105_8
R_MK0052388,Online STEM activities,outcomes,More confident in being a leader,Yes a little,2,3,False,Q105_8
R_MK0054375,Online STEM activities,outcomes,More confident in being a leader,Yes a little,2,3,False,Q105_8
R_MK0059837,Online STEM activities,outcomes,More confident in being a leader,Yes a little,2,3,False,Q105_8
R_MK0060527,Online STEM activities,outcomes,More confident in being a leader,No,4,1,False,Q105_8
R_MK0063902,Online STEM activities,outcomes,More confident in being a leader,Maybe,3,2,False,Q105_8
R_MK0066500,Online STEM activities,outcomes,More confident in being a leader,Yes a little,2,3,False,Q105_8
R_MK0067466,Online STEM activities,outcomes,More confident in being a leader,I do not know,5,,True,Q105_8
R_MK0068498,Online STEM activities,outcomes,More confident in being a leader,Maybe,3,2,False,Q105_8
R_MK0070229,Online STEM activities,outcomes,More confident in being a leader,Yes a lot,1,4,False,Q105_8
R_MK0071423,Online STEM activities,outcomes,More confident in being a leader,No,4,1,False,Q105_8
R_MK0072663,Online STEM activities,outcomes,More confident in being a leader,Yes a lot,1,4,False,Q105_8
R_MK0073741,Online STEM activities,outcomes,More confident in being a leader,Yes a lot,1,4,False,Q105_8
R_MK0074273,Online STEM activities,outcomes,More confident in being a leader,Yes a lot,1,4,False,Q105_8
R_MK0075806,Online STEM activities,outcomes,More confident in being a leader,Yes a lot,1,4,False,Q105_8
R_MK0080359,Online STEM activities,outcomes,More confident in being a leader,Maybe,3,2,False,Q105_8
R_MK0082310,Online STEM activities,outcomes,More confident in being a leader,Maybe,3,2,False,Q105_8
R_MK0085933,Online STEM activities,outcomes,More confident in being a leader,I do not know,5,,True,Q105_8
R_MK0087396,Online STEM activities,outcomes,More confident in being a leader,Yes a little,2,3,False,Q105_8
R_MK0092907,Online STEM activities,outcomes,More confident in being a leader,Yes a lot,1,4,False,Q105_8
R_MK0093607,Online STEM activities,outcomes,More confident in being a leader,Maybe,3,2,False,Q105_8
R_MK0101806,Online STEM activities,outcomes,More confident in being a leader,Yes a little,2,3,False,Q105_8
R_MK0105321,Online STEM activities,outcomes,More confident in being a leader,Yes a little,2,3,False,Q105_8
R_MK0106123,Online STEM activities,outcomes,More confident in being a leader,Yes a little,2,3,False,Q105_8
R_MK0107788,Online STEM activities,outcomes,More confident in being a leader,Yes a lot,1,4,False,Q105_8
R_MK0115748,Online STEM activities,outcomes,More confident in being a leader,Yes a little,2,3,False,Q105_8
R_MK0121952,Online STEM activities,outcomes,More confident in being a leader,Yes a lot,1,4,False,Q105_8
R_MK0124466,Online STEM activities,outcomes,More confident in being a leader,Yes a lot,1,4,False,Q105_8
R_MK0126574,Online STEM activities,outcomes,More confident in being a leader,Yes a little,2,3,False,Q105_8
R_MK0129827,Online STEM activities,outcomes,More confident in being a leader,Yes a lot,1,4,False,Q105_8
R_MK0133408,Online STEM activities,outcomes,More confident in being a leader,Yes a little,2,3,False,Q105_8
R_MK0142928,Online STEM activities,outcomes,More confident in being a leader,Yes a little,2,3,False,Q105_8
R_MK0151675,Online STEM activities,outcomes,More confident in being a leader,Yes a little,2,3,False,Q105_8
R_MK0153261,Online STEM activities,outcomes,More confident in being a leader,No,4,1,False,Q105_8
R_MK0161224,Online STEM activities,outcomes,More confident in being a leader,I do not know,5,,True,Q105_8
R_MK0162746,Online STEM activities,outcomes,More confident in being a leader,I do not know,5,,True,Q105_8
R_MK0164526,Online STEM activities,outcomes,More confident in being a leader,Maybe,3,2,False,Q105_8
R_MK0165548,Online STEM activities,outcomes,More confident in being a leader,Yes a little,2,3,False,Q105_8
R_MK0166129,Online STEM activities,outcomes,More confident in being a leader,Yes a lot,1,4,False,Q105_8
R_MK0167780,Online STEM activities,outcomes,More confident in being a leader,Yes a little,2,3,False,Q105_8
R_MK0168594,Online STEM activities,outcomes,More confident in being a leader,Yes a little,2,3,False,Q105_8
R_MK0172138,Online STEM activities,outcomes,More confident in being a leader,No,4,1,False,Q105_8
R_MK0174167,Online STEM activities,outcomes,More confident in being a leader,Yes a little,2,3,False,Q105_8
R_MK0175836,Online STEM activities,outcomes,More confident in being a leader,Yes a lot,1,4,False,Q105_8
R_MK0176600,Online STEM activities,outcomes,More confident in being a leader,Maybe,3,2,False,Q105_8
R_MK0179378,Online STEM activities,outcomes,More confident in being a leader,Yes a little,2,3,False,Q105_8
R_MK0002320,Online STEM activities,outcomes,More like a STEM person,No,4,1,False,Q105_9
R_MK0003688,Online STEM activities,outcomes,More like a STEM person,Yes a lot,1,4,False,Q105_9
R_MK0004317,Online STEM activities,outcomes,More like a STEM person,Yes a lot,1,4,False,Q105_9
R_MK0005590,Online STEM activities,outcomes,More like a STEM person,Yes a little,2,3,False,Q105_9
R_MK0010378,Online STEM activities,outcomes,More like a STEM person,Yes a lot,1,4,False,Q105_9
R_MK0012825,Online STEM activities,outcomes,More like a STEM person,Maybe,3,2,False,Q105_9
R_MK0013834,Online STEM activities,outcomes,More like a STEM person,Maybe,3,2,False,Q105_9
R_MK0015892,Online STEM activities,outcomes,More like a STEM person,Yes a lot,1,4,False,Q105_9
R_MK0017794,Online STEM activities,outcomes,More like a STEM person,Yes a little,2,3,False,Q105_9
R_MK0019683,Online STEM activities,outcomes,More like a STEM person,Yes a little,2,3,False,Q105_9
R_MK0021162,Online STEM activities,outcomes,More like a STEM person,Maybe,3,2,False,Q105_9
R_MK0025966,Online STEM activities,outcomes,More like a STEM person,Yes a little,2,3,False,Q105_9
R_MK0026432,Online STEM activities,outcomes,More like a STEM person,Maybe,3,2,False,Q105_9
R_MK0027899,Online STEM activities,outcomes,More like a STEM person,Maybe,3,2,False,Q105_9
R_MK0029136,Online STEM activities,outcomes,More like a STEM person,Yes a little,2,3,False,Q105_9
R_MK0033442,Online STEM activities,outcomes,More like a STEM person,Yes a little,2,3,False,Q105_9
R_MK0034167,Online STEM activities,outcomes,More like a STEM person,Yes a lot,1,4,False,Q105_9
R_MK0035534,Online STEM activities,outcomes,More like a STEM person,Yes a little,2,3,False,Q105_9
R_MK0036294,Online STEM activities,outcomes,More like a STEM person,Yes a little,2,3,False,Q105_9
R_MK0039124,Online STEM activities,outcomes,More like a STEM person,Yes a little,2,3,False,Q105_9
R_MK0040868,Online STEM activities,outcomes,More like a STEM person,Yes a little,2,3,False,Q105_9
R_MK0047788,Online STEM activities,outcomes,More like a STEM person,Yes a lot,1,4,False,Q105_9
R_MK0048737,Online STEM activities,outcomes,More like a STEM person,Maybe,3,2,False,Q105_9
R_MK0050728,Online STEM activities,outcomes,More like a STEM person,No,4,1,False,Q105_9
R_MK0052388,Online STEM activities,outcomes,More like a STEM person,I do not know,5,,True,Q105_9
R_MK0054375,Online STEM activities,outcomes,More like a STEM person,Maybe,3,2,False,Q105_9
R_MK0059837,Online STEM activities,outcomes,More like a STEM person,Maybe,3,2,False,Q105_9
R_MK0060527,Online STEM activities,outcomes,More like a STEM person,Yes a lot,1,4,False,Q105_9
R_MK0063902,Online STEM activities,outcomes,More like a STEM person,Maybe,3,2,False,Q105_9
R_MK0066500,Online STEM activities,outcomes,More like a STEM person,Yes a lot,1,4,False,Q105_9
R_MK0067466,Online STEM activities,outcomes,More like a STEM person,Yes a little,2,3,False,Q105_9
R_MK0068498,Online STEM activities,outcomes,More like a STEM person,Yes a little,2,3,False,Q105_9
R_MK0070229,Online STEM activities,outcomes,More like a STEM person,Yes a little,2,3,False,Q105_9
R_MK0071423,Online STEM activities,outcomes,More like a STEM person,Maybe,3,2,False,Q105_9
R_MK0072663,Online STEM activities,outcomes,More like a STEM person,Yes a little,2,3,False,Q105_9
R_MK0073741,Online STEM activities,outcomes,More like a STEM person,Yes a little,2,3,False,Q105_9
R_MK0074273,Online STEM activities,outcomes,More like a STEM person,Yes a lot,1,4,False,Q105_9
R_MK0075806,Online STEM activities,outcomes,More like a STEM person,Yes a lot,1,4,False,Q105_9
R_MK0080359,Online STEM activities,outcomes,More like a STEM person,Maybe,3,2,False,Q105_9
R_MK0082310,Online STEM activities,outcomes,More like a STEM person,Yes a lot,1,4,False,Q105_9
R_MK0085933,Online STEM activities,outcomes,More like a STEM person,Yes a lot,1,4,False,Q105_9
R_MK0087396,Online STEM activities,outcomes,More like a STEM person,Yes a lot,1,4,False,Q105_9
R_MK0092907,Online STEM activities,outcomes,More like a STEM person,Yes a lot,1,4,False,Q105_9
R_MK0093607,Online STEM activities,outcomes,More like a STEM person,Maybe,3,2,False,Q105_9
R_MK0101806,Online STEM activities,outcomes,More like a STEM person,No,4,1,False,Q105_9
R_MK0105321,Online STEM activities,outcomes,More like a STEM person,Maybe,3,2,False,Q105_9
R_MK0106123,Online STEM activities,outcomes,More like a STEM person,I do not know,5,,True,Q105_9
R_MK0107788,Online STEM activities,outcomes,More like a STEM person,No,4,1,False,Q105_9
R_MK0115748,Online STEM activities,outcomes,More like a STEM person,Yes a lot,1,4,False,Q105_9
R_MK0121952,Online STEM activities,outcomes,More like a STEM person,Yes a lot,1,4,False,Q105_9
R_MK0124466,Online STEM activities,outcomes,More like a STEM person,Yes a little,2,3,False,Q105_9
R_MK0126574,Online STEM activities,outcomes,More like a STEM person,Yes a lot,1,4,False,Q105_9
R_MK0129827,Online STEM activities,outcomes,More like a STEM person,Yes a lot,1,4,False,Q105_9
R_MK0133408,Online STEM activities,outcomes,More like a STEM person,Yes a lot,1,4,False,Q105_9
R_MK0142928,Online STEM activities,outcomes,More like a STEM person,Maybe,3,2,False,Q105_9
R_MK0151675,Online STEM activities,outcomes,More like a STEM person,Yes a little,2,3,False,Q105_9
R_MK0153261,Online STEM activities,outcomes,More like a STEM person,Maybe,3,2,False,Q105_9
R_MK0161224,Online STEM activities,outcomes,More like a STEM person,Yes a little,2,3,False,Q105_9
R_MK0162746,Online STEM activities,outcomes,More like a STEM person,Yes a lot,1,4,False,Q105_9
R_MK0164526,Online STEM activities,outcomes,More like a STEM person,Yes a lot,1,4,False,Q105_9
R_MK0165548,Online STEM activities,outcomes,More like a STEM person,No,4,1,False,Q105_9
R_MK0166129,Online STEM activities,outcomes,More like a STEM person,No,4,1,False,Q105_9
R_MK0167780,Online STEM activities,outcomes,More like a STEM person,Yes a little,2,3,False,Q105_9
R_MK0168594,Online STEM activities,outcomes,More like a STEM person,Maybe,3,2,False,Q105_9
R_MK0172138,Online STEM activities,outcomes,More like a STEM person,No,4,1,False,Q105_9
R_MK0174167,Online STEM activities,outcomes,More like a STEM person,Yes a little,2,3,False,Q105_9
R_MK0175836,Online STEM activities,outcomes,More like a STEM person,Yes a lot,1,4,False,Q105_9
R_MK0176600,Online STEM activities,outcomes,More like a STEM person,No,4,1,False,Q105_9
R_MK0179378,Online STEM activities,outcomes,More like a STEM person,No,4,1,False,Q105_9
R_MK0000103,Excursions,outcomes,More knowledgable about STEM,No,4,1,False,Q106_1
R_MK0003688,Excursions,outcomes,More knowledgable about STEM,I do not know,5,,True,Q106_1
R_MK0008963,Excursions,outcomes,More knowledgable about STEM,Yes a little,2,3,False,Q106_1
R_MK0012825,Excursions,outcomes,More knowledgable about STEM,Yes a lot,1,4,False,Q106_1
R_MK0014994,Excursions,outcomes,More knowledgable about STEM,Maybe,3,2,False,Q106_1
R_MK0018342,Excursions,outcomes,More knowledgable about STEM,No,4,1,False,Q106_1
R_MK0021162,Excursions,outcomes,More knowledgable about STEM,Yes a little,2,3,False,Q106_1
R_MK0022405,Excursions,outcomes,More knowledgable about STEM,No,4,1,False,Q106_1
R_MK0023140,Excursions,outcomes,More knowledgable about STEM,Yes a lot,1,4,False,Q106_1
R_MK0025966,Excursions,outcomes,More knowledgable about STEM,Yes a lot,1,4,False,Q106_1
R_MK0029136,Excursions,outcomes,More knowledgable about STEM,Yes a lot,1,4,False,Q106_1
R_MK0031712,Excursions,outcomes,More knowledgable about STEM,Yes a little,2,3,False,Q106_1
R_MK0034167,Excursions,outcomes,More knowledgable about STEM,Yes a lot,1,4,False,Q106_1
R_MK0037202,Excursions,outcomes,More knowledgable about STEM,Yes a lot,1,4,False,Q106_1
R_MK0040868,Excursions,outcomes,More knowledgable about STEM,Yes a lot,1,4,False,Q106_1
R_MK0041466,Excursions,outcomes,More knowledgable about STEM,Yes a little,2,3,False,Q106_1
R_MK0043853,Excursions,outcomes,More knowledgable about STEM,No,4,1,False,Q106_1
R_MK0050728,Excursions,outcomes,More knowledgable about STEM,Maybe,3,2,False,Q106_1
R_MK0052388,Excursions,outcomes,More knowledgable about STEM,Yes a lot,1,4,False,Q106_1
R_MK0054375,Excursions,outcomes,More knowledgable about STEM,Yes a little,2,3,False,Q106_1
R_MK0055989,Excursions,outcomes,More knowledgable about STEM,No,4,1,False,Q106_1
R_MK0056543,Excursions,outcomes,More knowledgable about STEM,Maybe,3,2,False,Q106_1
R_MK0060527,Excursions,outcomes,More knowledgable about STEM,Yes a little,2,3,False,Q106_1
R_MK0064156,Excursions,outcomes,More knowledgable about STEM,No,4,1,False,Q106_1
R_MK0067466,Excursions,outcomes,More knowledgable about STEM,No,4,1,False,Q106_1
R_MK0068498,Excursions,outcomes,More knowledgable about STEM,Yes a lot,1,4,False,Q106_1
R_MK0073741,Excursions,outcomes,More knowledgable about STEM,Yes a lot,1,4,False,Q106_1
R_MK0079267,Excursions,outcomes,More knowledgable about STEM,I do not know,5,,True,Q106_1
R_MK0085933,Excursions,outcomes,More knowledgable about STEM,Maybe,3,2,False,Q106_1
R_MK0090487,Excursions,outcomes,More knowledgable about STEM,Yes a lot,1,4,False,Q106_1
R_MK0091120,Excursions,outcomes,More knowledgable about STEM,I do not know,5,,True,Q106_1
R_MK0094626,Excursions,outcomes,More knowledgable about STEM,Yes a little,2,3,False,Q106_1
R_MK0097932,Excursions,outcomes,More knowledgable about STEM,Maybe,3,2,False,Q106_1
R_MK0098967,Excursions,outcomes,More knowledgable about STEM,Yes a little,2,3,False,Q106_1
R_MK0099158,Excursions,outcomes,More knowledgable about STEM,Yes a lot,1,4,False,Q106_1
R_MK0100207,Excursions,outcomes,More knowledgable about STEM,Yes a little,2,3,False,Q106_1
R_MK0101806,Excursions,outcomes,More knowledgable about STEM,Yes a lot,1,4,False,Q106_1
R_MK0105321,Excursions,outcomes,More knowledgable about STEM,Yes a lot,1,4,False,Q106_1
R_MK0106123,Excursions,outcomes,More knowledgable about STEM,Yes a little,2,3,False,Q106_1
R_MK0107788,Excursions,outcomes,More knowledgable about STEM,Yes a little,2,3,False,Q106_1
R_MK0109124,Excursions,outcomes,More knowledgable about STEM,No,4,1,False,Q106_1
R_MK0110762,Excursions,outcomes,More knowledgable about STEM,Yes a little,2,3,False,Q106_1
R_MK0115748,Excursions,outcomes,More knowledgable about STEM,Yes a lot,1,4,False,Q106_1
R_MK0118631,Excursions,outcomes,More knowledgable about STEM,Yes a little,2,3,False,Q106_1
R_MK0121952,Excursions,outcomes,More knowledgable about STEM,Yes a lot,1,4,False,Q106_1
R_MK0122800,Excursions,outcomes,More knowledgable about STEM,Yes a little,2,3,False,Q106_1
R_MK0125281,Excursions,outcomes,More knowledgable about STEM,Yes a lot,1,4,False,Q106_1
R_MK0127853,Excursions,outcomes,More knowledgable about STEM,Yes a lot,1,4,False,Q106_1
R_MK0128835,Excursions,outcomes,More knowledgable about STEM,Yes a little,2,3,False,Q106_1
R_MK0129827,Excursions,outcomes,More knowledgable about STEM,Maybe,3,2,False,Q106_1
R_MK0131132,Excursions,outcomes,More knowledgable about STEM,Maybe,3,2,False,Q106_1
R_MK0135917,Excursions,outcomes,More knowledgable about STEM,Yes a lot,1,4,False,Q106_1
R_MK0137508,Excursions,outcomes,More knowledgable about STEM,I do not know,5,,True,Q106_1
R_MK0139468,Excursions,outcomes,More knowledgable about STEM,Maybe,3,2,False,Q106_1
R_MK0141171,Excursions,outcomes,More knowledgable about STEM,Maybe,3,2,False,Q106_1
R_MK0143986,Excursions,outcomes,More knowledgable about STEM,Yes a little,2,3,False,Q106_1
R_MK0147525,Excursions,outcomes,More knowledgable about STEM,Yes a little,2,3,False,Q106_1
R_MK0148155,Excursions,outcomes,More knowledgable about STEM,I do not know,5,,True,Q106_1
R_MK0149433,Excursions,outcomes,More knowledgable about STEM,Yes a lot,1,4,False,Q106_1
R_MK0154868,Excursions,outcomes,More knowledgable about STEM,Yes a little,2,3,False,Q106_1
R_MK0158694,Excursions,outcomes,More knowledgable about STEM,Yes a lot,1,4,False,Q106_1
R_MK0159874,Excursions,outcomes,More knowledgable about STEM,Yes a little,2,3,False,Q106_1
R_MK0161224,Excursions,outcomes,More knowledgable about STEM,Yes a little,2,3,False,Q106_1
R_MK0162746,Excursions,outcomes,More knowledgable about STEM,Yes a lot,1,4,False,Q106_1
R_MK0163831,Excursions,outcomes,More knowledgable about STEM,Maybe,3,2,False,Q106_1
R_MK0167780,Excursions,outcomes,More knowledgable about STEM,Yes a little,2,3,False,Q106_1
R_MK0168594,Excursions,outcomes,More knowledgable about STEM,Yes a lot,1,4,False,Q106_1
R_MK0171952,Excursions,outcomes,More knowledgable about STEM,Yes a lot,1,4,False,Q106_1
R_MK0172138,Excursions,outcomes,More knowledgable about STEM,Yes a little,2,3,False,Q106_1
R_MK0176600,Excursions,outcomes,More knowledgable about STEM,Maybe,3,2,False,Q106_1
R_MK0178108,Excursions,outcomes,More knowledgable about STEM,Yes a lot,1,4,False,Q106_1
R_MK0000103,Excursions,outcomes,More aware of a range of jobs in STEM,Yes a little,2,3,False,Q106_2
R_MK0003688,Excursions,outcomes,More aware of a range of jobs in STEM,Yes a lot,1,4,False,Q106_2
R_MK0008963,Excursions,outcomes,More aware of a range of jobs in STEM,Maybe,3,2,False,Q106_2
R_MK0012825,Excursions,outcomes,More aware of a range of jobs in STEM,Yes a little,2,3,False,Q106_2
R_MK0014994,Excursions,outcomes,More aware of a range of jobs in STEM,No,4,1,False,Q106_2
R_MK0018342,Excursions,outcomes,More aware of a range of jobs in STEM,Maybe,3,2,False,Q106_2
R_MK0021162,Excursions,outcomes,More aware of a range of jobs in STEM,Maybe,3,2,False,Q106_2
R_MK0022405,Excursions,outcomes,More aware of a range of jobs in STEM,Maybe,3,2,False,Q106_2
R_MK0023140,Excursions,outcomes,More aware of a range of jobs in STEM,Yes a lot,1,4,False,Q106_2
R_MK0025966,Excursions,outcomes,More aware of a range of jobs in STEM,Yes a lot,1,4,False,Q106_2
R_MK0029136,Excursions,outcomes,More aware of a range of jobs in STEM,Yes a little,2,3,False,Q106_2
R_MK0031712,Excursions,outcomes,More aware of a range of jobs in STEM,Yes a little,2,3,False,Q106_2
R_MK0034167,Excursions,outcomes,More aware of a range of jobs in STEM,Yes a lot,1,4,False,Q106_2
R_MK0037202,Excursions,outcomes,More aware of a range of jobs in STEM,Maybe,3,2,False,Q106_2
R_MK0040868,Excursions,outcomes,More aware of a range of jobs in STEM,Yes a lot,1,4,False,Q106_2
R_MK0041466,Excursions,outcomes,More aware of a range of jobs in STEM,Yes a lot,1,4,False,Q106_2
R_MK0043853,Excursions,outcomes,More aware of a range of jobs in STEM,No,4,1,False,Q106_2
R_MK0050728,Excursions,outcomes,More aware of a range of jobs in STEM,Yes a little,2,3,False,Q106_2
R_MK0052388,Excursions,outcomes,More aware of a range of jobs in STEM,Yes a lot,1,4,False,Q106_2
R_MK0054375,Excursions,outcomes,More aware of a range of jobs in STEM,Yes a little,2,3,False,Q106_2
R_MK0055989,Excursions,outcomes,More aware of a range of jobs in STEM,Yes a little,2,3,False,Q106_2
R_MK0056543,Excursions,outcomes,More aware of a range of jobs in STEM,No,4,1,False,Q106_2
R_MK0060527,Excursions,outcomes,More aware of a range of jobs in STEM,I do not know,5,,True,Q106_2
R_MK0064156,Excursions,outcomes,More aware of a range of jobs in STEM,No,4,1,False,Q106_2
R_MK0067466,Excursions,outcomes,More aware of a range of jobs in STEM,Yes a little,2,3,False,Q106_2
R_MK0068498,Excursions,outcomes,More aware of a range of jobs in STEM,Yes a little,2,3,False,Q106_2
R_MK0073741,Excursions,outcomes,More aware of a range of jobs in STEM,Yes a lot,1,4,False,Q106_2
R_MK0079267,Excursions,outcomes,More aware of a range of jobs in STEM,No,4,1,False,Q106_2
R_MK0085933,Excursions,outcomes,More aware of a range of jobs in STEM,Maybe,3,2,False,Q106_2
R_MK0090487,Excursions,outcomes,More aware of a range of jobs in STEM,Yes a little,2,3,False,Q106_2
R_MK0091120,Excursions,outcomes,More aware of a range of jobs in STEM,Yes a lot,1,4,False,Q106_2
R_MK0094626,Excursions,outcomes,More aware of a range of jobs in STEM,Yes a little,2,3,False,Q106_2
R_MK0097932,Excursions,outcomes,More aware of a range of jobs in STEM,Yes a little,2,3,False,Q106_2
R_MK0098967,Excursions,outcomes,More aware of a range of jobs in STEM,Maybe,3,2,False,Q106_2
R_MK0099158,Excursions,outcomes,More aware of a range of jobs in STEM,Yes a little,2,3,False,Q106_2
R_MK0100207,Excursions,outcomes,More aware of a range of jobs in STEM,Yes a lot,1,4,False,Q106_2
R_MK0101806,Excursions,outcomes,More aware of a range of jobs in STEM,No,4,1,False,Q106_2
R_MK0105321,Excursions,outcomes,More aware of a range of jobs in STEM,Yes a lot,1,4,False,Q106_2
R_MK0106123,Excursions,outcomes,More aware of a range of jobs in STEM,Yes a lot,1,4,False,Q106_2
R_MK0107788,Excursions,outcomes,More aware of a range of jobs in STEM,I do not know,5,,True,Q106_2
R_MK0109124,Excursions,outcomes,More aware of a range of jobs in STEM,Yes a lot,1,4,False,Q106_2
R_MK0110762,Excursions,outcomes,More aware of a range of jobs in STEM,Yes a lot,1,4,False,Q106_2
R_MK0115748,Excursions,outcomes,More aware of a range of jobs in STEM,Yes a lot,1,4,False,Q106_2
R_MK0118631,Excursions,outcomes,More aware of a range of jobs in STEM,Maybe,3,2,False,Q106_2
R_MK0121952,Excursions,outcomes,More aware of a range of jobs in STEM,No,4,1,False,Q106_2
R_MK0122800,Excursions,outcomes,More aware of a range of jobs in STEM,Yes a little,2,3,False,Q106_2
R_MK0125281,Excursions,outcomes,More aware of a range of jobs in STEM,Maybe,3,2,False,Q106_2
R_MK0127853,Excursions,outcomes,More aware of a range of jobs in STEM,Yes a little,2,3,False,Q106_2
R_MK0128835,Excursions,outcomes,More aware of a range of jobs in STEM,Yes a little,2,3,False,Q106_2
R_MK0129827,Excursions,outcomes,More aware of a range of jobs in STEM,Yes a lot,1,4,False,Q106_2
R_MK0131132,Excursions,outcomes,More aware of a range of jobs in STEM,Maybe,3,2,False,Q106_2
R_MK0135917,Excursions,outcomes,More aware of a range of jobs in STEM,Yes a little,2,3,False,Q106_2
R_MK0137508,Excursions,outcomes,More aware of a range of jobs in STEM,Yes a little,2,3,False,Q106_2
R_MK0139468,Excursions,outcomes,More aware of a range of jobs in STEM,Maybe,3,2,False,Q106_2
R_MK0141171,Excursions,outcomes,More aware of a range of jobs in STEM,Yes a little,2,3,False,Q106_2
R_MK0143986,Excursions,outcomes,More aware of a range of jobs in STEM,Maybe,3,2,False,Q106_2
R_MK0147525,Excursions,outcomes,More aware of a range of jobs in STEM,Yes a lot,1,4,False,Q106_2
R_MK0148155,Excursions,outcomes,More aware of a range of jobs in STEM,Yes a little,2,3,False,Q106_2
R_MK0149433,Excursions,outcomes,More aware of a range of jobs in STEM,Maybe,3,2,False,Q106_2
R_MK0154868,Excursions,outcomes,More aware of a range of jobs in STEM,Maybe,3,2,False,Q106_2
R_MK0158694,Excursions,outcomes,More aware of a range of jobs in STEM,Yes a little,2,3,False,Q106_2
R_MK0159874,Excursions,outcomes,More aware of a range of jobs in STEM,Yes a lot,1,4,False,Q106_2
R_MK0161224,Excursions,outcomes,More aware of a range of jobs in STEM,Yes a little,2,3,False,Q106_2
R_MK0162746,Excursions,outcomes,More aware of a range of jobs in STEM,Yes a little,2,3,False,Q106_2
R_MK0163831,Excursions,outcomes,More aware of a range of jobs in STEM,Maybe,3,2,False,Q106_2
R_MK0167780,Excursions,outcomes,More aware of a range of jobs in STEM,Maybe,3,2,False,Q106_2
R_MK0168594,Excursions,outcomes,More aware of a range of jobs in STEM,Yes a little,2,3,False,Q106_2
R_MK0171952,Excursions,outcomes,More aware of a range of jobs in STEM,Yes a lot,1,4,False,Q106_2
R_MK0172138,Excursions,outcomes,More aware of a range of jobs in STEM,Maybe,3,2,False,Q106_2
R_MK0176600,Excursions,outcomes,More aware of a range of jobs in STEM,Yes a little,2,3,False,Q106_2
R_MK0178108,Excursions,outcomes,More aware of a range of jobs in STEM,Maybe,3,2,False,Q106_2
R_MK0000103,Excursions,outcomes,More interested about learning about STEM,Yes a little,2,3,False,Q106_3
R_MK0003688,Excursions,outcomes,More interested about learning about STEM,No,4,1,False,Q106_3
R_MK0008963,Excursions,outcomes,More interested about learning about STEM,Maybe,3,2,False,Q106_3
R_MK0012825,Excursions,outcomes,More interested about learning about STEM,Yes a little,2,3,False,Q106_3
R_MK0014994,Excursions,outcomes,More interested about learning about STEM,No,4,1,False,Q106_3
R_MK0018342,Excursions,outcomes,More interested about learning about STEM,Yes a lot,1,4,False,Q106_3
R_MK0021162,Excursions,outcomes,More interested about learning about STEM,No,4,1,False,Q106_3
R_MK0022405,Excursions,outcomes,More interested about learning about STEM,No,4,1,False,Q106_3
R_MK0023140,Excursions,outcomes,More interested about learning about STEM,Yes a little,2,3,False,Q106_3
R_MK0025966,Excursions,outcomes,More interested about learning about STEM,Yes a lot,1,4,False,Q106_3
R_MK0029136,Excursions,outcomes,More interested about learning about STEM,No,4,1,False,Q106_3
R_MK0031712,Excursions,outcomes,More interested about learning about STEM,Yes a little,2,3,False,Q106_3
R_MK0034167,Excursions,outcomes,More interested about learning about STEM,Yes a little,2,3,False,Q106_3
R_MK0037202,Excursions,outcomes,More interested about learning about STEM,Yes a little,2,3,False,Q106_3
R_MK0040868,Excursions,outcomes,More interested about learning about STEM,I do not know,5,,True,Q106_3
R_MK0041466,Excursions,outcomes,More interested about learning about STEM,Yes a little,2,3,False,Q106_3
R_MK0043853,Excursions,outcomes,More interested about learning about STEM,Yes a little,2,3,False,Q106_3
R_MK0050728,Excursions,outcomes,More interested about learning about STEM,Yes a little,2,3,False,Q106_3
R_MK0052388,Excursions,outcomes,More interested about learning about STEM,Yes a lot,1,4,False,Q106_3
R_MK0054375,Excursions,outcomes,More interested about learning about STEM,Yes a lot,1,4,False,Q106_3
R_MK0055989,Excursions,outcomes,More interested about learning about STEM,Yes a little,2,3,False,Q106_3
R_MK0056543,Excursions,outcomes,More interested about learning about STEM,Yes a little,2,3,False,Q106_3
R_MK0060527,Excursions,outcomes,More interested about learning about STEM,Yes a lot,1,4,False,Q106_3
R_MK0064156,Excursions,outcomes,More interested about learning about STEM,Maybe,3,2,False,Q106_3
R_MK0067466,Excursions,outcomes,More interested about learning about STEM,No,4,1,False,Q106_3
R_MK0068498,Excursions,outcomes,More interested about learning about STEM,Yes a lot,1,4,False,Q106_3
R_MK0073741,Excursions,outcomes,More interested about learning about STEM,No,4,1,False,Q106_3
R_MK0079267,Excursions,outcomes,More interested about learning about STEM,Yes a little,2,3,False,Q106_3
R_MK0085933,Excursions,outcomes,More interested about learning about STEM,Yes a lot,1,4,False,Q106_3
R_MK0090487,Excursions,outcomes,More interested about learning about STEM,Yes a lot,1,4,False,Q106_3
R_MK0091120,Excursions,outcomes,More interested about learning about STEM,Yes a little,2,3,False,Q106_3
R_MK0094626,Excursions,outcomes,More interested about learning about STEM,Maybe,3,2,False,Q106_3
R_MK0097932,Excursions,outcomes,More interested about learning about STEM,Yes a lot,1,4,False,Q106_3
R_MK0098967,Excursions,outcomes,More interested about learning about STEM,Yes a lot,1,4,False,Q106_3
R_MK0099158,Excursions,outcomes,More interested about learning about STEM,Yes a lot,1,4,False,Q106_3
R_MK0100207,Excursions,outcomes,More interested about learning about STEM,Yes a lot,1,4,False,Q106_3
R_MK0101806,Excursions,outcomes,More interested about learning about STEM,No,4,1,False,Q106_3
R_MK0105321,Excursions,outcomes,More interested about learning about STEM,Yes a little,2,3,False,Q106_3
R_MK0106123,Excursions,outcomes,More interested about learning about STEM,Yes a lot,1,4,False,Q106_3
R_MK0107788,Excursions,outcomes,More interested about learning about STEM,Yes a little,2,3,False,Q106_3
R_MK0109124,Excursions,outcomes,More interested about learning about STEM,Yes a little,2,3,False,Q106_3
R_MK0110762,Excursions,outcomes,More interested about learning about STEM,Yes a little,2,3,False,Q106_3
R_MK0115748,Excursions,outcomes,More interested about learning about STEM,Yes a little,2,3,False,Q106_3
R_MK0118631,Excursions,outcomes,More interested about learning about STEM,No,4,1,False,Q106_3
R_MK0121952,Excursions,outcomes,More interested about learning about STEM,Yes a little,2,3,False,Q106_3
R_MK0122800,Excursions,outcomes,More interested about learning about STEM,Yes a lot,1,4,False,Q106_3
R_MK0125281,Excursions,outcomes,More interested about learning about STEM,Yes a lot,1,4,False,Q106_3
R_MK0127853,Excursions,outcomes,More interested about learning about STEM,Yes a little,2,3,False,Q106_3
R_MK0128835,Excursions,outcomes,More interested about learning about STEM,Yes a lot,1,4,False,Q106_3
R_MK0129827,Excursions,outcomes,More interested about learning about STEM,No,4,1,False,Q106_3
R_MK0131132,Excursions,outcomes,More interested about learning about STEM,Yes a lot,1,4,False,Q106_3
R_MK0135917,Excursions,outcomes,More interested about learning about STEM,Yes a lot,1,4,False,Q106_3
R_MK0137508,Excursions,outcomes,More interested about learning about STEM,Maybe,3,2,False,Q106_3
R_MK0139468,Excursions,outcomes,More interested about learning about STEM,No,4,1,False,Q106_3
R_MK0141171,Excursions,outcomes,More interested about learning about STEM,Yes a little,2,3,False,Q106_3
R_MK0143986,Excursions,outcomes,More interested about learning about STEM,Yes a little,2,3,False,Q106_3
R_MK0147525,Excursions,outcomes,More interested about learning about STEM,Yes a little,2,3,False,Q106_3
R_MK0148155,Excursions,outcomes,More interested about learning about STEM,Maybe,3,2,False,Q106_3
R_MK0149433,Excursions,outcomes,More interested about learning about STEM,Yes a little,2,3,False,Q106_3
R_MK0154868,Excursions,outcomes,More interested about learning about STEM,Maybe,3,2,False,Q106_3
R_MK0158694,Excursions,outcomes,More interested about learning about STEM,Yes a little,2,3,False,Q106_3
R_MK0159874,Excursions,outcomes,More interested about learning about STEM,Yes a lot,1,4,False,Q106_3
R_MK0161224,Excursions,outcomes,More interested about learning about STEM,Yes a lot,1,4,False,Q106_3
R_MK0162746,Excursions,outcomes,More interested about learning about STEM,Yes a lot,1,4,False,Q106_3
R_MK0163831,Excursions,outcomes,More interested about learning about STEM,Maybe,3,2,False,Q106_3
R_MK0167780,Excursions,outcomes,More interested about learning about STEM,Maybe,3,2,False,Q106_3
R_MK0168594,Excursions,outcomes,More interested about learning about STEM,Yes a little,2,3,False,Q106_3
R_MK0171952,Excursions,outcomes,More interested about learning about STEM,Yes a lot,1,4,False,Q106_3
R_MK0172138,Excursions,outcomes,More interested about learning about STEM,No,4,1,False,Q106_3
R_MK0176600,Excursions,outcomes,More interested about learning about STEM,Yes a lot,1,4,False,Q106_3
R_MK0178108,Excursions,outcomes,More interested about learning about STEM,Yes a lot,1,4,False,Q106_3
R_MK0000103,Excursions,outcomes,More confident in solving STEM problems,Maybe,3,2,False,Q106_4
R_MK0003688,Excursions,outcomes,More confident in solving STEM problems,Yes a little,2,3,False,Q106_4
R_MK0008963,Excursions,outcomes,More confident in solving STEM problems,Maybe,3,2,False,Q106_4
R_MK0012825,Excursions,outcomes,More confident in solving STEM problems,Yes a little,2,3,False,Q106_4
R_MK0014994,Excursions,outcomes,More confident in solving STEM problems,Yes a lot,1,4,False,Q106_4
R_MK0018342,Excursions,outcomes,More confident in solving STEM problems,Yes a lot,1,4,False,Q106_4
R_MK0021162,Excursions,outcomes,More confident in solving STEM problems,No,4,1,False,Q106_4
R_MK0022405,Excursions,outcomes,More confident in solving STEM problems,Yes a lot,1,4,False,Q106_4
R_MK0023140,Excursions,outcomes,More confident in solving STEM problems,Yes a lot,1,4,False,Q106_4
R_MK0025966,Excursions,outcomes,More confident in solving STEM problems,No,4,1,False,Q106_4
R_MK0029136,Excursions,outcomes,More confident in solving STEM problems,Yes a lot,1,4,False,Q106_4
R_MK0031712,Excursions,outcomes,More confident in solving STEM problems,Yes a little,2,3,False,Q106_4
R_MK0034167,Excursions,outcomes,More confident in solving STEM problems,No,4,1,False,Q106_4
R_MK0037202,Excursions,outcomes,More confident in solving STEM problems,Yes a lot,1,4,False,Q106_4
R_MK0040868,Excursions,outcomes,More confident in solving STEM problems,Yes a lot,1,4,False,Q106_4
R_MK0041466,Excursions,outcomes,More confident in solving STEM problems,Yes a lot,1,4,False,Q106_4
R_MK0043853,Excursions,outcomes,More confident in solving STEM problems,Maybe,3,2,False,Q106_4
R_MK0050728,Excursions,outcomes,More confident in solving STEM problems,Yes a little,2,3,False,Q106_4
R_MK0052388,Excursions,outcomes,More confident in solving STEM problems,Yes a lot,1,4,False,Q106_4
R_MK0054375,Excursions,outcomes,More confident in solving STEM problems,Yes a little,2,3,False,Q106_4
R_MK0055989,Excursions,outcomes,More confident in solving STEM problems,Yes a little,2,3,False,Q106_4
R_MK0056543,Excursions,outcomes,More confident in solving STEM problems,No,4,1,False,Q106_4
R_MK0060527,Excursions,outcomes,More confident in solving STEM problems,Yes a little,2,3,False,Q106_4
R_MK0064156,Excursions,outcomes,More confident in solving STEM problems,Yes a little,2,3,False,Q106_4
R_MK0067466,Excursions,outcomes,More confident in solving STEM problems,I do not know,5,,True,Q106_4
R_MK0068498,Excursions,outcomes,More confident in solving STEM problems,Yes a little,2,3,False,Q106_4
R_MK0073741,Excursions,outcomes,More confident in solving STEM problems,Yes a little,2,3,False,Q106_4
R_MK0079267,Excursions,outcomes,More confident in solving STEM problems,No,4,1,False,Q106_4
R_MK0085933,Excursions,outcomes,More confident in solving STEM problems,Yes a little,2,3,False,Q106_4
R_MK0090487,Excursions,outcomes,More confident in solving STEM problems,Maybe,3,2,False,Q106_4
R_MK0091120,Excursions,outcomes,More confident in solving STEM problems,Yes a little,2,3,False,Q106_4
R_MK0094626,Excursions,outcomes,More confident in solving STEM problems,Yes a lot,1,4,False,Q106_4
R_MK0097932,Excursions,outcomes,More confident in solving STEM problems,Yes a lot,1,4,False,Q106_4
R_MK0098967,Excursions,outcomes,More confident in solving STEM problems,Maybe,3,2,False,Q106_4
R_MK0099158,Excursions,outcomes,More confident in solving STEM problems,No,4,1,False,Q106_4
R_MK0100207,Excursions,outcomes,More confident in solving STEM problems,Yes a lot,1,4,False,Q106_4
R_MK0101806,Excursions,outcomes,More confident in solving STEM problems,No,4,1,False,Q106_4
R_MK0105321,Excursions,outcomes,More confident in solving STEM problems,Yes a little,2,3,False,Q106_4
R_MK0106123,Excursions,outcomes,More confident in solving STEM problems,Yes a little,2,3,False,Q106_4
R_MK0107788,Excursions,outcomes,More confident in solving STEM problems,Yes a lot,1,4,False,Q106_4
R_MK0109124,Excursions,outcomes,More confident in solving STEM problems,Yes a lot,1,4,False,Q106_4
R_MK0110762,Excursions,outcomes,More confident in solving STEM problems,Yes a little,2,3,False,Q106_4
R_MK0115748,Excursions,outcomes,More confident in solving STEM problems,Yes a little,2,3,False,Q106_4
R_MK0118631,Excursions,outcomes,More confident in solving STEM problems,Yes a little,2,3,False,Q106_4
R_MK0121952,Excursions,outcomes,More confident in solving STEM problems,Yes a lot,1,4,False,Q106_4
R_MK0122800,Excursions,outcomes,More confident in solving STEM problems,I do not know,5,,True,Q106_4
R_MK0125281,Excursions,outcomes,More confident in solving STEM problems,Maybe,3,2,False,Q106_4
R_MK0127853,Excursions,outcomes,More confident in solving STEM problems,Yes a little,2,3,False,Q106_4
R_MK0128835,Excursions,outcomes,More confident in solving STEM problems,Yes a little,2,3,False,Q106_4
R_MK0129827,Excursions,outcomes,More confident in solving STEM problems,Yes a little,2,3,False,Q106_4
R_MK0131132,Excursions,outcomes,More confident in solving STEM problems,Yes a lot,1,4,False,Q106_4
R_MK0135917,Excursions,outcomes,More confident in solving STEM problems,No,4,1,False,Q106_4
R_MK0137508,Excursions,outcomes,More confident in solving STEM problems,Yes a little,2,3,False,Q106_4
R_MK0139468,Excursions,outcomes,More confident in solving STEM problems,Yes a lot,1,4,False,Q106_4
R_MK0141171,Excursions,outcomes,More confident in solving STEM problems,Yes a little,2,3,False,Q106_4
R_MK0143986,Excursions,outcomes,More confident in solving STEM problems,Yes a lot,1,4,False,Q106_4
R_MK0147525,Excursions,outcomes,More confident in solving STEM problems,Yes a little,2,3,False,Q106_4
R_MK0148155,Excursions,outcomes,More confident in solving STEM problems,Yes a little,2,3,False,Q106_4
R_MK0149433,Excursions,outcomes,More confident in solving STEM problems,Yes a little,2,3,False,Q106_4
R_MK0154868,Excursions,outcomes,More confident in solving STEM problems,Maybe,3,2,False,Q106_4
R_MK0158694,Excursions,outcomes,More confident in solving STEM problems,Yes a little,2,3,False,Q106_4
R_MK0159874,Excursions,outcomes,More confident in solving STEM problems,Yes a lot,1,4,False,Q106_4
R_MK0161224,Excursions,outcomes,More confident in solving STEM problems,Yes a lot,1,4,False,Q106_4
R_MK0162746,Excursions,outcomes,More confident in solving STEM problems,Yes a lot,1,4,False,Q106_4
R_MK0163831,Excursions,outcomes,More confident in solving STEM problems,No,4,1,False,Q106_4
R_MK0167780,Excursions,outcomes,More confident in solving STEM problems,Yes a lot,1,4,False,Q106_4
R_MK0168594,Excursions,outcomes,More confident in solving STEM problems,Yes a little,2,3,False,Q106_4
R_MK0171952,Excursions,outcomes,More confident in solving STEM problems,Yes a little,2,3,False,Q106_4
R_MK0172138,Excursions,outcomes,More confident in solving STEM problems,I do not know,5,,True,Q106_4
R_MK0176600,Excursions,outcomes,More confident in solving STEM problems,Yes a little,2,3,False,Q106_4
R_MK0178108,Excursions,outcomes,More confident in solving STEM problems,Yes a little,2,3,False,Q106_4
R_MK0000103,Excursions,outcomes,"More comfortable with using tools, technology and equipment",Yes a lot,1,4,False,Q106_5
R_MK0003688,Excursions,outcomes,"More comfortable with using tools, technology and equipment",Maybe,3,2,False,Q106_5
R_MK0008963,Excursions,outcomes,"More comfortable with using tools, technology and equipment",Yes a lot,1,4,False,Q106_5
R_MK0012825,Excursions,outcomes,"More comfortable with using tools, technology and equipment",Yes a lot,1,4,False,Q106_5
R_MK0014994,Excursions,outcomes,"More comfortable with using tools, technology and equipment",Yes a little,2,3,False,Q106_5
R_MK0018342,Excursions,outcomes,"More comfortable with using tools, technology and equipment",No,4,1,False,Q106_5
R_MK0021162,Excursions,outcomes,"More comfortable with using tools, technology and equipment",Yes a little,2,3,False,Q106_5
R_MK0022405,Excursions,outcomes,"More comfortable with using tools, technology and equipment",Yes a little,2,3,False,Q106_5
R_MK0023140,Excursions,outcomes,"More comfortable with using tools, technology and equipment",Yes a little,2,3,False,Q106_5
R_MK0025966,Excursions,outcomes,"More comfortable with using tools, technology and equipment",Yes a little,2,3,False,Q106_5
R_MK0029136,Excursions,outcomes,"More comfortable with using tools, technology and equipment",Maybe,3,2,False,Q106_5
R_MK0031712,Excursions,outcomes,"More comfortable with using tools, technology and equipment",Yes a little,2,3,False,Q106_5
R_MK0034167,Excursions,outcomes,"More comfortable with using tools, technology and equipment",Yes a little,2,3,False,Q106_5
R_MK0037202,Excursions,outcomes,"More comfortable with using tools, technology and equipment",Yes a little,2,3,False,Q106_5
R_MK0040868,Excursions,outcomes,"More comfortable with using tools, technology and equipment",Yes a little,2,3,False,Q106_5
R_MK0041466,Excursions,outcomes,"More comfortable with using tools, technology and equipment",Yes a lot,1,4,False,Q106_5
R_MK0043853,Excursions,outcomes,"More comfortable with using tools, technology and equipment",Yes a little,2,3,False,Q106_5
R_MK0050728,Excursions,outcomes,"More comfortable with using tools, technology and equipment",Yes a lot,1,4,False,Q106_5
R_MK0052388,Excursions,outcomes,"More comfortable with using tools, technology and equipment",Yes a lot,1,4,False,Q106_5
R_MK0054375,Excursions,outcomes,"More comfortable with using tools, technology and equipment",Yes a little,2,3,False,Q106_5
R_MK0055989,Excursions,outcomes,"More comfortable with using tools, technology and equipment",Yes a lot,1,4,False,Q106_5
R_MK0056543,Excursions,outcomes,"More comfortable with using tools, technology and equipment",Yes a little,2,3,False,Q106_5
R_MK0060527,Excursions,outcomes,"More comfortable with using tools, technology and equipment",Yes a little,2,3,False,Q106_5
R_MK0064156,Excursions,outcomes,"More comfortable with using tools, technology and equipment",Maybe,3,2,False,Q106_5
R_MK0067466,Excursions,outcomes,"More comfortable with using tools, technology and equipment",Yes a little,2,3,False,Q106_5
R_MK0068498,Excursions,outcomes,"More comfortable with using tools, technology and equipment",Yes a little,2,3,False,Q106_5
R_MK0073741,Excursions,outcomes,"More comfortable with using tools, technology and equipment",Maybe,3,2,False,Q106_5
R_MK0079267,Excursions,outcomes,"More comfortable with using tools, technology and equipment",Maybe,3,2,False,Q106_5
R_MK0085933,Excursions,outcomes,"More comfortable with using tools, technology and equipment",Yes a little,2,3,False,Q106_5
R_MK0090487,Excursions,outcomes,"More comfortable with using tools, technology and equipment",Yes a lot,1,4,False,Q106_5
R_MK0091120,Excursions,outcomes,"More comfortable with using tools, technology and equipment",Yes a lot,1,4,False,Q106_5
R_MK0094626,Excursions,outcomes,"More comfortable with using tools, technology and equipment",Yes a lot,1,4,False,Q106_5
R_MK0097932,Excursions,outcomes,"More comfortable with using tools, technology and equipment",Yes a lot,1,4,False,Q106_5
R_MK0098967,Excursions,outcomes,"More comfortable with using tools, technology and equipment",Yes a lot,1,4,False,Q106_5
R_MK0099158,Excursions,outcomes,"More comfortable with using tools, technology and equipment",Yes a little,2,3,False,Q106_5
R_MK0100207,Excursions,outcomes,"More comfortable with using tools, technology and equipment",Yes a lot,1,4,False,Q106_5
R_MK0101806,Excursions,outcomes,"More comfortable with using tools, technology and equipment",Yes a little,2,3,False,Q106_5
R_MK0105321,Excursions,outcomes,"More comfortable with using tools, technology and equipment",Yes a little,2,3,False,Q106_5
R_MK0106123,Excursions,outcomes,"More comfortable with using tools, technology and equipment",Yes a lot,1,4,False,Q106_5
R_MK0107788,Excursions,outcomes,"More comfortable with using tools, technology and equipment",Yes a little,2,3,False,Q106_5
R_MK0109124,Excursions,outcomes,"More comfortable with using tools, technology and equipment",Yes a lot,1,4,False,Q106_5
R_MK0110762,Excursions,outcomes,"More comfortable with using tools, technology and equipment",Yes a lot,1,4,False,Q106_5
R_MK0115748,Excursions,outcomes,"More comfortable with using tools, technology and equipment",No,4,1,False,Q106_5
R_MK0118631,Excursions,outcomes,"More comfortable with using tools, technology and equipment",Yes a little,2,3,False,Q106_5
R_MK0121952,Excursions,outcomes,"More comfortable with using tools, technology and equipment",Maybe,3,2,False,Q106_5
R_MK0122800,Excursions,outcomes,"More comfortable with using tools, technology and equipment",I do not know,5,,True,Q106_5
R_MK0125281,Excursions,outcomes,"More comfortable with using tools, technology and equipment",Yes a lot,1,4,False,Q106_5
R_MK0127853,Excursions,outcomes,"More comfortable with using tools, technology and equipment",Maybe,3,2,False,Q106_5
R_MK0128835,Excursions,outcomes,"More comfortable with using tools, technology and equipment",Yes a little,2,3,False,Q106_5
R_MK0129827,Excursions,outcomes,"More comfortable with using tools, technology and equipment",Yes a lot,1,4,False,Q106_5
R_MK0131132,Excursions,outcomes,"More comfortable with using tools, technology and equipment",I do not know,5,,True,Q106_5
R_MK0135917,Excursions,outcomes,"More comfortable with using tools, technology and equipment",Yes a lot,1,4,False,Q106_5
R_MK0137508,Excursions,outcomes,"More comfortable with using tools, technology and equipment",Yes a little,2,3,False,Q106_5
R_MK0139468,Excursions,outcomes,"More comfortable with using tools, technology and equipment",Yes a lot,1,4,False,Q106_5
R_MK0141171,Excursions,outcomes,"More comfortable with using tools, technology and equipment",Yes a little,2,3,False,Q106_5
R_MK0143986,Excursions,outcomes,"More comfortable with using tools, technology and equipment",Yes a lot,1,4,False,Q106_5
R_MK0147525,Excursions,outcomes,"More comfortable with using tools, technology and equipment",Yes a lot,1,4,False,Q106_5
R_MK0148155,Excursions,outcomes,"More comfortable with using tools, technology and equipment",Yes a lot,1,4,False,Q106_5
R_MK0149433,Excursions,outcomes,"More comfortable with using tools, technology and equipment",Yes a lot,1,4,False,Q106_5
R_MK0154868,Excursions,outcomes,"More comfortable with using tools, technology and equipment",Yes a little,2,3,False,Q106_5
R_MK0158694,Excursions,outcomes,"More comfortable with using tools, technology and equipment",Yes a lot,1,4,False,Q106_5
R_MK0159874,Excursions,outcomes,"More comfortable with using tools, technology and equipment",Yes a lot,1,4,False,Q106_5
R_MK0161224,Excursions,outcomes,"More comfortable with using tools, technology and equipment",Yes a lot,1,4,False,Q106_5
R_MK0162746,Excursions,outcomes,"More comfortable with using tools, technology and equipment",Yes a lot,1,4,False,Q106_5
R_MK0163831,Excursions,outcomes,"More comfortable with using tools, technology and equipment",Yes a lot,1,4,False,Q106_5
R_MK0167780,Excursions,outcomes,"More comfortable with using tools, technology and equipment",Yes a lot,1,4,False,Q106_5
R_MK0168594,Excursions,outcomes,"More comfortable with using tools, technology and equipment",Yes a lot,1,4,False,Q106_5
R_MK0171952,Excursions,outcomes,"More comfortable with using tools, technology and equipment",Yes a little,2,3,False,Q106_5
R_MK0172138,Excursions,outcomes,"More comfortable with using tools, technology and equipment",Maybe,3,2,False,Q106_5
R_MK0176600,Excursions,outcomes,"More comfortable with using tools, technology and equipment",Yes a lot,1,4,False,Q106_5
R_MK0178108,Excursions,outcomes,"More comfortable with using tools, technology and equipment",Yes a little,2,3,False,Q106_5
R_MK0000103,Excursions,outcomes,More comfortable working in teams,Yes a little,2,3,False,Q106_6
R_MK0003688,Excursions,outcomes,More comfortable working in teams,Maybe,3,2,False,Q106_6
R_MK0008963,Excursions,outcomes,More comfortable working in teams,Yes a lot,1,4,False,Q106_6
R_MK0012825,Excursions,outcomes,More comfortable working in teams,Yes a little,2,3,False,Q106_6
R_MK0014994,Excursions,outcomes,More comfortable working in teams,Yes a lot,1,4,False,Q106_6
R_MK0018342,Excursions,outcomes,More comfortable working in teams,I do not know,5,,True,Q106_6
R_MK0021162,Excursions,outcomes,More comfortable working in teams,Yes a little,2,3,False,Q106_6
R_MK0022405,Excursions,outcomes,More comfortable working in teams,Yes a lot,1,4,False,Q106_6
R_MK0023140,Excursions,outcomes,More comfortable working in teams,Yes a little,2,3,False,Q106_6
R_MK0025966,Excursions,outcomes,More comfortable working in teams,Yes a little,2,3,False,Q106_6
R_MK0029136,Excursions,outcomes,More comfortable working in teams,Yes a little,2,3,False,Q106_6
R_MK0031712,Excursions,outcomes,More comfortable working in teams,Maybe,3,2,False,Q106_6
R_MK0034167,Excursions,outcomes,More comfortable working in teams,I do not know,5,,True,Q106_6
R_MK0037202,Excursions,outcomes,More comfortable working in teams,I do not know,5,,True,Q106_6
R_MK0040868,Excursions,outcomes,More comfortable working in teams,Yes a little,2,3,False,Q106_6
R_MK0041466,Excursions,outcomes,More comfortable working in teams,Yes a lot,1,4,False,Q106_6
R_MK0043853,Excursions,outcomes,More comfortable working in teams,Yes a lot,1,4,False,Q106_6
R_MK0050728,Excursions,outcomes,More comfortable working in teams,I do not know,5,,True,Q106_6
R_MK0052388,Excursions,outcomes,More comfortable working in teams,I do not know,5,,True,Q106_6
R_MK0054375,Excursions,outcomes,More comfortable working in teams,Yes a lot,1,4,False,Q106_6
R_MK0055989,Excursions,outcomes,More comfortable working in teams,Maybe,3,2,False,Q106_6
R_MK0056543,Excursions,outcomes,More comfortable working in teams,Yes a lot,1,4,False,Q106_6
R_MK0060527,Excursions,outcomes,More comfortable working in teams,Yes a lot,1,4,False,Q106_6
R_MK0064156,Excursions,outcomes,More comfortable working in teams,No,4,1,False,Q106_6
R_MK0067466,Excursions,outcomes,More comfortable working in teams,Yes a lot,1,4,False,Q106_6
R_MK0068498,Excursions,outcomes,More comfortable working in teams,Maybe,3,2,False,Q106_6
R_MK0073741,Excursions,outcomes,More comfortable working in teams,I do not know,5,,True,Q106_6
R_MK0079267,Excursions,outcomes,More comfortable working in teams,No,4,1,False,Q106_6
R_MK0085933,Excursions,outcomes,More comfortable working in teams,Maybe,3,2,False,Q106_6
R_MK0090487,Excursions,outcomes,More comfortable working in teams,Yes a little,2,3,False,Q106_6
R_MK0091120,Excursions,outcomes,More comfortable working in teams,Yes a lot,1,4,False,Q106_6
R_MK0094626,Excursions,outcomes,More comfortable working in teams,Yes a little,2,3,False,Q106_6
R_MK0097932,Excursions,outcomes,More comfortable working in teams,Yes a lot,1,4,False,Q106_6
R_MK0098967,Excursions,outcomes,More comfortable working in teams,Yes a lot,1,4,False,Q106_6
R_MK0099158,Excursions,outcomes,More comfortable working in teams,Maybe,3,2,False,Q106_6
R_MK0100207,Excursions,outcomes,More comfortable working in teams,Yes a lot,1,4,False,Q106_6
R_MK0101806,Excursions,outcomes,More comfortable working in teams,I do not know,5,,True,Q106_6
R_MK0105321,Excursions,outcomes,More comfortable working in teams,No,4,1,False,Q106_6
R_MK0106123,Excursions,outcomes,More comfortable working in teams,Yes a little,2,3,False,Q106_6
R_MK0107788,Excursions,outcomes,More comfortable working in teams,Yes a little,2,3,False,Q106_6
R_MK0109124,Excursions,outcomes,More comfortable working in teams,Yes a lot,1,4,False,Q106_6
R_MK0110762,Excursions,outcomes,More comfortable working in teams,Yes a lot,1,4,False,Q106_6
R_MK0115748,Excursions,outcomes,More comfortable working in teams,Maybe,3,2,False,Q106_6
R_MK0118631,Excursions,outcomes,More comfortable working in teams,Yes a lot,1,4,False,Q106_6
R_MK0121952,Excursions,outcomes,More comfortable working in teams,Maybe,3,2,False,Q106_6
R_MK0122800,Excursions,outcomes,More comfortable working in teams,No,4,1,False,Q106_6
R_MK0125281,Excursions,outcomes,More comfortable working in teams,Yes a little,2,3,False,Q106_6
R_MK0127853,Excursions,outcomes,More comfortable working in teams,Maybe,3,2,False,Q106_6
R_MK0128835,Excursions,outcomes,More comfortable working in teams,Yes a little,2,3,False,Q106_6
R_MK0129827,Excursions,outcomes,More comfortable working in teams,Yes a lot,1,4,False,Q106_6
R_MK0131132,Excursions,outcomes,More comfortable working in teams,Yes a little,2,3,False,Q106_6
R_MK0135917,Excursions,outcomes,More comfortable working in teams,Yes a little,2,3,False,Q106_6
R_MK0137508,Excursions,outcomes,More comfortable working in teams,Yes a little,2,3,False,Q106_6
R_MK0139468,Excursions,outcomes,More comfortable working in teams,Yes a little,2,3,False,Q106_6
R_MK0141171,Excursions,outcomes,More comfortable working in teams,Yes a lot,1,4,False,Q106_6
R_MK0143986,Excursions,outcomes,More comfortable working in teams,No,4,1,False,Q106_6
R_MK0147525,Excursions,outcomes,More comfortable working in teams,Yes a little,2,3,False,Q106_6
R_MK0148155,Excursions,outcomes,More comfortable working in teams,Yes a little,2,3,False,Q106_6
R_MK0149433,Excursions,outcomes,More comfortable working in teams,I do not know,5,,True,Q106_6
R_MK0154868,Excursions,outcomes,More comfortable working in teams,Maybe,3,2,False,Q106_6
R_MK0158694,Excursions,outcomes,More comfortable working in teams,Maybe,3,2,False,Q106_6
R_MK0159874,Excursions,outcomes,More comfortable working in teams,Yes a lot,1,4,False,Q106_6
R_MK0161224,Excursions,outcomes,More comfortable working in teams,Yes a little,2,3,False,Q106_6
R_MK0162746,Excursions,outcomes,More comfortable working in teams,Yes a little,2,3,False,Q106_6
R_MK0163831,Excursions,outcomes,More comfortable working in teams,No,4,1,False,Q106_6
R_MK0167780,Excursions,outcomes,More comfortable working in teams,Yes a little,2,3,False,Q106_6
R_MK0168594,Excursions,outcomes,More comfortable working in teams,Maybe,3,2,False,Q106_6
R_MK0171952,Excursions,outcomes,More comfortable working in teams,No,4,1,False,Q106_6
R_MK0172138,Excursions,outcomes,More comfortable working in teams,No,4,1,False,Q106_6
R_MK0176600,Excursions,outcomes,More comfortable working in teams,Yes a little,2,3,False,Q106_6
R_MK0178108,Excursions,outcomes,More comfortable working in teams,Yes a lot,1,4,False,Q106_6
R_MK0000103,Excursions,outcomes,More confident in communicating and sharing my ideas,Yes a lot,1,4,False,Q106_7
R_MK0003688,Excursions,outcomes,More confident in communicating and sharing my ideas,Yes a lot,1,4,False,Q106_7
R_MK0008963,Excursions,outcomes,More confident in communicating and sharing my ideas,Yes a little,2,3,False,Q106_7
R_MK0012825,Excursions,outcomes,More confident in communicating and sharing my ideas,Yes a lot,1,4,False,Q106_7
R_MK0014994,Excursions,outcomes,More confident in communicating and sharing my ideas,Yes a little,2,3,False,Q106_7
R_MK0018342,Excursions,outcomes,More confident in communicating and sharing my ideas,Yes a lot,1,4,False,Q106_7
R_MK0021162,Excursions,outcomes,More confident in communicating and sharing my ideas,No,4,1,False,Q106_7
R_MK0022405,Excursions,outcomes,More confident in communicating and sharing my ideas,Yes a lot,1,4,False,Q106_7
R_MK0023140,Excursions,outcomes,More confident in communicating and sharing my ideas,Maybe,3,2,False,Q106_7
R_MK0025966,Excursions,outcomes,More confident in communicating and sharing my ideas,No,4,1,False,Q106_7
R_MK0029136,Excursions,outcomes,More confident in communicating and sharing my ideas,Yes a lot,1,4,False,Q106_7
R_MK0031712,Excursions,outcomes,More confident in communicating and sharing my ideas,Yes a little,2,3,False,Q106_7
R_MK0034167,Excursions,outcomes,More confident in communicating and sharing my ideas,Yes a lot,1,4,False,Q106_7
R_MK0037202,Excursions,outcomes,More confident in communicating and sharing my ideas,Yes a lot,1,4,False,Q106_7
R_MK0040868,Excursions,outcomes,More confident in communicating and sharing my ideas,Yes a lot,1,4,False,Q106_7
R_MK0041466,Excursions,outcomes,More confident in communicating and sharing my ideas,Yes a lot,1,4,False,Q106_7
R_MK0043853,Excursions,outcomes,More confident in communicating and sharing my ideas,Yes a lot,1,4,False,Q106_7
R_MK0050728,Excursions,outcomes,More confident in communicating and sharing my ideas,Maybe,3,2,False,Q106_7
R_MK0052388,Excursions,outcomes,More confident in communicating and sharing my ideas,Yes a little,2,3,False,Q106_7
R_MK0054375,Excursions,outcomes,More confident in communicating and sharing my ideas,Yes a little,2,3,False,Q106_7
R_MK0055989,Excursions,outcomes,More confident in communicating and sharing my ideas,I do not know,5,,True,Q106_7
R_MK0056543,Excursions,outcomes,More confident in communicating and sharing my ideas,Yes a lot,1,4,False,Q106_7
R_MK0060527,Excursions,outcomes,More confident in communicating and sharing my ideas,Yes a little,2,3,False,Q106_7
R_MK0064156,Excursions,outcomes,More confident in communicating and sharing my ideas,No,4,1,False,Q106_7
R_MK0067466,Excursions,outcomes,More confident in communicating and sharing my ideas,I do not know,5,,True,Q106_7
R_MK0068498,Excursions,outcomes,More confident in communicating and sharing my ideas,Yes a lot,1,4,False,Q106_7
R_MK0073741,Excursions,outcomes,More confident in communicating and sharing my ideas,Maybe,3,2,False,Q106_7
R_MK0079267,Excursions,outcomes,More confident in communicating and sharing my ideas,Yes a lot,1,4,False,Q106_7
R_MK0085933,Excursions,outcomes,More confident in communicating and sharing my ideas,No,4,1,False,Q106_7
R_MK0090487,Excursions,outcomes,More confident in communicating and sharing my ideas,Yes a little,2,3,False,Q106_7
R_MK0091120,Excursions,outcomes,More confident in communicating and sharing my ideas,I do not know,5,,True,Q106_7
R_MK0094626,Excursions,outcomes,More confident in communicating and sharing my ideas,Maybe,3,2,False,Q106_7
R_MK0097932,Excursions,outcomes,More confident in communicating and sharing my ideas,Yes a little,2,3,False,Q106_7
R_MK0098967,Excursions,outcomes,More confident in communicating and sharing my ideas,Maybe,3,2,False,Q106_7
R_MK0099158,Excursions,outcomes,More confident in communicating and sharing my ideas,No,4,1,False,Q106_7
R_MK0100207,Excursions,outcomes,More confident in communicating and sharing my ideas,Yes a lot,1,4,False,Q106_7
R_MK0101806,Excursions,outcomes,More confident in communicating and sharing my ideas,Yes a little,2,3,False,Q106_7
R_MK0105321,Excursions,outcomes,More confident in communicating and sharing my ideas,Yes a little,2,3,False,Q106_7
R_MK0106123,Excursions,outcomes,More confident in communicating and sharing my ideas,Yes a little,2,3,False,Q106_7
R_MK0107788,Excursions,outcomes,More confident in communicating and sharing my ideas,Yes a little,2,3,False,Q106_7
R_MK0109124,Excursions,outcomes,More confident in communicating and sharing my ideas,No,4,1,False,Q106_7
R_MK0110762,Excursions,outcomes,More confident in communicating and sharing my ideas,Maybe,3,2,False,Q106_7
R_MK0115748,Excursions,outcomes,More confident in communicating and sharing my ideas,Yes a little,2,3,False,Q106_7
R_MK0118631,Excursions,outcomes,More confident in communicating and sharing my ideas,Yes a little,2,3,False,Q106_7
R_MK0121952,Excursions,outcomes,More confident in communicating and sharing my ideas,Yes a little,2,3,False,Q106_7
R_MK0122800,Excursions,outcomes,More confident in communicating and sharing my ideas,Yes a little,2,3,False,Q106_7
R_MK0125281,Excursions,outcomes,More confident in communicating and sharing my ideas,Yes a little,2,3,False,Q106_7
R_MK0127853,Excursions,outcomes,More confident in communicating and sharing my ideas,Yes a little,2,3,False,Q106_7
R_MK0128835,Excursions,outcomes,More confident in communicating and sharing my ideas,Yes a little,2,3,False,Q106_7
R_MK0129827,Excursions,outcomes,More confident in communicating and sharing my ideas,Yes a little,2,3,False,Q106_7
R_MK0131132,Excursions,outcomes,More confident in communicating and sharing my ideas,Maybe,3,2,False,Q106_7
R_MK0135917,Excursions,outcomes,More confident in communicating and sharing my ideas,Yes a little,2,3,False,Q106_7
R_MK0137508,Excursions,outcomes,More confident in communicating and sharing my ideas,Yes a lot,1,4,False,Q106_7
R_MK0139468,Excursions,outcomes,More confident in communicating and sharing my ideas,No,4,1,False,Q106_7
R_MK0141171,Excursions,outcomes,More confident in communicating and sharing my ideas,Maybe,3,2,False,Q106_7
R_MK0143986,Excursions,outcomes,More confident in communicating and sharing my ideas,Yes a lot,1,4,False,Q106_7
R_MK0147525,Excursions,outcomes,More confident in communicating and sharing my ideas,Maybe,3,2,False,Q106_7
R_MK0148155,Excursions,outcomes,More confident in communicating and sharing my ideas,Yes a lot,1,4,False,Q106_7
R_MK0149433,Excursions,outcomes,More confident in communicating and sharing my ideas,Maybe,3,2,False,Q106_7
R_MK0154868,Excursions,outcomes,More confident in communicating and sharing my ideas,Yes a lot,1,4,False,Q106_7
R_MK0158694,Excursions,outcomes,More confident in communicating and sharing my ideas,Yes a lot,1,4,False,Q106_7
R_MK0159874,Excursions,outcomes,More confident in communicating and sharing my ideas,Yes a little,2,3,False,Q106_7
R_MK0161224,Excursions,outcomes,More confident in communicating and sharing my ideas,Yes a lot,1,4,False,Q106_7
R_MK0162746,Excursions,outcomes,More confident in communicating and sharing my ideas,Maybe,3,2,False,Q106_7
R_MK0163831,Excursions,outcomes,More confident in communicating and sharing my ideas,Yes a little,2,3,False,Q106_7
R_MK0167780,Excursions,outcomes,More confident in communicating and sharing my ideas,Yes a little,2,3,False,Q106_7
R_MK0168594,Excursions,outcomes,More confident in communicating and sharing my ideas,Yes a little,2,3,False,Q106_7
R_MK0171952,Excursions,outcomes,More confident in communicating and sharing my ideas,Yes a lot,1,4,False,Q106_7
R_MK0172138,Excursions,outcomes,More confident in communicating and sharing my ideas,Maybe,3,2,False,Q106_7
R_MK0176600,Excursions,outcomes,More confident in communicating and sharing my ideas,Yes a little,2,3,False,Q106_7
R_MK0178108,Excursions,outcomes,More confident in communicating and sharing my ideas,Yes a little,2,3,False,Q106_7
R_MK0000103,Excursions,outcomes,More confident in being a leader,Yes a lot,1,4,False,Q106_8
R_MK0003688,Excursions,outcomes,More confident in being a leader,Yes a little,2,3,False,Q106_8
R_MK0008963,Excursions,outcomes,More confident in being a leader,Maybe,3,2,False,Q106_8
R_MK0012825,Excursions,outcomes,More confident in being a leader,Maybe,3,2,False,Q106_8
R_MK0014994,Excursions,outcomes,More confident in being a leader,Yes a little,2,3,False,Q106_8
R_MK0018342,Excursions,outcomes,More confident in being a leader,Yes a lot,1,4,False,Q106_8
R_MK0021162,Excursions,outcomes,More confident in being a leader,Yes a little,2,3,False,Q106_8
R_MK0022405,Excursions,outcomes,More confident in being a leader,Yes a little,2,3,False,Q106_8
R_MK0023140,Excursions,outcomes,More confident in being a leader,Yes a little,2,3,False,Q106_8
R_MK0025966,Excursions,outcomes,More confident in being a leader,Maybe,3,2,False,Q106_8
R_MK0029136,Excursions,outcomes,More confident in being a leader,Yes a little,2,3,False,Q106_8
R_MK0031712,Excursions,outcomes,More confident in being a leader,No,4,1,False,Q106_8
R_MK0034167,Excursions,outcomes,More confident in being a leader,Yes a little,2,3,False,Q106_8
R_MK0037202,Excursions,outcomes,More confident in being a leader,Maybe,3,2,False,Q106_8
R_MK0040868,Excursions,outcomes,More confident in being a leader,Yes a lot,1,4,False,Q106_8
R_MK0041466,Excursions,outcomes,More confident in being a leader,I do not know,5,,True,Q106_8
R_MK0043853,Excursions,outcomes,More confident in being a leader,Yes a lot,1,4,False,Q106_8
R_MK0050728,Excursions,outcomes,More confident in being a leader,Yes a lot,1,4,False,Q106_8
R_MK0052388,Excursions,outcomes,More confident in being a leader,Yes a lot,1,4,False,Q106_8
R_MK0054375,Excursions,outcomes,More confident in being a leader,Yes a lot,1,4,False,Q106_8
R_MK0055989,Excursions,outcomes,More confident in being a leader,Yes a little,2,3,False,Q106_8
R_MK0056543,Excursions,outcomes,More confident in being a leader,Yes a lot,1,4,False,Q106_8
R_MK0060527,Excursions,outcomes,More confident in being a leader,Yes a little,2,3,False,Q106_8
R_MK0064156,Excursions,outcomes,More confident in being a leader,Yes a little,2,3,False,Q106_8
R_MK0067466,Excursions,outcomes,More confident in being a leader,No,4,1,False,Q106_8
R_MK0068498,Excursions,outcomes,More confident in being a leader,Yes a lot,1,4,False,Q106_8
R_MK0073741,Excursions,outcomes,More confident in being a leader,Maybe,3,2,False,Q106_8
R_MK0079267,Excursions,outcomes,More confident in being a leader,No,4,1,False,Q106_8
R_MK0085933,Excursions,outcomes,More confident in being a leader,No,4,1,False,Q106_8
R_MK0090487,Excursions,outcomes,More confident in being a leader,I do not know,5,,True,Q106_8
R_MK0091120,Excursions,outcomes,More confident in being a leader,Yes a little,2,3,False,Q106_8
R_MK0094626,Excursions,outcomes,More confident in being a leader,Yes a little,2,3,False,Q106_8
R_MK0097932,Excursions,outcomes,More confident in being a leader,I do not know,5,,True,Q106_8
R_MK0098967,Excursions,outcomes,More confident in being a leader,Yes a little,2,3,False,Q106_8
R_MK0099158,Excursions,outcomes,More confident in being a leader,Yes a little,2,3,False,Q106_8
R_MK0100207,Excursions,outcomes,More confident in being a leader,Yes a little,2,3,False,Q106_8
R_MK0101806,Excursions,outcomes,More confident in being a leader,Yes a lot,1,4,False,Q106_8
R_MK0105321,Excursions,outcomes,More confident in being a leader,Yes a lot,1,4,False,Q106_8
R_MK0106123,Excursions,outcomes,More confident in being a leader,Yes a lot,1,4,False,Q106_8
R_MK0107788,Excursions,outcomes,More confident in being a leader,Yes a little,2,3,False,Q106_8
R_MK0109124,Excursions,outcomes,More confident in being a leader,Yes a little,2,3,False,Q106_8
R_MK0110762,Excursions,outcomes,More confident in being a leader,Maybe,3,2,False,Q106_8
R_MK0115748,Excursions,outcomes,More confident in being a leader,Yes a little,2,3,False,Q106_8
R_MK0118631,Excursions,outcomes,More confident in being a leader,Yes a lot,1,4,False,Q106_8
R_MK0121952,Excursions,outcomes,More confident in being a leader,Yes a little,2,3,False,Q106_8
R_MK0122800,Excursions,outcomes,More confident in being a leader,Maybe,3,2,False,Q106_8
R_MK0125281,Excursions,outcomes,More confident in being a leader,Yes a lot,1,4,False,Q106_8
R_MK0127853,Excursions,outcomes,More confident in being a leader,Yes a lot,1,4,False,Q106_8
R_MK0128835,Excursions,outcomes,More confident in being a leader,Yes a lot,1,4,False,Q106_8
R_MK0129827,Excursions,outcomes,More confident in being a leader,Maybe,3,2,False,Q106_8
R_MK0131132,Excursions,outcomes,More confident in being a leader,No,4,1,False,Q106_8
R_MK0135917,Excursions,outcomes,More confident in being a leader,Yes a lot,1,4,False,Q106_8
R_MK0137508,Excursions,outcomes,More confident in being a leader,Yes a little,2,3,False,Q106_8
R_MK0139468,Excursions,outcomes,More confident in being a leader,No,4,1,False,Q106_8
R_MK0141171,Excursions,outcomes,More confident in being a leader,Yes a little,2,3,False,Q106_8
R_MK0143986,Excursions,outcomes,More confident in being a leader,Yes a lot,1,4,False,Q106_8
R_MK0147525,Excursions,outcomes,More confident in being a leader,Yes a lot,1,4,False,Q106_8
R_MK0148155,Excursions,outcomes,More confident in being a leader,Yes a lot,1,4,False,Q106_8
R_MK0149433,Excursions,outcomes,More confident in being a leader,Yes a lot,1,4,False,Q106_8
R_MK0154868,Excursions,outcomes,More confident in being a leader,Yes a little,2,3,False,Q106_8
R_MK0158694,Excursions,outcomes,More confident in being a leader,Yes a little,2,3,False,Q106_8
R_MK0159874,Excursions,outcomes,More confident in being a leader,Yes a little,2,3,False,Q106_8
R_MK0161224,Excursions,outcomes,More confident in being a leader,Yes a little,2,3,False,Q106_8
R_MK0162746,Excursions,outcomes,More confident in being a leader,Yes a lot,1,4,False,Q106_8
R_MK0163831,Excursions,outcomes,More confident in being a leader,Maybe,3,2,False,Q106_8
R_MK0167780,Excursions,outcomes,More confident in being a leader,Yes a little,2,3,False,Q106_8
R_MK0168594,Excursions,outcomes,More confident in being a leader,Yes a little,2,3,False,Q106_8
R_MK0171952,Excursions,outcomes,More confident in being a leader,Yes a lot,1,4,False,Q106_8
R_MK0172138,Excursions,outcomes,More confident in being a leader,Yes a lot,1,4,False,Q106_8
R_MK0176600,Excursions,outcomes,More confident in being a leader,Maybe,3,2,False,Q106_8
R_MK0178108,Excursions,outcomes,More confident in being a leader,Yes a lot,1,4,False,Q106_8
R_MK0000103,Excursions,outcomes,More like a STEM person,Yes a lot,1,4,False,Q106_9
R_MK0003688,Excursions,outcomes,More like a STEM person,Maybe,3,2,False,Q106_9
R_MK0008963,Excursions,outcomes,More like a STEM person,Yes a little,2,3,False,Q106_9
R_MK0012825,Excursions,outcomes,More like a STEM person,Yes a lot,1,4,False,Q106_9
R_MK0014994,Excursions,outcomes,More like a STEM person,Yes a little,2,3,False,Q106_9
R_MK0018342,Excursions,outcomes,More like a STEM person,Yes a lot,1,4,False,Q106_9
R_MK0021162,Excursions,outcomes,More like a STEM person,Yes a little,2,3,False,Q106_9
R_MK0022405,Excursions,outcomes,More like a STEM person,Yes a lot,1,4,False,Q106_9
R_MK0023140,Excursions,outcomes,More like a STEM person,Yes a lot,1,4,False,Q106_9
R_MK0025966,Excursions,outcomes,More like a STEM person,No,4,1,False,Q106_9
R_MK0029136,Excursions,outcomes,More like a STEM person,Yes a little,2,3,False,Q106_9
R_MK0031712,Excursions,outcomes,More like a STEM person,No,4,1,False,Q106_9
R_MK0034167,Excursions,outcomes,More like a STEM person,Maybe,3,2,False,Q106_9
R_MK0037202,Excursions,outcomes,More like a STEM person,Maybe,3,2,False,Q106_9
R_MK0040868,Excursions,outcomes,More like a STEM person,Yes a little,2,3,False,Q106_9
R_MK0041466,Excursions,outcomes,More like a STEM person,Yes a little,2,3,False,Q106_9
R_MK0043853,Excursions,outcomes,More like a STEM person,Yes a little,2,3,False,Q106_9
R_MK0050728,Excursions,outcomes,More like a STEM person,Yes a lot,1,4,False,Q106_9
R_MK0052388,Excursions,outcomes,More like a STEM person,Yes a lot,1,4,False,Q106_9
R_MK0054375,Excursions,outcomes,More like a STEM person,Yes a lot,1,4,False,Q106_9
R_MK0055989,Excursions,outcomes,More like a STEM person,Yes a little,2,3,False,Q106_9
R_MK0056543,Excursions,outcomes,More like a STEM person,Maybe,3,2,False,Q106_9
R_MK0060527,Excursions,outcomes,More like a STEM person,Yes a little,2,3,False,Q106_9
R_MK0064156,Excursions,outcomes,More like a STEM person,Yes a little,2,3,False,Q106_9
R_MK0067466,Excursions,outcomes,More like a STEM person,Yes a little,2,3,False,Q106_9
R_MK0068498,Excursions,outcomes,More like a STEM person,Maybe,3,2,False,Q106_9
R_MK0073741,Excursions,outcomes,More like a STEM person,No,4,1,False,Q106_9
R_MK0079267,Excursions,outcomes,More like a STEM person,Maybe,3,2,False,Q106_9
R_MK0085933,Excursions,outcomes,More like a STEM person,Yes a little,2,3,False,Q106_9
R_MK0090487,Excursions,outcomes,More like a STEM person,Yes a little,2,3,False,Q106_9
R_MK0091120,Excursions,outcomes,More like a STEM person,Yes a little,2,3,False,Q106_9
R_MK0094626,Excursions,outcomes,More like a STEM person,Yes a little,2,3,False,Q106_9
R_MK0097932,Excursions,outcomes,More like a STEM person,Yes a lot,1,4,False,Q106_9
R_MK0098967,Excursions,outcomes,More like a STEM person,I do not know,5,,True,Q106_9
R_MK0099158,Excursions,outcomes,More like a STEM person,Yes a lot,1,4,False,Q106_9
R_MK0100207,Excursions,outcomes,More like a STEM person,Yes a little,2,3,False,Q106_9
R_MK0101806,Excursions,outcomes,More like a STEM person,Yes a lot,1,4,False,Q106_9
R_MK0105321,Excursions,outcomes,More like a STEM person,Yes a little,2,3,False,Q106_9
R_MK0106123,Excursions,outcomes,More like a STEM person,Yes a little,2,3,False,Q106_9
R_MK0107788,Excursions,outcomes,More like a STEM person,Yes a little,2,3,False,Q106_9
R_MK0109124,Excursions,outcomes,More like a STEM person,Yes a lot,1,4,False,Q106_9
R_MK0110762,Excursions,outcomes,More like a STEM person,No,4,1,False,Q106_9
R_MK0115748,Excursions,outcomes,More like a STEM person,Yes a lot,1,4,False,Q106_9
R_MK0118631,Excursions,outcomes,More like a STEM person,Yes a little,2,3,False,Q106_9
R_MK0121952,Excursions,outcomes,More like a STEM person,Maybe,3,2,False,Q106_9
R_MK0122800,Excursions,outcomes,More like a STEM person,Maybe,3,2,False,Q106_9
R_MK0125281,Excursions,outcomes,More like a STEM person,Maybe,3,2,False,Q106_9
R_MK0127853,Excursions,outcomes,More like a STEM person,Yes a little,2,3,False,Q106_9
R_MK0128835,Excursions,outcomes,More like a STEM person,Yes a lot,1,4,False,Q106_9
R_MK0129827,Excursions,outcomes,More like a STEM person,Yes a lot,1,4,False,Q106_9
R_MK0131132,Excursions,outcomes,More like a STEM person,No,4,1,False,Q106_9
R_MK0135917,Excursions,outcomes,More like a STEM person,Yes a lot,1,4,False,Q106_9
R_MK0137508,Excursions,outcomes,More like a STEM person,Yes a little,2,3,False,Q106_9
R_MK0139468,Excursions,outcomes,More like a STEM person,Yes a little,2,3,False,Q106_9
R_MK0141171,Excursions,outcomes,More like a STEM person,Yes a lot,1,4,False,Q106_9
R_MK0143986,Excursions,outcomes,More like a STEM person,Yes a lot,1,4,False,Q106_9
R_MK0147525,Excursions,outcomes,More like a STEM person,Yes a little,2,3,False,Q106_9
R_MK0148155,Excursions,outcomes,More like a STEM person,Yes a lot,1,4,False,Q106_9
R_MK0149433,Excursions,outcomes,More like a STEM person,Maybe,3,2,False,Q106_9
R_MK0154868,Excursions,outcomes,More like a STEM person,Yes a lot,1,4,False,Q106_9
R_MK0158694,Excursions,outcomes,More like a STEM person,Yes a little,2,3,False,Q106_9
R_MK0159874,Excursions,outcomes,More like a STEM person,Yes a little,2,3,False,Q106_9
R_MK0161224,Excursions,outcomes,More like a STEM person,Yes a lot,1,4,False,Q106_9
R_MK0162746,Excursions,outcomes,More like a STEM person,Maybe,3,2,False,Q106_9
R_MK0163831,Excursions,outcomes,More like a STEM person,Maybe,3,2,False,Q106_9
R_MK0167780,Excursions,outcomes,More like a STEM person,Yes a little,2,3,False,Q106_9
R_MK0168594,Excursions,outcomes,More like a STEM person,Yes a little,2,3,False,Q106_9
R_MK0171952,Excursions,outcomes,More like a STEM person,Yes a little,2,3,False,Q106_9
R_MK0172138,Excursions,outcomes,More like a STEM person,Yes a little,2,3,False,Q106_9
R_MK0176600,Excursions,outcomes,More like a STEM person,Yes a little,2,3,False,Q106_9
R_MK0178108,Excursions,outcomes,More like a STEM person,Yes a lot,1,4,False,Q106_9
R_MK0000103,General STEM outcomes (not activity-specific),outcomes,More knowledgable about STEM,Yes a little,2,3,False,Q107_1
R_MK0001265,General STEM outcomes (not activity-specific),outcomes,More knowledgable about STEM,Yes a lot,1,4,False,Q107_1
R_MK0002320,General STEM outcomes (not activity-specific),outcomes,More knowledgable about STEM,Maybe,3,2,False,Q107_1
R_MK0003688,General STEM outcomes (not activity-specific),outcomes,More knowledgable about STEM,Maybe,3,2,False,Q107_1
R_MK0004317,General STEM outcomes (not activity-specific),outcomes,More knowledgable about STEM,Yes a little,2,3,False,Q107_1
R_MK0005590,General STEM outcomes (not activity-specific),outcomes,More knowledgable about STEM,Yes a lot,1,4,False,Q107_1
R_MK0006572,General STEM outcomes (not activity-specific),outcomes,More knowledgable about STEM,Yes a lot,1,4,False,Q107_1
R_MK0007539,General STEM outcomes (not activity-specific),outcomes,More knowledgable about STEM,Yes a lot,1,4,False,Q107_1
R_MK0008963,General STEM outcomes (not activity-specific),outcomes,More knowledgable about STEM,Yes a little,2,3,False,Q107_1
R_MK0009570,General STEM outcomes (not activity-specific),outcomes,More knowledgable about STEM,Yes a lot,1,4,False,Q107_1
R_MK0010378,General STEM outcomes (not activity-specific),outcomes,More knowledgable about STEM,Yes a lot,1,4,False,Q107_1
R_MK0011453,General STEM outcomes (not activity-specific),outcomes,More knowledgable about STEM,Maybe,3,2,False,Q107_1
R_MK0013834,General STEM outcomes (not activity-specific),outcomes,More knowledgable about STEM,Yes a lot,1,4,False,Q107_1
R_MK0014994,General STEM outcomes (not activity-specific),outcomes,More knowledgable about STEM,Yes a little,2,3,False,Q107_1
R_MK0015892,General STEM outcomes (not activity-specific),outcomes,More knowledgable about STEM,Maybe,3,2,False,Q107_1
R_MK0017794,General STEM outcomes (not activity-specific),outcomes,More knowledgable about STEM,Yes a little,2,3,False,Q107_1
R_MK0018342,General STEM outcomes (not activity-specific),outcomes,More knowledgable about STEM,Yes a lot,1,4,False,Q107_1
R_MK0019683,General STEM outcomes (not activity-specific),outcomes,More knowledgable about STEM,Yes a little,2,3,False,Q107_1
R_MK0020216,General STEM outcomes (not activity-specific),outcomes,More knowledgable about STEM,Yes a lot,1,4,False,Q107_1
R_MK0021162,General STEM outcomes (not activity-specific),outcomes,More knowledgable about STEM,Maybe,3,2,False,Q107_1
R_MK0022405,General STEM outcomes (not activity-specific),outcomes,More knowledgable about STEM,No,4,1,False,Q107_1
R_MK0023140,General STEM outcomes (not activity-specific),outcomes,More knowledgable about STEM,Yes a little,2,3,False,Q107_1
R_MK0024311,General STEM outcomes (not activity-specific),outcomes,More knowledgable about STEM,Yes a little,2,3,False,Q107_1
R_MK0025966,General STEM outcomes (not activity-specific),outcomes,More knowledgable about STEM,Yes a little,2,3,False,Q107_1
R_MK0026432,General STEM outcomes (not activity-specific),outcomes,More knowledgable about STEM,I do not know,5,,True,Q107_1
R_MK0027899,General STEM outcomes (not activity-specific),outcomes,More knowledgable about STEM,Yes a lot,1,4,False,Q107_1
R_MK0028139,General STEM outcomes (not activity-specific),outcomes,More knowledgable about STEM,No,4,1,False,Q107_1
R_MK0029136,General STEM outcomes (not activity-specific),outcomes,More knowledgable about STEM,Maybe,3,2,False,Q107_1
R_MK0030402,General STEM outcomes (not activity-specific),outcomes,More knowledgable about STEM,Yes a little,2,3,False,Q107_1
R_MK0031712,General STEM outcomes (not activity-specific),outcomes,More knowledgable about STEM,Yes a lot,1,4,False,Q107_1
R_MK0032849,General STEM outcomes (not activity-specific),outcomes,More knowledgable about STEM,No,4,1,False,Q107_1
R_MK0033442,General STEM outcomes (not activity-specific),outcomes,More knowledgable about STEM,Yes a little,2,3,False,Q107_1
R_MK0034167,General STEM outcomes (not activity-specific),outcomes,More knowledgable about STEM,Yes a lot,1,4,False,Q107_1
R_MK0035534,General STEM outcomes (not activity-specific),outcomes,More knowledgable about STEM,Yes a little,2,3,False,Q107_1
R_MK0036294,General STEM outcomes (not activity-specific),outcomes,More knowledgable about STEM,Yes a lot,1,4,False,Q107_1
R_MK0037202,General STEM outcomes (not activity-specific),outcomes,More knowledgable about STEM,Yes a lot,1,4,False,Q107_1
R_MK0038243,General STEM outcomes (not activity-specific),outcomes,More knowledgable about STEM,Maybe,3,2,False,Q107_1
R_MK0039124,General STEM outcomes (not activity-specific),outcomes,More knowledgable about STEM,Yes a little,2,3,False,Q107_1
R_MK0040868,General STEM outcomes (not activity-specific),outcomes,More knowledgable about STEM,Maybe,3,2,False,Q107_1
R_MK0041466,General STEM outcomes (not activity-specific),outcomes,More knowledgable about STEM,Yes a lot,1,4,False,Q107_1
R_MK0042725,General STEM outcomes (not activity-specific),outcomes,More knowledgable about STEM,Yes a lot,1,4,False,Q107_1
R_MK0043853,General STEM outcomes (not activity-specific),outcomes,More knowledgable about STEM,No,4,1,False,Q107_1
R_MK0045989,General STEM outcomes (not activity-specific),outcomes,More knowledgable about STEM,Yes a little,2,3,False,Q107_1
R_MK0046892,General STEM outcomes (not activity-specific),outcomes,More knowledgable about STEM,Yes a lot,1,4,False,Q107_1
R_MK0047788,General STEM outcomes (not activity-specific),outcomes,More knowledgable about STEM,Yes a lot,1,4,False,Q107_1
R_MK0048737,General STEM outcomes (not activity-specific),outcomes,More knowledgable about STEM,I do not know,5,,True,Q107_1
R_MK0049733,General STEM outcomes (not activity-specific),outcomes,More knowledgable about STEM,Maybe,3,2,False,Q107_1
R_MK0050728,General STEM outcomes (not activity-specific),outcomes,More knowledgable about STEM,Yes a little,2,3,False,Q107_1
R_MK0052388,General STEM outcomes (not activity-specific),outcomes,More knowledgable about STEM,Yes a little,2,3,False,Q107_1
R_MK0053734,General STEM outcomes (not activity-specific),outcomes,More knowledgable about STEM,Yes a little,2,3,False,Q107_1
R_MK0054375,General STEM outcomes (not activity-specific),outcomes,More knowledgable about STEM,Yes a little,2,3,False,Q107_1
R_MK0055989,General STEM outcomes (not activity-specific),outcomes,More knowledgable about STEM,Maybe,3,2,False,Q107_1
R_MK0056543,General STEM outcomes (not activity-specific),outcomes,More knowledgable about STEM,Yes a lot,1,4,False,Q107_1
R_MK0058713,General STEM outcomes (not activity-specific),outcomes,More knowledgable about STEM,Yes a little,2,3,False,Q107_1
R_MK0059837,General STEM outcomes (not activity-specific),outcomes,More knowledgable about STEM,Yes a lot,1,4,False,Q107_1
R_MK0060527,General STEM outcomes (not activity-specific),outcomes,More knowledgable about STEM,Yes a little,2,3,False,Q107_1
R_MK0061617,General STEM outcomes (not activity-specific),outcomes,More knowledgable about STEM,Yes a little,2,3,False,Q107_1
R_MK0062899,General STEM outcomes (not activity-specific),outcomes,More knowledgable about STEM,Maybe,3,2,False,Q107_1
R_MK0063902,General STEM outcomes (not activity-specific),outcomes,More knowledgable about STEM,Maybe,3,2,False,Q107_1
R_MK0064156,General STEM outcomes (not activity-specific),outcomes,More knowledgable about STEM,No,4,1,False,Q107_1
R_MK0065907,General STEM outcomes (not activity-specific),outcomes,More knowledgable about STEM,Maybe,3,2,False,Q107_1
R_MK0066500,General STEM outcomes (not activity-specific),outcomes,More knowledgable about STEM,Maybe,3,2,False,Q107_1
R_MK0067466,General STEM outcomes (not activity-specific),outcomes,More knowledgable about STEM,No,4,1,False,Q107_1
R_MK0068498,General STEM outcomes (not activity-specific),outcomes,More knowledgable about STEM,Yes a lot,1,4,False,Q107_1
R_MK0069685,General STEM outcomes (not activity-specific),outcomes,More knowledgable about STEM,Maybe,3,2,False,Q107_1
R_MK0070229,General STEM outcomes (not activity-specific),outcomes,More knowledgable about STEM,Yes a little,2,3,False,Q107_1
R_MK0071423,General STEM outcomes (not activity-specific),outcomes,More knowledgable about STEM,Yes a little,2,3,False,Q107_1
R_MK0072663,General STEM outcomes (not activity-specific),outcomes,More knowledgable about STEM,Yes a little,2,3,False,Q107_1
R_MK0073741,General STEM outcomes (not activity-specific),outcomes,More knowledgable about STEM,Yes a little,2,3,False,Q107_1
R_MK0074273,General STEM outcomes (not activity-specific),outcomes,More knowledgable about STEM,Yes a lot,1,4,False,Q107_1
R_MK0075806,General STEM outcomes (not activity-specific),outcomes,More knowledgable about STEM,Yes a lot,1,4,False,Q107_1
R_MK0076785,General STEM outcomes (not activity-specific),outcomes,More knowledgable about STEM,Yes a little,2,3,False,Q107_1
R_MK0077903,General STEM outcomes (not activity-specific),outcomes,More knowledgable about STEM,Yes a little,2,3,False,Q107_1
R_MK0078295,General STEM outcomes (not activity-specific),outcomes,More knowledgable about STEM,Yes a little,2,3,False,Q107_1
R_MK0080359,General STEM outcomes (not activity-specific),outcomes,More knowledgable about STEM,No,4,1,False,Q107_1
R_MK0082310,General STEM outcomes (not activity-specific),outcomes,More knowledgable about STEM,Yes a little,2,3,False,Q107_1
R_MK0083313,General STEM outcomes (not activity-specific),outcomes,More knowledgable about STEM,Yes a little,2,3,False,Q107_1
R_MK0084225,General STEM outcomes (not activity-specific),outcomes,More knowledgable about STEM,Yes a lot,1,4,False,Q107_1
R_MK0085933,General STEM outcomes (not activity-specific),outcomes,More knowledgable about STEM,Yes a lot,1,4,False,Q107_1
R_MK0086867,General STEM outcomes (not activity-specific),outcomes,More knowledgable about STEM,Maybe,3,2,False,Q107_1
R_MK0087396,General STEM outcomes (not activity-specific),outcomes,More knowledgable about STEM,Yes a little,2,3,False,Q107_1
R_MK0088386,General STEM outcomes (not activity-specific),outcomes,More knowledgable about STEM,Maybe,3,2,False,Q107_1
R_MK0089973,General STEM outcomes (not activity-specific),outcomes,More knowledgable about STEM,Yes a lot,1,4,False,Q107_1
R_MK0090487,General STEM outcomes (not activity-specific),outcomes,More knowledgable about STEM,Yes a little,2,3,False,Q107_1
R_MK0091120,General STEM outcomes (not activity-specific),outcomes,More knowledgable about STEM,I do not know,5,,True,Q107_1
R_MK0092907,General STEM outcomes (not activity-specific),outcomes,More knowledgable about STEM,I do not know,5,,True,Q107_1
R_MK0093607,General STEM outcomes (not activity-specific),outcomes,More knowledgable about STEM,Yes a little,2,3,False,Q107_1
R_MK0094626,General STEM outcomes (not activity-specific),outcomes,More knowledgable about STEM,Yes a little,2,3,False,Q107_1
R_MK0095142,General STEM outcomes (not activity-specific),outcomes,More knowledgable about STEM,Yes a lot,1,4,False,Q107_1
R_MK0096327,General STEM outcomes (not activity-specific),outcomes,More knowledgable about STEM,Yes a lot,1,4,False,Q107_1
R_MK0097932,General STEM outcomes (not activity-specific),outcomes,More knowledgable about STEM,Yes a little,2,3,False,Q107_1
R_MK0098967,General STEM outcomes (not activity-specific),outcomes,More knowledgable about STEM,No,4,1,False,Q107_1
R_MK0099158,General STEM outcomes (not activity-specific),outcomes,More knowledgable about STEM,Yes a little,2,3,False,Q107_1
R_MK0101806,General STEM outcomes (not activity-specific),outcomes,More knowledgable about STEM,Maybe,3,2,False,Q107_1
R_MK0102522,General STEM outcomes (not activity-specific),outcomes,More knowledgable about STEM,Yes a little,2,3,False,Q107_1
R_MK0103956,General STEM outcomes (not activity-specific),outcomes,More knowledgable about STEM,No,4,1,False,Q107_1
R_MK0104978,General STEM outcomes (not activity-specific),outcomes,More knowledgable about STEM,Yes a lot,1,4,False,Q107_1
R_MK0105321,General STEM outcomes (not activity-specific),outcomes,More knowledgable about STEM,I do not know,5,,True,Q107_1
R_MK0106123,General STEM outcomes (not activity-specific),outcomes,More knowledgable about STEM,Yes a little,2,3,False,Q107_1
R_MK0107788,General STEM outcomes (not activity-specific),outcomes,More knowledgable about STEM,No,4,1,False,Q107_1
R_MK0108835,General STEM outcomes (not activity-specific),outcomes,More knowledgable about STEM,No,4,1,False,Q107_1
R_MK0109124,General STEM outcomes (not activity-specific),outcomes,More knowledgable about STEM,Maybe,3,2,False,Q107_1
R_MK0110762,General STEM outcomes (not activity-specific),outcomes,More knowledgable about STEM,Yes a little,2,3,False,Q107_1
R_MK0113467,General STEM outcomes (not activity-specific),outcomes,More knowledgable about STEM,Yes a lot,1,4,False,Q107_1
R_MK0114346,General STEM outcomes (not activity-specific),outcomes,More knowledgable about STEM,Yes a little,2,3,False,Q107_1
R_MK0115748,General STEM outcomes (not activity-specific),outcomes,More knowledgable about STEM,Yes a little,2,3,False,Q107_1
R_MK0116915,General STEM outcomes (not activity-specific),outcomes,More knowledgable about STEM,Maybe,3,2,False,Q107_1
R_MK0117603,General STEM outcomes (not activity-specific),outcomes,More knowledgable about STEM,Yes a little,2,3,False,Q107_1
R_MK0118631,General STEM outcomes (not activity-specific),outcomes,More knowledgable about STEM,Yes a little,2,3,False,Q107_1
R_MK0119995,General STEM outcomes (not activity-specific),outcomes,More knowledgable about STEM,Yes a little,2,3,False,Q107_1
R_MK0120834,General STEM outcomes (not activity-specific),outcomes,More knowledgable about STEM,Yes a lot,1,4,False,Q107_1
R_MK0121952,General STEM outcomes (not activity-specific),outcomes,More knowledgable about STEM,Maybe,3,2,False,Q107_1
R_MK0124466,General STEM outcomes (not activity-specific),outcomes,More knowledgable about STEM,Maybe,3,2,False,Q107_1
R_MK0126574,General STEM outcomes (not activity-specific),outcomes,More knowledgable about STEM,Yes a little,2,3,False,Q107_1
R_MK0128835,General STEM outcomes (not activity-specific),outcomes,More knowledgable about STEM,Yes a lot,1,4,False,Q107_1
R_MK0129827,General STEM outcomes (not activity-specific),outcomes,More knowledgable about STEM,Yes a little,2,3,False,Q107_1
R_MK0130464,General STEM outcomes (not activity-specific),outcomes,More knowledgable about STEM,Yes a little,2,3,False,Q107_1
R_MK0132486,General STEM outcomes (not activity-specific),outcomes,More knowledgable about STEM,Yes a lot,1,4,False,Q107_1
R_MK0133408,General STEM outcomes (not activity-specific),outcomes,More knowledgable about STEM,Yes a little,2,3,False,Q107_1
R_MK0134215,General STEM outcomes (not activity-specific),outcomes,More knowledgable about STEM,Yes a lot,1,4,False,Q107_1
R_MK0135917,General STEM outcomes (not activity-specific),outcomes,More knowledgable about STEM,Yes a lot,1,4,False,Q107_1
R_MK0137508,General STEM outcomes (not activity-specific),outcomes,More knowledgable about STEM,Yes a lot,1,4,False,Q107_1
R_MK0138319,General STEM outcomes (not activity-specific),outcomes,More knowledgable about STEM,Yes a lot,1,4,False,Q107_1
R_MK0139468,General STEM outcomes (not activity-specific),outcomes,More knowledgable about STEM,Yes a little,2,3,False,Q107_1
R_MK0140416,General STEM outcomes (not activity-specific),outcomes,More knowledgable about STEM,Maybe,3,2,False,Q107_1
R_MK0141171,General STEM outcomes (not activity-specific),outcomes,More knowledgable about STEM,Yes a lot,1,4,False,Q107_1
R_MK0142928,General STEM outcomes (not activity-specific),outcomes,More knowledgable about STEM,No,4,1,False,Q107_1
R_MK0143986,General STEM outcomes (not activity-specific),outcomes,More knowledgable about STEM,Maybe,3,2,False,Q107_1
R_MK0144749,General STEM outcomes (not activity-specific),outcomes,More knowledgable about STEM,Yes a lot,1,4,False,Q107_1
R_MK0145593,General STEM outcomes (not activity-specific),outcomes,More knowledgable about STEM,Maybe,3,2,False,Q107_1
R_MK0146638,General STEM outcomes (not activity-specific),outcomes,More knowledgable about STEM,Yes a little,2,3,False,Q107_1
R_MK0147525,General STEM outcomes (not activity-specific),outcomes,More knowledgable about STEM,Yes a little,2,3,False,Q107_1
R_MK0148155,General STEM outcomes (not activity-specific),outcomes,More knowledgable about STEM,Yes a little,2,3,False,Q107_1
R_MK0149433,General STEM outcomes (not activity-specific),outcomes,More knowledgable about STEM,No,4,1,False,Q107_1
R_MK0150172,General STEM outcomes (not activity-specific),outcomes,More knowledgable about STEM,No,4,1,False,Q107_1
R_MK0151675,General STEM outcomes (not activity-specific),outcomes,More knowledgable about STEM,Yes a little,2,3,False,Q107_1
R_MK0152207,General STEM outcomes (not activity-specific),outcomes,More knowledgable about STEM,Yes a little,2,3,False,Q107_1
R_MK0153261,General STEM outcomes (not activity-specific),outcomes,More knowledgable about STEM,Yes a lot,1,4,False,Q107_1
R_MK0154868,General STEM outcomes (not activity-specific),outcomes,More knowledgable about STEM,No,4,1,False,Q107_1
R_MK0155973,General STEM outcomes (not activity-specific),outcomes,More knowledgable about STEM,Yes a lot,1,4,False,Q107_1
R_MK0157758,General STEM outcomes (not activity-specific),outcomes,More knowledgable about STEM,Yes a lot,1,4,False,Q107_1
R_MK0159874,General STEM outcomes (not activity-specific),outcomes,More knowledgable about STEM,Yes a lot,1,4,False,Q107_1
R_MK0160930,General STEM outcomes (not activity-specific),outcomes,More knowledgable about STEM,Yes a lot,1,4,False,Q107_1
R_MK0161224,General STEM outcomes (not activity-specific),outcomes,More knowledgable about STEM,Yes a little,2,3,False,Q107_1
R_MK0162746,General STEM outcomes (not activity-specific),outcomes,More knowledgable about STEM,Maybe,3,2,False,Q107_1
R_MK0163831,General STEM outcomes (not activity-specific),outcomes,More knowledgable about STEM,Maybe,3,2,False,Q107_1
R_MK0164526,General STEM outcomes (not activity-specific),outcomes,More knowledgable about STEM,Yes a little,2,3,False,Q107_1
R_MK0165548,General STEM outcomes (not activity-specific),outcomes,More knowledgable about STEM,Yes a little,2,3,False,Q107_1
R_MK0166129,General STEM outcomes (not activity-specific),outcomes,More knowledgable about STEM,Yes a little,2,3,False,Q107_1
R_MK0167780,General STEM outcomes (not activity-specific),outcomes,More knowledgable about STEM,Yes a lot,1,4,False,Q107_1
R_MK0168594,General STEM outcomes (not activity-specific),outcomes,More knowledgable about STEM,Maybe,3,2,False,Q107_1
R_MK0169620,General STEM outcomes (not activity-specific),outcomes,More knowledgable about STEM,Yes a lot,1,4,False,Q107_1
R_MK0170795,General STEM outcomes (not activity-specific),outcomes,More knowledgable about STEM,Maybe,3,2,False,Q107_1
R_MK0174167,General STEM outcomes (not activity-specific),outcomes,More knowledgable about STEM,Yes a little,2,3,False,Q107_1
R_MK0175836,General STEM outcomes (not activity-specific),outcomes,More knowledgable about STEM,Yes a lot,1,4,False,Q107_1
R_MK0176600,General STEM outcomes (not activity-specific),outcomes,More knowledgable about STEM,Yes a lot,1,4,False,Q107_1
R_MK0178108,General STEM outcomes (not activity-specific),outcomes,More knowledgable about STEM,Yes a lot,1,4,False,Q107_1
R_MK0179378,General STEM outcomes (not activity-specific),outcomes,More knowledgable about STEM,Yes a little,2,3,False,Q107_1
R_MK0000103,General STEM outcomes (not activity-specific),outcomes,More aware of a range of jobs in STEM,Yes a little,2,3,False,Q107_2
R_MK0001265,General STEM outcomes (not activity-specific),outcomes,More aware of a range of jobs in STEM,Yes a lot,1,4,False,Q107_2
R_MK0002320,General STEM outcomes (not activity-specific),outcomes,More aware of a range of jobs in STEM,Yes a little,2,3,False,Q107_2
R_MK0003688,General STEM outcomes (not activity-specific),outcomes,More aware of a range of jobs in STEM,Yes a little,2,3,False,Q107_2
R_MK0004317,General STEM outcomes (not activity-specific),outcomes,More aware of a range of jobs in STEM,Yes a little,2,3,False,Q107_2
R_MK0005590,General STEM outcomes (not activity-specific),outcomes,More aware of a range of jobs in STEM,Yes a lot,1,4,False,Q107_2
R_MK0006572,General STEM outcomes (not activity-specific),outcomes,More aware of a range of jobs in STEM,Yes a little,2,3,False,Q107_2
R_MK0007539,General STEM outcomes (not activity-specific),outcomes,More aware of a range of jobs in STEM,Yes a lot,1,4,False,Q107_2
R_MK0008963,General STEM outcomes (not activity-specific),outcomes,More aware of a range of jobs in STEM,Yes a lot,1,4,False,Q107_2
R_MK0009570,General STEM outcomes (not activity-specific),outcomes,More aware of a range of jobs in STEM,Yes a little,2,3,False,Q107_2
R_MK0010378,General STEM outcomes (not activity-specific),outcomes,More aware of a range of jobs in STEM,Maybe,3,2,False,Q107_2
R_MK0011453,General STEM outcomes (not activity-specific),outcomes,More aware of a range of jobs in STEM,Yes a little,2,3,False,Q107_2
R_MK0013834,General STEM outcomes (not activity-specific),outcomes,More aware of a range of jobs in STEM,Yes a little,2,3,False,Q107_2
R_MK0014994,General STEM outcomes (not activity-specific),outcomes,More aware of a range of jobs in STEM,Yes a little,2,3,False,Q107_2
R_MK0015892,General STEM outcomes (not activity-specific),outcomes,More aware of a range of jobs in STEM,Yes a lot,1,4,False,Q107_2
R_MK0017794,General STEM outcomes (not activity-specific),outcomes,More aware of a range of jobs in STEM,Maybe,3,2,False,Q107_2
R_MK0018342,General STEM outcomes (not activity-specific),outcomes,More aware of a range of jobs in STEM,Maybe,3,2,False,Q107_2
R_MK0019683,General STEM outcomes (not activity-specific),outcomes,More aware of a range of jobs in STEM,Yes a little,2,3,False,Q107_2
R_MK0020216,General STEM outcomes (not activity-specific),outcomes,More aware of a range of jobs in STEM,Yes a lot,1,4,False,Q107_2
R_MK0021162,General STEM outcomes (not activity-specific),outcomes,More aware of a range of jobs in STEM,Maybe,3,2,False,Q107_2
R_MK0022405,General STEM outcomes (not activity-specific),outcomes,More aware of a range of jobs in STEM,Maybe,3,2,False,Q107_2
R_MK0023140,General STEM outcomes (not activity-specific),outcomes,More aware of a range of jobs in STEM,Yes a little,2,3,False,Q107_2
R_MK0024311,General STEM outcomes (not activity-specific),outcomes,More aware of a range of jobs in STEM,Yes a little,2,3,False,Q107_2
R_MK0025966,General STEM outcomes (not activity-specific),outcomes,More aware of a range of jobs in STEM,Maybe,3,2,False,Q107_2
R_MK0026432,General STEM outcomes (not activity-specific),outcomes,More aware of a range of jobs in STEM,Yes a lot,1,4,False,Q107_2
R_MK0027899,General STEM outcomes (not activity-specific),outcomes,More aware of a range of jobs in STEM,Yes a little,2,3,False,Q107_2
R_MK0028139,General STEM outcomes (not activity-specific),outcomes,More aware of a range of jobs in STEM,Yes a lot,1,4,False,Q107_2
R_MK0029136,General STEM outcomes (not activity-specific),outcomes,More aware of a range of jobs in STEM,No,4,1,False,Q107_2
R_MK0030402,General STEM outcomes (not activity-specific),outcomes,More aware of a range of jobs in STEM,Maybe,3,2,False,Q107_2
R_MK0031712,General STEM outcomes (not activity-specific),outcomes,More aware of a range of jobs in STEM,No,4,1,False,Q107_2
R_MK0032849,General STEM outcomes (not activity-specific),outcomes,More aware of a range of jobs in STEM,Maybe,3,2,False,Q107_2
R_MK0033442,General STEM outcomes (not activity-specific),outcomes,More aware of a range of jobs in STEM,Yes a lot,1,4,False,Q107_2
R_MK0034167,General STEM outcomes (not activity-specific),outcomes,More aware of a range of jobs in STEM,Yes a little,2,3,False,Q107_2
R_MK0035534,General STEM outcomes (not activity-specific),outcomes,More aware of a range of jobs in STEM,Maybe,3,2,False,Q107_2
R_MK0036294,General STEM outcomes (not activity-specific),outcomes,More aware of a range of jobs in STEM,Yes a lot,1,4,False,Q107_2
R_MK0037202,General STEM outcomes (not activity-specific),outcomes,More aware of a range of jobs in STEM,Yes a little,2,3,False,Q107_2
R_MK0038243,General STEM outcomes (not activity-specific),outcomes,More aware of a range of jobs in STEM,I do not know,5,,True,Q107_2
R_MK0039124,General STEM outcomes (not activity-specific),outcomes,More aware of a range of jobs in STEM,Yes a little,2,3,False,Q107_2
R_MK0040868,General STEM outcomes (not activity-specific),outcomes,More aware of a range of jobs in STEM,Yes a lot,1,4,False,Q107_2
R_MK0041466,General STEM outcomes (not activity-specific),outcomes,More aware of a range of jobs in STEM,Yes a little,2,3,False,Q107_2
R_MK0042725,General STEM outcomes (not activity-specific),outcomes,More aware of a range of jobs in STEM,I do not know,5,,True,Q107_2
R_MK0043853,General STEM outcomes (not activity-specific),outcomes,More aware of a range of jobs in STEM,Yes a little,2,3,False,Q107_2
R_MK0045989,General STEM outcomes (not activity-specific),outcomes,More aware of a range of jobs in STEM,Yes a little,2,3,False,Q107_2
R_MK0046892,General STEM outcomes (not activity-specific),outcomes,More aware of a range of jobs in STEM,Yes a lot,1,4,False,Q107_2
R_MK0047788,General STEM outcomes (not activity-specific),outcomes,More aware of a range of jobs in STEM,Yes a lot,1,4,False,Q107_2
R_MK0048737,General STEM outcomes (not activity-specific),outcomes,More aware of a range of jobs in STEM,Yes a lot,1,4,False,Q107_2
R_MK0049733,General STEM outcomes (not activity-specific),outcomes,More aware of a range of jobs in STEM,Yes a little,2,3,False,Q107_2
R_MK0050728,General STEM outcomes (not activity-specific),outcomes,More aware of a range of jobs in STEM,Yes a lot,1,4,False,Q107_2
R_MK0052388,General STEM outcomes (not activity-specific),outcomes,More aware of a range of jobs in STEM,Yes a lot,1,4,False,Q107_2
R_MK0053734,General STEM outcomes (not activity-specific),outcomes,More aware of a range of jobs in STEM,Yes a lot,1,4,False,Q107_2
R_MK0054375,General STEM outcomes (not activity-specific),outcomes,More aware of a range of jobs in STEM,Yes a lot,1,4,False,Q107_2
R_MK0055989,General STEM outcomes (not activity-specific),outcomes,More aware of a range of jobs in STEM,Yes a little,2,3,False,Q107_2
R_MK0056543,General STEM outcomes (not activity-specific),outcomes,More aware of a range of jobs in STEM,Yes a lot,1,4,False,Q107_2
R_MK0058713,General STEM outcomes (not activity-specific),outcomes,More aware of a range of jobs in STEM,Yes a little,2,3,False,Q107_2
R_MK0059837,General STEM outcomes (not activity-specific),outcomes,More aware of a range of jobs in STEM,Yes a lot,1,4,False,Q107_2
R_MK0060527,General STEM outcomes (not activity-specific),outcomes,More aware of a range of jobs in STEM,Maybe,3,2,False,Q107_2
R_MK0061617,General STEM outcomes (not activity-specific),outcomes,More aware of a range of jobs in STEM,I do not know,5,,True,Q107_2
R_MK0062899,General STEM outcomes (not activity-specific),outcomes,More aware of a range of jobs in STEM,Yes a little,2,3,False,Q107_2
R_MK0063902,General STEM outcomes (not activity-specific),outcomes,More aware of a range of jobs in STEM,Yes a little,2,3,False,Q107_2
R_MK0064156,General STEM outcomes (not activity-specific),outcomes,More aware of a range of jobs in STEM,Yes a little,2,3,False,Q107_2
R_MK0065907,General STEM outcomes (not activity-specific),outcomes,More aware of a range of jobs in STEM,Maybe,3,2,False,Q107_2
R_MK0066500,General STEM outcomes (not activity-specific),outcomes,More aware of a range of jobs in STEM,Yes a lot,1,4,False,Q107_2
R_MK0067466,General STEM outcomes (not activity-specific),outcomes,More aware of a range of jobs in STEM,Yes a little,2,3,False,Q107_2
R_MK0068498,General STEM outcomes (not activity-specific),outcomes,More aware of a range of jobs in STEM,I do not know,5,,True,Q107_2
R_MK0069685,General STEM outcomes (not activity-specific),outcomes,More aware of a range of jobs in STEM,Yes a little,2,3,False,Q107_2
R_MK0070229,General STEM outcomes (not activity-specific),outcomes,More aware of a range of jobs in STEM,Yes a little,2,3,False,Q107_2
R_MK0071423,General STEM outcomes (not activity-specific),outcomes,More aware of a range of jobs in STEM,No,4,1,False,Q107_2
R_MK0072663,General STEM outcomes (not activity-specific),outcomes,More aware of a range of jobs in STEM,Maybe,3,2,False,Q107_2
R_MK0073741,General STEM outcomes (not activity-specific),outcomes,More aware of a range of jobs in STEM,Yes a little,2,3,False,Q107_2
R_MK0074273,General STEM outcomes (not activity-specific),outcomes,More aware of a range of jobs in STEM,Yes a little,2,3,False,Q107_2
R_MK0075806,General STEM outcomes (not activity-specific),outcomes,More aware of a range of jobs in STEM,Yes a lot,1,4,False,Q107_2
R_MK0076785,General STEM outcomes (not activity-specific),outcomes,More aware of a range of jobs in STEM,Maybe,3,2,False,Q107_2
R_MK0077903,General STEM outcomes (not activity-specific),outcomes,More aware of a range of jobs in STEM,Yes a little,2,3,False,Q107_2
R_MK0078295,General STEM outcomes (not activity-specific),outcomes,More aware of a range of jobs in STEM,Yes a little,2,3,False,Q107_2
R_MK0080359,General STEM outcomes (not activity-specific),outcomes,More aware of a range of jobs in STEM,Yes a little,2,3,False,Q107_2
R_MK0082310,General STEM outcomes (not activity-specific),outcomes,More aware of a range of jobs in STEM,Yes a lot,1,4,False,Q107_2
R_MK0083313,General STEM outcomes (not activity-specific),outcomes,More aware of a range of jobs in STEM,Yes a lot,1,4,False,Q107_2
R_MK0084225,General STEM outcomes (not activity-specific),outcomes,More aware of a range of jobs in STEM,Yes a little,2,3,False,Q107_2
R_MK0085933,General STEM outcomes (not activity-specific),outcomes,More aware of a range of jobs in STEM,Yes a little,2,3,False,Q107_2
R_MK0086867,General STEM outcomes (not activity-specific),outcomes,More aware of a range of jobs in STEM,Yes a little,2,3,False,Q107_2
R_MK0087396,General STEM outcomes (not activity-specific),outcomes,More aware of a range of jobs in STEM,Yes a lot,1,4,False,Q107_2
R_MK0088386,General STEM outcomes (not activity-specific),outcomes,More aware of a range of jobs in STEM,I do not know,5,,True,Q107_2
R_MK0089973,General STEM outcomes (not activity-specific),outcomes,More aware of a range of jobs in STEM,Yes a little,2,3,False,Q107_2
R_MK0090487,General STEM outcomes (not activity-specific),outcomes,More aware of a range of jobs in STEM,Yes a little,2,3,False,Q107_2
R_MK0091120,General STEM outcomes (not activity-specific),outcomes,More aware of a range of jobs in STEM,Yes a little,2,3,False,Q107_2
R_MK0092907,General STEM outcomes (not activity-specific),outcomes,More aware of a range of jobs in STEM,Yes a little,2,3,False,Q107_2
R_MK0093607,General STEM outcomes (not activity-specific),outcomes,More aware of a range of jobs in STEM,Maybe,3,2,False,Q107_2
R_MK0094626,General STEM outcomes (not activity-specific),outcomes,More aware of a range of jobs in STEM,Yes a little,2,3,False,Q107_2
R_MK0095142,General STEM outcomes (not activity-specific),outcomes,More aware of a range of jobs in STEM,Yes a lot,1,4,False,Q107_2
R_MK0096327,General STEM outcomes (not activity-specific),outcomes,More aware of a range of jobs in STEM,Maybe,3,2,False,Q107_2
R_MK0097932,General STEM outcomes (not activity-specific),outcomes,More aware of a range of jobs in STEM,Yes a little,2,3,False,Q107_2
R_MK0098967,General STEM outcomes (not activity-specific),outcomes,More aware of a range of jobs in STEM,Maybe,3,2,False,Q107_2
R_MK0099158,General STEM outcomes (not activity-specific),outcomes,More aware of a range of jobs in STEM,Yes a little,2,3,False,Q107_2
R_MK0101806,General STEM outcomes (not activity-specific),outcomes,More aware of a range of jobs in STEM,Yes a little,2,3,False,Q107_2
R_MK0102522,General STEM outcomes (not activity-specific),outcomes,More aware of a range of jobs in STEM,Yes a lot,1,4,False,Q107_2
R_MK0103956,General STEM outcomes (not activity-specific),outcomes,More aware of a range of jobs in STEM,Yes a little,2,3,False,Q107_2
R_MK0104978,General STEM outcomes (not activity-specific),outcomes,More aware of a range of jobs in STEM,Yes a lot,1,4,False,Q107_2
R_MK0105321,General STEM outcomes (not activity-specific),outcomes,More aware of a range of jobs in STEM,Maybe,3,2,False,Q107_2
R_MK0106123,General STEM outcomes (not activity-specific),outcomes,More aware of a range of jobs in STEM,Yes a little,2,3,False,Q107_2
R_MK0107788,General STEM outcomes (not activity-specific),outcomes,More aware of a range of jobs in STEM,I do not know,5,,True,Q107_2
R_MK0108835,General STEM outcomes (not activity-specific),outcomes,More aware of a range of jobs in STEM,Yes a little,2,3,False,Q107_2
R_MK0109124,General STEM outcomes (not activity-specific),outcomes,More aware of a range of jobs in STEM,Yes a little,2,3,False,Q107_2
R_MK0110762,General STEM outcomes (not activity-specific),outcomes,More aware of a range of jobs in STEM,Yes a little,2,3,False,Q107_2
R_MK0113467,General STEM outcomes (not activity-specific),outcomes,More aware of a range of jobs in STEM,Yes a little,2,3,False,Q107_2
R_MK0114346,General STEM outcomes (not activity-specific),outcomes,More aware of a range of jobs in STEM,Yes a lot,1,4,False,Q107_2
R_MK0115748,General STEM outcomes (not activity-specific),outcomes,More aware of a range of jobs in STEM,No,4,1,False,Q107_2
R_MK0116915,General STEM outcomes (not activity-specific),outcomes,More aware of a range of jobs in STEM,Yes a little,2,3,False,Q107_2
R_MK0117603,General STEM outcomes (not activity-specific),outcomes,More aware of a range of jobs in STEM,Yes a lot,1,4,False,Q107_2
R_MK0118631,General STEM outcomes (not activity-specific),outcomes,More aware of a range of jobs in STEM,Yes a lot,1,4,False,Q107_2
R_MK0119995,General STEM outcomes (not activity-specific),outcomes,More aware of a range of jobs in STEM,Yes a little,2,3,False,Q107_2
R_MK0120834,General STEM outcomes (not activity-specific),outcomes,More aware of a range of jobs in STEM,Maybe,3,2,False,Q107_2
R_MK0121952,General STEM outcomes (not activity-specific),outcomes,More aware of a range of jobs in STEM,Maybe,3,2,False,Q107_2
R_MK0124466,General STEM outcomes (not activity-specific),outcomes,More aware of a range of jobs in STEM,Maybe,3,2,False,Q107_2
R_MK0126574,General STEM outcomes (not activity-specific),outcomes,More aware of a range of jobs in STEM,Yes a lot,1,4,False,Q107_2
R_MK0128835,General STEM outcomes (not activity-specific),outcomes,More aware of a range of jobs in STEM,Yes a lot,1,4,False,Q107_2
R_MK0129827,General STEM outcomes (not activity-specific),outcomes,More aware of a range of jobs in STEM,I do not know,5,,True,Q107_2
R_MK0130464,General STEM outcomes (not activity-specific),outcomes,More aware of a range of jobs in STEM,No,4,1,False,Q107_2
R_MK0132486,General STEM outcomes (not activity-specific),outcomes,More aware of a range of jobs in STEM,Yes a lot,1,4,False,Q107_2
R_MK0133408,General STEM outcomes (not activity-specific),outcomes,More aware of a range of jobs in STEM,Yes a little,2,3,False,Q107_2
R_MK0134215,General STEM outcomes (not activity-specific),outcomes,More aware of a range of jobs in STEM,Maybe,3,2,False,Q107_2
R_MK0135917,General STEM outcomes (not activity-specific),outcomes,More aware of a range of jobs in STEM,Yes a lot,1,4,False,Q107_2
R_MK0137508,General STEM outcomes (not activity-specific),outcomes,More aware of a range of jobs in STEM,Yes a lot,1,4,False,Q107_2
R_MK0138319,General STEM outcomes (not activity-specific),outcomes,More aware of a range of jobs in STEM,Yes a little,2,3,False,Q107_2
R_MK0139468,General STEM outcomes (not activity-specific),outcomes,More aware of a range of jobs in STEM,Yes a little,2,3,False,Q107_2
R_MK0140416,General STEM outcomes (not activity-specific),outcomes,More aware of a range of jobs in STEM,Maybe,3,2,False,Q107_2
R_MK0141171,General STEM outcomes (not activity-specific),outcomes,More aware of a range of jobs in STEM,Yes a little,2,3,False,Q107_2
R_MK0142928,General STEM outcomes (not activity-specific),outcomes,More aware of a range of jobs in STEM,Maybe,3,2,False,Q107_2
R_MK0143986,General STEM outcomes (not activity-specific),outcomes,More aware of a range of jobs in STEM,Maybe,3,2,False,Q107_2
R_MK0144749,General STEM outcomes (not activity-specific),outcomes,More aware of a range of jobs in STEM,No,4,1,False,Q107_2
R_MK0145593,General STEM outcomes (not activity-specific),outcomes,More aware of a range of jobs in STEM,Yes a little,2,3,False,Q107_2
R_MK0146638,General STEM outcomes (not activity-specific),outcomes,More aware of a range of jobs in STEM,No,4,1,False,Q107_2
R_MK0147525,General STEM outcomes (not activity-specific),outcomes,More aware of a range of jobs in STEM,Yes a lot,1,4,False,Q107_2
R_MK0148155,General STEM outcomes (not activity-specific),outcomes,More aware of a range of jobs in STEM,Yes a lot,1,4,False,Q107_2
R_MK0149433,General STEM outcomes (not activity-specific),outcomes,More aware of a range of jobs in STEM,Yes a lot,1,4,False,Q107_2
R_MK0150172,General STEM outcomes (not activity-specific),outcomes,More aware of a range of jobs in STEM,Yes a lot,1,4,False,Q107_2
R_MK0151675,General STEM outcomes (not activity-specific),outcomes,More aware of a range of jobs in STEM,Yes a little,2,3,False,Q107_2
R_MK0152207,General STEM outcomes (not activity-specific),outcomes,More aware of a range of jobs in STEM,Maybe,3,2,False,Q107_2
R_MK0153261,General STEM outcomes (not activity-specific),outcomes,More aware of a range of jobs in STEM,Yes a lot,1,4,False,Q107_2
R_MK0154868,General STEM outcomes (not activity-specific),outcomes,More aware of a range of jobs in STEM,Yes a lot,1,4,False,Q107_2
R_MK0155973,General STEM outcomes (not activity-specific),outcomes,More aware of a range of jobs in STEM,Yes a little,2,3,False,Q107_2
R_MK0157758,General STEM outcomes (not activity-specific),outcomes,More aware of a range of jobs in STEM,Yes a little,2,3,False,Q107_2
R_MK0159874,General STEM outcomes (not activity-specific),outcomes,More aware of a range of jobs in STEM,Yes a lot,1,4,False,Q107_2
R_MK0160930,General STEM outcomes (not activity-specific),outcomes,More aware of a range of jobs in STEM,Yes a lot,1,4,False,Q107_2
R_MK0161224,General STEM outcomes (not activity-specific),outcomes,More aware of a range of jobs in STEM,Yes a lot,1,4,False,Q107_2
R_MK0162746,General STEM outcomes (not activity-specific),outcomes,More aware of a range of jobs in STEM,Yes a little,2,3,False,Q107_2
R_MK0163831,General STEM outcomes (not activity-specific),outcomes,More aware of a range of jobs in STEM,Yes a little,2,3,False,Q107_2
R_MK0164526,General STEM outcomes (not activity-specific),outcomes,More aware of a range of jobs in STEM,Yes a lot,1,4,False,Q107_2
R_MK0165548,General STEM outcomes (not activity-specific),outcomes,More aware of a range of jobs in STEM,Yes a little,2,3,False,Q107_2
R_MK0166129,General STEM outcomes (not activity-specific),outcomes,More aware of a range of jobs in STEM,Yes a lot,1,4,False,Q107_2
R_MK0167780,General STEM outcomes (not activity-specific),outcomes,More aware of a range of jobs in STEM,No,4,1,False,Q107_2
R_MK0168594,General STEM outcomes (not activity-specific),outcomes,More aware of a range of jobs in STEM,No,4,1,False,Q107_2
R_MK0169620,General STEM outcomes (not activity-specific),outcomes,More aware of a range of jobs in STEM,No,4,1,False,Q107_2
R_MK0170795,General STEM outcomes (not activity-specific),outcomes,More aware of a range of jobs in STEM,Yes a lot,1,4,False,Q107_2
R_MK0174167,General STEM outcomes (not activity-specific),outcomes,More aware of a range of jobs in STEM,Yes a little,2,3,False,Q107_2
R_MK0175836,General STEM outcomes (not activity-specific),outcomes,More aware of a range of jobs in STEM,Yes a little,2,3,False,Q107_2
R_MK0176600,General STEM outcomes (not activity-specific),outcomes,More aware of a range of jobs in STEM,Yes a lot,1,4,False,Q107_2
R_MK0178108,General STEM outcomes (not activity-specific),outcomes,More aware of a range of jobs in STEM,Yes a lot,1,4,False,Q107_2
R_MK0179378,General STEM outcomes (not activity-specific),outcomes,More aware of a range of jobs in STEM,I do not know,5,,True,Q107_2
R_MK0000103,General STEM outcomes (not activity-specific),outcomes,More interested about learning about STEM,Yes a little,2,3,False,Q107_3
R_MK0001265,General STEM outcomes (not activity-specific),outcomes,More interested about learning about STEM,Yes a little,2,3,False,Q107_3
R_MK0002320,General STEM outcomes (not activity-specific),outcomes,More interested about learning about STEM,Maybe,3,2,False,Q107_3
R_MK0003688,General STEM outcomes (not activity-specific),outcomes,More interested about learning about STEM,I do not know,5,,True,Q107_3
R_MK0004317,General STEM outcomes (not activity-specific),outcomes,More interested about learning about STEM,Yes a lot,1,4,False,Q107_3
R_MK0005590,General STEM outcomes (not activity-specific),outcomes,More interested about learning about STEM,Yes a little,2,3,False,Q107_3
R_MK0006572,General STEM outcomes (not activity-specific),outcomes,More interested about learning about STEM,No,4,1,False,Q107_3
R_MK0007539,General STEM outcomes (not activity-specific),outcomes,More interested about learning about STEM,Maybe,3,2,False,Q107_3
R_MK0008963,General STEM outcomes (not activity-specific),outcomes,More interested about learning about STEM,Yes a little,2,3,False,Q107_3
R_MK0009570,General STEM outcomes (not activity-specific),outcomes,More interested about learning about STEM,Yes a little,2,3,False,Q107_3
R_MK0010378,General STEM outcomes (not activity-specific),outcomes,More interested about learning about STEM,No,4,1,False,Q107_3
R_MK0011453,General STEM outcomes (not activity-specific),outcomes,More interested about learning about STEM,Yes a little,2,3,False,Q107_3
R_MK0013834,General STEM outcomes (not activity-specific),outcomes,More interested about learning about STEM,I do not know,5,,True,Q107_3
R_MK0014994,General STEM outcomes (not activity-specific),outcomes,More interested about learning about STEM,Yes a lot,1,4,False,Q107_3
R_MK0015892,General STEM outcomes (not activity-specific),outcomes,More interested about learning about STEM,No,4,1,False,Q107_3
R_MK0017794,General STEM outcomes (not activity-specific),outcomes,More interested about learning about STEM,I do not know,5,,True,Q107_3
R_MK0018342,General STEM outcomes (not activity-specific),outcomes,More interested about learning about STEM,I do not know,5,,True,Q107_3
R_MK0019683,General STEM outcomes (not activity-specific),outcomes,More interested about learning about STEM,Yes a little,2,3,False,Q107_3
R_MK0020216,General STEM outcomes (not activity-specific),outcomes,More interested about learning about STEM,Yes a little,2,3,False,Q107_3
R_MK0021162,General STEM outcomes (not activity-specific),outcomes,More interested about learning about STEM,Yes a lot,1,4,False,Q107_3
R_MK0022405,General STEM outcomes (not activity-specific),outcomes,More interested about learning about STEM,Yes a lot,1,4,False,Q107_3
R_MK0023140,General STEM outcomes (not activity-specific),outcomes,More interested about learning about STEM,Yes a little,2,3,False,Q107_3
R_MK0024311,General STEM outcomes (not activity-specific),outcomes,More interested about learning about STEM,Yes a little,2,3,False,Q107_3
R_MK0025966,General STEM outcomes (not activity-specific),outcomes,More interested about learning about STEM,I do not know,5,,True,Q107_3
R_MK0026432,General STEM outcomes (not activity-specific),outcomes,More interested about learning about STEM,Yes a little,2,3,False,Q107_3
R_MK0027899,General STEM outcomes (not activity-specific),outcomes,More interested about learning about STEM,No,4,1,False,Q107_3
R_MK0028139,General STEM outcomes (not activity-specific),outcomes,More interested about learning about STEM,Yes a lot,1,4,False,Q107_3
R_MK0029136,General STEM outcomes (not activity-specific),outcomes,More interested about learning about STEM,Yes a lot,1,4,False,Q107_3
R_MK0030402,General STEM outcomes (not activity-specific),outcomes,More interested about learning about STEM,I do not know,5,,True,Q107_3
R_MK0031712,General STEM outcomes (not activity-specific),outcomes,More interested about learning about STEM,Yes a lot,1,4,False,Q107_3
R_MK0032849,General STEM outcomes (not activity-specific),outcomes,More interested about learning about STEM,No,4,1,False,Q107_3
R_MK0033442,General STEM outcomes (not activity-specific),outcomes,More interested about learning about STEM,Yes a lot,1,4,False,Q107_3
R_MK0034167,General STEM outcomes (not activity-specific),outcomes,More interested about learning about STEM,Yes a little,2,3,False,Q107_3
R_MK0035534,General STEM outcomes (not activity-specific),outcomes,More interested about learning about STEM,Yes a lot,1,4,False,Q107_3
R_MK0036294,General STEM outcomes (not activity-specific),outcomes,More interested about learning about STEM,Yes a lot,1,4,False,Q107_3
R_MK0037202,General STEM outcomes (not activity-specific),outcomes,More interested about learning about STEM,Yes a lot,1,4,False,Q107_3
R_MK0038243,General STEM outcomes (not activity-specific),outcomes,More interested about learning about STEM,No,4,1,False,Q107_3
R_MK0039124,General STEM outcomes (not activity-specific),outcomes,More interested about learning about STEM,Yes a little,2,3,False,Q107_3
R_MK0040868,General STEM outcomes (not activity-specific),outcomes,More interested about learning about STEM,Yes a lot,1,4,False,Q107_3
R_MK0041466,General STEM outcomes (not activity-specific),outcomes,More interested about learning about STEM,Yes a little,2,3,False,Q107_3
R_MK0042725,General STEM outcomes (not activity-specific),outcomes,More interested about learning about STEM,Yes a lot,1,4,False,Q107_3
R_MK0043853,General STEM outcomes (not activity-specific),outcomes,More interested about learning about STEM,No,4,1,False,Q107_3
R_MK0045989,General STEM outcomes (not activity-specific),outcomes,More interested about learning about STEM,Yes a lot,1,4,False,Q107_3
R_MK0046892,General STEM outcomes (not activity-specific),outcomes,More interested about learning about STEM,I do not know,5,,True,Q107_3
R_MK0047788,General STEM outcomes (not activity-specific),outcomes,More interested about learning about STEM,Yes a lot,1,4,False,Q107_3
R_MK0048737,General STEM outcomes (not activity-specific),outcomes,More interested about learning about STEM,Yes a little,2,3,False,Q107_3
R_MK0049733,General STEM outcomes (not activity-specific),outcomes,More interested about learning about STEM,Yes a little,2,3,False,Q107_3
R_MK0050728,General STEM outcomes (not activity-specific),outcomes,More interested about learning about STEM,Yes a little,2,3,False,Q107_3
R_MK0052388,General STEM outcomes (not activity-specific),outcomes,More interested about learning about STEM,Yes a little,2,3,False,Q107_3
R_MK0053734,General STEM outcomes (not activity-specific),outcomes,More interested about learning about STEM,Yes a little,2,3,False,Q107_3
R_MK0054375,General STEM outcomes (not activity-specific),outcomes,More interested about learning about STEM,Yes a lot,1,4,False,Q107_3
R_MK0055989,General STEM outcomes (not activity-specific),outcomes,More interested about learning about STEM,Yes a lot,1,4,False,Q107_3
R_MK0056543,General STEM outcomes (not activity-specific),outcomes,More interested about learning about STEM,Maybe,3,2,False,Q107_3
R_MK0058713,General STEM outcomes (not activity-specific),outcomes,More interested about learning about STEM,Yes a little,2,3,False,Q107_3
R_MK0059837,General STEM outcomes (not activity-specific),outcomes,More interested about learning about STEM,I do not know,5,,True,Q107_3
R_MK0060527,General STEM outcomes (not activity-specific),outcomes,More interested about learning about STEM,Yes a little,2,3,False,Q107_3
R_MK0061617,General STEM outcomes (not activity-specific),outcomes,More interested about learning about STEM,Yes a little,2,3,False,Q107_3
R_MK0062899,General STEM outcomes (not activity-specific),outcomes,More interested about learning about STEM,Yes a lot,1,4,False,Q107_3
R_MK0063902,General STEM outcomes (not activity-specific),outcomes,More interested about learning about STEM,Yes a lot,1,4,False,Q107_3
R_MK0064156,General STEM outcomes (not activity-specific),outcomes,More interested about learning about STEM,Maybe,3,2,False,Q107_3
R_MK0065907,General STEM outcomes (not activity-specific),outcomes,More interested about learning about STEM,Yes a lot,1,4,False,Q107_3
R_MK0066500,General STEM outcomes (not activity-specific),outcomes,More interested about learning about STEM,No,4,1,False,Q107_3
R_MK0067466,General STEM outcomes (not activity-specific),outcomes,More interested about learning about STEM,No,4,1,False,Q107_3
R_MK0068498,General STEM outcomes (not activity-specific),outcomes,More interested about learning about STEM,Maybe,3,2,False,Q107_3
R_MK0069685,General STEM outcomes (not activity-specific),outcomes,More interested about learning about STEM,Yes a little,2,3,False,Q107_3
R_MK0070229,General STEM outcomes (not activity-specific),outcomes,More interested about learning about STEM,Yes a lot,1,4,False,Q107_3
R_MK0071423,General STEM outcomes (not activity-specific),outcomes,More interested about learning about STEM,No,4,1,False,Q107_3
R_MK0072663,General STEM outcomes (not activity-specific),outcomes,More interested about learning about STEM,Maybe,3,2,False,Q107_3
R_MK0073741,General STEM outcomes (not activity-specific),outcomes,More interested about learning about STEM,Yes a lot,1,4,False,Q107_3
R_MK0074273,General STEM outcomes (not activity-specific),outcomes,More interested about learning about STEM,I do not know,5,,True,Q107_3
R_MK0075806,General STEM outcomes (not activity-specific),outcomes,More interested about learning about STEM,Yes a lot,1,4,False,Q107_3
R_MK0076785,General STEM outcomes (not activity-specific),outcomes,More interested about learning about STEM,Yes a little,2,3,False,Q107_3
R_MK0077903,General STEM outcomes (not activity-specific),outcomes,More interested about learning about STEM,Yes a lot,1,4,False,Q107_3
R_MK0078295,General STEM outcomes (not activity-specific),outcomes,More interested about learning about STEM,Yes a little,2,3,False,Q107_3
R_MK0080359,General STEM outcomes (not activity-specific),outcomes,More interested about learning about STEM,Maybe,3,2,False,Q107_3
R_MK0082310,General STEM outcomes (not activity-specific),outcomes,More interested about learning about STEM,No,4,1,False,Q107_3
R_MK0083313,General STEM outcomes (not activity-specific),outcomes,More interested about learning about STEM,I do not know,5,,True,Q107_3
R_MK0084225,General STEM outcomes (not activity-specific),outcomes,More interested about learning about STEM,Yes a little,2,3,False,Q107_3
R_MK0085933,General STEM outcomes (not activity-specific),outcomes,More interested about learning about STEM,Maybe,3,2,False,Q107_3
R_MK0086867,General STEM outcomes (not activity-specific),outcomes,More interested about learning about STEM,No,4,1,False,Q107_3
R_MK0087396,General STEM outcomes (not activity-specific),outcomes,More interested about learning about STEM,Yes a little,2,3,False,Q107_3
R_MK0088386,General STEM outcomes (not activity-specific),outcomes,More interested about learning about STEM,Maybe,3,2,False,Q107_3
R_MK0089973,General STEM outcomes (not activity-specific),outcomes,More interested about learning about STEM,Yes a lot,1,4,False,Q107_3
R_MK0090487,General STEM outcomes (not activity-specific),outcomes,More interested about learning about STEM,Yes a lot,1,4,False,Q107_3
R_MK0091120,General STEM outcomes (not activity-specific),outcomes,More interested about learning about STEM,Maybe,3,2,False,Q107_3
R_MK0092907,General STEM outcomes (not activity-specific),outcomes,More interested about learning about STEM,Yes a little,2,3,False,Q107_3
R_MK0093607,General STEM outcomes (not activity-specific),outcomes,More interested about learning about STEM,Yes a little,2,3,False,Q107_3
R_MK0094626,General STEM outcomes (not activity-specific),outcomes,More interested about learning about STEM,Yes a lot,1,4,False,Q107_3
R_MK0095142,General STEM outcomes (not activity-specific),outcomes,More interested about learning about STEM,Yes a little,2,3,False,Q107_3
R_MK0096327,General STEM outcomes (not activity-specific),outcomes,More interested about learning about STEM,Maybe,3,2,False,Q107_3
R_MK0097932,General STEM outcomes (not activity-specific),outcomes,More interested about learning about STEM,Yes a lot,1,4,False,Q107_3
R_MK0098967,General STEM outcomes (not activity-specific),outcomes,More interested about learning about STEM,Maybe,3,2,False,Q107_3
R_MK0099158,General STEM outcomes (not activity-specific),outcomes,More interested about learning about STEM,I do not know,5,,True,Q107_3
R_MK0101806,General STEM outcomes (not activity-specific),outcomes,More interested about learning about STEM,Yes a little,2,3,False,Q107_3
R_MK0102522,General STEM outcomes (not activity-specific),outcomes,More interested about learning about STEM,Yes a lot,1,4,False,Q107_3
R_MK0103956,General STEM outcomes (not activity-specific),outcomes,More interested about learning about STEM,Yes a lot,1,4,False,Q107_3
R_MK0104978,General STEM outcomes (not activity-specific),outcomes,More interested about learning about STEM,Yes a lot,1,4,False,Q107_3
R_MK0105321,General STEM outcomes (not activity-specific),outcomes,More interested about learning about STEM,Yes a little,2,3,False,Q107_3
R_MK0106123,General STEM outcomes (not activity-specific),outcomes,More interested about learning about STEM,I do not know,5,,True,Q107_3
R_MK0107788,General STEM outcomes (not activity-specific),outcomes,More interested about learning about STEM,Yes a lot,1,4,False,Q107_3
R_MK0108835,General STEM outcomes (not activity-specific),outcomes,More interested about learning about STEM,Maybe,3,2,False,Q107_3
R_MK0109124,General STEM outcomes (not activity-specific),outcomes,More interested about learning about STEM,Yes a little,2,3,False,Q107_3
R_MK0110762,General STEM outcomes (not activity-specific),outcomes,More interested about learning about STEM,Yes a lot,1,4,False,Q107_3
R_MK0113467,General STEM outcomes (not activity-specific),outcomes,More interested about learning about STEM,No,4,1,False,Q107_3
R_MK0114346,General STEM outcomes (not activity-specific),outcomes,More interested about learning about STEM,Yes a little,2,3,False,Q107_3
R_MK0115748,General STEM outcomes (not activity-specific),outcomes,More interested about learning about STEM,Maybe,3,2,False,Q107_3
R_MK0116915,General STEM outcomes (not activity-specific),outcomes,More interested about learning about STEM,Yes a lot,1,4,False,Q107_3
R_MK0117603,General STEM outcomes (not activity-specific),outcomes,More interested about learning about STEM,Yes a little,2,3,False,Q107_3
R_MK0118631,General STEM outcomes (not activity-specific),outcomes,More interested about learning about STEM,I do not know,5,,True,Q107_3
R_MK0119995,General STEM outcomes (not activity-specific),outcomes,More interested about learning about STEM,Yes a little,2,3,False,Q107_3
R_MK0120834,General STEM outcomes (not activity-specific),outcomes,More interested about learning about STEM,Yes a lot,1,4,False,Q107_3
R_MK0121952,General STEM outcomes (not activity-specific),outcomes,More interested about learning about STEM,Yes a little,2,3,False,Q107_3
R_MK0124466,General STEM outcomes (not activity-specific),outcomes,More interested about learning about STEM,Maybe,3,2,False,Q107_3
R_MK0126574,General STEM outcomes (not activity-specific),outcomes,More interested about learning about STEM,Yes a lot,1,4,False,Q107_3
R_MK0128835,General STEM outcomes (not activity-specific),outcomes,More interested about learning about STEM,Yes a lot,1,4,False,Q107_3
R_MK0129827,General STEM outcomes (not activity-specific),outcomes,More interested about learning about STEM,Maybe,3,2,False,Q107_3
R_MK0130464,General STEM outcomes (not activity-specific),outcomes,More interested about learning about STEM,Yes a lot,1,4,False,Q107_3
R_MK0132486,General STEM outcomes (not activity-specific),outcomes,More interested about learning about STEM,Yes a lot,1,4,False,Q107_3
R_MK0133408,General STEM outcomes (not activity-specific),outcomes,More interested about learning about STEM,I do not know,5,,True,Q107_3
R_MK0134215,General STEM outcomes (not activity-specific),outcomes,More interested about learning about STEM,Yes a lot,1,4,False,Q107_3
R_MK0135917,General STEM outcomes (not activity-specific),outcomes,More interested about learning about STEM,Yes a lot,1,4,False,Q107_3
R_MK0137508,General STEM outcomes (not activity-specific),outcomes,More interested about learning about STEM,Yes a lot,1,4,False,Q107_3
R_MK0138319,General STEM outcomes (not activity-specific),outcomes,More interested about learning about STEM,No,4,1,False,Q107_3
R_MK0139468,General STEM outcomes (not activity-specific),outcomes,More interested about learning about STEM,Yes a lot,1,4,False,Q107_3
R_MK0140416,General STEM outcomes (not activity-specific),outcomes,More interested about learning about STEM,Yes a little,2,3,False,Q107_3
R_MK0141171,General STEM outcomes (not activity-specific),outcomes,More interested about learning about STEM,Yes a little,2,3,False,Q107_3
R_MK0142928,General STEM outcomes (not activity-specific),outcomes,More interested about learning about STEM,Yes a little,2,3,False,Q107_3
R_MK0143986,General STEM outcomes (not activity-specific),outcomes,More interested about learning about STEM,Yes a lot,1,4,False,Q107_3
R_MK0144749,General STEM outcomes (not activity-specific),outcomes,More interested about learning about STEM,Yes a lot,1,4,False,Q107_3
R_MK0145593,General STEM outcomes (not activity-specific),outcomes,More interested about learning about STEM,Yes a little,2,3,False,Q107_3
R_MK0146638,General STEM outcomes (not activity-specific),outcomes,More interested about learning about STEM,Yes a lot,1,4,False,Q107_3
R_MK0147525,General STEM outcomes (not activity-specific),outcomes,More interested about learning about STEM,Yes a lot,1,4,False,Q107_3
R_MK0148155,General STEM outcomes (not activity-specific),outcomes,More interested about learning about STEM,Yes a little,2,3,False,Q107_3
R_MK0149433,General STEM outcomes (not activity-specific),outcomes,More interested about learning about STEM,Yes a little,2,3,False,Q107_3
R_MK0150172,General STEM outcomes (not activity-specific),outcomes,More interested about learning about STEM,Yes a lot,1,4,False,Q107_3
R_MK0151675,General STEM outcomes (not activity-specific),outcomes,More interested about learning about STEM,Yes a lot,1,4,False,Q107_3
R_MK0152207,General STEM outcomes (not activity-specific),outcomes,More interested about learning about STEM,No,4,1,False,Q107_3
R_MK0153261,General STEM outcomes (not activity-specific),outcomes,More interested about learning about STEM,Yes a little,2,3,False,Q107_3
R_MK0154868,General STEM outcomes (not activity-specific),outcomes,More interested about learning about STEM,Maybe,3,2,False,Q107_3
R_MK0155973,General STEM outcomes (not activity-specific),outcomes,More interested about learning about STEM,Yes a little,2,3,False,Q107_3
R_MK0157758,General STEM outcomes (not activity-specific),outcomes,More interested about learning about STEM,Yes a little,2,3,False,Q107_3
R_MK0159874,General STEM outcomes (not activity-specific),outcomes,More interested about learning about STEM,Yes a little,2,3,False,Q107_3
R_MK0160930,General STEM outcomes (not activity-specific),outcomes,More interested about learning about STEM,Yes a little,2,3,False,Q107_3
R_MK0161224,General STEM outcomes (not activity-specific),outcomes,More interested about learning about STEM,I do not know,5,,True,Q107_3
R_MK0162746,General STEM outcomes (not activity-specific),outcomes,More interested about learning about STEM,Yes a lot,1,4,False,Q107_3
R_MK0163831,General STEM outcomes (not activity-specific),outcomes,More interested about learning about STEM,Maybe,3,2,False,Q107_3
R_MK0164526,General STEM outcomes (not activity-specific),outcomes,More interested about learning about STEM,I do not know,5,,True,Q107_3
R_MK0165548,General STEM outcomes (not activity-specific),outcomes,More interested about learning about STEM,Yes a lot,1,4,False,Q107_3
R_MK0166129,General STEM outcomes (not activity-specific),outcomes,More interested about learning about STEM,Maybe,3,2,False,Q107_3
R_MK0167780,General STEM outcomes (not activity-specific),outcomes,More interested about learning about STEM,Yes a little,2,3,False,Q107_3
R_MK0168594,General STEM outcomes (not activity-specific),outcomes,More interested about learning about STEM,Yes a little,2,3,False,Q107_3
R_MK0169620,General STEM outcomes (not activity-specific),outcomes,More interested about learning about STEM,No,4,1,False,Q107_3
R_MK0170795,General STEM outcomes (not activity-specific),outcomes,More interested about learning about STEM,Maybe,3,2,False,Q107_3
R_MK0174167,General STEM outcomes (not activity-specific),outcomes,More interested about learning about STEM,Yes a little,2,3,False,Q107_3
R_MK0175836,General STEM outcomes (not activity-specific),outcomes,More interested about learning about STEM,Yes a little,2,3,False,Q107_3
R_MK0176600,General STEM outcomes (not activity-specific),outcomes,More interested about learning about STEM,Maybe,3,2,False,Q107_3
R_MK0178108,General STEM outcomes (not activity-specific),outcomes,More interested about learning about STEM,Yes a lot,1,4,False,Q107_3
R_MK0179378,General STEM outcomes (not activity-specific),outcomes,More interested about learning about STEM,Maybe,3,2,False,Q107_3
R_MK0000103,General STEM outcomes (not activity-specific),outcomes,More confident in solving STEM problems,Yes a little,2,3,False,Q107_4
R_MK0001265,General STEM outcomes (not activity-specific),outcomes,More confident in solving STEM problems,Yes a lot,1,4,False,Q107_4
R_MK0002320,General STEM outcomes (not activity-specific),outcomes,More confident in solving STEM problems,Maybe,3,2,False,Q107_4
R_MK0003688,General STEM outcomes (not activity-specific),outcomes,More confident in solving STEM problems,Maybe,3,2,False,Q107_4
R_MK0004317,General STEM outcomes (not activity-specific),outcomes,More confident in solving STEM problems,Yes a lot,1,4,False,Q107_4
R_MK0005590,General STEM outcomes (not activity-specific),outcomes,More confident in solving STEM problems,Yes a little,2,3,False,Q107_4
R_MK0006572,General STEM outcomes (not activity-specific),outcomes,More confident in solving STEM problems,Yes a little,2,3,False,Q107_4
R_MK0007539,General STEM outcomes (not activity-specific),outcomes,More confident in solving STEM problems,I do not know,5,,True,Q107_4
R_MK0008963,General STEM outcomes (not activity-specific),outcomes,More confident in solving STEM problems,Yes a lot,1,4,False,Q107_4
R_MK0009570,General STEM outcomes (not activity-specific),outcomes,More confident in solving STEM problems,Yes a lot,1,4,False,Q107_4
R_MK0010378,General STEM outcomes (not activity-specific),outcomes,More confident in solving STEM problems,Maybe,3,2,False,Q107_4
R_MK0011453,General STEM outcomes (not activity-specific),outcomes,More confident in solving STEM problems,Maybe,3,2,False,Q107_4
R_MK0013834,General STEM outcomes (not activity-specific),outcomes,More confident in solving STEM problems,Yes a lot,1,4,False,Q107_4
R_MK0014994,General STEM outcomes (not activity-specific),outcomes,More confident in solving STEM problems,Yes a little,2,3,False,Q107_4
R_MK0015892,General STEM outcomes (not activity-specific),outcomes,More confident in solving STEM problems,Yes a lot,1,4,False,Q107_4
R_MK0017794,General STEM outcomes (not activity-specific),outcomes,More confident in solving STEM problems,No,4,1,False,Q107_4
R_MK0018342,General STEM outcomes (not activity-specific),outcomes,More confident in solving STEM problems,Yes a little,2,3,False,Q107_4
R_MK0019683,General STEM outcomes (not activity-specific),outcomes,More confident in solving STEM problems,Maybe,3,2,False,Q107_4
R_MK0020216,General STEM outcomes (not activity-specific),outcomes,More confident in solving STEM problems,Yes a lot,1,4,False,Q107_4
R_MK0021162,General STEM outcomes (not activity-specific),outcomes,More confident in solving STEM problems,Maybe,3,2,False,Q107_4
R_MK0022405,General STEM outcomes (not activity-specific),outcomes,More confident in solving STEM problems,Yes a little,2,3,False,Q107_4
R_MK0023140,General STEM outcomes (not activity-specific),outcomes,More confident in solving STEM problems,Yes a lot,1,4,False,Q107_4
R_MK0024311,General STEM outcomes (not activity-specific),outcomes,More confident in solving STEM problems,Yes a lot,1,4,False,Q107_4
R_MK0025966,General STEM outcomes (not activity-specific),outcomes,More confident in solving STEM problems,Yes a little,2,3,False,Q107_4
R_MK0026432,General STEM outcomes (not activity-specific),outcomes,More confident in solving STEM problems,Maybe,3,2,False,Q107_4
R_MK0027899,General STEM outcomes (not activity-specific),outcomes,More confident in solving STEM problems,Yes a lot,1,4,False,Q107_4
R_MK0028139,General STEM outcomes (not activity-specific),outcomes,More confident in solving STEM problems,Yes a little,2,3,False,Q107_4
R_MK0029136,General STEM outcomes (not activity-specific),outcomes,More confident in solving STEM problems,Yes a lot,1,4,False,Q107_4
R_MK0030402,General STEM outcomes (not activity-specific),outcomes,More confident in solving STEM problems,Yes a lot,1,4,False,Q107_4
R_MK0031712,General STEM outcomes (not activity-specific),outcomes,More confident in solving STEM problems,Yes a lot,1,4,False,Q107_4
R_MK0032849,General STEM outcomes (not activity-specific),outcomes,More confident in solving STEM problems,No,4,1,False,Q107_4
R_MK0033442,General STEM outcomes (not activity-specific),outcomes,More confident in solving STEM problems,Yes a little,2,3,False,Q107_4
R_MK0034167,General STEM outcomes (not activity-specific),outcomes,More confident in solving STEM problems,Yes a little,2,3,False,Q107_4
R_MK0035534,General STEM outcomes (not activity-specific),outcomes,More confident in solving STEM problems,Yes a little,2,3,False,Q107_4
R_MK0036294,General STEM outcomes (not activity-specific),outcomes,More confident in solving STEM problems,Yes a little,2,3,False,Q107_4
R_MK0037202,General STEM outcomes (not activity-specific),outcomes,More confident in solving STEM problems,Maybe,3,2,False,Q107_4
R_MK0038243,General STEM outcomes (not activity-specific),outcomes,More confident in solving STEM problems,Yes a little,2,3,False,Q107_4
R_MK0039124,General STEM outcomes (not activity-specific),outcomes,More confident in solving STEM problems,Maybe,3,2,False,Q107_4
R_MK0040868,General STEM outcomes (not activity-specific),outcomes,More confident in solving STEM problems,Yes a lot,1,4,False,Q107_4
R_MK0041466,General STEM outcomes (not activity-specific),outcomes,More confident in solving STEM problems,Yes a little,2,3,False,Q107_4
R_MK0042725,General STEM outcomes (not activity-specific),outcomes,More confident in solving STEM problems,Yes a lot,1,4,False,Q107_4
R_MK0043853,General STEM outcomes (not activity-specific),outcomes,More confident in solving STEM problems,I do not know,5,,True,Q107_4
R_MK0045989,General STEM outcomes (not activity-specific),outcomes,More confident in solving STEM problems,Yes a lot,1,4,False,Q107_4
R_MK0046892,General STEM outcomes (not activity-specific),outcomes,More confident in solving STEM problems,Yes a little,2,3,False,Q107_4
R_MK0047788,General STEM outcomes (not activity-specific),outcomes,More confident in solving STEM problems,Maybe,3,2,False,Q107_4
R_MK0048737,General STEM outcomes (not activity-specific),outcomes,More confident in solving STEM problems,No,4,1,False,Q107_4
R_MK0049733,General STEM outcomes (not activity-specific),outcomes,More confident in solving STEM problems,No,4,1,False,Q107_4
R_MK0050728,General STEM outcomes (not activity-specific),outcomes,More confident in solving STEM problems,Maybe,3,2,False,Q107_4
R_MK0052388,General STEM outcomes (not activity-specific),outcomes,More confident in solving STEM problems,Yes a little,2,3,False,Q107_4
R_MK0053734,General STEM outcomes (not activity-specific),outcomes,More confident in solving STEM problems,Yes a little,2,3,False,Q107_4
R_MK0054375,General STEM outcomes (not activity-specific),outcomes,More confident in solving STEM problems,Maybe,3,2,False,Q107_4
R_MK0055989,General STEM outcomes (not activity-specific),outcomes,More confident in solving STEM problems,Maybe,3,2,False,Q107_4
R_MK0056543,General STEM outcomes (not activity-specific),outcomes,More confident in solving STEM problems,Maybe,3,2,False,Q107_4
R_MK0058713,General STEM outcomes (not activity-specific),outcomes,More confident in solving STEM problems,Yes a lot,1,4,False,Q107_4
R_MK0059837,General STEM outcomes (not activity-specific),outcomes,More confident in solving STEM problems,Yes a little,2,3,False,Q107_4
R_MK0060527,General STEM outcomes (not activity-specific),outcomes,More confident in solving STEM problems,Yes a lot,1,4,False,Q107_4
R_MK0061617,General STEM outcomes (not activity-specific),outcomes,More confident in solving STEM problems,Maybe,3,2,False,Q107_4
R_MK0062899,General STEM outcomes (not activity-specific),outcomes,More confident in solving STEM problems,Maybe,3,2,False,Q107_4
R_MK0063902,General STEM outcomes (not activity-specific),outcomes,More confident in solving STEM problems,Yes a little,2,3,False,Q107_4
R_MK0064156,General STEM outcomes (not activity-specific),outcomes,More confident in solving STEM problems,Yes a lot,1,4,False,Q107_4
R_MK0065907,General STEM outcomes (not activity-specific),outcomes,More confident in solving STEM problems,Yes a lot,1,4,False,Q107_4
R_MK0066500,General STEM outcomes (not activity-specific),outcomes,More confident in solving STEM problems,No,4,1,False,Q107_4
R_MK0067466,General STEM outcomes (not activity-specific),outcomes,More confident in solving STEM problems,Yes a lot,1,4,False,Q107_4
R_MK0068498,General STEM outcomes (not activity-specific),outcomes,More confident in solving STEM problems,Yes a lot,1,4,False,Q107_4
R_MK0069685,General STEM outcomes (not activity-specific),outcomes,More confident in solving STEM problems,Yes a little,2,3,False,Q107_4
R_MK0070229,General STEM outcomes (not activity-specific),outcomes,More confident in solving STEM problems,Yes a lot,1,4,False,Q107_4
R_MK0071423,General STEM outcomes (not activity-specific),outcomes,More confident in solving STEM problems,Yes a little,2,3,False,Q107_4
R_MK0072663,General STEM outcomes (not activity-specific),outcomes,More confident in solving STEM problems,Maybe,3,2,False,Q107_4
R_MK0073741,General STEM outcomes (not activity-specific),outcomes,More confident in solving STEM problems,Yes a little,2,3,False,Q107_4
R_MK0074273,General STEM outcomes (not activity-specific),outcomes,More confident in solving STEM problems,Maybe,3,2,False,Q107_4
R_MK0075806,General STEM outcomes (not activity-specific),outcomes,More confident in solving STEM problems,Yes a lot,1,4,False,Q107_4
R_MK0076785,General STEM outcomes (not activity-specific),outcomes,More confident in solving STEM problems,Maybe,3,2,False,Q107_4
R_MK0077903,General STEM outcomes (not activity-specific),outcomes,More confident in solving STEM problems,Maybe,3,2,False,Q107_4
R_MK0078295,General STEM outcomes (not activity-specific),outcomes,More confident in solving STEM problems,Yes a little,2,3,False,Q107_4
R_MK0080359,General STEM outcomes (not activity-specific),outcomes,More confident in solving STEM problems,No,4,1,False,Q107_4
R_MK0082310,General STEM outcomes (not activity-specific),outcomes,More confident in solving STEM problems,No,4,1,False,Q107_4
R_MK0083313,General STEM outcomes (not activity-specific),outcomes,More confident in solving STEM problems,Maybe,3,2,False,Q107_4
R_MK0084225,General STEM outcomes (not activity-specific),outcomes,More confident in solving STEM problems,Yes a lot,1,4,False,Q107_4
R_MK0085933,General STEM outcomes (not activity-specific),outcomes,More confident in solving STEM problems,Maybe,3,2,False,Q107_4
R_MK0086867,General STEM outcomes (not activity-specific),outcomes,More confident in solving STEM problems,Yes a lot,1,4,False,Q107_4
R_MK0087396,General STEM outcomes (not activity-specific),outcomes,More confident in solving STEM problems,Yes a little,2,3,False,Q107_4
R_MK0088386,General STEM outcomes (not activity-specific),outcomes,More confident in solving STEM problems,Yes a lot,1,4,False,Q107_4
R_MK0089973,General STEM outcomes (not activity-specific),outcomes,More confident in solving STEM problems,Yes a lot,1,4,False,Q107_4
R_MK0090487,General STEM outcomes (not activity-specific),outcomes,More confident in solving STEM problems,Yes a little,2,3,False,Q107_4
R_MK0091120,General STEM outcomes (not activity-specific),outcomes,More confident in solving STEM problems,No,4,1,False,Q107_4
R_MK0092907,General STEM outcomes (not activity-specific),outcomes,More confident in solving STEM problems,Yes a lot,1,4,False,Q107_4
R_MK0093607,General STEM outcomes (not activity-specific),outcomes,More confident in solving STEM problems,Yes a little,2,3,False,Q107_4
R_MK0094626,General STEM outcomes (not activity-specific),outcomes,More confident in solving STEM problems,No,4,1,False,Q107_4
R_MK0095142,General STEM outcomes (not activity-specific),outcomes,More confident in solving STEM problems,Yes a little,2,3,False,Q107_4
R_MK0096327,General STEM outcomes (not activity-specific),outcomes,More confident in solving STEM problems,No,4,1,False,Q107_4
R_MK0097932,General STEM outcomes (not activity-specific),outcomes,More confident in solving STEM problems,Yes a lot,1,4,False,Q107_4
R_MK0098967,General STEM outcomes (not activity-specific),outcomes,More confident in solving STEM problems,No,4,1,False,Q107_4
R_MK0099158,General STEM outcomes (not activity-specific),outcomes,More confident in solving STEM problems,Yes a lot,1,4,False,Q107_4
R_MK0101806,General STEM outcomes (not activity-specific),outcomes,More confident in solving STEM problems,Maybe,3,2,False,Q107_4
R_MK0102522,General STEM outcomes (not activity-specific),outcomes,More confident in solving STEM problems,Yes a lot,1,4,False,Q107_4
R_MK0103956,General STEM outcomes (not activity-specific),outcomes,More confident in solving STEM problems,Maybe,3,2,False,Q107_4
R_MK0104978,General STEM outcomes (not activity-specific),outcomes,More confident in solving STEM problems,Yes a lot,1,4,False,Q107_4
R_MK0105321,General STEM outcomes (not activity-specific),outcomes,More confident in solving STEM problems,Maybe,3,2,False,Q107_4
R_MK0106123,General STEM outcomes (not activity-specific),outcomes,More confident in solving STEM problems,Yes a lot,1,4,False,Q107_4
R_MK0107788,General STEM outcomes (not activity-specific),outcomes,More confident in solving STEM problems,I do not know,5,,True,Q107_4
R_MK0108835,General STEM outcomes (not activity-specific),outcomes,More confident in solving STEM problems,Yes a little,2,3,False,Q107_4
R_MK0109124,General STEM outcomes (not activity-specific),outcomes,More confident in solving STEM problems,Yes a lot,1,4,False,Q107_4
R_MK0110762,General STEM outcomes (not activity-specific),outcomes,More confident in solving STEM problems,Yes a lot,1,4,False,Q107_4
R_MK0113467,General STEM outcomes (not activity-specific),outcomes,More confident in solving STEM problems,Yes a lot,1,4,False,Q107_4
R_MK0114346,General STEM outcomes (not activity-specific),outcomes,More confident in solving STEM problems,Yes a lot,1,4,False,Q107_4
R_MK0115748,General STEM outcomes (not activity-specific),outcomes,More confident in solving STEM problems,Yes a little,2,3,False,Q107_4
R_MK0116915,General STEM outcomes (not activity-specific),outcomes,More confident in solving STEM problems,Yes a little,2,3,False,Q107_4
R_MK0117603,General STEM outcomes (not activity-specific),outcomes,More confident in solving STEM problems,Maybe,3,2,False,Q107_4
R_MK0118631,General STEM outcomes (not activity-specific),outcomes,More confident in solving STEM problems,No,4,1,False,Q107_4
R_MK0119995,General STEM outcomes (not activity-specific),outcomes,More confident in solving STEM problems,Yes a little,2,3,False,Q107_4
R_MK0120834,General STEM outcomes (not activity-specific),outcomes,More confident in solving STEM problems,Yes a little,2,3,False,Q107_4
R_MK0121952,General STEM outcomes (not activity-specific),outcomes,More confident in solving STEM problems,Yes a lot,1,4,False,Q107_4
R_MK0124466,General STEM outcomes (not activity-specific),outcomes,More confident in solving STEM problems,Yes a little,2,3,False,Q107_4
R_MK0126574,General STEM outcomes (not activity-specific),outcomes,More confident in solving STEM problems,Yes a little,2,3,False,Q107_4
R_MK0128835,General STEM outcomes (not activity-specific),outcomes,More confident in solving STEM problems,Yes a little,2,3,False,Q107_4
R_MK0129827,General STEM outcomes (not activity-specific),outcomes,More confident in solving STEM problems,I do not know,5,,True,Q107_4
R_MK0130464,General STEM outcomes (not activity-specific),outcomes,More confident in solving STEM problems,Yes a little,2,3,False,Q107_4
R_MK0132486,General STEM outcomes (not activity-specific),outcomes,More confident in solving STEM problems,Yes a little,2,3,False,Q107_4
R_MK0133408,General STEM outcomes (not activity-specific),outcomes,More confident in solving STEM problems,Yes a little,2,3,False,Q107_4
R_MK0134215,General STEM outcomes (not activity-specific),outcomes,More confident in solving STEM problems,Yes a lot,1,4,False,Q107_4
R_MK0135917,General STEM outcomes (not activity-specific),outcomes,More confident in solving STEM problems,Yes a little,2,3,False,Q107_4
R_MK0137508,General STEM outcomes (not activity-specific),outcomes,More confident in solving STEM problems,Yes a lot,1,4,False,Q107_4
R_MK0138319,General STEM outcomes (not activity-specific),outcomes,More confident in solving STEM problems,Yes a little,2,3,False,Q107_4
R_MK0139468,General STEM outcomes (not activity-specific),outcomes,More confident in solving STEM problems,Yes a little,2,3,False,Q107_4
R_MK0140416,General STEM outcomes (not activity-specific),outcomes,More confident in solving STEM problems,Yes a lot,1,4,False,Q107_4
R_MK0141171,General STEM outcomes (not activity-specific),outcomes,More confident in solving STEM problems,Yes a lot,1,4,False,Q107_4
R_MK0142928,General STEM outcomes (not activity-specific),outcomes,More confident in solving STEM problems,Maybe,3,2,False,Q107_4
R_MK0143986,General STEM outcomes (not activity-specific),outcomes,More confident in solving STEM problems,Yes a little,2,3,False,Q107_4
R_MK0144749,General STEM outcomes (not activity-specific),outcomes,More confident in solving STEM problems,Yes a little,2,3,False,Q107_4
R_MK0145593,General STEM outcomes (not activity-specific),outcomes,More confident in solving STEM problems,Yes a lot,1,4,False,Q107_4
R_MK0146638,General STEM outcomes (not activity-specific),outcomes,More confident in solving STEM problems,No,4,1,False,Q107_4
R_MK0147525,General STEM outcomes (not activity-specific),outcomes,More confident in solving STEM problems,Yes a lot,1,4,False,Q107_4
R_MK0148155,General STEM outcomes (not activity-specific),outcomes,More confident in solving STEM problems,Yes a little,2,3,False,Q107_4
R_MK0149433,General STEM outcomes (not activity-specific),outcomes,More confident in solving STEM problems,Maybe,3,2,False,Q107_4
R_MK0150172,General STEM outcomes (not activity-specific),outcomes,More confident in solving STEM problems,Yes a lot,1,4,False,Q107_4
R_MK0151675,General STEM outcomes (not activity-specific),outcomes,More confident in solving STEM problems,Yes a lot,1,4,False,Q107_4
R_MK0152207,General STEM outcomes (not activity-specific),outcomes,More confident in solving STEM problems,Yes a lot,1,4,False,Q107_4
R_MK0153261,General STEM outcomes (not activity-specific),outcomes,More confident in solving STEM problems,I do not know,5,,True,Q107_4
R_MK0154868,General STEM outcomes (not activity-specific),outcomes,More confident in solving STEM problems,Yes a lot,1,4,False,Q107_4
R_MK0155973,General STEM outcomes (not activity-specific),outcomes,More confident in solving STEM problems,Yes a little,2,3,False,Q107_4
R_MK0157758,General STEM outcomes (not activity-specific),outcomes,More confident in solving STEM problems,I do not know,5,,True,Q107_4
R_MK0159874,General STEM outcomes (not activity-specific),outcomes,More confident in solving STEM problems,I do not know,5,,True,Q107_4
R_MK0160930,General STEM outcomes (not activity-specific),outcomes,More confident in solving STEM problems,Maybe,3,2,False,Q107_4
R_MK0161224,General STEM outcomes (not activity-specific),outcomes,More confident in solving STEM problems,Yes a lot,1,4,False,Q107_4
R_MK0162746,General STEM outcomes (not activity-specific),outcomes,More confident in solving STEM problems,Yes a little,2,3,False,Q107_4
R_MK0163831,General STEM outcomes (not activity-specific),outcomes,More confident in solving STEM problems,Maybe,3,2,False,Q107_4
R_MK0164526,General STEM outcomes (not activity-specific),outcomes,More confident in solving STEM problems,Maybe,3,2,False,Q107_4
R_MK0165548,General STEM outcomes (not activity-specific),outcomes,More confident in solving STEM problems,Yes a lot,1,4,False,Q107_4
R_MK0166129,General STEM outcomes (not activity-specific),outcomes,More confident in solving STEM problems,Maybe,3,2,False,Q107_4
R_MK0167780,General STEM outcomes (not activity-specific),outcomes,More confident in solving STEM problems,Yes a lot,1,4,False,Q107_4
R_MK0168594,General STEM outcomes (not activity-specific),outcomes,More confident in solving STEM problems,Maybe,3,2,False,Q107_4
R_MK0169620,General STEM outcomes (not activity-specific),outcomes,More confident in solving STEM problems,Yes a little,2,3,False,Q107_4
R_MK0170795,General STEM outcomes (not activity-specific),outcomes,More confident in solving STEM problems,Yes a little,2,3,False,Q107_4
R_MK0174167,General STEM outcomes (not activity-specific),outcomes,More confident in solving STEM problems,I do not know,5,,True,Q107_4
R_MK0175836,General STEM outcomes (not activity-specific),outcomes,More confident in solving STEM problems,Yes a lot,1,4,False,Q107_4
R_MK0176600,General STEM outcomes (not activity-specific),outcomes,More confident in solving STEM problems,Yes a little,2,3,False,Q107_4
R_MK0178108,General STEM outcomes (not activity-specific),outcomes,More confident in solving STEM problems,Yes a little,2,3,False,Q107_4
R_MK0179378,General STEM outcomes (not activity-specific),outcomes,More confident in solving STEM problems,Yes a little,2,3,False,Q107_4
R_MK0000103,General STEM outcomes (not activity-specific),outcomes,"More comfortable with using tools, technology and equipment",I do not know,5,,True,Q107_5
R_MK0001265,General STEM outcomes (not activity-specific),outcomes,"More comfortable with using tools, technology and equipment",Yes a lot,1,4,False,Q107_5
R_MK0002320,General STEM outcomes (not activity-specific),outcomes,"More comfortable with using tools, technology and equipment",No,4,1,False,Q107_5
R_MK0003688,General STEM outcomes (not activity-specific),outcomes,"More comfortable with using tools, technology and equipment",No,4,1,False,Q107_5
R_MK0004317,General STEM outcomes (not activity-specific),outcomes,"More comfortable with using tools, technology and equipment",Maybe,3,2,False,Q107_5
R_MK0005590,General STEM outcomes (not activity-specific),outcomes,"More comfortable with using tools, technology and equipment",Yes a lot,1,4,False,Q107_5
R_MK0006572,General STEM outcomes (not activity-specific),outcomes,"More comfortable with using tools, technology and equipment",Yes a little,2,3,False,Q107_5
R_MK0007539,General STEM outcomes (not activity-specific),outcomes,"More comfortable with using tools, technology and equipment",Yes a little,2,3,False,Q107_5
R_MK0008963,General STEM outcomes (not activity-specific),outcomes,"More comfortable with using tools, technology and equipment",Yes a lot,1,4,False,Q107_5
R_MK0009570,General STEM outcomes (not activity-specific),outcomes,"More comfortable with using tools, technology and equipment",Yes a little,2,3,False,Q107_5
R_MK0010378,General STEM outcomes (not activity-specific),outcomes,"More comfortable with using tools, technology and equipment",Maybe,3,2,False,Q107_5
R_MK0011453,General STEM outcomes (not activity-specific),outcomes,"More comfortable with using tools, technology and equipment",Yes a little,2,3,False,Q107_5
R_MK0013834,General STEM outcomes (not activity-specific),outcomes,"More comfortable with using tools, technology and equipment",Maybe,3,2,False,Q107_5
R_MK0014994,General STEM outcomes (not activity-specific),outcomes,"More comfortable with using tools, technology and equipment",Yes a lot,1,4,False,Q107_5
R_MK0015892,General STEM outcomes (not activity-specific),outcomes,"More comfortable with using tools, technology and equipment",Yes a little,2,3,False,Q107_5
R_MK0017794,General STEM outcomes (not activity-specific),outcomes,"More comfortable with using tools, technology and equipment",Maybe,3,2,False,Q107_5
R_MK0018342,General STEM outcomes (not activity-specific),outcomes,"More comfortable with using tools, technology and equipment",Yes a lot,1,4,False,Q107_5
R_MK0019683,General STEM outcomes (not activity-specific),outcomes,"More comfortable with using tools, technology and equipment",Yes a lot,1,4,False,Q107_5
R_MK0020216,General STEM outcomes (not activity-specific),outcomes,"More comfortable with using tools, technology and equipment",Yes a lot,1,4,False,Q107_5
R_MK0021162,General STEM outcomes (not activity-specific),outcomes,"More comfortable with using tools, technology and equipment",Yes a little,2,3,False,Q107_5
R_MK0022405,General STEM outcomes (not activity-specific),outcomes,"More comfortable with using tools, technology and equipment",Yes a little,2,3,False,Q107_5
R_MK0023140,General STEM outcomes (not activity-specific),outcomes,"More comfortable with using tools, technology and equipment",Yes a lot,1,4,False,Q107_5
R_MK0024311,General STEM outcomes (not activity-specific),outcomes,"More comfortable with using tools, technology and equipment",Yes a little,2,3,False,Q107_5
R_MK0025966,General STEM outcomes (not activity-specific),outcomes,"More comfortable with using tools, technology and equipment",Yes a lot,1,4,False,Q107_5
R_MK0026432,General STEM outcomes (not activity-specific),outcomes,"More comfortable with using tools, technology and equipment",Yes a lot,1,4,False,Q107_5
R_MK0027899,General STEM outcomes (not activity-specific),outcomes,"More comfortable with using tools, technology and equipment",I do not know,5,,True,Q107_5
R_MK0028139,General STEM outcomes (not activity-specific),outcomes,"More comfortable with using tools, technology and equipment",I do not know,5,,True,Q107_5
R_MK0029136,General STEM outcomes (not activity-specific),outcomes,"More comfortable with using tools, technology and equipment",Yes a lot,1,4,False,Q107_5
R_MK0030402,General STEM outcomes (not activity-specific),outcomes,"More comfortable with using tools, technology and equipment",Yes a lot,1,4,False,Q107_5
R_MK0031712,General STEM outcomes (not activity-specific),outcomes,"More comfortable with using tools, technology and equipment",Yes a little,2,3,False,Q107_5
R_MK0032849,General STEM outcomes (not activity-specific),outcomes,"More comfortable with using tools, technology and equipment",Yes a lot,1,4,False,Q107_5
R_MK0033442,General STEM outcomes (not activity-specific),outcomes,"More comfortable with using tools, technology and equipment",Yes a little,2,3,False,Q107_5
R_MK0034167,General STEM outcomes (not activity-specific),outcomes,"More comfortable with using tools, technology and equipment",I do not know,5,,True,Q107_5
R_MK0035534,General STEM outcomes (not activity-specific),outcomes,"More comfortable with using tools, technology and equipment",Maybe,3,2,False,Q107_5
R_MK0036294,General STEM outcomes (not activity-specific),outcomes,"More comfortable with using tools, technology and equipment",Maybe,3,2,False,Q107_5
R_MK0037202,General STEM outcomes (not activity-specific),outcomes,"More comfortable with using tools, technology and equipment",Maybe,3,2,False,Q107_5
R_MK0038243,General STEM outcomes (not activity-specific),outcomes,"More comfortable with using tools, technology and equipment",Maybe,3,2,False,Q107_5
R_MK0039124,General STEM outcomes (not activity-specific),outcomes,"More comfortable with using tools, technology and equipment",Yes a little,2,3,False,Q107_5
R_MK0040868,General STEM outcomes (not activity-specific),outcomes,"More comfortable with using tools, technology and equipment",Yes a little,2,3,False,Q107_5
R_MK0041466,General STEM outcomes (not activity-specific),outcomes,"More comfortable with using tools, technology and equipment",Yes a little,2,3,False,Q107_5
R_MK0042725,General STEM outcomes (not activity-specific),outcomes,"More comfortable with using tools, technology and equipment",Maybe,3,2,False,Q107_5
R_MK0043853,General STEM outcomes (not activity-specific),outcomes,"More comfortable with using tools, technology and equipment",Yes a little,2,3,False,Q107_5
R_MK0045989,General STEM outcomes (not activity-specific),outcomes,"More comfortable with using tools, technology and equipment",Yes a lot,1,4,False,Q107_5
R_MK0046892,General STEM outcomes (not activity-specific),outcomes,"More comfortable with using tools, technology and equipment",Yes a little,2,3,False,Q107_5
R_MK0047788,General STEM outcomes (not activity-specific),outcomes,"More comfortable with using tools, technology and equipment",Maybe,3,2,False,Q107_5
R_MK0048737,General STEM outcomes (not activity-specific),outcomes,"More comfortable with using tools, technology and equipment",Maybe,3,2,False,Q107_5
R_MK0049733,General STEM outcomes (not activity-specific),outcomes,"More comfortable with using tools, technology and equipment",Yes a little,2,3,False,Q107_5
R_MK0050728,General STEM outcomes (not activity-specific),outcomes,"More comfortable with using tools, technology and equipment",Maybe,3,2,False,Q107_5
R_MK0052388,General STEM outcomes (not activity-specific),outcomes,"More comfortable with using tools, technology and equipment",Yes a little,2,3,False,Q107_5
R_MK0053734,General STEM outcomes (not activity-specific),outcomes,"More comfortable with using tools, technology and equipment",Yes a little,2,3,False,Q107_5
R_MK0054375,General STEM outcomes (not activity-specific),outcomes,"More comfortable with using tools, technology and equipment",Yes a lot,1,4,False,Q107_5
R_MK0055989,General STEM outcomes (not activity-specific),outcomes,"More comfortable with using tools, technology and equipment",Yes a little,2,3,False,Q107_5
R_MK0056543,General STEM outcomes (not activity-specific),outcomes,"More comfortable with using tools, technology and equipment",Maybe,3,2,False,Q107_5
R_MK0058713,General STEM outcomes (not activity-specific),outcomes,"More comfortable with using tools, technology and equipment",Yes a lot,1,4,False,Q107_5
R_MK0059837,General STEM outcomes (not activity-specific),outcomes,"More comfortable with using tools, technology and equipment",No,4,1,False,Q107_5
R_MK0060527,General STEM outcomes (not activity-specific),outcomes,"More comfortable with using tools, technology and equipment",I do not know,5,,True,Q107_5
R_MK0061617,General STEM outcomes (not activity-specific),outcomes,"More comfortable with using tools, technology and equipment",Yes a little,2,3,False,Q107_5
R_MK0062899,General STEM outcomes (not activity-specific),outcomes,"More comfortable with using tools, technology and equipment",Yes a lot,1,4,False,Q107_5
R_MK0063902,General STEM outcomes (not activity-specific),outcomes,"More comfortable with using tools, technology and equipment",Yes a lot,1,4,False,Q107_5
R_MK0064156,General STEM outcomes (not activity-specific),outcomes,"More comfortable with using tools, technology and equipment",Yes a little,2,3,False,Q107_5
R_MK0065907,General STEM outcomes (not activity-specific),outcomes,"More comfortable with using tools, technology and equipment",Yes a little,2,3,False,Q107_5
R_MK0066500,General STEM outcomes (not activity-specific),outcomes,"More comfortable with using tools, technology and equipment",I do not know,5,,True,Q107_5
R_MK0067466,General STEM outcomes (not activity-specific),outcomes,"More comfortable with using tools, technology and equipment",Maybe,3,2,False,Q107_5
R_MK0068498,General STEM outcomes (not activity-specific),outcomes,"More comfortable with using tools, technology and equipment",Yes a lot,1,4,False,Q107_5
R_MK0069685,General STEM outcomes (not activity-specific),outcomes,"More comfortable with using tools, technology and equipment",Yes a lot,1,4,False,Q107_5
R_MK0070229,General STEM outcomes (not activity-specific),outcomes,"More comfortable with using tools, technology and equipment",Yes a little,2,3,False,Q107_5
R_MK0071423,General STEM outcomes (not activity-specific),outcomes,"More comfortable with using tools, technology and equipment",Maybe,3,2,False,Q107_5
R_MK0072663,General STEM outcomes (not activity-specific),outcomes,"More comfortable with using tools, technology and equipment",Yes a lot,1,4,False,Q107_5
R_MK0073741,General STEM outcomes (not activity-specific),outcomes,"More comfortable with using tools, technology and equipment",No,4,1,False,Q107_5
R_MK0074273,General STEM outcomes (not activity-specific),outcomes,"More comfortable with using tools, technology and equipment",Yes a little,2,3,False,Q107_5
R_MK0075806,General STEM outcomes (not activity-specific),outcomes,"More comfortable with using tools, technology and equipment",Yes a little,2,3,False,Q107_5
R_MK0076785,General STEM outcomes (not activity-specific),outcomes,"More comfortable with using tools, technology and equipment",Yes a little,2,3,False,Q107_5
R_MK0077903,General STEM outcomes (not activity-specific),outcomes,"More comfortable with using tools, technology and equipment",Yes a little,2,3,False,Q107_5
R_MK0078295,General STEM outcomes (not activity-specific),outcomes,"More comfortable with using tools, technology and equipment",Yes a lot,1,4,False,Q107_5
R_MK0080359,General STEM outcomes (not activity-specific),outcomes,"More comfortable with using tools, technology and equipment",Maybe,3,2,False,Q107_5
R_MK0082310,General STEM outcomes (not activity-specific),outcomes,"More comfortable with using tools, technology and equipment",Yes a lot,1,4,False,Q107_5
R_MK0083313,General STEM outcomes (not activity-specific),outcomes,"More comfortable with using tools, technology and equipment",No,4,1,False,Q107_5
R_MK0084225,General STEM outcomes (not activity-specific),outcomes,"More comfortable with using tools, technology and equipment",Yes a lot,1,4,False,Q107_5
R_MK0085933,General STEM outcomes (not activity-specific),outcomes,"More comfortable with using tools, technology and equipment",Yes a little,2,3,False,Q107_5
R_MK0086867,General STEM outcomes (not activity-specific),outcomes,"More comfortable with using tools, technology and equipment",Yes a lot,1,4,False,Q107_5
R_MK0087396,General STEM outcomes (not activity-specific),outcomes,"More comfortable with using tools, technology and equipment",Yes a little,2,3,False,Q107_5
R_MK0088386,General STEM outcomes (not activity-specific),outcomes,"More comfortable with using tools, technology and equipment",Yes a little,2,3,False,Q107_5
R_MK0089973,General STEM outcomes (not activity-specific),outcomes,"More comfortable with using tools, technology and equipment",Yes a lot,1,4,False,Q107_5
R_MK0090487,General STEM outcomes (not activity-specific),outcomes,"More comfortable with using tools, technology and equipment",Yes a lot,1,4,False,Q107_5
R_MK0091120,General STEM outcomes (not activity-specific),outcomes,"More comfortable with using tools, technology and equipment",Yes a lot,1,4,False,Q107_5
R_MK0092907,General STEM outcomes (not activity-specific),outcomes,"More comfortable with using tools, technology and equipment",Maybe,3,2,False,Q107_5
R_MK0093607,General STEM outcomes (not activity-specific),outcomes,"More comfortable with using tools, technology and equipment",I do not know,5,,True,Q107_5
R_MK0094626,General STEM outcomes (not activity-specific),outcomes,"More comfortable with using tools, technology and equipment",Yes a little,2,3,False,Q107_5
R_MK0095142,General STEM outcomes (not activity-specific),outcomes,"More comfortable with using tools, technology and equipment",Yes a lot,1,4,False,Q107_5
R_MK0096327,General STEM outcomes (not activity-specific),outcomes,"More comfortable with using tools, technology and equipment",Yes a little,2,3,False,Q107_5
R_MK0097932,General STEM outcomes (not activity-specific),outcomes,"More comfortable with using tools, technology and equipment",Yes a lot,1,4,False,Q107_5
R_MK0098967,General STEM outcomes (not activity-specific),outcomes,"More comfortable with using tools, technology and equipment",Maybe,3,2,False,Q107_5
R_MK0099158,General STEM outcomes (not activity-specific),outcomes,"More comfortable with using tools, technology and equipment",Maybe,3,2,False,Q107_5
R_MK0101806,General STEM outcomes (not activity-specific),outcomes,"More comfortable with using tools, technology and equipment",Maybe,3,2,False,Q107_5
R_MK0102522,General STEM outcomes (not activity-specific),outcomes,"More comfortable with using tools, technology and equipment",Yes a lot,1,4,False,Q107_5
R_MK0103956,General STEM outcomes (not activity-specific),outcomes,"More comfortable with using tools, technology and equipment",Yes a little,2,3,False,Q107_5
R_MK0104978,General STEM outcomes (not activity-specific),outcomes,"More comfortable with using tools, technology and equipment",Yes a lot,1,4,False,Q107_5
R_MK0105321,General STEM outcomes (not activity-specific),outcomes,"More comfortable with using tools, technology and equipment",Yes a lot,1,4,False,Q107_5
R_MK0106123,General STEM outcomes (not activity-specific),outcomes,"More comfortable with using tools, technology and equipment",No,4,1,False,Q107_5
R_MK0107788,General STEM outcomes (not activity-specific),outcomes,"More comfortable with using tools, technology and equipment",Yes a lot,1,4,False,Q107_5
R_MK0108835,General STEM outcomes (not activity-specific),outcomes,"More comfortable with using tools, technology and equipment",Yes a lot,1,4,False,Q107_5
R_MK0109124,General STEM outcomes (not activity-specific),outcomes,"More comfortable with using tools, technology and equipment",Yes a little,2,3,False,Q107_5
R_MK0110762,General STEM outcomes (not activity-specific),outcomes,"More comfortable with using tools, technology and equipment",I do not know,5,,True,Q107_5
R_MK0113467,General STEM outcomes (not activity-specific),outcomes,"More comfortable with using tools, technology and equipment",I do not know,5,,True,Q107_5
R_MK0114346,General STEM outcomes (not activity-specific),outcomes,"More comfortable with using tools, technology and equipment",Yes a little,2,3,False,Q107_5
R_MK0115748,General STEM outcomes (not activity-specific),outcomes,"More comfortable with using tools, technology and equipment",I do not know,5,,True,Q107_5
R_MK0116915,General STEM outcomes (not activity-specific),outcomes,"More comfortable with using tools, technology and equipment",Yes a lot,1,4,False,Q107_5
R_MK0117603,General STEM outcomes (not activity-specific),outcomes,"More comfortable with using tools, technology and equipment",Maybe,3,2,False,Q107_5
R_MK0118631,General STEM outcomes (not activity-specific),outcomes,"More comfortable with using tools, technology and equipment",I do not know,5,,True,Q107_5
R_MK0119995,General STEM outcomes (not activity-specific),outcomes,"More comfortable with using tools, technology and equipment",No,4,1,False,Q107_5
R_MK0120834,General STEM outcomes (not activity-specific),outcomes,"More comfortable with using tools, technology and equipment",No,4,1,False,Q107_5
R_MK0121952,General STEM outcomes (not activity-specific),outcomes,"More comfortable with using tools, technology and equipment",Yes a lot,1,4,False,Q107_5
R_MK0124466,General STEM outcomes (not activity-specific),outcomes,"More comfortable with using tools, technology and equipment",Yes a little,2,3,False,Q107_5
R_MK0126574,General STEM outcomes (not activity-specific),outcomes,"More comfortable with using tools, technology and equipment",Yes a lot,1,4,False,Q107_5
R_MK0128835,General STEM outcomes (not activity-specific),outcomes,"More comfortable with using tools, technology and equipment",Yes a little,2,3,False,Q107_5
R_MK0129827,General STEM outcomes (not activity-specific),outcomes,"More comfortable with using tools, technology and equipment",Yes a lot,1,4,False,Q107_5
R_MK0130464,General STEM outcomes (not activity-specific),outcomes,"More comfortable with using tools, technology and equipment",Yes a little,2,3,False,Q107_5
R_MK0132486,General STEM outcomes (not activity-specific),outcomes,"More comfortable with using tools, technology and equipment",Yes a little,2,3,False,Q107_5
R_MK0133408,General STEM outcomes (not activity-specific),outcomes,"More comfortable with using tools, technology and equipment",Yes a lot,1,4,False,Q107_5
R_MK0134215,General STEM outcomes (not activity-specific),outcomes,"More comfortable with using tools, technology and equipment",Yes a little,2,3,False,Q107_5
R_MK0135917,General STEM outcomes (not activity-specific),outcomes,"More comfortable with using tools, technology and equipment",Yes a little,2,3,False,Q107_5
R_MK0137508,General STEM outcomes (not activity-specific),outcomes,"More comfortable with using tools, technology and equipment",Yes a lot,1,4,False,Q107_5
R_MK0138319,General STEM outcomes (not activity-specific),outcomes,"More comfortable with using tools, technology and equipment",Maybe,3,2,False,Q107_5
R_MK0139468,General STEM outcomes (not activity-specific),outcomes,"More comfortable with using tools, technology and equipment",Yes a little,2,3,False,Q107_5
R_MK0140416,General STEM outcomes (not activity-specific),outcomes,"More comfortable with using tools, technology and equipment",Yes a lot,1,4,False,Q107_5
R_MK0141171,General STEM outcomes (not activity-specific),outcomes,"More comfortable with using tools, technology and equipment",Yes a lot,1,4,False,Q107_5
R_MK0142928,General STEM outcomes (not activity-specific),outcomes,"More comfortable with using tools, technology and equipment",Yes a little,2,3,False,Q107_5
R_MK0143986,General STEM outcomes (not activity-specific),outcomes,"More comfortable with using tools, technology and equipment",Yes a lot,1,4,False,Q107_5
R_MK0144749,General STEM outcomes (not activity-specific),outcomes,"More comfortable with using tools, technology and equipment",Yes a lot,1,4,False,Q107_5
R_MK0145593,General STEM outcomes (not activity-specific),outcomes,"More comfortable with using tools, technology and equipment",Yes a little,2,3,False,Q107_5
R_MK0146638,General STEM outcomes (not activity-specific),outcomes,"More comfortable with using tools, technology and equipment",Maybe,3,2,False,Q107_5
R_MK0147525,General STEM outcomes (not activity-specific),outcomes,"More comfortable with using tools, technology and equipment",Maybe,3,2,False,Q107_5
R_MK0148155,General STEM outcomes (not activity-specific),outcomes,"More comfortable with using tools, technology and equipment",Yes a little,2,3,False,Q107_5
R_MK0149433,General STEM outcomes (not activity-specific),outcomes,"More comfortable with using tools, technology and equipment",Yes a little,2,3,False,Q107_5
R_MK0150172,General STEM outcomes (not activity-specific),outcomes,"More comfortable with using tools, technology and equipment",Yes a lot,1,4,False,Q107_5
R_MK0151675,General STEM outcomes (not activity-specific),outcomes,"More comfortable with using tools, technology and equipment",Yes a little,2,3,False,Q107_5
R_MK0152207,General STEM outcomes (not activity-specific),outcomes,"More comfortable with using tools, technology and equipment",No,4,1,False,Q107_5
R_MK0153261,General STEM outcomes (not activity-specific),outcomes,"More comfortable with using tools, technology and equipment",Yes a little,2,3,False,Q107_5
R_MK0154868,General STEM outcomes (not activity-specific),outcomes,"More comfortable with using tools, technology and equipment",Yes a little,2,3,False,Q107_5
R_MK0155973,General STEM outcomes (not activity-specific),outcomes,"More comfortable with using tools, technology and equipment",Maybe,3,2,False,Q107_5
R_MK0157758,General STEM outcomes (not activity-specific),outcomes,"More comfortable with using tools, technology and equipment",Yes a lot,1,4,False,Q107_5
R_MK0159874,General STEM outcomes (not activity-specific),outcomes,"More comfortable with using tools, technology and equipment",Yes a lot,1,4,False,Q107_5
R_MK0160930,General STEM outcomes (not activity-specific),outcomes,"More comfortable with using tools, technology and equipment",Yes a lot,1,4,False,Q107_5
R_MK0161224,General STEM outcomes (not activity-specific),outcomes,"More comfortable with using tools, technology and equipment",Yes a little,2,3,False,Q107_5
R_MK0162746,General STEM outcomes (not activity-specific),outcomes,"More comfortable with using tools, technology and equipment",Yes a lot,1,4,False,Q107_5
R_MK0163831,General STEM outcomes (not activity-specific),outcomes,"More comfortable with using tools, technology and equipment",No,4,1,False,Q107_5
R_MK0164526,General STEM outcomes (not activity-specific),outcomes,"More comfortable with using tools, technology and equipment",Yes a little,2,3,False,Q107_5
R_MK0165548,General STEM outcomes (not activity-specific),outcomes,"More comfortable with using tools, technology and equipment",Yes a little,2,3,False,Q107_5
R_MK0166129,General STEM outcomes (not activity-specific),outcomes,"More comfortable with using tools, technology and equipment",Maybe,3,2,False,Q107_5
R_MK0167780,General STEM outcomes (not activity-specific),outcomes,"More comfortable with using tools, technology and equipment",No,4,1,False,Q107_5
R_MK0168594,General STEM outcomes (not activity-specific),outcomes,"More comfortable with using tools, technology and equipment",Maybe,3,2,False,Q107_5
R_MK0169620,General STEM outcomes (not activity-specific),outcomes,"More comfortable with using tools, technology and equipment",Yes a lot,1,4,False,Q107_5
R_MK0170795,General STEM outcomes (not activity-specific),outcomes,"More comfortable with using tools, technology and equipment",Yes a lot,1,4,False,Q107_5
R_MK0174167,General STEM outcomes (not activity-specific),outcomes,"More comfortable with using tools, technology and equipment",Yes a little,2,3,False,Q107_5
R_MK0175836,General STEM outcomes (not activity-specific),outcomes,"More comfortable with using tools, technology and equipment",No,4,1,False,Q107_5
R_MK0176600,General STEM outcomes (not activity-specific),outcomes,"More comfortable with using tools, technology and equipment",Yes a lot,1,4,False,Q107_5
R_MK0178108,General STEM outcomes (not activity-specific),outcomes,"More comfortable with using tools, technology and equipment",Yes a lot,1,4,False,Q107_5
R_MK0179378,General STEM outcomes (not activity-specific),outcomes,"More comfortable with using tools, technology and equipment",Yes a lot,1,4,False,Q107_5
R_MK0000103,General STEM outcomes (not activity-specific),outcomes,More comfortable working in teams,Maybe,3,2,False,Q107_6
R_MK0001265,General STEM outcomes (not activity-specific),outcomes,More comfortable working in teams,Yes a lot,1,4,False,Q107_6
R_MK0002320,General STEM outcomes (not activity-specific),outcomes,More comfortable working in teams,Maybe,3,2,False,Q107_6
R_MK0003688,General STEM outcomes (not activity-specific),outcomes,More comfortable working in teams,Yes a little,2,3,False,Q107_6
R_MK0004317,General STEM outcomes (not activity-specific),outcomes,More comfortable working in teams,Yes a lot,1,4,False,Q107_6
R_MK0005590,General STEM outcomes (not activity-specific),outcomes,More comfortable working in teams,Yes a little,2,3,False,Q107_6
R_MK0006572,General STEM outcomes (not activity-specific),outcomes,More comfortable working in teams,Maybe,3,2,False,Q107_6
R_MK0007539,General STEM outcomes (not activity-specific),outcomes,More comfortable working in teams,Yes a little,2,3,False,Q107_6
R_MK0008963,General STEM outcomes (not activity-specific),outcomes,More comfortable working in teams,Yes a lot,1,4,False,Q107_6
R_MK0009570,General STEM outcomes (not activity-specific),outcomes,More comfortable working in teams,Yes a lot,1,4,False,Q107_6
R_MK0010378,General STEM outcomes (not activity-specific),outcomes,More comfortable working in teams,I do not know,5,,True,Q107_6
R_MK0011453,General STEM outcomes (not activity-specific),outcomes,More comfortable working in teams,Yes a little,2,3,False,Q107_6
R_MK0013834,General STEM outcomes (not activity-specific),outcomes,More comfortable working in teams,Maybe,3,2,False,Q107_6
R_MK0014994,General STEM outcomes (not activity-specific),outcomes,More comfortable working in teams,Maybe,3,2,False,Q107_6
R_MK0015892,General STEM outcomes (not activity-specific),outcomes,More comfortable working in teams,Yes a little,2,3,False,Q107_6
R_MK0017794,General STEM outcomes (not activity-specific),outcomes,More comfortable working in teams,Yes a lot,1,4,False,Q107_6
R_MK0018342,General STEM outcomes (not activity-specific),outcomes,More comfortable working in teams,Yes a little,2,3,False,Q107_6
R_MK0019683,General STEM outcomes (not activity-specific),outcomes,More comfortable working in teams,Yes a lot,1,4,False,Q107_6
R_MK0020216,General STEM outcomes (not activity-specific),outcomes,More comfortable working in teams,Yes a lot,1,4,False,Q107_6
R_MK0021162,General STEM outcomes (not activity-specific),outcomes,More comfortable working in teams,Yes a little,2,3,False,Q107_6
R_MK0022405,General STEM outcomes (not activity-specific),outcomes,More comfortable working in teams,Yes a little,2,3,False,Q107_6
R_MK0023140,General STEM outcomes (not activity-specific),outcomes,More comfortable working in teams,Yes a lot,1,4,False,Q107_6
R_MK0024311,General STEM outcomes (not activity-specific),outcomes,More comfortable working in teams,No,4,1,False,Q107_6
R_MK0025966,General STEM outcomes (not activity-specific),outcomes,More comfortable working in teams,Yes a little,2,3,False,Q107_6
R_MK0026432,General STEM outcomes (not activity-specific),outcomes,More comfortable working in teams,Yes a lot,1,4,False,Q107_6
R_MK0027899,General STEM outcomes (not activity-specific),outcomes,More comfortable working in teams,Yes a lot,1,4,False,Q107_6
R_MK0028139,General STEM outcomes (not activity-specific),outcomes,More comfortable working in teams,Yes a little,2,3,False,Q107_6
R_MK0029136,General STEM outcomes (not activity-specific),outcomes,More comfortable working in teams,Yes a little,2,3,False,Q107_6
R_MK0030402,General STEM outcomes (not activity-specific),outcomes,More comfortable working in teams,Yes a lot,1,4,False,Q107_6
R_MK0031712,General STEM outcomes (not activity-specific),outcomes,More comfortable working in teams,Maybe,3,2,False,Q107_6
R_MK0032849,General STEM outcomes (not activity-specific),outcomes,More comfortable working in teams,Yes a lot,1,4,False,Q107_6
R_MK0033442,General STEM outcomes (not activity-specific),outcomes,More comfortable working in teams,Yes a little,2,3,False,Q107_6
R_MK0034167,General STEM outcomes (not activity-specific),outcomes,More comfortable working in teams,Yes a lot,1,4,False,Q107_6
R_MK0035534,General STEM outcomes (not activity-specific),outcomes,More comfortable working in teams,Yes a little,2,3,False,Q107_6
R_MK0036294,General STEM outcomes (not activity-specific),outcomes,More comfortable working in teams,Yes a little,2,3,False,Q107_6
R_MK0037202,General STEM outcomes (not activity-specific),outcomes,More comfortable working in teams,Yes a little,2,3,False,Q107_6
R_MK0038243,General STEM outcomes (not activity-specific),outcomes,More comfortable working in teams,Yes a little,2,3,False,Q107_6
R_MK0039124,General STEM outcomes (not activity-specific),outcomes,More comfortable working in teams,I do not know,5,,True,Q107_6
R_MK0040868,General STEM outcomes (not activity-specific),outcomes,More comfortable working in teams,Yes a lot,1,4,False,Q107_6
R_MK0041466,General STEM outcomes (not activity-specific),outcomes,More comfortable working in teams,Yes a lot,1,4,False,Q107_6
R_MK0042725,General STEM outcomes (not activity-specific),outcomes,More comfortable working in teams,Yes a little,2,3,False,Q107_6
R_MK0043853,General STEM outcomes (not activity-specific),outcomes,More comfortable working in teams,No,4,1,False,Q107_6
R_MK0045989,General STEM outcomes (not activity-specific),outcomes,More comfortable working in teams,Maybe,3,2,False,Q107_6
R_MK0046892,General STEM outcomes (not activity-specific),outcomes,More comfortable working in teams,Yes a little,2,3,False,Q107_6
R_MK0047788,General STEM outcomes (not activity-specific),outcomes,More comfortable working in teams,Yes a lot,1,4,False,Q107_6
R_MK0048737,General STEM outcomes (not activity-specific),outcomes,More comfortable working in teams,Yes a lot,1,4,False,Q107_6
R_MK0049733,General STEM outcomes (not activity-specific),outcomes,More comfortable working in teams,Yes a little,2,3,False,Q107_6
R_MK0050728,General STEM outcomes (not activity-specific),outcomes,More comfortable working in teams,Maybe,3,2,False,Q107_6
R_MK0052388,General STEM outcomes (not activity-specific),outcomes,More comfortable working in teams,Yes a little,2,3,False,Q107_6
R_MK0053734,General STEM outcomes (not activity-specific),outcomes,More comfortable working in teams,I do not know,5,,True,Q107_6
R_MK0054375,General STEM outcomes (not activity-specific),outcomes,More comfortable working in teams,Yes a lot,1,4,False,Q107_6
R_MK0055989,General STEM outcomes (not activity-specific),outcomes,More comfortable working in teams,Yes a lot,1,4,False,Q107_6
R_MK0056543,General STEM outcomes (not activity-specific),outcomes,More comfortable working in teams,Yes a little,2,3,False,Q107_6
R_MK0058713,General STEM outcomes (not activity-specific),outcomes,More comfortable working in teams,Maybe,3,2,False,Q107_6
R_MK0059837,General STEM outcomes (not activity-specific),outcomes,More comfortable working in teams,Yes a little,2,3,False,Q107_6
R_MK0060527,General STEM outcomes (not activity-specific),outcomes,More comfortable working in teams,Yes a lot,1,4,False,Q107_6
R_MK0061617,General STEM outcomes (not activity-specific),outcomes,More comfortable working in teams,Maybe,3,2,False,Q107_6
R_MK0062899,General STEM outcomes (not activity-specific),outcomes,More comfortable working in teams,Yes a lot,1,4,False,Q107_6
R_MK0063902,General STEM outcomes (not activity-specific),outcomes,More comfortable working in teams,Yes a lot,1,4,False,Q107_6
R_MK0064156,General STEM outcomes (not activity-specific),outcomes,More comfortable working in teams,Maybe,3,2,False,Q107_6
R_MK0065907,General STEM outcomes (not activity-specific),outcomes,More comfortable working in teams,Maybe,3,2,False,Q107_6
R_MK0066500,General STEM outcomes (not activity-specific),outcomes,More comfortable working in teams,Yes a lot,1,4,False,Q107_6
R_MK0067466,General STEM outcomes (not activity-specific),outcomes,More comfortable working in teams,Yes a lot,1,4,False,Q107_6
R_MK0068498,General STEM outcomes (not activity-specific),outcomes,More comfortable working in teams,Yes a little,2,3,False,Q107_6
R_MK0069685,General STEM outcomes (not activity-specific),outcomes,More comfortable working in teams,Maybe,3,2,False,Q107_6
R_MK0070229,General STEM outcomes (not activity-specific),outcomes,More comfortable working in teams,Yes a lot,1,4,False,Q107_6
R_MK0071423,General STEM outcomes (not activity-specific),outcomes,More comfortable working in teams,No,4,1,False,Q107_6
R_MK0072663,General STEM outcomes (not activity-specific),outcomes,More comfortable working in teams,I do not know,5,,True,Q107_6
R_MK0073741,General STEM outcomes (not activity-specific),outcomes,More comfortable working in teams,Yes a lot,1,4,False,Q107_6
R_MK0074273,General STEM outcomes (not activity-specific),outcomes,More comfortable working in teams,No,4,1,False,Q107_6
R_MK0075806,General STEM outcomes (not activity-specific),outcomes,More comfortable working in teams,Yes a little,2,3,False,Q107_6
R_MK0076785,General STEM outcomes (not activity-specific),outcomes,More comfortable working in teams,Yes a little,2,3,False,Q107_6
R_MK0077903,General STEM outcomes (not activity-specific),outcomes,More comfortable working in teams,No,4,1,False,Q107_6
R_MK0078295,General STEM outcomes (not activity-specific),outcomes,More comfortable working in teams,Yes a little,2,3,False,Q107_6
R_MK0080359,General STEM outcomes (not activity-specific),outcomes,More comfortable working in teams,Yes a lot,1,4,False,Q107_6
R_MK0082310,General STEM outcomes (not activity-specific),outcomes,More comfortable working in teams,Yes a little,2,3,False,Q107_6
R_MK0083313,General STEM outcomes (not activity-specific),outcomes,More comfortable working in teams,Yes a lot,1,4,False,Q107_6
R_MK0084225,General STEM outcomes (not activity-specific),outcomes,More comfortable working in teams,Yes a little,2,3,False,Q107_6
R_MK0085933,General STEM outcomes (not activity-specific),outcomes,More comfortable working in teams,Yes a lot,1,4,False,Q107_6
R_MK0086867,General STEM outcomes (not activity-specific),outcomes,More comfortable working in teams,Yes a lot,1,4,False,Q107_6
R_MK0087396,General STEM outcomes (not activity-specific),outcomes,More comfortable working in teams,Yes a lot,1,4,False,Q107_6
R_MK0088386,General STEM outcomes (not activity-specific),outcomes,More comfortable working in teams,Yes a little,2,3,False,Q107_6
R_MK0089973,General STEM outcomes (not activity-specific),outcomes,More comfortable working in teams,Maybe,3,2,False,Q107_6
R_MK0090487,General STEM outcomes (not activity-specific),outcomes,More comfortable working in teams,Yes a little,2,3,False,Q107_6
R_MK0091120,General STEM outcomes (not activity-specific),outcomes,More comfortable working in teams,No,4,1,False,Q107_6
R_MK0092907,General STEM outcomes (not activity-specific),outcomes,More comfortable working in teams,Yes a little,2,3,False,Q107_6
R_MK0093607,General STEM outcomes (not activity-specific),outcomes,More comfortable working in teams,Yes a little,2,3,False,Q107_6
R_MK0094626,General STEM outcomes (not activity-specific),outcomes,More comfortable working in teams,No,4,1,False,Q107_6
R_MK0095142,General STEM outcomes (not activity-specific),outcomes,More comfortable working in teams,Yes a lot,1,4,False,Q107_6
R_MK0096327,General STEM outcomes (not activity-specific),outcomes,More comfortable working in teams,Yes a little,2,3,False,Q107_6
R_MK0097932,General STEM outcomes (not activity-specific),outcomes,More comfortable working in teams,Yes a lot,1,4,False,Q107_6
R_MK0098967,General STEM outcomes (not activity-specific),outcomes,More comfortable working in teams,I do not know,5,,True,Q107_6
R_MK0099158,General STEM outcomes (not activity-specific),outcomes,More comfortable working in teams,Yes a little,2,3,False,Q107_6
R_MK0101806,General STEM outcomes (not activity-specific),outcomes,More comfortable working in teams,Yes a lot,1,4,False,Q107_6
R_MK0102522,General STEM outcomes (not activity-specific),outcomes,More comfortable working in teams,Maybe,3,2,False,Q107_6
R_MK0103956,General STEM outcomes (not activity-specific),outcomes,More comfortable working in teams,Yes a lot,1,4,False,Q107_6
R_MK0104978,General STEM outcomes (not activity-specific),outcomes,More comfortable working in teams,Maybe,3,2,False,Q107_6
R_MK0105321,General STEM outcomes (not activity-specific),outcomes,More comfortable working in teams,Yes a lot,1,4,False,Q107_6
R_MK0106123,General STEM outcomes (not activity-specific),outcomes,More comfortable working in teams,Yes a lot,1,4,False,Q107_6
R_MK0107788,General STEM outcomes (not activity-specific),outcomes,More comfortable working in teams,Yes a lot,1,4,False,Q107_6
R_MK0108835,General STEM outcomes (not activity-specific),outcomes,More comfortable working in teams,I do not know,5,,True,Q107_6
R_MK0109124,General STEM outcomes (not activity-specific),outcomes,More comfortable working in teams,Maybe,3,2,False,Q107_6
R_MK0110762,General STEM outcomes (not activity-specific),outcomes,More comfortable working in teams,Yes a little,2,3,False,Q107_6
R_MK0113467,General STEM outcomes (not activity-specific),outcomes,More comfortable working in teams,Maybe,3,2,False,Q107_6
R_MK0114346,General STEM outcomes (not activity-specific),outcomes,More comfortable working in teams,Yes a little,2,3,False,Q107_6
R_MK0115748,General STEM outcomes (not activity-specific),outcomes,More comfortable working in teams,Yes a little,2,3,False,Q107_6
R_MK0116915,General STEM outcomes (not activity-specific),outcomes,More comfortable working in teams,Yes a lot,1,4,False,Q107_6
R_MK0117603,General STEM outcomes (not activity-specific),outcomes,More comfortable working in teams,Yes a lot,1,4,False,Q107_6
R_MK0118631,General STEM outcomes (not activity-specific),outcomes,More comfortable working in teams,Maybe,3,2,False,Q107_6
R_MK0119995,General STEM outcomes (not activity-specific),outcomes,More comfortable working in teams,Yes a little,2,3,False,Q107_6
R_MK0120834,General STEM outcomes (not activity-specific),outcomes,More comfortable working in teams,Yes a little,2,3,False,Q107_6
R_MK0121952,General STEM outcomes (not activity-specific),outcomes,More comfortable working in teams,Yes a little,2,3,False,Q107_6
R_MK0124466,General STEM outcomes (not activity-specific),outcomes,More comfortable working in teams,Yes a little,2,3,False,Q107_6
R_MK0126574,General STEM outcomes (not activity-specific),outcomes,More comfortable working in teams,Yes a little,2,3,False,Q107_6
R_MK0128835,General STEM outcomes (not activity-specific),outcomes,More comfortable working in teams,Yes a little,2,3,False,Q107_6
R_MK0129827,General STEM outcomes (not activity-specific),outcomes,More comfortable working in teams,I do not know,5,,True,Q107_6
R_MK0130464,General STEM outcomes (not activity-specific),outcomes,More comfortable working in teams,Yes a lot,1,4,False,Q107_6
R_MK0132486,General STEM outcomes (not activity-specific),outcomes,More comfortable working in teams,I do not know,5,,True,Q107_6
R_MK0133408,General STEM outcomes (not activity-specific),outcomes,More comfortable working in teams,No,4,1,False,Q107_6
R_MK0134215,General STEM outcomes (not activity-specific),outcomes,More comfortable working in teams,Yes a lot,1,4,False,Q107_6
R_MK0135917,General STEM outcomes (not activity-specific),outcomes,More comfortable working in teams,Maybe,3,2,False,Q107_6
R_MK0137508,General STEM outcomes (not activity-specific),outcomes,More comfortable working in teams,Yes a little,2,3,False,Q107_6
R_MK0138319,General STEM outcomes (not activity-specific),outcomes,More comfortable working in teams,Maybe,3,2,False,Q107_6
R_MK0139468,General STEM outcomes (not activity-specific),outcomes,More comfortable working in teams,No,4,1,False,Q107_6
R_MK0140416,General STEM outcomes (not activity-specific),outcomes,More comfortable working in teams,Yes a little,2,3,False,Q107_6
R_MK0141171,General STEM outcomes (not activity-specific),outcomes,More comfortable working in teams,Maybe,3,2,False,Q107_6
R_MK0142928,General STEM outcomes (not activity-specific),outcomes,More comfortable working in teams,Yes a little,2,3,False,Q107_6
R_MK0143986,General STEM outcomes (not activity-specific),outcomes,More comfortable working in teams,Yes a little,2,3,False,Q107_6
R_MK0144749,General STEM outcomes (not activity-specific),outcomes,More comfortable working in teams,Yes a little,2,3,False,Q107_6
R_MK0145593,General STEM outcomes (not activity-specific),outcomes,More comfortable working in teams,Yes a lot,1,4,False,Q107_6
R_MK0146638,General STEM outcomes (not activity-specific),outcomes,More comfortable working in teams,Yes a little,2,3,False,Q107_6
R_MK0147525,General STEM outcomes (not activity-specific),outcomes,More comfortable working in teams,No,4,1,False,Q107_6
R_MK0148155,General STEM outcomes (not activity-specific),outcomes,More comfortable working in teams,Yes a little,2,3,False,Q107_6
R_MK0149433,General STEM outcomes (not activity-specific),outcomes,More comfortable working in teams,Maybe,3,2,False,Q107_6
R_MK0150172,General STEM outcomes (not activity-specific),outcomes,More comfortable working in teams,Yes a lot,1,4,False,Q107_6
R_MK0151675,General STEM outcomes (not activity-specific),outcomes,More comfortable working in teams,Yes a little,2,3,False,Q107_6
R_MK0152207,General STEM outcomes (not activity-specific),outcomes,More comfortable working in teams,Yes a little,2,3,False,Q107_6
R_MK0153261,General STEM outcomes (not activity-specific),outcomes,More comfortable working in teams,No,4,1,False,Q107_6
R_MK0154868,General STEM outcomes (not activity-specific),outcomes,More comfortable working in teams,Yes a little,2,3,False,Q107_6
R_MK0155973,General STEM outcomes (not activity-specific),outcomes,More comfortable working in teams,Yes a little,2,3,False,Q107_6
R_MK0157758,General STEM outcomes (not activity-specific),outcomes,More comfortable working in teams,Yes a little,2,3,False,Q107_6
R_MK0159874,General STEM outcomes (not activity-specific),outcomes,More comfortable working in teams,Yes a little,2,3,False,Q107_6
R_MK0160930,General STEM outcomes (not activity-specific),outcomes,More comfortable working in teams,Yes a little,2,3,False,Q107_6
R_MK0161224,General STEM outcomes (not activity-specific),outcomes,More comfortable working in teams,Maybe,3,2,False,Q107_6
R_MK0162746,General STEM outcomes (not activity-specific),outcomes,More comfortable working in teams,Maybe,3,2,False,Q107_6
R_MK0163831,General STEM outcomes (not activity-specific),outcomes,More comfortable working in teams,No,4,1,False,Q107_6
R_MK0164526,General STEM outcomes (not activity-specific),outcomes,More comfortable working in teams,Yes a lot,1,4,False,Q107_6
R_MK0165548,General STEM outcomes (not activity-specific),outcomes,More comfortable working in teams,Yes a little,2,3,False,Q107_6
R_MK0166129,General STEM outcomes (not activity-specific),outcomes,More comfortable working in teams,Yes a lot,1,4,False,Q107_6
R_MK0167780,General STEM outcomes (not activity-specific),outcomes,More comfortable working in teams,Maybe,3,2,False,Q107_6
R_MK0168594,General STEM outcomes (not activity-specific),outcomes,More comfortable working in teams,Yes a little,2,3,False,Q107_6
R_MK0169620,General STEM outcomes (not activity-specific),outcomes,More comfortable working in teams,I do not know,5,,True,Q107_6
R_MK0170795,General STEM outcomes (not activity-specific),outcomes,More comfortable working in teams,Yes a lot,1,4,False,Q107_6
R_MK0174167,General STEM outcomes (not activity-specific),outcomes,More comfortable working in teams,Yes a lot,1,4,False,Q107_6
R_MK0175836,General STEM outcomes (not activity-specific),outcomes,More comfortable working in teams,Maybe,3,2,False,Q107_6
R_MK0176600,General STEM outcomes (not activity-specific),outcomes,More comfortable working in teams,Yes a little,2,3,False,Q107_6
R_MK0178108,General STEM outcomes (not activity-specific),outcomes,More comfortable working in teams,No,4,1,False,Q107_6
R_MK0179378,General STEM outcomes (not activity-specific),outcomes,More comfortable working in teams,I do not know,5,,True,Q107_6
R_MK0000103,General STEM outcomes (not activity-specific),outcomes,More confident in communicating and sharing my ideas,Yes a lot,1,4,False,Q107_7
R_MK0001265,General STEM outcomes (not activity-specific),outcomes,More confident in communicating and sharing my ideas,Yes a little,2,3,False,Q107_7
R_MK0002320,General STEM outcomes (not activity-specific),outcomes,More confident in communicating and sharing my ideas,Yes a little,2,3,False,Q107_7
R_MK0003688,General STEM outcomes (not activity-specific),outcomes,More confident in communicating and sharing my ideas,No,4,1,False,Q107_7
R_MK0004317,General STEM outcomes (not activity-specific),outcomes,More confident in communicating and sharing my ideas,Yes a little,2,3,False,Q107_7
R_MK0005590,General STEM outcomes (not activity-specific),outcomes,More confident in communicating and sharing my ideas,No,4,1,False,Q107_7
R_MK0006572,General STEM outcomes (not activity-specific),outcomes,More confident in communicating and sharing my ideas,Maybe,3,2,False,Q107_7
R_MK0007539,General STEM outcomes (not activity-specific),outcomes,More confident in communicating and sharing my ideas,Yes a little,2,3,False,Q107_7
R_MK0008963,General STEM outcomes (not activity-specific),outcomes,More confident in communicating and sharing my ideas,Yes a lot,1,4,False,Q107_7
R_MK0009570,General STEM outcomes (not activity-specific),outcomes,More confident in communicating and sharing my ideas,Yes a lot,1,4,False,Q107_7
R_MK0010378,General STEM outcomes (not activity-specific),outcomes,More confident in communicating and sharing my ideas,Maybe,3,2,False,Q107_7
R_MK0011453,General STEM outcomes (not activity-specific),outcomes,More confident in communicating and sharing my ideas,Yes a lot,1,4,False,Q107_7
R_MK0013834,General STEM outcomes (not activity-specific),outcomes,More confident in communicating and sharing my ideas,I do not know,5,,True,Q107_7
R_MK0014994,General STEM outcomes (not activity-specific),outcomes,More confident in communicating and sharing my ideas,Yes a little,2,3,False,Q107_7
R_MK0015892,General STEM outcomes (not activity-specific),outcomes,More confident in communicating and sharing my ideas,Yes a little,2,3,False,Q107_7
R_MK0017794,General STEM outcomes (not activity-specific),outcomes,More confident in communicating and sharing my ideas,Maybe,3,2,False,Q107_7
R_MK0018342,General STEM outcomes (not activity-specific),outcomes,More confident in communicating and sharing my ideas,Yes a lot,1,4,False,Q107_7
R_MK0019683,General STEM outcomes (not activity-specific),outcomes,More confident in communicating and sharing my ideas,Yes a little,2,3,False,Q107_7
R_MK0020216,General STEM outcomes (not activity-specific),outcomes,More confident in communicating and sharing my ideas,Yes a little,2,3,False,Q107_7
R_MK0021162,General STEM outcomes (not activity-specific),outcomes,More confident in communicating and sharing my ideas,Maybe,3,2,False,Q107_7
R_MK0022405,General STEM outcomes (not activity-specific),outcomes,More confident in communicating and sharing my ideas,Yes a little,2,3,False,Q107_7
R_MK0023140,General STEM outcomes (not activity-specific),outcomes,More confident in communicating and sharing my ideas,Yes a little,2,3,False,Q107_7
R_MK0024311,General STEM outcomes (not activity-specific),outcomes,More confident in communicating and sharing my ideas,Maybe,3,2,False,Q107_7
R_MK0025966,General STEM outcomes (not activity-specific),outcomes,More confident in communicating and sharing my ideas,Yes a little,2,3,False,Q107_7
R_MK0026432,General STEM outcomes (not activity-specific),outcomes,More confident in communicating and sharing my ideas,Maybe,3,2,False,Q107_7
R_MK0027899,General STEM outcomes (not activity-specific),outcomes,More confident in communicating and sharing my ideas,Yes a little,2,3,False,Q107_7
R_MK0028139,General STEM outcomes (not activity-specific),outcomes,More confident in communicating and sharing my ideas,Yes a lot,1,4,False,Q107_7
R_MK0029136,General STEM outcomes (not activity-specific),outcomes,More confident in communicating and sharing my ideas,No,4,1,False,Q107_7
R_MK0030402,General STEM outcomes (not activity-specific),outcomes,More confident in communicating and sharing my ideas,Maybe,3,2,False,Q107_7
R_MK0031712,General STEM outcomes (not activity-specific),outcomes,More confident in communicating and sharing my ideas,Yes a little,2,3,False,Q107_7
R_MK0032849,General STEM outcomes (not activity-specific),outcomes,More confident in communicating and sharing my ideas,I do not know,5,,True,Q107_7
R_MK0033442,General STEM outcomes (not activity-specific),outcomes,More confident in communicating and sharing my ideas,Yes a little,2,3,False,Q107_7
R_MK0034167,General STEM outcomes (not activity-specific),outcomes,More confident in communicating and sharing my ideas,No,4,1,False,Q107_7
R_MK0035534,General STEM outcomes (not activity-specific),outcomes,More confident in communicating and sharing my ideas,Yes a little,2,3,False,Q107_7
R_MK0036294,General STEM outcomes (not activity-specific),outcomes,More confident in communicating and sharing my ideas,Yes a lot,1,4,False,Q107_7
R_MK0037202,General STEM outcomes (not activity-specific),outcomes,More confident in communicating and sharing my ideas,Maybe,3,2,False,Q107_7
R_MK0038243,General STEM outcomes (not activity-specific),outcomes,More confident in communicating and sharing my ideas,I do not know,5,,True,Q107_7
R_MK0039124,General STEM outcomes (not activity-specific),outcomes,More confident in communicating and sharing my ideas,Yes a little,2,3,False,Q107_7
R_MK0040868,General STEM outcomes (not activity-specific),outcomes,More confident in communicating and sharing my ideas,Yes a little,2,3,False,Q107_7
R_MK0041466,General STEM outcomes (not activity-specific),outcomes,More confident in communicating and sharing my ideas,Yes a lot,1,4,False,Q107_7
R_MK0042725,General STEM outcomes (not activity-specific),outcomes,More confident in communicating and sharing my ideas,No,4,1,False,Q107_7
R_MK0043853,General STEM outcomes (not activity-specific),outcomes,More confident in communicating and sharing my ideas,Yes a little,2,3,False,Q107_7
R_MK0045989,General STEM outcomes (not activity-specific),outcomes,More confident in communicating and sharing my ideas,Yes a lot,1,4,False,Q107_7
R_MK0046892,General STEM outcomes (not activity-specific),outcomes,More confident in communicating and sharing my ideas,Yes a little,2,3,False,Q107_7
R_MK0047788,General STEM outcomes (not activity-specific),outcomes,More confident in communicating and sharing my ideas,No,4,1,False,Q107_7
R_MK0048737,General STEM outcomes (not activity-specific),outcomes,More confident in communicating and sharing my ideas,Maybe,3,2,False,Q107_7
R_MK0049733,General STEM outcomes (not activity-specific),outcomes,More confident in communicating and sharing my ideas,Maybe,3,2,False,Q107_7
R_MK0050728,General STEM outcomes (not activity-specific),outcomes,More confident in communicating and sharing my ideas,Maybe,3,2,False,Q107_7
R_MK0052388,General STEM outcomes (not activity-specific),outcomes,More confident in communicating and sharing my ideas,Yes a little,2,3,False,Q107_7
R_MK0053734,General STEM outcomes (not activity-specific),outcomes,More confident in communicating and sharing my ideas,No,4,1,False,Q107_7
R_MK0054375,General STEM outcomes (not activity-specific),outcomes,More confident in communicating and sharing my ideas,Yes a lot,1,4,False,Q107_7
R_MK0055989,General STEM outcomes (not activity-specific),outcomes,More confident in communicating and sharing my ideas,Yes a little,2,3,False,Q107_7
R_MK0056543,General STEM outcomes (not activity-specific),outcomes,More confident in communicating and sharing my ideas,Yes a lot,1,4,False,Q107_7
R_MK0058713,General STEM outcomes (not activity-specific),outcomes,More confident in communicating and sharing my ideas,No,4,1,False,Q107_7
R_MK0059837,General STEM outcomes (not activity-specific),outcomes,More confident in communicating and sharing my ideas,Yes a little,2,3,False,Q107_7
R_MK0060527,General STEM outcomes (not activity-specific),outcomes,More confident in communicating and sharing my ideas,Yes a lot,1,4,False,Q107_7
R_MK0061617,General STEM outcomes (not activity-specific),outcomes,More confident in communicating and sharing my ideas,No,4,1,False,Q107_7
R_MK0062899,General STEM outcomes (not activity-specific),outcomes,More confident in communicating and sharing my ideas,Maybe,3,2,False,Q107_7
R_MK0063902,General STEM outcomes (not activity-specific),outcomes,More confident in communicating and sharing my ideas,Yes a little,2,3,False,Q107_7
R_MK0064156,General STEM outcomes (not activity-specific),outcomes,More confident in communicating and sharing my ideas,Yes a little,2,3,False,Q107_7
R_MK0065907,General STEM outcomes (not activity-specific),outcomes,More confident in communicating and sharing my ideas,Yes a little,2,3,False,Q107_7
R_MK0066500,General STEM outcomes (not activity-specific),outcomes,More confident in communicating and sharing my ideas,Yes a little,2,3,False,Q107_7
R_MK0067466,General STEM outcomes (not activity-specific),outcomes,More confident in communicating and sharing my ideas,Maybe,3,2,False,Q107_7
R_MK0068498,General STEM outcomes (not activity-specific),outcomes,More confident in communicating and sharing my ideas,Maybe,3,2,False,Q107_7
R_MK0069685,General STEM outcomes (not activity-specific),outcomes,More confident in communicating and sharing my ideas,Yes a little,2,3,False,Q107_7
R_MK0070229,General STEM outcomes (not activity-specific),outcomes,More confident in communicating and sharing my ideas,Maybe,3,2,False,Q107_7
R_MK0071423,General STEM outcomes (not activity-specific),outcomes,More confident in communicating and sharing my ideas,No,4,1,False,Q107_7
R_MK0072663,General STEM outcomes (not activity-specific),outcomes,More confident in communicating and sharing my ideas,I do not know,5,,True,Q107_7
R_MK0073741,General STEM outcomes (not activity-specific),outcomes,More confident in communicating and sharing my ideas,Maybe,3,2,False,Q107_7
R_MK0074273,General STEM outcomes (not activity-specific),outcomes,More confident in communicating and sharing my ideas,I do not know,5,,True,Q107_7
R_MK0075806,General STEM outcomes (not activity-specific),outcomes,More confident in communicating and sharing my ideas,Maybe,3,2,False,Q107_7
R_MK0076785,General STEM outcomes (not activity-specific),outcomes,More confident in communicating and sharing my ideas,No,4,1,False,Q107_7
R_MK0077903,General STEM outcomes (not activity-specific),outcomes,More confident in communicating and sharing my ideas,Yes a little,2,3,False,Q107_7
R_MK0078295,General STEM outcomes (not activity-specific),outcomes,More confident in communicating and sharing my ideas,Yes a little,2,3,False,Q107_7
R_MK0080359,General STEM outcomes (not activity-specific),outcomes,More confident in communicating and sharing my ideas,No,4,1,False,Q107_7
R_MK0082310,General STEM outcomes (not activity-specific),outcomes,More confident in communicating and sharing my ideas,No,4,1,False,Q107_7
R_MK0083313,General STEM outcomes (not activity-specific),outcomes,More confident in communicating and sharing my ideas,Yes a little,2,3,False,Q107_7
R_MK0084225,General STEM outcomes (not activity-specific),outcomes,More confident in communicating and sharing my ideas,Maybe,3,2,False,Q107_7
R_MK0085933,General STEM outcomes (not activity-specific),outcomes,More confident in communicating and sharing my ideas,Yes a lot,1,4,False,Q107_7
R_MK0086867,General STEM outcomes (not activity-specific),outcomes,More confident in communicating and sharing my ideas,Yes a lot,1,4,False,Q107_7
R_MK0087396,General STEM outcomes (not activity-specific),outcomes,More confident in communicating and sharing my ideas,Yes a lot,1,4,False,Q107_7
R_MK0088386,General STEM outcomes (not activity-specific),outcomes,More confident in communicating and sharing my ideas,Yes a little,2,3,False,Q107_7
R_MK0089973,General STEM outcomes (not activity-specific),outcomes,More confident in communicating and sharing my ideas,Yes a lot,1,4,False,Q107_7
R_MK0090487,General STEM outcomes (not activity-specific),outcomes,More confident in communicating and sharing my ideas,Yes a lot,1,4,False,Q107_7
R_MK0091120,General STEM outcomes (not activity-specific),outcomes,More confident in communicating and sharing my ideas,Maybe,3,2,False,Q107_7
R_MK0092907,General STEM outcomes (not activity-specific),outcomes,More confident in communicating and sharing my ideas,No,4,1,False,Q107_7
R_MK0093607,General STEM outcomes (not activity-specific),outcomes,More confident in communicating and sharing my ideas,Yes a lot,1,4,False,Q107_7
R_MK0094626,General STEM outcomes (not activity-specific),outcomes,More confident in communicating and sharing my ideas,Yes a little,2,3,False,Q107_7
R_MK0095142,General STEM outcomes (not activity-specific),outcomes,More confident in communicating and sharing my ideas,Maybe,3,2,False,Q107_7
R_MK0096327,General STEM outcomes (not activity-specific),outcomes,More confident in communicating and sharing my ideas,Maybe,3,2,False,Q107_7
R_MK0097932,General STEM outcomes (not activity-specific),outcomes,More confident in communicating and sharing my ideas,Maybe,3,2,False,Q107_7
R_MK0098967,General STEM outcomes (not activity-specific),outcomes,More confident in communicating and sharing my ideas,No,4,1,False,Q107_7
R_MK0099158,General STEM outcomes (not activity-specific),outcomes,More confident in communicating and sharing my ideas,Yes a little,2,3,False,Q107_7
R_MK0101806,General STEM outcomes (not activity-specific),outcomes,More confident in communicating and sharing my ideas,Yes a lot,1,4,False,Q107_7
R_MK0102522,General STEM outcomes (not activity-specific),outcomes,More confident in communicating and sharing my ideas,Yes a little,2,3,False,Q107_7
R_MK0103956,General STEM outcomes (not activity-specific),outcomes,More confident in communicating and sharing my ideas,I do not know,5,,True,Q107_7
R_MK0104978,General STEM outcomes (not activity-specific),outcomes,More confident in communicating and sharing my ideas,Yes a lot,1,4,False,Q107_7
R_MK0105321,General STEM outcomes (not activity-specific),outcomes,More confident in communicating and sharing my ideas,Maybe,3,2,False,Q107_7
R_MK0106123,General STEM outcomes (not activity-specific),outcomes,More confident in communicating and sharing my ideas,Maybe,3,2,False,Q107_7
R_MK0107788,General STEM outcomes (not activity-specific),outcomes,More confident in communicating and sharing my ideas,Yes a lot,1,4,False,Q107_7
R_MK0108835,General STEM outcomes (not activity-specific),outcomes,More confident in communicating and sharing my ideas,Yes a lot,1,4,False,Q107_7
R_MK0109124,General STEM outcomes (not activity-specific),outcomes,More confident in communicating and sharing my ideas,Yes a lot,1,4,False,Q107_7
R_MK0110762,General STEM outcomes (not activity-specific),outcomes,More confident in communicating and sharing my ideas,Maybe,3,2,False,Q107_7
R_MK0113467,General STEM outcomes (not activity-specific),outcomes,More confident in communicating and sharing my ideas,I do not know,5,,True,Q107_7
R_MK0114346,General STEM outcomes (not activity-specific),outcomes,More confident in communicating and sharing my ideas,Yes a little,2,3,False,Q107_7
R_MK0115748,General STEM outcomes (not activity-specific),outcomes,More confident in communicating and sharing my ideas,Yes a little,2,3,False,Q107_7
R_MK0116915,General STEM outcomes (not activity-specific),outcomes,More confident in communicating and sharing my ideas,Yes a lot,1,4,False,Q107_7
R_MK0117603,General STEM outcomes (not activity-specific),outcomes,More confident in communicating and sharing my ideas,Yes a lot,1,4,False,Q107_7
R_MK0118631,General STEM outcomes (not activity-specific),outcomes,More confident in communicating and sharing my ideas,Yes a little,2,3,False,Q107_7
R_MK0119995,General STEM outcomes (not activity-specific),outcomes,More confident in communicating and sharing my ideas,Maybe,3,2,False,Q107_7
R_MK0120834,General STEM outcomes (not activity-specific),outcomes,More confident in communicating and sharing my ideas,Maybe,3,2,False,Q107_7
R_MK0121952,General STEM outcomes (not activity-specific),outcomes,More confident in communicating and sharing my ideas,Yes a little,2,3,False,Q107_7
R_MK0124466,General STEM outcomes (not activity-specific),outcomes,More confident in communicating and sharing my ideas,Yes a little,2,3,False,Q107_7
R_MK0126574,General STEM outcomes (not activity-specific),outcomes,More confident in communicating and sharing my ideas,I do not know,5,,True,Q107_7
R_MK0128835,General STEM outcomes (not activity-specific),outcomes,More confident in communicating and sharing my ideas,Yes a little,2,3,False,Q107_7
R_MK0129827,General STEM outcomes (not activity-specific),outcomes,More confident in communicating and sharing my ideas,Yes a lot,1,4,False,Q107_7
R_MK0130464,General STEM outcomes (not activity-specific),outcomes,More confident in communicating and sharing my ideas,Yes a little,2,3,False,Q107_7
R_MK0132486,General STEM outcomes (not activity-specific),outcomes,More confident in communicating and sharing my ideas,Maybe,3,2,False,Q107_7
R_MK0133408,General STEM outcomes (not activity-specific),outcomes,More confident in communicating and sharing my ideas,Yes a little,2,3,False,Q107_7
R_MK0134215,General STEM outcomes (not activity-specific),outcomes,More confident in communicating and sharing my ideas,Maybe,3,2,False,Q107_7
R_MK0135917,General STEM outcomes (not activity-specific),outcomes,More confident in communicating and sharing my ideas,Yes a lot,1,4,False,Q107_7
R_MK0137508,General STEM outcomes (not activity-specific),outcomes,More confident in communicating and sharing my ideas,Yes a lot,1,4,False,Q107_7
R_MK0138319,General STEM outcomes (not activity-specific),outcomes,More confident in communicating and sharing my ideas,Maybe,3,2,False,Q107_7
R_MK0139468,General STEM outcomes (not activity-specific),outcomes,More confident in communicating and sharing my ideas,I do not know,5,,True,Q107_7
R_MK0140416,General STEM outcomes (not activity-specific),outcomes,More confident in communicating and sharing my ideas,Yes a little,2,3,False,Q107_7
R_MK0141171,General STEM outcomes (not activity-specific),outcomes,More confident in communicating and sharing my ideas,Yes a lot,1,4,False,Q107_7
R_MK0142928,General STEM outcomes (not activity-specific),outcomes,More confident in communicating and sharing my ideas,Yes a lot,1,4,False,Q107_7
R_MK0143986,General STEM outcomes (not activity-specific),outcomes,More confident in communicating and sharing my ideas,Yes a lot,1,4,False,Q107_7
R_MK0144749,General STEM outcomes (not activity-specific),outcomes,More confident in communicating and sharing my ideas,Yes a little,2,3,False,Q107_7
R_MK0145593,General STEM outcomes (not activity-specific),outcomes,More confident in communicating and sharing my ideas,Yes a lot,1,4,False,Q107_7
R_MK0146638,General STEM outcomes (not activity-specific),outcomes,More confident in communicating and sharing my ideas,Yes a lot,1,4,False,Q107_7
R_MK0147525,General STEM outcomes (not activity-specific),outcomes,More confident in communicating and sharing my ideas,Yes a lot,1,4,False,Q107_7
R_MK0148155,General STEM outcomes (not activity-specific),outcomes,More confident in communicating and sharing my ideas,Yes a little,2,3,False,Q107_7
R_MK0149433,General STEM outcomes (not activity-specific),outcomes,More confident in communicating and sharing my ideas,Yes a little,2,3,False,Q107_7
R_MK0150172,General STEM outcomes (not activity-specific),outcomes,More confident in communicating and sharing my ideas,Yes a lot,1,4,False,Q107_7
R_MK0151675,General STEM outcomes (not activity-specific),outcomes,More confident in communicating and sharing my ideas,Yes a little,2,3,False,Q107_7
R_MK0152207,General STEM outcomes (not activity-specific),outcomes,More confident in communicating and sharing my ideas,Yes a little,2,3,False,Q107_7
R_MK0153261,General STEM outcomes (not activity-specific),outcomes,More confident in communicating and sharing my ideas,Yes a lot,1,4,False,Q107_7
R_MK0154868,General STEM outcomes (not activity-specific),outcomes,More confident in communicating and sharing my ideas,Yes a lot,1,4,False,Q107_7
R_MK0155973,General STEM outcomes (not activity-specific),outcomes,More confident in communicating and sharing my ideas,Yes a little,2,3,False,Q107_7
R_MK0157758,General STEM outcomes (not activity-specific),outcomes,More confident in communicating and sharing my ideas,Yes a little,2,3,False,Q107_7
R_MK0159874,General STEM outcomes (not activity-specific),outcomes,More confident in communicating and sharing my ideas,Yes a lot,1,4,False,Q107_7
R_MK0160930,General STEM outcomes (not activity-specific),outcomes,More confident in communicating and sharing my ideas,Yes a little,2,3,False,Q107_7
R_MK0161224,General STEM outcomes (not activity-specific),outcomes,More confident in communicating and sharing my ideas,Yes a little,2,3,False,Q107_7
R_MK0162746,General STEM outcomes (not activity-specific),outcomes,More confident in communicating and sharing my ideas,I do not know,5,,True,Q107_7
R_MK0163831,General STEM outcomes (not activity-specific),outcomes,More confident in communicating and sharing my ideas,Maybe,3,2,False,Q107_7
R_MK0164526,General STEM outcomes (not activity-specific),outcomes,More confident in communicating and sharing my ideas,Yes a little,2,3,False,Q107_7
R_MK0165548,General STEM outcomes (not activity-specific),outcomes,More confident in communicating and sharing my ideas,Yes a lot,1,4,False,Q107_7
R_MK0166129,General STEM outcomes (not activity-specific),outcomes,More confident in communicating and sharing my ideas,No,4,1,False,Q107_7
R_MK0167780,General STEM outcomes (not activity-specific),outcomes,More confident in communicating and sharing my ideas,Maybe,3,2,False,Q107_7
R_MK0168594,General STEM outcomes (not activity-specific),outcomes,More confident in communicating and sharing my ideas,No,4,1,False,Q107_7
R_MK0169620,General STEM outcomes (not activity-specific),outcomes,More confident in communicating and sharing my ideas,Yes a lot,1,4,False,Q107_7
R_MK0170795,General STEM outcomes (not activity-specific),outcomes,More confident in communicating and sharing my ideas,Yes a lot,1,4,False,Q107_7
R_MK0174167,General STEM outcomes (not activity-specific),outcomes,More confident in communicating and sharing my ideas,Maybe,3,2,False,Q107_7
R_MK0175836,General STEM outcomes (not activity-specific),outcomes,More confident in communicating and sharing my ideas,Maybe,3,2,False,Q107_7
R_MK0176600,General STEM outcomes (not activity-specific),outcomes,More confident in communicating and sharing my ideas,Yes a little,2,3,False,Q107_7
R_MK0178108,General STEM outcomes (not activity-specific),outcomes,More confident in communicating and sharing my ideas,Yes a little,2,3,False,Q107_7
R_MK0179378,General STEM outcomes (not activity-specific),outcomes,More confident in communicating and sharing my ideas,Yes a lot,1,4,False,Q107_7
R_MK0000103,General STEM outcomes (not activity-specific),outcomes,More confident in being a leader,Yes a lot,1,4,False,Q107_8
R_MK0001265,General STEM outcomes (not activity-specific),outcomes,More confident in being a leader,Yes a lot,1,4,False,Q107_8
R_MK0002320,General STEM outcomes (not activity-specific),outcomes,More confident in being a leader,Maybe,3,2,False,Q107_8
R_MK0003688,General STEM outcomes (not activity-specific),outcomes,More confident in being a leader,Yes a lot,1,4,False,Q107_8
R_MK0004317,General STEM outcomes (not activity-specific),outcomes,More confident in being a leader,Yes a lot,1,4,False,Q107_8
R_MK0005590,General STEM outcomes (not activity-specific),outcomes,More confident in being a leader,Yes a lot,1,4,False,Q107_8
R_MK0006572,General STEM outcomes (not activity-specific),outcomes,More confident in being a leader,Yes a lot,1,4,False,Q107_8
R_MK0007539,General STEM outcomes (not activity-specific),outcomes,More confident in being a leader,No,4,1,False,Q107_8
R_MK0008963,General STEM outcomes (not activity-specific),outcomes,More confident in being a leader,Yes a lot,1,4,False,Q107_8
R_MK0009570,General STEM outcomes (not activity-specific),outcomes,More confident in being a leader,Yes a little,2,3,False,Q107_8
R_MK0010378,General STEM outcomes (not activity-specific),outcomes,More confident in being a leader,Yes a little,2,3,False,Q107_8
R_MK0011453,General STEM outcomes (not activity-specific),outcomes,More confident in being a leader,Yes a little,2,3,False,Q107_8
R_MK0013834,General STEM outcomes (not activity-specific),outcomes,More confident in being a leader,Maybe,3,2,False,Q107_8
R_MK0014994,General STEM outcomes (not activity-specific),outcomes,More confident in being a leader,Yes a little,2,3,False,Q107_8
R_MK0015892,General STEM outcomes (not activity-specific),outcomes,More confident in being a leader,Yes a lot,1,4,False,Q107_8
R_MK0017794,General STEM outcomes (not activity-specific),outcomes,More confident in being a leader,Yes a lot,1,4,False,Q107_8
R_MK0018342,General STEM outcomes (not activity-specific),outcomes,More confident in being a leader,Yes a lot,1,4,False,Q107_8
R_MK0019683,General STEM outcomes (not activity-specific),outcomes,More confident in being a leader,Yes a lot,1,4,False,Q107_8
R_MK0020216,General STEM outcomes (not activity-specific),outcomes,More confident in being a leader,Maybe,3,2,False,Q107_8
R_MK0021162,General STEM outcomes (not activity-specific),outcomes,More confident in being a leader,No,4,1,False,Q107_8
R_MK0022405,General STEM outcomes (not activity-specific),outcomes,More confident in being a leader,Yes a little,2,3,False,Q107_8
R_MK0023140,General STEM outcomes (not activity-specific),outcomes,More confident in being a leader,Yes a lot,1,4,False,Q107_8
R_MK0024311,General STEM outcomes (not activity-specific),outcomes,More confident in being a leader,Maybe,3,2,False,Q107_8
R_MK0025966,General STEM outcomes (not activity-specific),outcomes,More confident in being a leader,Yes a lot,1,4,False,Q107_8
R_MK0026432,General STEM outcomes (not activity-specific),outcomes,More confident in being a leader,Yes a lot,1,4,False,Q107_8
R_MK0027899,General STEM outcomes (not activity-specific),outcomes,More confident in being a leader,Yes a lot,1,4,False,Q107_8
R_MK0028139,General STEM outcomes (not activity-specific),outcomes,More confident in being a leader,No,4,1,False,Q107_8
R_MK0029136,General STEM outcomes (not activity-specific),outcomes,More confident in being a leader,Maybe,3,2,False,Q107_8
R_MK0030402,General STEM outcomes (not activity-specific),outcomes,More confident in being a leader,Maybe,3,2,False,Q107_8
R_MK0031712,General STEM outcomes (not activity-specific),outcomes,More confident in being a leader,Yes a lot,1,4,False,Q107_8
R_MK0032849,General STEM outcomes (not activity-specific),outcomes,More confident in being a leader,Yes a lot,1,4,False,Q107_8
R_MK0033442,General STEM outcomes (not activity-specific),outcomes,More confident in being a leader,Yes a lot,1,4,False,Q107_8
R_MK0034167,General STEM outcomes (not activity-specific),outcomes,More confident in being a leader,Maybe,3,2,False,Q107_8
R_MK0035534,General STEM outcomes (not activity-specific),outcomes,More confident in being a leader,Yes a little,2,3,False,Q107_8
R_MK0036294,General STEM outcomes (not activity-specific),outcomes,More confident in being a leader,Yes a little,2,3,False,Q107_8
R_MK0037202,General STEM outcomes (not activity-specific),outcomes,More confident in being a leader,Yes a little,2,3,False,Q107_8
R_MK0038243,General STEM outcomes (not activity-specific),outcomes,More confident in being a leader,Yes a lot,1,4,False,Q107_8
R_MK0039124,General STEM outcomes (not activity-specific),outcomes,More confident in being a leader,Yes a little,2,3,False,Q107_8
R_MK0040868,General STEM outcomes (not activity-specific),outcomes,More confident in being a leader,Yes a little,2,3,False,Q107_8
R_MK0041466,General STEM outcomes (not activity-specific),outcomes,More confident in being a leader,Yes a little,2,3,False,Q107_8
R_MK0042725,General STEM outcomes (not activity-specific),outcomes,More confident in being a leader,I do not know,5,,True,Q107_8
R_MK0043853,General STEM outcomes (not activity-specific),outcomes,More confident in being a leader,Yes a little,2,3,False,Q107_8
R_MK0045989,General STEM outcomes (not activity-specific),outcomes,More confident in being a leader,Yes a lot,1,4,False,Q107_8
R_MK0046892,General STEM outcomes (not activity-specific),outcomes,More confident in being a leader,Yes a little,2,3,False,Q107_8
R_MK0047788,General STEM outcomes (not activity-specific),outcomes,More confident in being a leader,Maybe,3,2,False,Q107_8
R_MK0048737,General STEM outcomes (not activity-specific),outcomes,More confident in being a leader,Maybe,3,2,False,Q107_8
R_MK0049733,General STEM outcomes (not activity-specific),outcomes,More confident in being a leader,Yes a lot,1,4,False,Q107_8
R_MK0050728,General STEM outcomes (not activity-specific),outcomes,More confident in being a leader,Maybe,3,2,False,Q107_8
R_MK0052388,General STEM outcomes (not activity-specific),outcomes,More confident in being a leader,Yes a lot,1,4,False,Q107_8
R_MK0053734,General STEM outcomes (not activity-specific),outcomes,More confident in being a leader,No,4,1,False,Q107_8
R_MK0054375,General STEM outcomes (not activity-specific),outcomes,More confident in being a leader,Yes a lot,1,4,False,Q107_8
R_MK0055989,General STEM outcomes (not activity-specific),outcomes,More confident in being a leader,I do not know,5,,True,Q107_8
R_MK0056543,General STEM outcomes (not activity-specific),outcomes,More confident in being a leader,Maybe,3,2,False,Q107_8
R_MK0058713,General STEM outcomes (not activity-specific),outcomes,More confident in being a leader,Yes a lot,1,4,False,Q107_8
R_MK0059837,General STEM outcomes (not activity-specific),outcomes,More confident in being a leader,Yes a lot,1,4,False,Q107_8
R_MK0060527,General STEM outcomes (not activity-specific),outcomes,More confident in being a leader,Yes a little,2,3,False,Q107_8
R_MK0061617,General STEM outcomes (not activity-specific),outcomes,More confident in being a leader,Yes a little,2,3,False,Q107_8
R_MK0062899,General STEM outcomes (not activity-specific),outcomes,More confident in being a leader,Maybe,3,2,False,Q107_8
R_MK0063902,General STEM outcomes (not activity-specific),outcomes,More confident in being a leader,Yes a little,2,3,False,Q107_8
R_MK0064156,General STEM outcomes (not activity-specific),outcomes,More confident in being a leader,No,4,1,False,Q107_8
R_MK0065907,General STEM outcomes (not activity-specific),outcomes,More confident in being a leader,Yes a little,2,3,False,Q107_8
R_MK0066500,General STEM outcomes (not activity-specific),outcomes,More confident in being a leader,Yes a little,2,3,False,Q107_8
R_MK0067466,General STEM outcomes (not activity-specific),outcomes,More confident in being a leader,Yes a lot,1,4,False,Q107_8
R_MK0068498,General STEM outcomes (not activity-specific),outcomes,More confident in being a leader,Maybe,3,2,False,Q107_8
R_MK0069685,General STEM outcomes (not activity-specific),outcomes,More confident in being a leader,Maybe,3,2,False,Q107_8
R_MK0070229,General STEM outcomes (not activity-specific),outcomes,More confident in being a leader,Maybe,3,2,False,Q107_8
R_MK0071423,General STEM outcomes (not activity-specific),outcomes,More confident in being a leader,Yes a little,2,3,False,Q107_8
R_MK0072663,General STEM outcomes (not activity-specific),outcomes,More confident in being a leader,Yes a lot,1,4,False,Q107_8
R_MK0073741,General STEM outcomes (not activity-specific),outcomes,More confident in being a leader,Maybe,3,2,False,Q107_8
R_MK0074273,General STEM outcomes (not activity-specific),outcomes,More confident in being a leader,Yes a little,2,3,False,Q107_8
R_MK0075806,General STEM outcomes (not activity-specific),outcomes,More confident in being a leader,Yes a little,2,3,False,Q107_8
R_MK0076785,General STEM outcomes (not activity-specific),outcomes,More confident in being a leader,Yes a little,2,3,False,Q107_8
R_MK0077903,General STEM outcomes (not activity-specific),outcomes,More confident in being a leader,Yes a lot,1,4,False,Q107_8
R_MK0078295,General STEM outcomes (not activity-specific),outcomes,More confident in being a leader,Yes a little,2,3,False,Q107_8
R_MK0080359,General STEM outcomes (not activity-specific),outcomes,More confident in being a leader,Maybe,3,2,False,Q107_8
R_MK0082310,General STEM outcomes (not activity-specific),outcomes,More confident in being a leader,Yes a little,2,3,False,Q107_8
R_MK0083313,General STEM outcomes (not activity-specific),outcomes,More confident in being a leader,Maybe,3,2,False,Q107_8
R_MK0084225,General STEM outcomes (not activity-specific),outcomes,More confident in being a leader,Yes a little,2,3,False,Q107_8
R_MK0085933,General STEM outcomes (not activity-specific),outcomes,More confident in being a leader,No,4,1,False,Q107_8
R_MK0086867,General STEM outcomes (not activity-specific),outcomes,More confident in being a leader,Yes a little,2,3,False,Q107_8
R_MK0087396,General STEM outcomes (not activity-specific),outcomes,More confident in being a leader,Yes a little,2,3,False,Q107_8
R_MK0088386,General STEM outcomes (not activity-specific),outcomes,More confident in being a leader,Yes a little,2,3,False,Q107_8
R_MK0089973,General STEM outcomes (not activity-specific),outcomes,More confident in being a leader,Yes a little,2,3,False,Q107_8
R_MK0090487,General STEM outcomes (not activity-specific),outcomes,More confident in being a leader,Yes a little,2,3,False,Q107_8
R_MK0091120,General STEM outcomes (not activity-specific),outcomes,More confident in being a leader,Yes a lot,1,4,False,Q107_8
R_MK0092907,General STEM outcomes (not activity-specific),outcomes,More confident in being a leader,Yes a lot,1,4,False,Q107_8
R_MK0093607,General STEM outcomes (not activity-specific),outcomes,More confident in being a leader,Yes a little,2,3,False,Q107_8
R_MK0094626,General STEM outcomes (not activity-specific),outcomes,More confident in being a leader,Yes a little,2,3,False,Q107_8
R_MK0095142,General STEM outcomes (not activity-specific),outcomes,More confident in being a leader,Yes a little,2,3,False,Q107_8
R_MK0096327,General STEM outcomes (not activity-specific),outcomes,More confident in being a leader,Yes a little,2,3,False,Q107_8
R_MK0097932,General STEM outcomes (not activity-specific),outcomes,More confident in being a leader,Yes a lot,1,4,False,Q107_8
R_MK0098967,General STEM outcomes (not activity-specific),outcomes,More confident in being a leader,Yes a little,2,3,False,Q107_8
R_MK0099158,General STEM outcomes (not activity-specific),outcomes,More confident in being a leader,Yes a lot,1,4,False,Q107_8
R_MK0101806,General STEM outcomes (not activity-specific),outcomes,More confident in being a leader,Yes a lot,1,4,False,Q107_8
R_MK0102522,General STEM outcomes (not activity-specific),outcomes,More confident in being a leader,Yes a lot,1,4,False,Q107_8
R_MK0103956,General STEM outcomes (not activity-specific),outcomes,More confident in being a leader,No,4,1,False,Q107_8
R_MK0104978,General STEM outcomes (not activity-specific),outcomes,More confident in being a leader,Yes a lot,1,4,False,Q107_8
R_MK0105321,General STEM outcomes (not activity-specific),outcomes,More confident in being a leader,Yes a little,2,3,False,Q107_8
R_MK0106123,General STEM outcomes (not activity-specific),outcomes,More confident in being a leader,Yes a little,2,3,False,Q107_8
R_MK0107788,General STEM outcomes (not activity-specific),outcomes,More confident in being a leader,Yes a lot,1,4,False,Q107_8
R_MK0108835,General STEM outcomes (not activity-specific),outcomes,More confident in being a leader,Maybe,3,2,False,Q107_8
R_MK0109124,General STEM outcomes (not activity-specific),outcomes,More confident in being a leader,Yes a lot,1,4,False,Q107_8
R_MK0110762,General STEM outcomes (not activity-specific),outcomes,More confident in being a leader,Yes a little,2,3,False,Q107_8
R_MK0113467,General STEM outcomes (not activity-specific),outcomes,More confident in being a leader,Yes a little,2,3,False,Q107_8
R_MK0114346,General STEM outcomes (not activity-specific),outcomes,More confident in being a leader,Yes a lot,1,4,False,Q107_8
R_MK0115748,General STEM outcomes (not activity-specific),outcomes,More confident in being a leader,Maybe,3,2,False,Q107_8
R_MK0116915,General STEM outcomes (not activity-specific),outcomes,More confident in being a leader,Yes a lot,1,4,False,Q107_8
R_MK0117603,General STEM outcomes (not activity-specific),outcomes,More confident in being a leader,Yes a lot,1,4,False,Q107_8
R_MK0118631,General STEM outcomes (not activity-specific),outcomes,More confident in being a leader,Maybe,3,2,False,Q107_8
R_MK0119995,General STEM outcomes (not activity-specific),outcomes,More confident in being a leader,Yes a lot,1,4,False,Q107_8
R_MK0120834,General STEM outcomes (not activity-specific),outcomes,More confident in being a leader,Yes a lot,1,4,False,Q107_8
R_MK0121952,General STEM outcomes (not activity-specific),outcomes,More confident in being a leader,Yes a lot,1,4,False,Q107_8
R_MK0124466,General STEM outcomes (not activity-specific),outcomes,More confident in being a leader,No,4,1,False,Q107_8
R_MK0126574,General STEM outcomes (not activity-specific),outcomes,More confident in being a leader,Yes a lot,1,4,False,Q107_8
R_MK0128835,General STEM outcomes (not activity-specific),outcomes,More confident in being a leader,Yes a lot,1,4,False,Q107_8
R_MK0129827,General STEM outcomes (not activity-specific),outcomes,More confident in being a leader,Yes a lot,1,4,False,Q107_8
R_MK0130464,General STEM outcomes (not activity-specific),outcomes,More confident in being a leader,Maybe,3,2,False,Q107_8
R_MK0132486,General STEM outcomes (not activity-specific),outcomes,More confident in being a leader,Maybe,3,2,False,Q107_8
R_MK0133408,General STEM outcomes (not activity-specific),outcomes,More confident in being a leader,Yes a little,2,3,False,Q107_8
R_MK0134215,General STEM outcomes (not activity-specific),outcomes,More confident in being a leader,Yes a lot,1,4,False,Q107_8
R_MK0135917,General STEM outcomes (not activity-specific),outcomes,More confident in being a leader,Maybe,3,2,False,Q107_8
R_MK0137508,General STEM outcomes (not activity-specific),outcomes,More confident in being a leader,Yes a lot,1,4,False,Q107_8
R_MK0138319,General STEM outcomes (not activity-specific),outcomes,More confident in being a leader,Yes a lot,1,4,False,Q107_8
R_MK0139468,General STEM outcomes (not activity-specific),outcomes,More confident in being a leader,Maybe,3,2,False,Q107_8
R_MK0140416,General STEM outcomes (not activity-specific),outcomes,More confident in being a leader,Yes a little,2,3,False,Q107_8
R_MK0141171,General STEM outcomes (not activity-specific),outcomes,More confident in being a leader,Yes a lot,1,4,False,Q107_8
R_MK0142928,General STEM outcomes (not activity-specific),outcomes,More confident in being a leader,Maybe,3,2,False,Q107_8
R_MK0143986,General STEM outcomes (not activity-specific),outcomes,More confident in being a leader,Yes a lot,1,4,False,Q107_8
R_MK0144749,General STEM outcomes (not activity-specific),outcomes,More confident in being a leader,Yes a little,2,3,False,Q107_8
R_MK0145593,General STEM outcomes (not activity-specific),outcomes,More confident in being a leader,No,4,1,False,Q107_8
R_MK0146638,General STEM outcomes (not activity-specific),outcomes,More confident in being a leader,No,4,1,False,Q107_8
R_MK0147525,General STEM outcomes (not activity-specific),outcomes,More confident in being a leader,Yes a little,2,3,False,Q107_8
R_MK0148155,General STEM outcomes (not activity-specific),outcomes,More confident in being a leader,Yes a little,2,3,False,Q107_8
R_MK0149433,General STEM outcomes (not activity-specific),outcomes,More confident in being a leader,Yes a lot,1,4,False,Q107_8
R_MK0150172,General STEM outcomes (not activity-specific),outcomes,More confident in being a leader,Yes a little,2,3,False,Q107_8
R_MK0151675,General STEM outcomes (not activity-specific),outcomes,More confident in being a leader,Yes a lot,1,4,False,Q107_8
R_MK0152207,General STEM outcomes (not activity-specific),outcomes,More confident in being a leader,No,4,1,False,Q107_8
R_MK0153261,General STEM outcomes (not activity-specific),outcomes,More confident in being a leader,Yes a little,2,3,False,Q107_8
R_MK0154868,General STEM outcomes (not activity-specific),outcomes,More confident in being a leader,Yes a little,2,3,False,Q107_8
R_MK0155973,General STEM outcomes (not activity-specific),outcomes,More confident in being a leader,I do not know,5,,True,Q107_8
R_MK0157758,General STEM outcomes (not activity-specific),outcomes,More confident in being a leader,Yes a little,2,3,False,Q107_8
R_MK0159874,General STEM outcomes (not activity-specific),outcomes,More confident in being a leader,Yes a little,2,3,False,Q107_8
R_MK0160930,General STEM outcomes (not activity-specific),outcomes,More confident in being a leader,Yes a little,2,3,False,Q107_8
R_MK0161224,General STEM outcomes (not activity-specific),outcomes,More confident in being a leader,Yes a lot,1,4,False,Q107_8
R_MK0162746,General STEM outcomes (not activity-specific),outcomes,More confident in being a leader,Yes a little,2,3,False,Q107_8
R_MK0163831,General STEM outcomes (not activity-specific),outcomes,More confident in being a leader,Yes a lot,1,4,False,Q107_8
R_MK0164526,General STEM outcomes (not activity-specific),outcomes,More confident in being a leader,Maybe,3,2,False,Q107_8
R_MK0165548,General STEM outcomes (not activity-specific),outcomes,More confident in being a leader,Yes a little,2,3,False,Q107_8
R_MK0166129,General STEM outcomes (not activity-specific),outcomes,More confident in being a leader,Yes a lot,1,4,False,Q107_8
R_MK0167780,General STEM outcomes (not activity-specific),outcomes,More confident in being a leader,Maybe,3,2,False,Q107_8
R_MK0168594,General STEM outcomes (not activity-specific),outcomes,More confident in being a leader,Yes a little,2,3,False,Q107_8
R_MK0169620,General STEM outcomes (not activity-specific),outcomes,More confident in being a leader,Yes a little,2,3,False,Q107_8
R_MK0170795,General STEM outcomes (not activity-specific),outcomes,More confident in being a leader,Maybe,3,2,False,Q107_8
R_MK0174167,General STEM outcomes (not activity-specific),outcomes,More confident in being a leader,Yes a little,2,3,False,Q107_8
R_MK0175836,General STEM outcomes (not activity-specific),outcomes,More confident in being a leader,Yes a little,2,3,False,Q107_8
R_MK0176600,General STEM outcomes (not activity-specific),outcomes,More confident in being a leader,Yes a lot,1,4,False,Q107_8
R_MK0178108,General STEM outcomes (not activity-specific),outcomes,More confident in being a leader,Yes a lot,1,4,False,Q107_8
R_MK0179378,General STEM outcomes (not activity-specific),outcomes,More confident in being a leader,Yes a lot,1,4,False,Q107_8
R_MK0000103,General STEM outcomes (not activity-specific),outcomes,More like a STEM person,Yes a little,2,3,False,Q107_9
R_MK0001265,General STEM outcomes (not activity-specific),outcomes,More like a STEM person,Yes a lot,1,4,False,Q107_9
R_MK0002320,General STEM outcomes (not activity-specific),outcomes,More like a STEM person,Maybe,3,2,False,Q107_9
R_MK0003688,General STEM outcomes (not activity-specific),outcomes,More like a STEM person,Yes a little,2,3,False,Q107_9
R_MK0004317,General STEM outcomes (not activity-specific),outcomes,More like a STEM person,Yes a lot,1,4,False,Q107_9
R_MK0005590,General STEM outcomes (not activity-specific),outcomes,More like a STEM person,Yes a little,2,3,False,Q107_9
R_MK0006572,General STEM outcomes (not activity-specific),outcomes,More like a STEM person,Yes a little,2,3,False,Q107_9
R_MK0007539,General STEM outcomes (not activity-specific),outcomes,More like a STEM person,Yes a lot,1,4,False,Q107_9
R_MK0008963,General STEM outcomes (not activity-specific),outcomes,More like a STEM person,I do not know,5,,True,Q107_9
R_MK0009570,General STEM outcomes (not activity-specific),outcomes,More like a STEM person,Yes a little,2,3,False,Q107_9
R_MK0010378,General STEM outcomes (not activity-specific),outcomes,More like a STEM person,Yes a little,2,3,False,Q107_9
R_MK0011453,General STEM outcomes (not activity-specific),outcomes,More like a STEM person,Maybe,3,2,False,Q107_9
R_MK0013834,General STEM outcomes (not activity-specific),outcomes,More like a STEM person,Yes a little,2,3,False,Q107_9
R_MK0014994,General STEM outcomes (not activity-specific),outcomes,More like a STEM person,Yes a lot,1,4,False,Q107_9
R_MK0015892,General STEM outcomes (not activity-specific),outcomes,More like a STEM person,Yes a little,2,3,False,Q107_9
R_MK0017794,General STEM outcomes (not activity-specific),outcomes,More like a STEM person,Yes a lot,1,4,False,Q107_9
R_MK0018342,General STEM outcomes (not activity-specific),outcomes,More like a STEM person,Yes a little,2,3,False,Q107_9
R_MK0019683,General STEM outcomes (not activity-specific),outcomes,More like a STEM person,Yes a little,2,3,False,Q107_9
R_MK0020216,General STEM outcomes (not activity-specific),outcomes,More like a STEM person,Yes a lot,1,4,False,Q107_9
R_MK0021162,General STEM outcomes (not activity-specific),outcomes,More like a STEM person,Yes a little,2,3,False,Q107_9
R_MK0022405,General STEM outcomes (not activity-specific),outcomes,More like a STEM person,Yes a little,2,3,False,Q107_9
R_MK0023140,General STEM outcomes (not activity-specific),outcomes,More like a STEM person,Yes a little,2,3,False,Q107_9
R_MK0024311,General STEM outcomes (not activity-specific),outcomes,More like a STEM person,Yes a lot,1,4,False,Q107_9
R_MK0025966,General STEM outcomes (not activity-specific),outcomes,More like a STEM person,Maybe,3,2,False,Q107_9
R_MK0026432,General STEM outcomes (not activity-specific),outcomes,More like a STEM person,I do not know,5,,True,Q107_9
R_MK0027899,General STEM outcomes (not activity-specific),outcomes,More like a STEM person,Yes a little,2,3,False,Q107_9
R_MK0028139,General STEM outcomes (not activity-specific),outcomes,More like a STEM person,Yes a lot,1,4,False,Q107_9
R_MK0029136,General STEM outcomes (not activity-specific),outcomes,More like a STEM person,Yes a little,2,3,False,Q107_9
R_MK0030402,General STEM outcomes (not activity-specific),outcomes,More like a STEM person,Yes a lot,1,4,False,Q107_9
R_MK0031712,General STEM outcomes (not activity-specific),outcomes,More like a STEM person,No,4,1,False,Q107_9
R_MK0032849,General STEM outcomes (not activity-specific),outcomes,More like a STEM person,Yes a little,2,3,False,Q107_9
R_MK0033442,General STEM outcomes (not activity-specific),outcomes,More like a STEM person,Yes a lot,1,4,False,Q107_9
R_MK0034167,General STEM outcomes (not activity-specific),outcomes,More like a STEM person,Yes a little,2,3,False,Q107_9
R_MK0035534,General STEM outcomes (not activity-specific),outcomes,More like a STEM person,Yes a little,2,3,False,Q107_9
R_MK0036294,General STEM outcomes (not activity-specific),outcomes,More like a STEM person,No,4,1,False,Q107_9
R_MK0037202,General STEM outcomes (not activity-specific),outcomes,More like a STEM person,Yes a little,2,3,False,Q107_9
R_MK0038243,General STEM outcomes (not activity-specific),outcomes,More like a STEM person,Yes a little,2,3,False,Q107_9
R_MK0039124,General STEM outcomes (not activity-specific),outcomes,More like a STEM person,Yes a little,2,3,False,Q107_9
R_MK0040868,General STEM outcomes (not activity-specific),outcomes,More like a STEM person,Yes a little,2,3,False,Q107_9
R_MK0041466,General STEM outcomes (not activity-specific),outcomes,More like a STEM person,Yes a little,2,3,False,Q107_9
R_MK0042725,General STEM outcomes (not activity-specific),outcomes,More like a STEM person,Yes a lot,1,4,False,Q107_9
R_MK0043853,General STEM outcomes (not activity-specific),outcomes,More like a STEM person,Yes a lot,1,4,False,Q107_9
R_MK0045989,General STEM outcomes (not activity-specific),outcomes,More like a STEM person,Yes a little,2,3,False,Q107_9
R_MK0046892,General STEM outcomes (not activity-specific),outcomes,More like a STEM person,Yes a lot,1,4,False,Q107_9
R_MK0047788,General STEM outcomes (not activity-specific),outcomes,More like a STEM person,Yes a little,2,3,False,Q107_9
R_MK0048737,General STEM outcomes (not activity-specific),outcomes,More like a STEM person,Maybe,3,2,False,Q107_9
R_MK0049733,General STEM outcomes (not activity-specific),outcomes,More like a STEM person,Yes a lot,1,4,False,Q107_9
R_MK0050728,General STEM outcomes (not activity-specific),outcomes,More like a STEM person,Maybe,3,2,False,Q107_9
R_MK0052388,General STEM outcomes (not activity-specific),outcomes,More like a STEM person,I do not know,5,,True,Q107_9
R_MK0053734,General STEM outcomes (not activity-specific),outcomes,More like a STEM person,Yes a little,2,3,False,Q107_9
R_MK0054375,General STEM outcomes (not activity-specific),outcomes,More like a STEM person,Yes a little,2,3,False,Q107_9
R_MK0055989,General STEM outcomes (not activity-specific),outcomes,More like a STEM person,Yes a little,2,3,False,Q107_9
R_MK0056543,General STEM outcomes (not activity-specific),outcomes,More like a STEM person,I do not know,5,,True,Q107_9
R_MK0058713,General STEM outcomes (not activity-specific),outcomes,More like a STEM person,Yes a lot,1,4,False,Q107_9
R_MK0059837,General STEM outcomes (not activity-specific),outcomes,More like a STEM person,Yes a little,2,3,False,Q107_9
R_MK0060527,General STEM outcomes (not activity-specific),outcomes,More like a STEM person,Yes a lot,1,4,False,Q107_9
R_MK0061617,General STEM outcomes (not activity-specific),outcomes,More like a STEM person,No,4,1,False,Q107_9
R_MK0062899,General STEM outcomes (not activity-specific),outcomes,More like a STEM person,Yes a lot,1,4,False,Q107_9
R_MK0063902,General STEM outcomes (not activity-specific),outcomes,More like a STEM person,Yes a lot,1,4,False,Q107_9
R_MK0064156,General STEM outcomes (not activity-specific),outcomes,More like a STEM person,Yes a little,2,3,False,Q107_9
R_MK0065907,General STEM outcomes (not activity-specific),outcomes,More like a STEM person,Yes a little,2,3,False,Q107_9
R_MK0066500,General STEM outcomes (not activity-specific),outcomes,More like a STEM person,I do not know,5,,True,Q107_9
R_MK0067466,General STEM outcomes (not activity-specific),outcomes,More like a STEM person,Maybe,3,2,False,Q107_9
R_MK0068498,General STEM outcomes (not activity-specific),outcomes,More like a STEM person,Yes a little,2,3,False,Q107_9
R_MK0069685,General STEM outcomes (not activity-specific),outcomes,More like a STEM person,Maybe,3,2,False,Q107_9
R_MK0070229,General STEM outcomes (not activity-specific),outcomes,More like a STEM person,Yes a lot,1,4,False,Q107_9
R_MK0071423,General STEM outcomes (not activity-specific),outcomes,More like a STEM person,No,4,1,False,Q107_9
R_MK0072663,General STEM outcomes (not activity-specific),outcomes,More like a STEM person,Yes a little,2,3,False,Q107_9
R_MK0073741,General STEM outcomes (not activity-specific),outcomes,More like a STEM person,Yes a lot,1,4,False,Q107_9
R_MK0074273,General STEM outcomes (not activity-specific),outcomes,More like a STEM person,Yes a little,2,3,False,Q107_9
R_MK0075806,General STEM outcomes (not activity-specific),outcomes,More like a STEM person,Yes a little,2,3,False,Q107_9
R_MK0076785,General STEM outcomes (not activity-specific),outcomes,More like a STEM person,Maybe,3,2,False,Q107_9
R_MK0077903,General STEM outcomes (not activity-specific),outcomes,More like a STEM person,Yes a little,2,3,False,Q107_9
R_MK0078295,General STEM outcomes (not activity-specific),outcomes,More like a STEM person,Yes a little,2,3,False,Q107_9
R_MK0080359,General STEM outcomes (not activity-specific),outcomes,More like a STEM person,No,4,1,False,Q107_9
R_MK0082310,General STEM outcomes (not activity-specific),outcomes,More like a STEM person,Yes a lot,1,4,False,Q107_9
R_MK0083313,General STEM outcomes (not activity-specific),outcomes,More like a STEM person,Yes a little,2,3,False,Q107_9
R_MK0084225,General STEM outcomes (not activity-specific),outcomes,More like a STEM person,Yes a lot,1,4,False,Q107_9
R_MK0085933,General STEM outcomes (not activity-specific),outcomes,More like a STEM person,Yes a little,2,3,False,Q107_9
R_MK0086867,General STEM outcomes (not activity-specific),outcomes,More like a STEM person,Yes a little,2,3,False,Q107_9
R_MK0087396,General STEM outcomes (not activity-specific),outcomes,More like a STEM person,Yes a little,2,3,False,Q107_9
R_MK0088386,General STEM outcomes (not activity-specific),outcomes,More like a STEM person,Yes a little,2,3,False,Q107_9
R_MK0089973,General STEM outcomes (not activity-specific),outcomes,More like a STEM person,Yes a lot,1,4,False,Q107_9
R_MK0090487,General STEM outcomes (not activity-specific),outcomes,More like a STEM person,Yes a little,2,3,False,Q107_9
R_MK0091120,General STEM outcomes (not activity-specific),outcomes,More like a STEM person,Yes a little,2,3,False,Q107_9
R_MK0092907,General STEM outcomes (not activity-specific),outcomes,More like a STEM person,Maybe,3,2,False,Q107_9
R_MK0093607,General STEM outcomes (not activity-specific),outcomes,More like a STEM person,Yes a little,2,3,False,Q107_9
R_MK0094626,General STEM outcomes (not activity-specific),outcomes,More like a STEM person,Yes a little,2,3,False,Q107_9
R_MK0095142,General STEM outcomes (not activity-specific),outcomes,More like a STEM person,Yes a little,2,3,False,Q107_9
R_MK0096327,General STEM outcomes (not activity-specific),outcomes,More like a STEM person,Yes a little,2,3,False,Q107_9
R_MK0097932,General STEM outcomes (not activity-specific),outcomes,More like a STEM person,Maybe,3,2,False,Q107_9
R_MK0098967,General STEM outcomes (not activity-specific),outcomes,More like a STEM person,Maybe,3,2,False,Q107_9
R_MK0099158,General STEM outcomes (not activity-specific),outcomes,More like a STEM person,Yes a little,2,3,False,Q107_9
R_MK0101806,General STEM outcomes (not activity-specific),outcomes,More like a STEM person,Yes a lot,1,4,False,Q107_9
R_MK0102522,General STEM outcomes (not activity-specific),outcomes,More like a STEM person,No,4,1,False,Q107_9
R_MK0103956,General STEM outcomes (not activity-specific),outcomes,More like a STEM person,Maybe,3,2,False,Q107_9
R_MK0104978,General STEM outcomes (not activity-specific),outcomes,More like a STEM person,Yes a little,2,3,False,Q107_9
R_MK0105321,General STEM outcomes (not activity-specific),outcomes,More like a STEM person,Maybe,3,2,False,Q107_9
R_MK0106123,General STEM outcomes (not activity-specific),outcomes,More like a STEM person,Yes a little,2,3,False,Q107_9
R_MK0107788,General STEM outcomes (not activity-specific),outcomes,More like a STEM person,Yes a little,2,3,False,Q107_9
R_MK0108835,General STEM outcomes (not activity-specific),outcomes,More like a STEM person,Yes a lot,1,4,False,Q107_9
R_MK0109124,General STEM outcomes (not activity-specific),outcomes,More like a STEM person,Maybe,3,2,False,Q107_9
R_MK0110762,General STEM outcomes (not activity-specific),outcomes,More like a STEM person,Maybe,3,2,False,Q107_9
R_MK0113467,General STEM outcomes (not activity-specific),outcomes,More like a STEM person,Yes a lot,1,4,False,Q107_9
R_MK0114346,General STEM outcomes (not activity-specific),outcomes,More like a STEM person,Yes a little,2,3,False,Q107_9
R_MK0115748,General STEM outcomes (not activity-specific),outcomes,More like a STEM person,Maybe,3,2,False,Q107_9
R_MK0116915,General STEM outcomes (not activity-specific),outcomes,More like a STEM person,Yes a little,2,3,False,Q107_9
R_MK0117603,General STEM outcomes (not activity-specific),outcomes,More like a STEM person,Yes a little,2,3,False,Q107_9
R_MK0118631,General STEM outcomes (not activity-specific),outcomes,More like a STEM person,Yes a lot,1,4,False,Q107_9
R_MK0119995,General STEM outcomes (not activity-specific),outcomes,More like a STEM person,Yes a lot,1,4,False,Q107_9
R_MK0120834,General STEM outcomes (not activity-specific),outcomes,More like a STEM person,Yes a lot,1,4,False,Q107_9
R_MK0121952,General STEM outcomes (not activity-specific),outcomes,More like a STEM person,Maybe,3,2,False,Q107_9
R_MK0124466,General STEM outcomes (not activity-specific),outcomes,More like a STEM person,No,4,1,False,Q107_9
R_MK0126574,General STEM outcomes (not activity-specific),outcomes,More like a STEM person,Yes a little,2,3,False,Q107_9
R_MK0128835,General STEM outcomes (not activity-specific),outcomes,More like a STEM person,Yes a lot,1,4,False,Q107_9
R_MK0129827,General STEM outcomes (not activity-specific),outcomes,More like a STEM person,Yes a little,2,3,False,Q107_9
R_MK0130464,General STEM outcomes (not activity-specific),outcomes,More like a STEM person,Yes a little,2,3,False,Q107_9
R_MK0132486,General STEM outcomes (not activity-specific),outcomes,More like a STEM person,Maybe,3,2,False,Q107_9
R_MK0133408,General STEM outcomes (not activity-specific),outcomes,More like a STEM person,Yes a lot,1,4,False,Q107_9
R_MK0134215,General STEM outcomes (not activity-specific),outcomes,More like a STEM person,Yes a little,2,3,False,Q107_9
R_MK0135917,General STEM outcomes (not activity-specific),outcomes,More like a STEM person,Yes a lot,1,4,False,Q107_9
R_MK0137508,General STEM outcomes (not activity-specific),outcomes,More like a STEM person,Yes a lot,1,4,False,Q107_9
R_MK0138319,General STEM outcomes (not activity-specific),outcomes,More like a STEM person,Maybe,3,2,False,Q107_9
R_MK0139468,General STEM outcomes (not activity-specific),outcomes,More like a STEM person,Yes a little,2,3,False,Q107_9
R_MK0140416,General STEM outcomes (not activity-specific),outcomes,More like a STEM person,Yes a little,2,3,False,Q107_9
R_MK0141171,General STEM outcomes (not activity-specific),outcomes,More like a STEM person,Yes a little,2,3,False,Q107_9
R_MK0142928,General STEM outcomes (not activity-specific),outcomes,More like a STEM person,No,4,1,False,Q107_9
R_MK0143986,General STEM outcomes (not activity-specific),outcomes,More like a STEM person,Yes a little,2,3,False,Q107_9
R_MK0144749,General STEM outcomes (not activity-specific),outcomes,More like a STEM person,Yes a lot,1,4,False,Q107_9
R_MK0145593,General STEM outcomes (not activity-specific),outcomes,More like a STEM person,No,4,1,False,Q107_9
R_MK0146638,General STEM outcomes (not activity-specific),outcomes,More like a STEM person,Yes a lot,1,4,False,Q107_9
R_MK0147525,General STEM outcomes (not activity-specific),outcomes,More like a STEM person,Yes a little,2,3,False,Q107_9
R_MK0148155,General STEM outcomes (not activity-specific),outcomes,More like a STEM person,Yes a lot,1,4,False,Q107_9
R_MK0149433,General STEM outcomes (not activity-specific),outcomes,More like a STEM person,Yes a lot,1,4,False,Q107_9
R_MK0150172,General STEM outcomes (not activity-specific),outcomes,More like a STEM person,Yes a little,2,3,False,Q107_9
R_MK0151675,General STEM outcomes (not activity-specific),outcomes,More like a STEM person,Yes a little,2,3,False,Q107_9
R_MK0152207,General STEM outcomes (not activity-specific),outcomes,More like a STEM person,No,4,1,False,Q107_9
R_MK0153261,General STEM outcomes (not activity-specific),outcomes,More like a STEM person,Maybe,3,2,False,Q107_9
R_MK0154868,General STEM outcomes (not activity-specific),outcomes,More like a STEM person,Maybe,3,2,False,Q107_9
R_MK0155973,General STEM outcomes (not activity-specific),outcomes,More like a STEM person,I do not know,5,,True,Q107_9
R_MK0157758,General STEM outcomes (not activity-specific),outcomes,More like a STEM person,Yes a lot,1,4,False,Q107_9
R_MK0159874,General STEM outcomes (not activity-specific),outcomes,More like a STEM person,Yes a little,2,3,False,Q107_9
R_MK0160930,General STEM outcomes (not activity-specific),outcomes,More like a STEM person,Yes a little,2,3,False,Q107_9
R_MK0161224,General STEM outcomes (not activity-specific),outcomes,More like a STEM person,Yes a lot,1,4,False,Q107_9
R_MK0162746,General STEM outcomes (not activity-specific),outcomes,More like a STEM person,Yes a little,2,3,False,Q107_9
R_MK0163831,General STEM outcomes (not activity-specific),outcomes,More like a STEM person,Maybe,3,2,False,Q107_9
R_MK0164526,General STEM outcomes (not activity-specific),outcomes,More like a STEM person,No,4,1,False,Q107_9
R_MK0165548,General STEM outcomes (not activity-specific),outcomes,More like a STEM person,Yes a little,2,3,False,Q107_9
R_MK0166129,General STEM outcomes (not activity-specific),outcomes,More like a STEM person,Yes a little,2,3,False,Q107_9
R_MK0167780,General STEM outcomes (not activity-specific),outcomes,More like a STEM person,Yes a lot,1,4,False,Q107_9
R_MK0168594,General STEM outcomes (not activity-specific),outcomes,More like a STEM person,Yes a little,2,3,False,Q107_9
R_MK0169620,General STEM outcomes (not activity-specific),outcomes,More like a STEM person,Yes a little,2,3,False,Q107_9
R_MK0170795,General STEM outcomes (not activity-specific),outcomes,More like a STEM person,Yes a little,2,3,False,Q107_9
R_MK0174167,General STEM outcomes (not activity-specific),outcomes,More like a STEM person,Yes a lot,1,4,False,Q107_9
R_MK0175836,General STEM outcomes (not activity-specific),outcomes,More like a STEM person,Yes a little,2,3,False,Q107_9
R_MK0176600,General STEM outcomes (not activity-specific),outcomes,More like a STEM person,Yes a lot,1,4,False,Q107_9
R_MK0178108,General STEM outcomes (not activity-specific),outcomes,More like a STEM person,Yes a little,2,3,False,Q107_9
R_MK0179378,General STEM outcomes (not activity-specific),outcomes,More like a STEM person,Yes a little,2,3,False,Q107_9
