ResponseId,item,response,response_code,score,is_dont_know,source_column
R_MK0000103,I can imagine myself doing a job that uses STEM,I do not know,5,,True,Q25_1
R_MK0001265,I can imagine myself doing a job that uses STEM,Yes a lotI,1,4,False,Q25_1
R_MK0002320,I can imagine myself doing a job that uses STEM,Maybe,3,2,False,Q25_1
R_MK0003688,I can imagine myself doing a job that uses STEM,Yes a little,2,3,False,Q25_1
R_MK0004317,I can imagine myself doing a job that uses STEM,Yes a lotI,1,4,False,Q25_1
R_MK0005590,I can imagine myself doing a job that uses STEM,Yes a little,2,3,False,Q25_1
R_MK0006572,I can imagine myself doing a job that uses STEM,Yes a lotI,1,4,False,Q25_1
R_MK0007539,I can imagine myself doing a job that uses STEM,I do not know,5,,True,Q25_1
R_MK0008963,I can imagine myself doing a job that uses STEM,Yes a lotI,1,4,False,Q25_1
R_MK0009570,I can imagine myself doing a job that uses STEM,Yes a lotI,1,4,False,Q25_1
R_MK0010378,I can imagine myself doing a job that uses STEM,Yes a little,2,3,False,Q25_1
R_MK0011453,I can imagine myself doing a job that uses STEM,Yes a little,2,3,False,Q25_1
R_MK0012825,I can imagine myself doing a job that uses STEM,Yes a little,2,3,False,Q25_1
R_MK0013834,I can imagine myself doing a job that uses STEM,Yes a little,2,3,False,Q25_1
R_MK0014994,I can imagine myself doing a job that uses STEM,Yes a lotI,1,4,False,Q25_1
R_MK0016779,I can imagine myself doing a job that uses STEM,I do not know,5,,True,Q25_1
R_MK0017794,I can imagine myself doing a job that uses STEM,No,4,1,False,Q25_1
R_MK0018342,I can imagine myself doing a job that uses STEM,Yes a little,2,3,False,Q25_1
R_MK0019683,I can imagine myself doing a job that uses STEM,Yes a little,2,3,False,Q25_1
R_MK0020216,I can imagine myself doing a job that uses STEM,Yes a lotI,1,4,False,Q25_1
R_MK0021162,I can imagine myself doing a job that uses STEM,Yes a little,2,3,False,Q25_1
R_MK0022405,I can imagine myself doing a job that uses STEM,Yes a little,2,3,False,Q25_1
R_MK0023140,I can imagine myself doing a job that uses STEM,Yes a little,2,3,False,Q25_1
R_MK0024311,I can imagine myself doing a job that uses STEM,No,4,1,False,Q25_1
R_MK0025966,I can imagine myself doing a job that uses STEM,Yes a little,2,3,False,Q25_1
R_MK0026432,I can imagine myself doing a job that uses STEM,Yes a lotI,1,4,False,Q25_1
R_MK0027899,I can imagine myself doing a job that uses STEM,Yes a little,2,3,False,Q25_1
R_MK0028139,I can imagine myself doing a job that uses STEM,I do not know,5,,True,Q25_1
R_MK0029136,I can imagine myself doing a job that uses STEM,Yes a little,2,3,False,Q25_1
R_MK0030402,I can imagine myself doing a job that uses STEM,Yes a lotI,1,4,False,Q25_1
R_MK0031712,I can imagine myself doing a job that uses STEM,Yes a little,2,3,False,Q25_1
R_MK0032849,I can imagine myself doing a job that uses STEM,Yes a little,2,3,False,Q25_1
R_MK0033442,I can imagine myself doing a job that uses STEM,Yes a little,2,3,False,Q25_1
R_MK0034167,I can imagine myself doing a job that uses STEM,Maybe,3,2,False,Q25_1
R_MK0036294,I can imagine myself doing a job that uses STEM,Yes a lotI,1,4,False,Q25_1
R_MK0037202,I can imagine myself doing a job that uses STEM,Yes a lotI,1,4,False,Q25_1
R_MK0038243,I can imagine myself doing a job that uses STEM,No,4,1,False,Q25_1
R_MK0039124,I can imagine myself doing a job that uses STEM,Yes a little,2,3,False,Q25_1
R_MK0040868,I can imagine myself doing a job that uses STEM,Yes a little,2,3,False,Q25_1
R_MK0041466,I can imagine myself doing a job that uses STEM,Yes a lotI,1,4,False,Q25_1
R_MK0043853,I can imagine myself doing a job that uses STEM,No,4,1,False,Q25_1
R_MK0044771,I can imagine myself doing a job that uses STEM,Yes a lotI,1,4,False,Q25_1
R_MK0045989,I can imagine myself doing a job that uses STEM,Maybe,3,2,False,Q25_1
R_MK0046892,I can imagine myself doing a job that uses STEM,Yes a little,2,3,False,Q25_1
R_MK0047788,I can imagine myself doing a job that uses STEM,Maybe,3,2,False,Q25_1
R_MK0048737,I can imagine myself doing a job that uses STEM,Maybe,3,2,False,Q25_1
R_MK0049733,I can imagine myself doing a job that uses STEM,Yes a little,2,3,False,Q25_1
R_MK0051185,I can imagine myself doing a job that uses STEM,Yes a little,2,3,False,Q25_1
R_MK0052388,I can imagine myself doing a job that uses STEM,Yes a lotI,1,4,False,Q25_1
R_MK0053734,I can imagine myself doing a job that uses STEM,Yes a little,2,3,False,Q25_1
R_MK0054375,I can imagine myself doing a job that uses STEM,Yes a little,2,3,False,Q25_1
R_MK0055989,I can imagine myself doing a job that uses STEM,Maybe,3,2,False,Q25_1
R_MK0056543,I can imagine myself doing a job that uses STEM,Maybe,3,2,False,Q25_1
R_MK0057204,I can imagine myself doing a job that uses STEM,Yes a little,2,3,False,Q25_1
R_MK0058713,I can imagine myself doing a job that uses STEM,Maybe,3,2,False,Q25_1
R_MK0059837,I can imagine myself doing a job that uses STEM,Maybe,3,2,False,Q25_1
R_MK0060527,I can imagine myself doing a job that uses STEM,Yes a lotI,1,4,False,Q25_1
R_MK0061617,I can imagine myself doing a job that uses STEM,Yes a little,2,3,False,Q25_1
R_MK0062899,I can imagine myself doing a job that uses STEM,Yes a little,2,3,False,Q25_1
R_MK0063902,I can imagine myself doing a job that uses STEM,Maybe,3,2,False,Q25_1
R_MK0064156,I can imagine myself doing a job that uses STEM,Yes a lotI,1,4,False,Q25_1
R_MK0066500,I can imagine myself doing a job that uses STEM,I do not know,5,,True,Q25_1
R_MK0067466,I can imagine myself doing a job that uses STEM,Yes a lotI,1,4,False,Q25_1
R_MK0068498,I can imagine myself doing a job that uses STEM,Yes a little,2,3,False,Q25_1
R_MK0069685,I can imagine myself doing a job that uses STEM,Yes a lotI,1,4,False,Q25_1
R_MK0070229,I can imagine myself doing a job that uses STEM,Yes a little,2,3,False,Q25_1
R_MK0071423,I can imagine myself doing a job that uses STEM,No,4,1,False,Q25_1
R_MK0072663,I can imagine myself doing a job that uses STEM,Yes a lotI,1,4,False,Q25_1
R_MK0073741,I can imagine myself doing a job that uses STEM,Yes a lotI,1,4,False,Q25_1
R_MK0074273,I can imagine myself doing a job that uses STEM,Maybe,3,2,False,Q25_1
R_MK0075806,I can imagine myself doing a job that uses STEM,No,4,1,False,Q25_1
R_MK0076785,I can imagine myself doing a job that uses STEM,Yes a little,2,3,False,Q25_1
R_MK0077903,I can imagine myself doing a job that uses STEM,Maybe,3,2,False,Q25_1
R_MK0078295,I can imagine myself doing a job that uses STEM,Yes a little,2,3,False,Q25_1
R_MK0079267,I can imagine myself doing a job that uses STEM,Yes a little,2,3,False,Q25_1
R_MK0080359,I can imagine myself doing a job that uses STEM,No,4,1,False,Q25_1
R_MK0081202,I can imagine myself doing a job that uses STEM,No,4,1,False,Q25_1
R_MK0082310,I can imagine myself doing a job that uses STEM,Yes a lotI,1,4,False,Q25_1
R_MK0083313,I can imagine myself doing a job that uses STEM,Yes a little,2,3,False,Q25_1
R_MK0085933,I can imagine myself doing a job that uses STEM,Yes a little,2,3,False,Q25_1
R_MK0086867,I can imagine myself doing a job that uses STEM,Maybe,3,2,False,Q25_1
R_MK0087396,I can imagine myself doing a job that uses STEM,Maybe,3,2,False,Q25_1
R_MK0089973,I can imagine myself doing a job that uses STEM,Yes a little,2,3,False,Q25_1
R_MK0090487,I can imagine myself doing a job that uses STEM,Yes a little,2,3,False,Q25_1
R_MK0091120,I can imagine myself doing a job that uses STEM,Yes a little,2,3,False,Q25_1
R_MK0092907,I can imagine myself doing a job that uses STEM,I do not know,5,,True,Q25_1
R_MK0093607,I can imagine myself doing a job that uses STEM,I do not know,5,,True,Q25_1
R_MK0094626,I can imagine myself doing a job that uses STEM,Maybe,3,2,False,Q25_1
R_MK0096327,I can imagine myself doing a job that uses STEM,Maybe,3,2,False,Q25_1
R_MK0097932,I can imagine myself doing a job that uses STEM,Yes a lotI,1,4,False,Q25_1
R_MK0098967,I can imagine myself doing a job that uses STEM,Yes a little,2,3,False,Q25_1
R_MK0099158,I can imagine myself doing a job that uses STEM,Maybe,3,2,False,Q25_1
R_MK0100207,I can imagine myself doing a job that uses STEM,Yes a lotI,1,4,False,Q25_1
R_MK0101806,I can imagine myself doing a job that uses STEM,Yes a lotI,1,4,False,Q25_1
R_MK0103956,I can imagine myself doing a job that uses STEM,Yes a lotI,1,4,False,Q25_1
R_MK0104978,I can imagine myself doing a job that uses STEM,Yes a lotI,1,4,False,Q25_1
R_MK0105321,I can imagine myself doing a job that uses STEM,Yes a little,2,3,False,Q25_1
R_MK0106123,I can imagine myself doing a job that uses STEM,No,4,1,False,Q25_1
R_MK0107788,I can imagine myself doing a job that uses STEM,No,4,1,False,Q25_1
R_MK0108835,I can imagine myself doing a job that uses STEM,Yes a lotI,1,4,False,Q25_1
R_MK0109124,I can imagine myself doing a job that uses STEM,I do not know,5,,True,Q25_1
R_MK0110762,I can imagine myself doing a job that uses STEM,Yes a little,2,3,False,Q25_1
R_MK0111624,I can imagine myself doing a job that uses STEM,Yes a lotI,1,4,False,Q25_1
R_MK0112361,I can imagine myself doing a job that uses STEM,Yes a lotI,1,4,False,Q25_1
R_MK0113467,I can imagine myself doing a job that uses STEM,Yes a lotI,1,4,False,Q25_1
R_MK0114346,I can imagine myself doing a job that uses STEM,Yes a little,2,3,False,Q25_1
R_MK0115748,I can imagine myself doing a job that uses STEM,No,4,1,False,Q25_1
R_MK0116915,I can imagine myself doing a job that uses STEM,Yes a lotI,1,4,False,Q25_1
R_MK0117603,I can imagine myself doing a job that uses STEM,Yes a little,2,3,False,Q25_1
R_MK0118631,I can imagine myself doing a job that uses STEM,Maybe,3,2,False,Q25_1
R_MK0119995,I can imagine myself doing a job that uses STEM,Yes a little,2,3,False,Q25_1
R_MK0120834,I can imagine myself doing a job that uses STEM,Yes a little,2,3,False,Q25_1
R_MK0121952,I can imagine myself doing a job that uses STEM,Yes a little,2,3,False,Q25_1
R_MK0123453,I can imagine myself doing a job that uses STEM,Yes a lotI,1,4,False,Q25_1
R_MK0124466,I can imagine myself doing a job that uses STEM,Maybe,3,2,False,Q25_1
R_MK0125281,I can imagine myself doing a job that uses STEM,Yes a little,2,3,False,Q25_1
R_MK0126574,I can imagine myself doing a job that uses STEM,Yes a lotI,1,4,False,Q25_1
R_MK0127853,I can imagine myself doing a job that uses STEM,Yes a little,2,3,False,Q25_1
R_MK0128835,I can imagine myself doing a job that uses STEM,I do not know,5,,True,Q25_1
R_MK0129827,I can imagine myself doing a job that uses STEM,Maybe,3,2,False,Q25_1
R_MK0130464,I can imagine myself doing a job that uses STEM,No,4,1,False,Q25_1
R_MK0131132,I can imagine myself doing a job that uses STEM,No,4,1,False,Q25_1
R_MK0132486,I can imagine myself doing a job that uses STEM,Yes a lotI,1,4,False,Q25_1
R_MK0133408,I can imagine myself doing a job that uses STEM,Yes a lotI,1,4,False,Q25_1
R_MK0134215,I can imagine myself doing a job that uses STEM,Maybe,3,2,False,Q25_1
R_MK0135917,I can imagine myself doing a job that uses STEM,Yes a lotI,1,4,False,Q25_1
R_MK0137508,I can imagine myself doing a job that uses STEM,Maybe,3,2,False,Q25_1
R_MK0138319,I can imagine myself doing a job that uses STEM,Maybe,3,2,False,Q25_1
R_MK0139468,I can imagine myself doing a job that uses STEM,Yes a little,2,3,False,Q25_1
R_MK0140416,I can imagine myself doing a job that uses STEM,Yes a lotI,1,4,False,Q25_1
R_MK0141171,I can imagine myself doing a job that uses STEM,Yes a lotI,1,4,False,Q25_1
R_MK0144749,I can imagine myself doing a job that uses STEM,Yes a little,2,3,False,Q25_1
R_MK0145593,I can imagine myself doing a job that uses STEM,Maybe,3,2,False,Q25_1
R_MK0146638,I can imagine myself doing a job that uses STEM,Maybe,3,2,False,Q25_1
R_MK0148155,I can imagine myself doing a job that uses STEM,Yes a lotI,1,4,False,Q25_1
R_MK0150172,I can imagine myself doing a job that uses STEM,Yes a little,2,3,False,Q25_1
R_MK0151675,I can imagine myself doing a job that uses STEM,Yes a lotI,1,4,False,Q25_1
R_MK0152207,I can imagine myself doing a job that uses STEM,Yes a lotI,1,4,False,Q25_1
R_MK0154868,I can imagine myself doing a job that uses STEM,No,4,1,False,Q25_1
R_MK0155973,I can imagine myself doing a job that uses STEM,Yes a little,2,3,False,Q25_1
R_MK0156575,I can imagine myself doing a job that uses STEM,Yes a little,2,3,False,Q25_1
R_MK0157758,I can imagine myself doing a job that uses STEM,Yes a little,2,3,False,Q25_1
R_MK0158694,I can imagine myself doing a job that uses STEM,Yes a little,2,3,False,Q25_1
R_MK0159874,I can imagine myself doing a job that uses STEM,Yes a lotI,1,4,False,Q25_1
R_MK0160930,I can imagine myself doing a job that uses STEM,Yes a little,2,3,False,Q25_1
R_MK0161224,I can imagine myself doing a job that uses STEM,Yes a little,2,3,False,Q25_1
R_MK0163831,I can imagine myself doing a job that uses STEM,No,4,1,False,Q25_1
R_MK0164526,I can imagine myself doing a job that uses STEM,Yes a lotI,1,4,False,Q25_1
R_MK0165548,I can imagine myself doing a job that uses STEM,Yes a little,2,3,False,Q25_1
R_MK0166129,I can imagine myself doing a job that uses STEM,Maybe,3,2,False,Q25_1
R_MK0167780,I can imagine myself doing a job that uses STEM,Maybe,3,2,False,Q25_1
R_MK0168594,I can imagine myself doing a job that uses STEM,No,4,1,False,Q25_1
R_MK0169620,I can imagine myself doing a job that uses STEM,No,4,1,False,Q25_1
R_MK0170795,I can imagine myself doing a job that uses STEM,Yes a little,2,3,False,Q25_1
R_MK0171952,I can imagine myself doing a job that uses STEM,I do not know,5,,True,Q25_1
R_MK0173432,I can imagine myself doing a job that uses STEM,Yes a lotI,1,4,False,Q25_1
R_MK0174167,I can imagine myself doing a job that uses STEM,Maybe,3,2,False,Q25_1
R_MK0175836,I can imagine myself doing a job that uses STEM,Maybe,3,2,False,Q25_1
R_MK0176600,I can imagine myself doing a job that uses STEM,Yes a little,2,3,False,Q25_1
R_MK0177349,I can imagine myself doing a job that uses STEM,Yes a little,2,3,False,Q25_1
R_MK0178108,I can imagine myself doing a job that uses STEM,Yes a little,2,3,False,Q25_1
R_MK0179378,I can imagine myself doing a job that uses STEM,Yes a little,2,3,False,Q25_1
R_MK0000103,A STEM job sounds like something I could do,Yes a lotI,1,4,False,Q25_2
R_MK0001265,A STEM job sounds like something I could do,I do not know,5,,True,Q25_2
R_MK0002320,A STEM job sounds like something I could do,Yes a little,2,3,False,Q25_2
R_MK0003688,A STEM job sounds like something I could do,Maybe,3,2,False,Q25_2
R_MK0004317,A STEM job sounds like something I could do,Yes a lotI,1,4,False,Q25_2
R_MK0005590,A STEM job sounds like something I could do,Yes a lotI,1,4,False,Q25_2
R_MK0006572,A STEM job sounds like something I could do,Yes a lotI,1,4,False,Q25_2
R_MK0007539,A STEM job sounds like something I could do,Yes a lotI,1,4,False,Q25_2
R_MK0008963,A STEM job sounds like something I could do,Yes a little,2,3,False,Q25_2
R_MK0009570,A STEM job sounds like something I could do,Yes a lotI,1,4,False,Q25_2
R_MK0010378,A STEM job sounds like something I could do,Yes a lotI,1,4,False,Q25_2
R_MK0011453,A STEM job sounds like something I could do,Yes a little,2,3,False,Q25_2
R_MK0012825,A STEM job sounds like something I could do,Yes a lotI,1,4,False,Q25_2
R_MK0013834,A STEM job sounds like something I could do,Yes a little,2,3,False,Q25_2
R_MK0014994,A STEM job sounds like something I could do,Yes a lotI,1,4,False,Q25_2
R_MK0016779,A STEM job sounds like something I could do,Maybe,3,2,False,Q25_2
R_MK0017794,A STEM job sounds like something I could do,Yes a little,2,3,False,Q25_2
R_MK0018342,A STEM job sounds like something I could do,Yes a little,2,3,False,Q25_2
R_MK0019683,A STEM job sounds like something I could do,Yes a little,2,3,False,Q25_2
R_MK0020216,A STEM job sounds like something I could do,Yes a little,2,3,False,Q25_2
R_MK0021162,A STEM job sounds like something I could do,No,4,1,False,Q25_2
R_MK0022405,A STEM job sounds like something I could do,Yes a little,2,3,False,Q25_2
R_MK0023140,A STEM job sounds like something I could do,Yes a lotI,1,4,False,Q25_2
R_MK0024311,A STEM job sounds like something I could do,I do not know,5,,True,Q25_2
R_MK0025966,A STEM job sounds like something I could do,Maybe,3,2,False,Q25_2
R_MK0026432,A STEM job sounds like something I could do,Maybe,3,2,False,Q25_2
R_MK0027899,A STEM job sounds like something I could do,No,4,1,False,Q25_2
R_MK0028139,A STEM job sounds like something I could do,Yes a lotI,1,4,False,Q25_2
R_MK0029136,A STEM job sounds like something I could do,Maybe,3,2,False,Q25_2
R_MK0030402,A STEM job sounds like something I could do,Yes a lotI,1,4,False,Q25_2
R_MK0031712,A STEM job sounds like something I could do,Yes a little,2,3,False,Q25_2
R_MK0032849,A STEM job sounds like something I could do,No,4,1,False,Q25_2
R_MK0033442,A STEM job sounds like something I could do,Yes a lotI,1,4,False,Q25_2
R_MK0034167,A STEM job sounds like something I could do,Yes a little,2,3,False,Q25_2
R_MK0036294,A STEM job sounds like something I could do,Maybe,3,2,False,Q25_2
R_MK0037202,A STEM job sounds like something I could do,Yes a little,2,3,False,Q25_2
R_MK0038243,A STEM job sounds like something I could do,Yes a lotI,1,4,False,Q25_2
R_MK0039124,A STEM job sounds like something I could do,No,4,1,False,Q25_2
R_MK0040868,A STEM job sounds like something I could do,Yes a lotI,1,4,False,Q25_2
R_MK0041466,A STEM job sounds like something I could do,Yes a lotI,1,4,False,Q25_2
R_MK0043853,A STEM job sounds like something I could do,Maybe,3,2,False,Q25_2
R_MK0044771,A STEM job sounds like something I could do,I do not know,5,,True,Q25_2
R_MK0045989,A STEM job sounds like something I could do,Maybe,3,2,False,Q25_2
R_MK0046892,A STEM job sounds like something I could do,Yes a little,2,3,False,Q25_2
R_MK0047788,A STEM job sounds like something I could do,Yes a little,2,3,False,Q25_2
R_MK0048737,A STEM job sounds like something I could do,Yes a little,2,3,False,Q25_2
R_MK0049733,A STEM job sounds like something I could do,Yes a little,2,3,False,Q25_2
R_MK0051185,A STEM job sounds like something I could do,Maybe,3,2,False,Q25_2
R_MK0052388,A STEM job sounds like something I could do,Yes a lotI,1,4,False,Q25_2
R_MK0053734,A STEM job sounds like something I could do,Maybe,3,2,False,Q25_2
R_MK0054375,A STEM job sounds like something I could do,Yes a lotI,1,4,False,Q25_2
R_MK0055989,A STEM job sounds like something I could do,No,4,1,False,Q25_2
R_MK0056543,A STEM job sounds like something I could do,Maybe,3,2,False,Q25_2
R_MK0057204,A STEM job sounds like something I could do,Yes a lotI,1,4,False,Q25_2
R_MK0058713,A STEM job sounds like something I could do,Yes a lotI,1,4,False,Q25_2
R_MK0059837,A STEM job sounds like something I could do,Maybe,3,2,False,Q25_2
R_MK0060527,A STEM job sounds like something I could do,Yes a little,2,3,False,Q25_2
R_MK0061617,A STEM job sounds like something I could do,Yes a little,2,3,False,Q25_2
R_MK0062899,A STEM job sounds like something I could do,I do not know,5,,True,Q25_2
R_MK0063902,A STEM job sounds like something I could do,Yes a little,2,3,False,Q25_2
R_MK0064156,A STEM job sounds like something I could do,Yes a little,2,3,False,Q25_2
R_MK0066500,A STEM job sounds like something I could do,Maybe,3,2,False,Q25_2
R_MK0067466,A STEM job sounds like something I could do,Yes a little,2,3,False,Q25_2
R_MK0068498,A STEM job sounds like something I could do,Maybe,3,2,False,Q25_2
R_MK0069685,A STEM job sounds like something I could do,Yes a little,2,3,False,Q25_2
R_MK0070229,A STEM job sounds like something I could do,Yes a little,2,3,False,Q25_2
R_MK0071423,A STEM job sounds like something I could do,Yes a little,2,3,False,Q25_2
R_MK0072663,A STEM job sounds like something I could do,Yes a little,2,3,False,Q25_2
R_MK0073741,A STEM job sounds like something I could do,Maybe,3,2,False,Q25_2
R_MK0074273,A STEM job sounds like something I could do,Maybe,3,2,False,Q25_2
R_MK0075806,A STEM job sounds like something I could do,I do not know,5,,True,Q25_2
R_MK0076785,A STEM job sounds like something I could do,No,4,1,False,Q25_2
R_MK0077903,A STEM job sounds like something I could do,Yes a little,2,3,False,Q25_2
R_MK0078295,A STEM job sounds like something I could do,No,4,1,False,Q25_2
R_MK0079267,A STEM job sounds like something I could do,Yes a little,2,3,False,Q25_2
R_MK0080359,A STEM job sounds like something I could do,Maybe,3,2,False,Q25_2
R_MK0081202,A STEM job sounds like something I could do,Yes a lotI,1,4,False,Q25_2
R_MK0082310,A STEM job sounds like something I could do,Yes a little,2,3,False,Q25_2
R_MK0083313,A STEM job sounds like something I could do,Yes a little,2,3,False,Q25_2
R_MK0085933,A STEM job sounds like something I could do,Yes a little,2,3,False,Q25_2
R_MK0086867,A STEM job sounds like something I could do,Yes a little,2,3,False,Q25_2
R_MK0087396,A STEM job sounds like something I could do,Yes a little,2,3,False,Q25_2
R_MK0089973,A STEM job sounds like something I could do,I do not know,5,,True,Q25_2
R_MK0090487,A STEM job sounds like something I could do,Yes a lotI,1,4,False,Q25_2
R_MK0091120,A STEM job sounds like something I could do,Yes a lotI,1,4,False,Q25_2
R_MK0092907,A STEM job sounds like something I could do,Yes a lotI,1,4,False,Q25_2
R_MK0093607,A STEM job sounds like something I could do,Yes a lotI,1,4,False,Q25_2
R_MK0094626,A STEM job sounds like something I could do,No,4,1,False,Q25_2
R_MK0096327,A STEM job sounds like something I could do,Yes a little,2,3,False,Q25_2
R_MK0097932,A STEM job sounds like something I could do,Yes a lotI,1,4,False,Q25_2
R_MK0098967,A STEM job sounds like something I could do,Maybe,3,2,False,Q25_2
R_MK0099158,A STEM job sounds like something I could do,Yes a lotI,1,4,False,Q25_2
R_MK0100207,A STEM job sounds like something I could do,Yes a little,2,3,False,Q25_2
R_MK0101806,A STEM job sounds like something I could do,No,4,1,False,Q25_2
R_MK0103956,A STEM job sounds like something I could do,Yes a little,2,3,False,Q25_2
R_MK0104978,A STEM job sounds like something I could do,Yes a little,2,3,False,Q25_2
R_MK0105321,A STEM job sounds like something I could do,I do not know,5,,True,Q25_2
R_MK0106123,A STEM job sounds like something I could do,No,4,1,False,Q25_2
R_MK0107788,A STEM job sounds like something I could do,Yes a lotI,1,4,False,Q25_2
R_MK0108835,A STEM job sounds like something I could do,Yes a little,2,3,False,Q25_2
R_MK0109124,A STEM job sounds like something I could do,No,4,1,False,Q25_2
R_MK0110762,A STEM job sounds like something I could do,Maybe,3,2,False,Q25_2
R_MK0111624,A STEM job sounds like something I could do,Maybe,3,2,False,Q25_2
R_MK0112361,A STEM job sounds like something I could do,Yes a little,2,3,False,Q25_2
R_MK0113467,A STEM job sounds like something I could do,Maybe,3,2,False,Q25_2
R_MK0114346,A STEM job sounds like something I could do,Yes a lotI,1,4,False,Q25_2
R_MK0115748,A STEM job sounds like something I could do,No,4,1,False,Q25_2
R_MK0116915,A STEM job sounds like something I could do,Yes a lotI,1,4,False,Q25_2
R_MK0117603,A STEM job sounds like something I could do,Yes a little,2,3,False,Q25_2
R_MK0118631,A STEM job sounds like something I could do,Yes a little,2,3,False,Q25_2
R_MK0119995,A STEM job sounds like something I could do,Maybe,3,2,False,Q25_2
R_MK0120834,A STEM job sounds like something I could do,Yes a little,2,3,False,Q25_2
R_MK0121952,A STEM job sounds like something I could do,Yes a little,2,3,False,Q25_2
R_MK0123453,A STEM job sounds like something I could do,Yes a lotI,1,4,False,Q25_2
R_MK0124466,A STEM job sounds like something I could do,Yes a lotI,1,4,False,Q25_2
R_MK0125281,A STEM job sounds like something I could do,Maybe,3,2,False,Q25_2
R_MK0126574,A STEM job sounds like something I could do,Yes a little,2,3,False,Q25_2
R_MK0127853,A STEM job sounds like something I could do,Yes a little,2,3,False,Q25_2
R_MK0128835,A STEM job sounds like something I could do,Yes a lotI,1,4,False,Q25_2
R_MK0129827,A STEM job sounds like something I could do,Maybe,3,2,False,Q25_2
R_MK0130464,A STEM job sounds like something I could do,Yes a lotI,1,4,False,Q25_2
R_MK0131132,A STEM job sounds like something I could do,I do not know,5,,True,Q25_2
R_MK0132486,A STEM job sounds like something I could do,Maybe,3,2,False,Q25_2
R_MK0133408,A STEM job sounds like something I could do,Maybe,3,2,False,Q25_2
R_MK0134215,A STEM job sounds like something I could do,No,4,1,False,Q25_2
R_MK0135917,A STEM job sounds like something I could do,Yes a lotI,1,4,False,Q25_2
R_MK0137508,A STEM job sounds like something I could do,Yes a little,2,3,False,Q25_2
R_MK0138319,A STEM job sounds like something I could do,Yes a lotI,1,4,False,Q25_2
R_MK0139468,A STEM job sounds like something I could do,Yes a little,2,3,False,Q25_2
R_MK0140416,A STEM job sounds like something I could do,Yes a lotI,1,4,False,Q25_2
R_MK0141171,A STEM job sounds like something I could do,Yes a lotI,1,4,False,Q25_2
R_MK0144749,A STEM job sounds like something I could do,Yes a lotI,1,4,False,Q25_2
R_MK0145593,A STEM job sounds like something I could do,Yes a little,2,3,False,Q25_2
R_MK0146638,A STEM job sounds like something I could do,Yes a little,2,3,False,Q25_2
R_MK0148155,A STEM job sounds like something I could do,Yes a little,2,3,False,Q25_2
R_MK0150172,A STEM job sounds like something I could do,Maybe,3,2,False,Q25_2
R_MK0151675,A STEM job sounds like something I could do,Yes a lotI,1,4,False,Q25_2
R_MK0152207,A STEM job sounds like something I could do,I do not know,5,,True,Q25_2
R_MK0154868,A STEM job sounds like something I could do,Yes a little,2,3,False,Q25_2
R_MK0155973,A STEM job sounds like something I could do,Maybe,3,2,False,Q25_2
R_MK0156575,A STEM job sounds like something I could do,Maybe,3,2,False,Q25_2
R_MK0157758,A STEM job sounds like something I could do,Yes a little,2,3,False,Q25_2
R_MK0158694,A STEM job sounds like something I could do,Maybe,3,2,False,Q25_2
R_MK0159874,A STEM job sounds like something I could do,Yes a little,2,3,False,Q25_2
R_MK0160930,A STEM job sounds like something I could do,Yes a lotI,1,4,False,Q25_2
R_MK0161224,A STEM job sounds like something I could do,Yes a lotI,1,4,False,Q25_2
R_MK0163831,A STEM job sounds like something I could do,Maybe,3,2,False,Q25_2
R_MK0164526,A STEM job sounds like something I could do,Yes a lotI,1,4,False,Q25_2
R_MK0165548,A STEM job sounds like something I could do,Yes a little,2,3,False,Q25_2
R_MK0166129,A STEM job sounds like something I could do,Maybe,3,2,False,Q25_2
R_MK0167780,A STEM job sounds like something I could do,Yes a lotI,1,4,False,Q25_2
R_MK0168594,A STEM job sounds like something I could do,Maybe,3,2,False,Q25_2
R_MK0169620,A STEM job sounds like something I could do,Maybe,3,2,False,Q25_2
R_MK0170795,A STEM job sounds like something I could do,Yes a little,2,3,False,Q25_2
R_MK0171952,A STEM job sounds like something I could do,Yes a little,2,3,False,Q25_2
R_MK0173432,A STEM job sounds like something I could do,Yes a little,2,3,False,Q25_2
R_MK0174167,A STEM job sounds like something I could do,Yes a lotI,1,4,False,Q25_2
R_MK0175836,A STEM job sounds like something I could do,Maybe,3,2,False,Q25_2
R_MK0176600,A STEM job sounds like something I could do,Maybe,3,2,False,Q25_2
R_MK0177349,A STEM job sounds like something I could do,Yes a little,2,3,False,Q25_2
R_MK0178108,A STEM job sounds like something I could do,No,4,1,False,Q25_2
R_MK0179378,A STEM job sounds like something I could do,Yes a lotI,1,4,False,Q25_2
R_MK0000103,I know about different kinds of jobs that use STEM,Yes a little,2,3,False,Q25_3
R_MK0001265,I know about different kinds of jobs that use STEM,Yes a lotI,1,4,False,Q25_3
R_MK0002320,I know about different kinds of jobs that use STEM,No,4,1,False,Q25_3
R_MK0003688,I know about different kinds of jobs that use STEM,Yes a lotI,1,4,False,Q25_3
R_MK0004317,I know about different kinds of jobs that use STEM,Yes a lotI,1,4,False,Q25_3
R_MK0005590,I know about different kinds of jobs that use STEM,Maybe,3,2,False,Q25_3
R_MK0006572,I know about different kinds of jobs that use STEM,Yes a little,2,3,False,Q25_3
R_MK0007539,I know about different kinds of jobs that use STEM,Yes a little,2,3,False,Q25_3
R_MK0008963,I know about different kinds of jobs that use STEM,Maybe,3,2,False,Q25_3
R_MK0009570,I know about different kinds of jobs that use STEM,Yes a little,2,3,False,Q25_3
R_MK0010378,I know about different kinds of jobs that use STEM,Yes a lotI,1,4,False,Q25_3
R_MK0011453,I know about different kinds of jobs that use STEM,Yes a little,2,3,False,Q25_3
R_MK0012825,I know about different kinds of jobs that use STEM,Yes a little,2,3,False,Q25_3
R_MK0013834,I know about different kinds of jobs that use STEM,Maybe,3,2,False,Q25_3
R_MK0014994,I know about different kinds of jobs that use STEM,Yes a lotI,1,4,False,Q25_3
R_MK0016779,I know about different kinds of jobs that use STEM,Yes a little,2,3,False,Q25_3
R_MK0017794,I know about different kinds of jobs that use STEM,Yes a little,2,3,False,Q25_3
R_MK0018342,I know about different kinds of jobs that use STEM,No,4,1,False,Q25_3
R_MK0019683,I know about different kinds of jobs that use STEM,Yes a lotI,1,4,False,Q25_3
R_MK0020216,I know about different kinds of jobs that use STEM,Yes a lotI,1,4,False,Q25_3
R_MK0021162,I know about different kinds of jobs that use STEM,Yes a little,2,3,False,Q25_3
R_MK0022405,I know about different kinds of jobs that use STEM,No,4,1,False,Q25_3
R_MK0023140,I know about different kinds of jobs that use STEM,Yes a lotI,1,4,False,Q25_3
R_MK0024311,I know about different kinds of jobs that use STEM,Maybe,3,2,False,Q25_3
R_MK0025966,I know about different kinds of jobs that use STEM,Yes a lotI,1,4,False,Q25_3
R_MK0026432,I know about different kinds of jobs that use STEM,I do not know,5,,True,Q25_3
R_MK0027899,I know about different kinds of jobs that use STEM,Yes a little,2,3,False,Q25_3
R_MK0028139,I know about different kinds of jobs that use STEM,Yes a lotI,1,4,False,Q25_3
R_MK0029136,I know about different kinds of jobs that use STEM,Yes a little,2,3,False,Q25_3
R_MK0030402,I know about different kinds of jobs that use STEM,Yes a lotI,1,4,False,Q25_3
R_MK0031712,I know about different kinds of jobs that use STEM,Yes a little,2,3,False,Q25_3
R_MK0032849,I know about different kinds of jobs that use STEM,Maybe,3,2,False,Q25_3
R_MK0033442,I know about different kinds of jobs that use STEM,Yes a lotI,1,4,False,Q25_3
R_MK0034167,I know about different kinds of jobs that use STEM,Yes a little,2,3,False,Q25_3
R_MK0036294,I know about different kinds of jobs that use STEM,Maybe,3,2,False,Q25_3
R_MK0037202,I know about different kinds of jobs that use STEM,Maybe,3,2,False,Q25_3
R_MK0038243,I know about different kinds of jobs that use STEM,Yes a little,2,3,False,Q25_3
R_MK0039124,I know about different kinds of jobs that use STEM,Yes a little,2,3,False,Q25_3
R_MK0040868,I know about different kinds of jobs that use STEM,Maybe,3,2,False,Q25_3
R_MK0041466,I know about different kinds of jobs that use STEM,Yes a lotI,1,4,False,Q25_3
R_MK0043853,I know about different kinds of jobs that use STEM,Yes a lotI,1,4,False,Q25_3
R_MK0044771,I know about different kinds of jobs that use STEM,Yes a lotI,1,4,False,Q25_3
R_MK0045989,I know about different kinds of jobs that use STEM,Maybe,3,2,False,Q25_3
R_MK0046892,I know about different kinds of jobs that use STEM,Yes a little,2,3,False,Q25_3
R_MK0047788,I know about different kinds of jobs that use STEM,I do not know,5,,True,Q25_3
R_MK0048737,I know about different kinds of jobs that use STEM,Maybe,3,2,False,Q25_3
R_MK0049733,I know about different kinds of jobs that use STEM,Yes a little,2,3,False,Q25_3
R_MK0051185,I know about different kinds of jobs that use STEM,Yes a lotI,1,4,False,Q25_3
R_MK0052388,I know about different kinds of jobs that use STEM,Yes a little,2,3,False,Q25_3
R_MK0053734,I know about different kinds of jobs that use STEM,Yes a little,2,3,False,Q25_3
R_MK0054375,I know about different kinds of jobs that use STEM,Yes a lotI,1,4,False,Q25_3
R_MK0055989,I know about different kinds of jobs that use STEM,I do not know,5,,True,Q25_3
R_MK0056543,I know about different kinds of jobs that use STEM,Yes a little,2,3,False,Q25_3
R_MK0057204,I know about different kinds of jobs that use STEM,Yes a little,2,3,False,Q25_3
R_MK0058713,I know about different kinds of jobs that use STEM,Maybe,3,2,False,Q25_3
R_MK0059837,I know about different kinds of jobs that use STEM,Yes a little,2,3,False,Q25_3
R_MK0060527,I know about different kinds of jobs that use STEM,I do not know,5,,True,Q25_3
R_MK0061617,I know about different kinds of jobs that use STEM,No,4,1,False,Q25_3
R_MK0062899,I know about different kinds of jobs that use STEM,Yes a little,2,3,False,Q25_3
R_MK0063902,I know about different kinds of jobs that use STEM,Yes a little,2,3,False,Q25_3
R_MK0064156,I know about different kinds of jobs that use STEM,Maybe,3,2,False,Q25_3
R_MK0066500,I know about different kinds of jobs that use STEM,Yes a little,2,3,False,Q25_3
R_MK0067466,I know about different kinds of jobs that use STEM,Yes a little,2,3,False,Q25_3
R_MK0068498,I know about different kinds of jobs that use STEM,Yes a lotI,1,4,False,Q25_3
R_MK0069685,I know about different kinds of jobs that use STEM,Yes a little,2,3,False,Q25_3
R_MK0070229,I know about different kinds of jobs that use STEM,Yes a little,2,3,False,Q25_3
R_MK0071423,I know about different kinds of jobs that use STEM,No,4,1,False,Q25_3
R_MK0072663,I know about different kinds of jobs that use STEM,Maybe,3,2,False,Q25_3
R_MK0073741,I know about different kinds of jobs that use STEM,Yes a little,2,3,False,Q25_3
R_MK0074273,I know about different kinds of jobs that use STEM,I do not know,5,,True,Q25_3
R_MK0075806,I know about different kinds of jobs that use STEM,Yes a little,2,3,False,Q25_3
R_MK0076785,I know about different kinds of jobs that use STEM,I do not know,5,,True,Q25_3
R_MK0077903,I know about different kinds of jobs that use STEM,Yes a lotI,1,4,False,Q25_3
R_MK0078295,I know about different kinds of jobs that use STEM,Yes a little,2,3,False,Q25_3
R_MK0079267,I know about different kinds of jobs that use STEM,Maybe,3,2,False,Q25_3
R_MK0080359,I know about different kinds of jobs that use STEM,Maybe,3,2,False,Q25_3
R_MK0081202,I know about different kinds of jobs that use STEM,Yes a little,2,3,False,Q25_3
R_MK0082310,I know about different kinds of jobs that use STEM,Yes a little,2,3,False,Q25_3
R_MK0083313,I know about different kinds of jobs that use STEM,Maybe,3,2,False,Q25_3
R_MK0085933,I know about different kinds of jobs that use STEM,Yes a lotI,1,4,False,Q25_3
R_MK0086867,I know about different kinds of jobs that use STEM,Maybe,3,2,False,Q25_3
R_MK0087396,I know about different kinds of jobs that use STEM,Maybe,3,2,False,Q25_3
R_MK0089973,I know about different kinds of jobs that use STEM,Maybe,3,2,False,Q25_3
R_MK0090487,I know about different kinds of jobs that use STEM,Yes a little,2,3,False,Q25_3
R_MK0091120,I know about different kinds of jobs that use STEM,No,4,1,False,Q25_3
R_MK0092907,I know about different kinds of jobs that use STEM,Yes a lotI,1,4,False,Q25_3
R_MK0093607,I know about different kinds of jobs that use STEM,Yes a lotI,1,4,False,Q25_3
R_MK0094626,I know about different kinds of jobs that use STEM,Yes a little,2,3,False,Q25_3
R_MK0096327,I know about different kinds of jobs that use STEM,Maybe,3,2,False,Q25_3
R_MK0097932,I know about different kinds of jobs that use STEM,Yes a lotI,1,4,False,Q25_3
R_MK0098967,I know about different kinds of jobs that use STEM,No,4,1,False,Q25_3
R_MK0099158,I know about different kinds of jobs that use STEM,Yes a little,2,3,False,Q25_3
R_MK0100207,I know about different kinds of jobs that use STEM,Yes a lotI,1,4,False,Q25_3
R_MK0101806,I know about different kinds of jobs that use STEM,Yes a little,2,3,False,Q25_3
R_MK0103956,I know about different kinds of jobs that use STEM,Yes a lotI,1,4,False,Q25_3
R_MK0104978,I know about different kinds of jobs that use STEM,Yes a little,2,3,False,Q25_3
R_MK0105321,I know about different kinds of jobs that use STEM,Maybe,3,2,False,Q25_3
R_MK0106123,I know about different kinds of jobs that use STEM,Maybe,3,2,False,Q25_3
R_MK0107788,I know about different kinds of jobs that use STEM,Yes a lotI,1,4,False,Q25_3
R_MK0108835,I know about different kinds of jobs that use STEM,Yes a little,2,3,False,Q25_3
R_MK0109124,I know about different kinds of jobs that use STEM,Maybe,3,2,False,Q25_3
R_MK0110762,I know about different kinds of jobs that use STEM,No,4,1,False,Q25_3
R_MK0111624,I know about different kinds of jobs that use STEM,Maybe,3,2,False,Q25_3
R_MK0112361,I know about different kinds of jobs that use STEM,Maybe,3,2,False,Q25_3
R_MK0113467,I know about different kinds of jobs that use STEM,Maybe,3,2,False,Q25_3
R_MK0114346,I know about different kinds of jobs that use STEM,Yes a lotI,1,4,False,Q25_3
R_MK0115748,I know about different kinds of jobs that use STEM,Maybe,3,2,False,Q25_3
R_MK0116915,I know about different kinds of jobs that use STEM,Yes a lotI,1,4,False,Q25_3
R_MK0117603,I know about different kinds of jobs that use STEM,Yes a little,2,3,False,Q25_3
R_MK0118631,I know about different kinds of jobs that use STEM,I do not know,5,,True,Q25_3
R_MK0119995,I know about different kinds of jobs that use STEM,I do not know,5,,True,Q25_3
R_MK0120834,I know about different kinds of jobs that use STEM,Yes a little,2,3,False,Q25_3
R_MK0121952,I know about different kinds of jobs that use STEM,Yes a lotI,1,4,False,Q25_3
R_MK0123453,I know about different kinds of jobs that use STEM,Maybe,3,2,False,Q25_3
R_MK0124466,I know about different kinds of jobs that use STEM,No,4,1,False,Q25_3
R_MK0125281,I know about different kinds of jobs that use STEM,Yes a lotI,1,4,False,Q25_3
R_MK0126574,I know about different kinds of jobs that use STEM,Yes a little,2,3,False,Q25_3
R_MK0127853,I know about different kinds of jobs that use STEM,Yes a little,2,3,False,Q25_3
R_MK0128835,I know about different kinds of jobs that use STEM,Yes a little,2,3,False,Q25_3
R_MK0129827,I know about different kinds of jobs that use STEM,Yes a little,2,3,False,Q25_3
R_MK0130464,I know about different kinds of jobs that use STEM,Yes a little,2,3,False,Q25_3
R_MK0131132,I know about different kinds of jobs that use STEM,Yes a lotI,1,4,False,Q25_3
R_MK0132486,I know about different kinds of jobs that use STEM,Yes a lotI,1,4,False,Q25_3
R_MK0133408,I know about different kinds of jobs that use STEM,Yes a little,2,3,False,Q25_3
R_MK0134215,I know about different kinds of jobs that use STEM,Yes a lotI,1,4,False,Q25_3
R_MK0135917,I know about different kinds of jobs that use STEM,Yes a little,2,3,False,Q25_3
R_MK0137508,I know about different kinds of jobs that use STEM,Yes a lotI,1,4,False,Q25_3
R_MK0138319,I know about different kinds of jobs that use STEM,No,4,1,False,Q25_3
R_MK0139468,I know about different kinds of jobs that use STEM,Maybe,3,2,False,Q25_3
R_MK0140416,I know about different kinds of jobs that use STEM,Yes a lotI,1,4,False,Q25_3
R_MK0141171,I know about different kinds of jobs that use STEM,Yes a little,2,3,False,Q25_3
R_MK0144749,I know about different kinds of jobs that use STEM,Yes a lotI,1,4,False,Q25_3
R_MK0145593,I know about different kinds of jobs that use STEM,Yes a little,2,3,False,Q25_3
R_MK0146638,I know about different kinds of jobs that use STEM,I do not know,5,,True,Q25_3
R_MK0148155,I know about different kinds of jobs that use STEM,Maybe,3,2,False,Q25_3
R_MK0150172,I know about different kinds of jobs that use STEM,Yes a little,2,3,False,Q25_3
R_MK0151675,I know about different kinds of jobs that use STEM,Yes a lotI,1,4,False,Q25_3
R_MK0152207,I know about different kinds of jobs that use STEM,Maybe,3,2,False,Q25_3
R_MK0154868,I know about different kinds of jobs that use STEM,Maybe,3,2,False,Q25_3
R_MK0155973,I know about different kinds of jobs that use STEM,Yes a little,2,3,False,Q25_3
R_MK0156575,I know about different kinds of jobs that use STEM,Maybe,3,2,False,Q25_3
R_MK0157758,I know about different kinds of jobs that use STEM,Yes a little,2,3,False,Q25_3
R_MK0158694,I know about different kinds of jobs that use STEM,Maybe,3,2,False,Q25_3
R_MK0159874,I know about different kinds of jobs that use STEM,Yes a little,2,3,False,Q25_3
R_MK0160930,I know about different kinds of jobs that use STEM,Maybe,3,2,False,Q25_3
R_MK0161224,I know about different kinds of jobs that use STEM,Yes a little,2,3,False,Q25_3
R_MK0163831,I know about different kinds of jobs that use STEM,Yes a lotI,1,4,False,Q25_3
R_MK0164526,I know about different kinds of jobs that use STEM,Yes a lotI,1,4,False,Q25_3
R_MK0165548,I know about different kinds of jobs that use STEM,Maybe,3,2,False,Q25_3
R_MK0166129,I know about different kinds of jobs that use STEM,Yes a little,2,3,False,Q25_3
R_MK0167780,I know about different kinds of jobs that use STEM,Yes a lotI,1,4,False,Q25_3
R_MK0168594,I know about different kinds of jobs that use STEM,Yes a little,2,3,False,Q25_3
R_MK0169620,I know about different kinds of jobs that use STEM,Yes a little,2,3,False,Q25_3
R_MK0170795,I know about different kinds of jobs that use STEM,Maybe,3,2,False,Q25_3
R_MK0171952,I know about different kinds of jobs that use STEM,Yes a little,2,3,False,Q25_3
R_MK0173432,I know about different kinds of jobs that use STEM,Yes a little,2,3,False,Q25_3
R_MK0174167,I know about different kinds of jobs that use STEM,No,4,1,False,Q25_3
R_MK0175836,I know about different kinds of jobs that use STEM,Yes a little,2,3,False,Q25_3
R_MK0176600,I know about different kinds of jobs that use STEM,Yes a lotI,1,4,False,Q25_3
R_MK0177349,I know about different kinds of jobs that use STEM,Maybe,3,2,False,Q25_3
R_MK0178108,I know about different kinds of jobs that use STEM,Yes a lotI,1,4,False,Q25_3
R_MK0179378,I know about different kinds of jobs that use STEM,Yes a little,2,3,False,Q25_3
R_MK0000103,"I have met, seen of heard people in STEM jobs who are like me",Yes a little,2,3,False,Q25_4
R_MK0001265,"I have met, seen of heard people in STEM jobs who are like me",I do not know,5,,True,Q25_4
R_MK0002320,"I have met, seen of heard people in STEM jobs who are like me",No,4,1,False,Q25_4
R_MK0003688,"I have met, seen of heard people in STEM jobs who are like me",Maybe,3,2,False,Q25_4
R_MK0004317,"I have met, seen of heard people in STEM jobs who are like me",Yes a lotI,1,4,False,Q25_4
R_MK0005590,"I have met, seen of heard people in STEM jobs who are like me",Yes a lotI,1,4,False,Q25_4
R_MK0006572,"I have met, seen of heard people in STEM jobs who are like me",Yes a little,2,3,False,Q25_4
R_MK0007539,"I have met, seen of heard people in STEM jobs who are like me",Yes a lotI,1,4,False,Q25_4
R_MK0008963,"I have met, seen of heard people in STEM jobs who are like me",Maybe,3,2,False,Q25_4
R_MK0009570,"I have met, seen of heard people in STEM jobs who are like me",Yes a lotI,1,4,False,Q25_4
R_MK0010378,"I have met, seen of heard people in STEM jobs who are like me",No,4,1,False,Q25_4
R_MK0011453,"I have met, seen of heard people in STEM jobs who are like me",Yes a lotI,1,4,False,Q25_4
R_MK0012825,"I have met, seen of heard people in STEM jobs who are like me",Yes a little,2,3,False,Q25_4
R_MK0013834,"I have met, seen of heard people in STEM jobs who are like me",Maybe,3,2,False,Q25_4
R_MK0014994,"I have met, seen of heard people in STEM jobs who are like me",Yes a lotI,1,4,False,Q25_4
R_MK0016779,"I have met, seen of heard people in STEM jobs who are like me",Yes a lotI,1,4,False,Q25_4
R_MK0017794,"I have met, seen of heard people in STEM jobs who are like me",Maybe,3,2,False,Q25_4
R_MK0018342,"I have met, seen of heard people in STEM jobs who are like me",Yes a lotI,1,4,False,Q25_4
R_MK0019683,"I have met, seen of heard people in STEM jobs who are like me",Yes a little,2,3,False,Q25_4
R_MK0020216,"I have met, seen of heard people in STEM jobs who are like me",Yes a lotI,1,4,False,Q25_4
R_MK0021162,"I have met, seen of heard people in STEM jobs who are like me",No,4,1,False,Q25_4
R_MK0022405,"I have met, seen of heard people in STEM jobs who are like me",Yes a lotI,1,4,False,Q25_4
R_MK0023140,"I have met, seen of heard people in STEM jobs who are like me",Yes a lotI,1,4,False,Q25_4
R_MK0024311,"I have met, seen of heard people in STEM jobs who are like me",Maybe,3,2,False,Q25_4
R_MK0025966,"I have met, seen of heard people in STEM jobs who are like me",Yes a lotI,1,4,False,Q25_4
R_MK0026432,"I have met, seen of heard people in STEM jobs who are like me",Yes a lotI,1,4,False,Q25_4
R_MK0027899,"I have met, seen of heard people in STEM jobs who are like me",Yes a little,2,3,False,Q25_4
R_MK0028139,"I have met, seen of heard people in STEM jobs who are like me",Maybe,3,2,False,Q25_4
R_MK0029136,"I have met, seen of heard people in STEM jobs who are like me",Yes a little,2,3,False,Q25_4
R_MK0030402,"I have met, seen of heard people in STEM jobs who are like me",Maybe,3,2,False,Q25_4
R_MK0031712,"I have met, seen of heard people in STEM jobs who are like me",Yes a lotI,1,4,False,Q25_4
R_MK0032849,"I have met, seen of heard people in STEM jobs who are like me",Maybe,3,2,False,Q25_4
R_MK0033442,"I have met, seen of heard people in STEM jobs who are like me",Yes a lotI,1,4,False,Q25_4
R_MK0034167,"I have met, seen of heard people in STEM jobs who are like me",Maybe,3,2,False,Q25_4
R_MK0036294,"I have met, seen of heard people in STEM jobs who are like me",I do not know,5,,True,Q25_4
R_MK0037202,"I have met, seen of heard people in STEM jobs who are like me",Maybe,3,2,False,Q25_4
R_MK0038243,"I have met, seen of heard people in STEM jobs who are like me",Yes a little,2,3,False,Q25_4
R_MK0039124,"I have met, seen of heard people in STEM jobs who are like me",Yes a lotI,1,4,False,Q25_4
R_MK0040868,"I have met, seen of heard people in STEM jobs who are like me",Yes a little,2,3,False,Q25_4
R_MK0041466,"I have met, seen of heard people in STEM jobs who are like me",Yes a lotI,1,4,False,Q25_4
R_MK0043853,"I have met, seen of heard people in STEM jobs who are like me",Yes a little,2,3,False,Q25_4
R_MK0044771,"I have met, seen of heard people in STEM jobs who are like me",Yes a lotI,1,4,False,Q25_4
R_MK0045989,"I have met, seen of heard people in STEM jobs who are like me",Maybe,3,2,False,Q25_4
R_MK0046892,"I have met, seen of heard people in STEM jobs who are like me",Yes a little,2,3,False,Q25_4
R_MK0047788,"I have met, seen of heard people in STEM jobs who are like me",Maybe,3,2,False,Q25_4
R_MK0048737,"I have met, seen of heard people in STEM jobs who are like me",Yes a little,2,3,False,Q25_4
R_MK0049733,"I have met, seen of heard people in STEM jobs who are like me",Maybe,3,2,False,Q25_4
R_MK0051185,"I have met, seen of heard people in STEM jobs who are like me",Yes a little,2,3,False,Q25_4
R_MK0052388,"I have met, seen of heard people in STEM jobs who are like me",Yes a lotI,1,4,False,Q25_4
R_MK0053734,"I have met, seen of heard people in STEM jobs who are like me",Yes a lotI,1,4,False,Q25_4
R_MK0054375,"I have met, seen of heard people in STEM jobs who are like me",Yes a little,2,3,False,Q25_4
R_MK0055989,"I have met, seen of heard people in STEM jobs who are like me",Yes a little,2,3,False,Q25_4
R_MK0056543,"I have met, seen of heard people in STEM jobs who are like me",Maybe,3,2,False,Q25_4
R_MK0057204,"I have met, seen of heard people in STEM jobs who are like me",No,4,1,False,Q25_4
R_MK0058713,"I have met, seen of heard people in STEM jobs who are like me",Yes a little,2,3,False,Q25_4
R_MK0059837,"I have met, seen of heard people in STEM jobs who are like me",Yes a lotI,1,4,False,Q25_4
R_MK0060527,"I have met, seen of heard people in STEM jobs who are like me",Yes a lotI,1,4,False,Q25_4
R_MK0061617,"I have met, seen of heard people in STEM jobs who are like me",Yes a lotI,1,4,False,Q25_4
R_MK0062899,"I have met, seen of heard people in STEM jobs who are like me",Yes a lotI,1,4,False,Q25_4
R_MK0063902,"I have met, seen of heard people in STEM jobs who are like me",Yes a little,2,3,False,Q25_4
R_MK0064156,"I have met, seen of heard people in STEM jobs who are like me",Yes a lotI,1,4,False,Q25_4
R_MK0066500,"I have met, seen of heard people in STEM jobs who are like me",Yes a little,2,3,False,Q25_4
R_MK0067466,"I have met, seen of heard people in STEM jobs who are like me",Yes a lotI,1,4,False,Q25_4
R_MK0068498,"I have met, seen of heard people in STEM jobs who are like me",Yes a little,2,3,False,Q25_4
R_MK0069685,"I have met, seen of heard people in STEM jobs who are like me",Yes a lotI,1,4,False,Q25_4
R_MK0070229,"I have met, seen of heard people in STEM jobs who are like me",Yes a little,2,3,False,Q25_4
R_MK0071423,"I have met, seen of heard people in STEM jobs who are like me",Yes a lotI,1,4,False,Q25_4
R_MK0072663,"I have met, seen of heard people in STEM jobs who are like me",Yes a little,2,3,False,Q25_4
R_MK0073741,"I have met, seen of heard people in STEM jobs who are like me",Yes a little,2,3,False,Q25_4
R_MK0074273,"I have met, seen of heard people in STEM jobs who are like me",Yes a lotI,1,4,False,Q25_4
R_MK0075806,"I have met, seen of heard people in STEM jobs who are like me",Yes a little,2,3,False,Q25_4
R_MK0076785,"I have met, seen of heard people in STEM jobs who are like me",Maybe,3,2,False,Q25_4
R_MK0077903,"I have met, seen of heard people in STEM jobs who are like me",Yes a little,2,3,False,Q25_4
R_MK0078295,"I have met, seen of heard people in STEM jobs who are like me",Yes a little,2,3,False,Q25_4
R_MK0079267,"I have met, seen of heard people in STEM jobs who are like me",Maybe,3,2,False,Q25_4
R_MK0080359,"I have met, seen of heard people in STEM jobs who are like me",I do not know,5,,True,Q25_4
R_MK0081202,"I have met, seen of heard people in STEM jobs who are like me",Yes a little,2,3,False,Q25_4
R_MK0082310,"I have met, seen of heard people in STEM jobs who are like me",Yes a little,2,3,False,Q25_4
R_MK0083313,"I have met, seen of heard people in STEM jobs who are like me",No,4,1,False,Q25_4
R_MK0085933,"I have met, seen of heard people in STEM jobs who are like me",Yes a lotI,1,4,False,Q25_4
R_MK0086867,"I have met, seen of heard people in STEM jobs who are like me",Yes a lotI,1,4,False,Q25_4
R_MK0087396,"I have met, seen of heard people in STEM jobs who are like me",No,4,1,False,Q25_4
R_MK0089973,"I have met, seen of heard people in STEM jobs who are like me",Yes a little,2,3,False,Q25_4
R_MK0090487,"I have met, seen of heard people in STEM jobs who are like me",Yes a lotI,1,4,False,Q25_4
R_MK0091120,"I have met, seen of heard people in STEM jobs who are like me",Yes a little,2,3,False,Q25_4
R_MK0092907,"I have met, seen of heard people in STEM jobs who are like me",Yes a lotI,1,4,False,Q25_4
R_MK0093607,"I have met, seen of heard people in STEM jobs who are like me",Yes a little,2,3,False,Q25_4
R_MK0094626,"I have met, seen of heard people in STEM jobs who are like me",No,4,1,False,Q25_4
R_MK0096327,"I have met, seen of heard people in STEM jobs who are like me",Yes a little,2,3,False,Q25_4
R_MK0097932,"I have met, seen of heard people in STEM jobs who are like me",Yes a lotI,1,4,False,Q25_4
R_MK0098967,"I have met, seen of heard people in STEM jobs who are like me",Yes a lotI,1,4,False,Q25_4
R_MK0099158,"I have met, seen of heard people in STEM jobs who are like me",Yes a lotI,1,4,False,Q25_4
R_MK0100207,"I have met, seen of heard people in STEM jobs who are like me",Yes a lotI,1,4,False,Q25_4
R_MK0101806,"I have met, seen of heard people in STEM jobs who are like me",Maybe,3,2,False,Q25_4
R_MK0103956,"I have met, seen of heard people in STEM jobs who are like me",Yes a lotI,1,4,False,Q25_4
R_MK0104978,"I have met, seen of heard people in STEM jobs who are like me",Yes a lotI,1,4,False,Q25_4
R_MK0105321,"I have met, seen of heard people in STEM jobs who are like me",Yes a little,2,3,False,Q25_4
R_MK0106123,"I have met, seen of heard people in STEM jobs who are like me",Yes a little,2,3,False,Q25_4
R_MK0107788,"I have met, seen of heard people in STEM jobs who are like me",Yes a little,2,3,False,Q25_4
R_MK0108835,"I have met, seen of heard people in STEM jobs who are like me",Yes a little,2,3,False,Q25_4
R_MK0109124,"I have met, seen of heard people in STEM jobs who are like me",Maybe,3,2,False,Q25_4
R_MK0110762,"I have met, seen of heard people in STEM jobs who are like me",No,4,1,False,Q25_4
R_MK0111624,"I have met, seen of heard people in STEM jobs who are like me",Maybe,3,2,False,Q25_4
R_MK0112361,"I have met, seen of heard people in STEM jobs who are like me",Yes a lotI,1,4,False,Q25_4
R_MK0113467,"I have met, seen of heard people in STEM jobs who are like me",Yes a little,2,3,False,Q25_4
R_MK0114346,"I have met, seen of heard people in STEM jobs who are like me",Yes a little,2,3,False,Q25_4
R_MK0115748,"I have met, seen of heard people in STEM jobs who are like me",I do not know,5,,True,Q25_4
R_MK0116915,"I have met, seen of heard people in STEM jobs who are like me",Yes a lotI,1,4,False,Q25_4
R_MK0117603,"I have met, seen of heard people in STEM jobs who are like me",Yes a little,2,3,False,Q25_4
R_MK0118631,"I have met, seen of heard people in STEM jobs who are like me",Yes a little,2,3,False,Q25_4
R_MK0119995,"I have met, seen of heard people in STEM jobs who are like me",Yes a little,2,3,False,Q25_4
R_MK0120834,"I have met, seen of heard people in STEM jobs who are like me",Yes a little,2,3,False,Q25_4
R_MK0121952,"I have met, seen of heard people in STEM jobs who are like me",Yes a little,2,3,False,Q25_4
R_MK0123453,"I have met, seen of heard people in STEM jobs who are like me",Yes a lotI,1,4,False,Q25_4
R_MK0124466,"I have met, seen of heard people in STEM jobs who are like me",Maybe,3,2,False,Q25_4
R_MK0125281,"I have met, seen of heard people in STEM jobs who are like me",Yes a lotI,1,4,False,Q25_4
R_MK0126574,"I have met, seen of heard people in STEM jobs who are like me",Yes a lotI,1,4,False,Q25_4
R_MK0127853,"I have met, seen of heard people in STEM jobs who are like me",Yes a little,2,3,False,Q25_4
R_MK0128835,"I have met, seen of heard people in STEM jobs who are like me",Yes a little,2,3,False,Q25_4
R_MK0129827,"I have met, seen of heard people in STEM jobs who are like me",Yes a little,2,3,False,Q25_4
R_MK0130464,"I have met, seen of heard people in STEM jobs who are like me",Yes a lotI,1,4,False,Q25_4
R_MK0131132,"I have met, seen of heard people in STEM jobs who are like me",Maybe,3,2,False,Q25_4
R_MK0132486,"I have met, seen of heard people in STEM jobs who are like me",No,4,1,False,Q25_4
R_MK0133408,"I have met, seen of heard people in STEM jobs who are like me",Yes a little,2,3,False,Q25_4
R_MK0134215,"I have met, seen of heard people in STEM jobs who are like me",Yes a lotI,1,4,False,Q25_4
R_MK0135917,"I have met, seen of heard people in STEM jobs who are like me",I do not know,5,,True,Q25_4
R_MK0137508,"I have met, seen of heard people in STEM jobs who are like me",Yes a lotI,1,4,False,Q25_4
R_MK0138319,"I have met, seen of heard people in STEM jobs who are like me",Maybe,3,2,False,Q25_4
R_MK0139468,"I have met, seen of heard people in STEM jobs who are like me",Yes a lotI,1,4,False,Q25_4
R_MK0140416,"I have met, seen of heard people in STEM jobs who are like me",Maybe,3,2,False,Q25_4
R_MK0141171,"I have met, seen of heard people in STEM jobs who are like me",Yes a little,2,3,False,Q25_4
R_MK0144749,"I have met, seen of heard people in STEM jobs who are like me",Yes a lotI,1,4,False,Q25_4
R_MK0145593,"I have met, seen of heard people in STEM jobs who are like me",Yes a little,2,3,False,Q25_4
R_MK0146638,"I have met, seen of heard people in STEM jobs who are like me",Maybe,3,2,False,Q25_4
R_MK0148155,"I have met, seen of heard people in STEM jobs who are like me",Yes a lotI,1,4,False,Q25_4
R_MK0150172,"I have met, seen of heard people in STEM jobs who are like me",Yes a lotI,1,4,False,Q25_4
R_MK0151675,"I have met, seen of heard people in STEM jobs who are like me",Yes a lotI,1,4,False,Q25_4
R_MK0152207,"I have met, seen of heard people in STEM jobs who are like me",No,4,1,False,Q25_4
R_MK0154868,"I have met, seen of heard people in STEM jobs who are like me",Maybe,3,2,False,Q25_4
R_MK0155973,"I have met, seen of heard people in STEM jobs who are like me",Yes a lotI,1,4,False,Q25_4
R_MK0156575,"I have met, seen of heard people in STEM jobs who are like me",I do not know,5,,True,Q25_4
R_MK0157758,"I have met, seen of heard people in STEM jobs who are like me",Yes a little,2,3,False,Q25_4
R_MK0158694,"I have met, seen of heard people in STEM jobs who are like me",No,4,1,False,Q25_4
R_MK0159874,"I have met, seen of heard people in STEM jobs who are like me",Yes a lotI,1,4,False,Q25_4
R_MK0160930,"I have met, seen of heard people in STEM jobs who are like me",Yes a lotI,1,4,False,Q25_4
R_MK0161224,"I have met, seen of heard people in STEM jobs who are like me",Yes a little,2,3,False,Q25_4
R_MK0163831,"I have met, seen of heard people in STEM jobs who are like me",No,4,1,False,Q25_4
R_MK0164526,"I have met, seen of heard people in STEM jobs who are like me",Yes a lotI,1,4,False,Q25_4
R_MK0165548,"I have met, seen of heard people in STEM jobs who are like me",Yes a lotI,1,4,False,Q25_4
R_MK0166129,"I have met, seen of heard people in STEM jobs who are like me",Maybe,3,2,False,Q25_4
R_MK0167780,"I have met, seen of heard people in STEM jobs who are like me",Yes a little,2,3,False,Q25_4
R_MK0168594,"I have met, seen of heard people in STEM jobs who are like me",No,4,1,False,Q25_4
R_MK0169620,"I have met, seen of heard people in STEM jobs who are like me",Yes a lotI,1,4,False,Q25_4
R_MK0170795,"I have met, seen of heard people in STEM jobs who are like me",Yes a lotI,1,4,False,Q25_4
R_MK0171952,"I have met, seen of heard people in STEM jobs who are like me",Yes a little,2,3,False,Q25_4
R_MK0173432,"I have met, seen of heard people in STEM jobs who are like me",Yes a lotI,1,4,False,Q25_4
R_MK0174167,"I have met, seen of heard people in STEM jobs who are like me",Maybe,3,2,False,Q25_4
R_MK0175836,"I have met, seen of heard people in STEM jobs who are like me",Yes a little,2,3,False,Q25_4
R_MK0176600,"I have met, seen of heard people in STEM jobs who are like me",Maybe,3,2,False,Q25_4
R_MK0177349,"I have met, seen of heard people in STEM jobs who are like me",Yes a lotI,1,4,False,Q25_4
R_MK0178108,"I have met, seen of heard people in STEM jobs who are like me",Yes a lotI,1,4,False,Q25_4
R_MK0179378,"I have met, seen of heard people in STEM jobs who are like me",Maybe,3,2,False,Q25_4
R_MK0000103,People in my family think STEM could be a good option for me,Yes a lotI,1,4,False,Q25_5
R_MK0001265,People in my family think STEM could be a good option for me,Yes a lotI,1,4,False,Q25_5
R_MK0002320,People in my family think STEM could be a good option for me,Yes a lotI,1,4,False,Q25_5
R_MK0003688,People in my family think STEM could be a good option for me,Maybe,3,2,False,Q25_5
R_MK0004317,People in my family think STEM could be a good option for me,Yes a little,2,3,False,Q25_5
R_MK0005590,People in my family think STEM could be a good option for me,No,4,1,False,Q25_5
R_MK0006572,People in my family think STEM could be a good option for me,I do not know,5,,True,Q25_5
R_MK0007539,People in my family think STEM could be a good option for me,Yes a little,2,3,False,Q25_5
R_MK0008963,People in my family think STEM could be a good option for me,Yes a little,2,3,False,Q25_5
R_MK0009570,People in my family think STEM could be a good option for me,I do not know,5,,True,Q25_5
R_MK0010378,People in my family think STEM could be a good option for me,Yes a lotI,1,4,False,Q25_5
R_MK0011453,People in my family think STEM could be a good option for me,No,4,1,False,Q25_5
R_MK0012825,People in my family think STEM could be a good option for me,Yes a lotI,1,4,False,Q25_5
R_MK0013834,People in my family think STEM could be a good option for me,Yes a lotI,1,4,False,Q25_5
R_MK0014994,People in my family think STEM could be a good option for me,Yes a little,2,3,False,Q25_5
R_MK0016779,People in my family think STEM could be a good option for me,Yes a little,2,3,False,Q25_5
R_MK0017794,People in my family think STEM could be a good option for me,Maybe,3,2,False,Q25_5
R_MK0018342,People in my family think STEM could be a good option for me,I do not know,5,,True,Q25_5
R_MK0019683,People in my family think STEM could be a good option for me,Yes a lotI,1,4,False,Q25_5
R_MK0020216,People in my family think STEM could be a good option for me,Yes a lotI,1,4,False,Q25_5
R_MK0021162,People in my family think STEM could be a good option for me,Yes a little,2,3,False,Q25_5
R_MK0022405,People in my family think STEM could be a good option for me,Yes a little,2,3,False,Q25_5
R_MK0023140,People in my family think STEM could be a good option for me,Yes a lotI,1,4,False,Q25_5
R_MK0024311,People in my family think STEM could be a good option for me,Maybe,3,2,False,Q25_5
R_MK0025966,People in my family think STEM could be a good option for me,No,4,1,False,Q25_5
R_MK0026432,People in my family think STEM could be a good option for me,Yes a lotI,1,4,False,Q25_5
R_MK0027899,People in my family think STEM could be a good option for me,No,4,1,False,Q25_5
R_MK0028139,People in my family think STEM could be a good option for me,Maybe,3,2,False,Q25_5
R_MK0029136,People in my family think STEM could be a good option for me,I do not know,5,,True,Q25_5
R_MK0030402,People in my family think STEM could be a good option for me,Yes a little,2,3,False,Q25_5
R_MK0031712,People in my family think STEM could be a good option for me,Yes a little,2,3,False,Q25_5
R_MK0032849,People in my family think STEM could be a good option for me,Yes a lotI,1,4,False,Q25_5
R_MK0033442,People in my family think STEM could be a good option for me,Yes a lotI,1,4,False,Q25_5
R_MK0034167,People in my family think STEM could be a good option for me,Yes a little,2,3,False,Q25_5
R_MK0036294,People in my family think STEM could be a good option for me,No,4,1,False,Q25_5
R_MK0037202,People in my family think STEM could be a good option for me,Yes a little,2,3,False,Q25_5
R_MK0038243,People in my family think STEM could be a good option for me,Yes a lotI,1,4,False,Q25_5
R_MK0039124,People in my family think STEM could be a good option for me,Yes a little,2,3,False,Q25_5
R_MK0040868,People in my family think STEM could be a good option for me,Yes a lotI,1,4,False,Q25_5
R_MK0041466,People in my family think STEM could be a good option for me,Yes a little,2,3,False,Q25_5
R_MK0043853,People in my family think STEM could be a good option for me,No,4,1,False,Q25_5
R_MK0044771,People in my family think STEM could be a good option for me,Yes a little,2,3,False,Q25_5
R_MK0045989,People in my family think STEM could be a good option for me,Yes a little,2,3,False,Q25_5
R_MK0046892,People in my family think STEM could be a good option for me,Yes a little,2,3,False,Q25_5
R_MK0047788,People in my family think STEM could be a good option for me,Yes a little,2,3,False,Q25_5
R_MK0048737,People in my family think STEM could be a good option for me,Yes a lotI,1,4,False,Q25_5
R_MK0049733,People in my family think STEM could be a good option for me,No,4,1,False,Q25_5
R_MK0051185,People in my family think STEM could be a good option for me,Yes a little,2,3,False,Q25_5
R_MK0052388,People in my family think STEM could be a good option for me,Yes a little,2,3,False,Q25_5
R_MK0053734,People in my family think STEM could be a good option for me,No,4,1,False,Q25_5
R_MK0054375,People in my family think STEM could be a good option for me,Yes a little,2,3,False,Q25_5
R_MK0055989,People in my family think STEM could be a good option for me,Yes a lotI,1,4,False,Q25_5
R_MK0056543,People in my family think STEM could be a good option for me,Maybe,3,2,False,Q25_5
R_MK0057204,People in my family think STEM could be a good option for me,Yes a lotI,1,4,False,Q25_5
R_MK0058713,People in my family think STEM could be a good option for me,Yes a lotI,1,4,False,Q25_5
R_MK0059837,People in my family think STEM could be a good option for me,No,4,1,False,Q25_5
R_MK0060527,People in my family think STEM could be a good option for me,Yes a little,2,3,False,Q25_5
R_MK0061617,People in my family think STEM could be a good option for me,I do not know,5,,True,Q25_5
R_MK0062899,People in my family think STEM could be a good option for me,No,4,1,False,Q25_5
R_MK0063902,People in my family think STEM could be a good option for me,Yes a lotI,1,4,False,Q25_5
R_MK0064156,People in my family think STEM could be a good option for me,Yes a lotI,1,4,False,Q25_5
R_MK0066500,People in my family think STEM could be a good option for me,Yes a little,2,3,False,Q25_5
R_MK0067466,People in my family think STEM could be a good option for me,Yes a little,2,3,False,Q25_5
R_MK0068498,People in my family think STEM could be a good option for me,Yes a lotI,1,4,False,Q25_5
R_MK0069685,People in my family think STEM could be a good option for me,Yes a lotI,1,4,False,Q25_5
R_MK0070229,People in my family think STEM could be a good option for me,Yes a little,2,3,False,Q25_5
R_MK0071423,People in my family think STEM could be a good option for me,Yes a lotI,1,4,False,Q25_5
R_MK0072663,People in my family think STEM could be a good option for me,Yes a little,2,3,False,Q25_5
R_MK0073741,People in my family think STEM could be a good option for me,Maybe,3,2,False,Q25_5
R_MK0074273,People in my family think STEM could be a good option for me,Yes a lotI,1,4,False,Q25_5
R_MK0075806,People in my family think STEM could be a good option for me,Yes a little,2,3,False,Q25_5
R_MK0076785,People in my family think STEM could be a good option for me,Yes a little,2,3,False,Q25_5
R_MK0077903,People in my family think STEM could be a good option for me,Yes a little,2,3,False,Q25_5
R_MK0078295,People in my family think STEM could be a good option for me,Yes a little,2,3,False,Q25_5
R_MK0079267,People in my family think STEM could be a good option for me,Yes a little,2,3,False,Q25_5
R_MK0080359,People in my family think STEM could be a good option for me,Yes a lotI,1,4,False,Q25_5
R_MK0081202,People in my family think STEM could be a good option for me,Yes a lotI,1,4,False,Q25_5
R_MK0082310,People in my family think STEM could be a good option for me,I do not know,5,,True,Q25_5
R_MK0083313,People in my family think STEM could be a good option for me,Maybe,3,2,False,Q25_5
R_MK0085933,People in my family think STEM could be a good option for me,No,4,1,False,Q25_5
R_MK0086867,People in my family think STEM could be a good option for me,Maybe,3,2,False,Q25_5
R_MK0087396,People in my family think STEM could be a good option for me,Yes a little,2,3,False,Q25_5
R_MK0089973,People in my family think STEM could be a good option for me,Yes a little,2,3,False,Q25_5
R_MK0090487,People in my family think STEM could be a good option for me,Yes a lotI,1,4,False,Q25_5
R_MK0091120,People in my family think STEM could be a good option for me,Yes a little,2,3,False,Q25_5
R_MK0092907,People in my family think STEM could be a good option for me,Yes a lotI,1,4,False,Q25_5
R_MK0093607,People in my family think STEM could be a good option for me,Yes a lotI,1,4,False,Q25_5
R_MK0094626,People in my family think STEM could be a good option for me,Yes a little,2,3,False,Q25_5
R_MK0096327,People in my family think STEM could be a good option for me,Yes a lotI,1,4,False,Q25_5
R_MK0097932,People in my family think STEM could be a good option for me,Yes a little,2,3,False,Q25_5
R_MK0098967,People in my family think STEM could be a good option for me,Yes a lotI,1,4,False,Q25_5
R_MK0099158,People in my family think STEM could be a good option for me,Yes a little,2,3,False,Q25_5
R_MK0100207,People in my family think STEM could be a good option for me,Maybe,3,2,False,Q25_5
R_MK0101806,People in my family think STEM could be a good option for me,Yes a lotI,1,4,False,Q25_5
R_MK0103956,People in my family think STEM could be a good option for me,Maybe,3,2,False,Q25_5
R_MK0104978,People in my family think STEM could be a good option for me,Yes a little,2,3,False,Q25_5
R_MK0105321,People in my family think STEM could be a good option for me,Yes a little,2,3,False,Q25_5
R_MK0106123,People in my family think STEM could be a good option for me,Yes a little,2,3,False,Q25_5
R_MK0107788,People in my family think STEM could be a good option for me,Maybe,3,2,False,Q25_5
R_MK0108835,People in my family think STEM could be a good option for me,Yes a little,2,3,False,Q25_5
R_MK0109124,People in my family think STEM could be a good option for me,Maybe,3,2,False,Q25_5
R_MK0110762,People in my family think STEM could be a good option for me,No,4,1,False,Q25_5
R_MK0111624,People in my family think STEM could be a good option for me,Yes a little,2,3,False,Q25_5
R_MK0112361,People in my family think STEM could be a good option for me,I do not know,5,,True,Q25_5
R_MK0113467,People in my family think STEM could be a good option for me,Yes a little,2,3,False,Q25_5
R_MK0114346,People in my family think STEM could be a good option for me,Yes a lotI,1,4,False,Q25_5
R_MK0115748,People in my family think STEM could be a good option for me,I do not know,5,,True,Q25_5
R_MK0116915,People in my family think STEM could be a good option for me,I do not know,5,,True,Q25_5
R_MK0117603,People in my family think STEM could be a good option for me,Yes a lotI,1,4,False,Q25_5
R_MK0118631,People in my family think STEM could be a good option for me,No,4,1,False,Q25_5
R_MK0119995,People in my family think STEM could be a good option for me,Yes a little,2,3,False,Q25_5
R_MK0120834,People in my family think STEM could be a good option for me,Yes a little,2,3,False,Q25_5
R_MK0121952,People in my family think STEM could be a good option for me,Maybe,3,2,False,Q25_5
R_MK0123453,People in my family think STEM could be a good option for me,Yes a lotI,1,4,False,Q25_5
R_MK0124466,People in my family think STEM could be a good option for me,Yes a lotI,1,4,False,Q25_5
R_MK0125281,People in my family think STEM could be a good option for me,Maybe,3,2,False,Q25_5
R_MK0126574,People in my family think STEM could be a good option for me,Yes a lotI,1,4,False,Q25_5
R_MK0127853,People in my family think STEM could be a good option for me,Yes a lotI,1,4,False,Q25_5
R_MK0128835,People in my family think STEM could be a good option for me,Yes a lotI,1,4,False,Q25_5
R_MK0129827,People in my family think STEM could be a good option for me,Yes a lotI,1,4,False,Q25_5
R_MK0130464,People in my family think STEM could be a good option for me,Maybe,3,2,False,Q25_5
R_MK0131132,People in my family think STEM could be a good option for me,Yes a little,2,3,False,Q25_5
R_MK0132486,People in my family think STEM could be a good option for me,No,4,1,False,Q25_5
R_MK0133408,People in my family think STEM could be a good option for me,Yes a little,2,3,False,Q25_5
R_MK0134215,People in my family think STEM could be a good option for me,Yes a little,2,3,False,Q25_5
R_MK0135917,People in my family think STEM could be a good option for me,Yes a little,2,3,False,Q25_5
R_MK0137508,People in my family think STEM could be a good option for me,Yes a lotI,1,4,False,Q25_5
R_MK0138319,People in my family think STEM could be a good option for me,No,4,1,False,Q25_5
R_MK0139468,People in my family think STEM could be a good option for me,Yes a little,2,3,False,Q25_5
R_MK0140416,People in my family think STEM could be a good option for me,Yes a little,2,3,False,Q25_5
R_MK0141171,People in my family think STEM could be a good option for me,Yes a little,2,3,False,Q25_5
R_MK0144749,People in my family think STEM could be a good option for me,Yes a lotI,1,4,False,Q25_5
R_MK0145593,People in my family think STEM could be a good option for me,Maybe,3,2,False,Q25_5
R_MK0146638,People in my family think STEM could be a good option for me,Yes a lotI,1,4,False,Q25_5
R_MK0148155,People in my family think STEM could be a good option for me,Maybe,3,2,False,Q25_5
R_MK0150172,People in my family think STEM could be a good option for me,Yes a lotI,1,4,False,Q25_5
R_MK0151675,People in my family think STEM could be a good option for me,Yes a lotI,1,4,False,Q25_5
R_MK0152207,People in my family think STEM could be a good option for me,No,4,1,False,Q25_5
R_MK0154868,People in my family think STEM could be a good option for me,Yes a little,2,3,False,Q25_5
R_MK0155973,People in my family think STEM could be a good option for me,Yes a little,2,3,False,Q25_5
R_MK0156575,People in my family think STEM could be a good option for me,Maybe,3,2,False,Q25_5
R_MK0157758,People in my family think STEM could be a good option for me,Yes a lotI,1,4,False,Q25_5
R_MK0158694,People in my family think STEM could be a good option for me,Yes a little,2,3,False,Q25_5
R_MK0159874,People in my family think STEM could be a good option for me,Yes a little,2,3,False,Q25_5
R_MK0160930,People in my family think STEM could be a good option for me,Yes a little,2,3,False,Q25_5
R_MK0161224,People in my family think STEM could be a good option for me,Yes a little,2,3,False,Q25_5
R_MK0163831,People in my family think STEM could be a good option for me,Yes a lotI,1,4,False,Q25_5
R_MK0164526,People in my family think STEM could be a good option for me,Yes a little,2,3,False,Q25_5
R_MK0165548,People in my family think STEM could be a good option for me,Yes a little,2,3,False,Q25_5
R_MK0166129,People in my family think STEM could be a good option for me,Maybe,3,2,False,Q25_5
R_MK0167780,People in my family think STEM could be a good option for me,Yes a little,2,3,False,Q25_5
R_MK0168594,People in my family think STEM could be a good option for me,Yes a little,2,3,False,Q25_5
R_MK0169620,People in my family think STEM could be a good option for me,Maybe,3,2,False,Q25_5
R_MK0170795,People in my family think STEM could be a good option for me,Yes a little,2,3,False,Q25_5
R_MK0171952,People in my family think STEM could be a good option for me,Yes a lotI,1,4,False,Q25_5
R_MK0173432,People in my family think STEM could be a good option for me,Yes a little,2,3,False,Q25_5
R_MK0174167,People in my family think STEM could be a good option for me,Maybe,3,2,False,Q25_5
R_MK0175836,People in my family think STEM could be a good option for me,No,4,1,False,Q25_5
R_MK0176600,People in my family think STEM could be a good option for me,Yes a little,2,3,False,Q25_5
R_MK0177349,People in my family think STEM could be a good option for me,No,4,1,False,Q25_5
R_MK0178108,People in my family think STEM could be a good option for me,Yes a lotI,1,4,False,Q25_5
R_MK0179378,People in my family think STEM could be a good option for me,No,4,1,False,Q25_5
R_MK0000103,My teachers encourage me to think about STEM subjects or careers,Yes a little,2,3,False,Q25_6
R_MK0001265,My teachers encourage me to think about STEM subjects or careers,Maybe,3,2,False,Q25_6
R_MK0002320,My teachers encourage me to think about STEM subjects or careers,Yes a little,2,3,False,Q25_6
R_MK0003688,My teachers encourage me to think about STEM subjects or careers,Yes a lotI,1,4,False,Q25_6
R_MK0004317,My teachers encourage me to think about STEM subjects or careers,Yes a little,2,3,False,Q25_6
R_MK0005590,My teachers encourage me to think about STEM subjects or careers,Yes a lotI,1,4,False,Q25_6
R_MK0006572,My teachers encourage me to think about STEM subjects or careers,Maybe,3,2,False,Q25_6
R_MK0007539,My teachers encourage me to think about STEM subjects or careers,Maybe,3,2,False,Q25_6
R_MK0008963,My teachers encourage me to think about STEM subjects or careers,Yes a lotI,1,4,False,Q25_6
R_MK0009570,My teachers encourage me to think about STEM subjects or careers,Yes a lotI,1,4,False,Q25_6
R_MK0010378,My teachers encourage me to think about STEM subjects or careers,Maybe,3,2,False,Q25_6
R_MK0011453,My teachers encourage me to think about STEM subjects or careers,Maybe,3,2,False,Q25_6
R_MK0012825,My teachers encourage me to think about STEM subjects or careers,Yes a lotI,1,4,False,Q25_6
R_MK0013834,My teachers encourage me to think about STEM subjects or careers,Yes a lotI,1,4,False,Q25_6
R_MK0014994,My teachers encourage me to think about STEM subjects or careers,I do not know,5,,True,Q25_6
R_MK0016779,My teachers encourage me to think about STEM subjects or careers,Yes a lotI,1,4,False,Q25_6
R_MK0017794,My teachers encourage me to think about STEM subjects or careers,Maybe,3,2,False,Q25_6
R_MK0018342,My teachers encourage me to think about STEM subjects or careers,Maybe,3,2,False,Q25_6
R_MK0019683,My teachers encourage me to think about STEM subjects or careers,Yes a little,2,3,False,Q25_6
R_MK0020216,My teachers encourage me to think about STEM subjects or careers,Yes a little,2,3,False,Q25_6
R_MK0021162,My teachers encourage me to think about STEM subjects or careers,Maybe,3,2,False,Q25_6
R_MK0022405,My teachers encourage me to think about STEM subjects or careers,Yes a little,2,3,False,Q25_6
R_MK0023140,My teachers encourage me to think about STEM subjects or careers,Yes a lotI,1,4,False,Q25_6
R_MK0024311,My teachers encourage me to think about STEM subjects or careers,No,4,1,False,Q25_6
R_MK0025966,My teachers encourage me to think about STEM subjects or careers,Yes a little,2,3,False,Q25_6
R_MK0026432,My teachers encourage me to think about STEM subjects or careers,Maybe,3,2,False,Q25_6
R_MK0027899,My teachers encourage me to think about STEM subjects or careers,Maybe,3,2,False,Q25_6
R_MK0028139,My teachers encourage me to think about STEM subjects or careers,Maybe,3,2,False,Q25_6
R_MK0029136,My teachers encourage me to think about STEM subjects or careers,Maybe,3,2,False,Q25_6
R_MK0030402,My teachers encourage me to think about STEM subjects or careers,Yes a lotI,1,4,False,Q25_6
R_MK0031712,My teachers encourage me to think about STEM subjects or careers,Yes a lotI,1,4,False,Q25_6
R_MK0032849,My teachers encourage me to think about STEM subjects or careers,Yes a little,2,3,False,Q25_6
R_MK0033442,My teachers encourage me to think about STEM subjects or careers,Yes a lotI,1,4,False,Q25_6
R_MK0034167,My teachers encourage me to think about STEM subjects or careers,Yes a lotI,1,4,False,Q25_6
R_MK0036294,My teachers encourage me to think about STEM subjects or careers,Yes a little,2,3,False,Q25_6
R_MK0037202,My teachers encourage me to think about STEM subjects or careers,Yes a little,2,3,False,Q25_6
R_MK0038243,My teachers encourage me to think about STEM subjects or careers,Yes a lotI,1,4,False,Q25_6
R_MK0039124,My teachers encourage me to think about STEM subjects or careers,No,4,1,False,Q25_6
R_MK0040868,My teachers encourage me to think about STEM subjects or careers,Yes a little,2,3,False,Q25_6
R_MK0041466,My teachers encourage me to think about STEM subjects or careers,I do not know,5,,True,Q25_6
R_MK0043853,My teachers encourage me to think about STEM subjects or careers,Yes a little,2,3,False,Q25_6
R_MK0044771,My teachers encourage me to think about STEM subjects or careers,Yes a little,2,3,False,Q25_6
R_MK0045989,My teachers encourage me to think about STEM subjects or careers,Maybe,3,2,False,Q25_6
R_MK0046892,My teachers encourage me to think about STEM subjects or careers,Yes a lotI,1,4,False,Q25_6
R_MK0047788,My teachers encourage me to think about STEM subjects or careers,Yes a little,2,3,False,Q25_6
R_MK0048737,My teachers encourage me to think about STEM subjects or careers,Yes a lotI,1,4,False,Q25_6
R_MK0049733,My teachers encourage me to think about STEM subjects or careers,Yes a little,2,3,False,Q25_6
R_MK0051185,My teachers encourage me to think about STEM subjects or careers,Yes a little,2,3,False,Q25_6
R_MK0052388,My teachers encourage me to think about STEM subjects or careers,Yes a lotI,1,4,False,Q25_6
R_MK0053734,My teachers encourage me to think about STEM subjects or careers,Yes a lotI,1,4,False,Q25_6
R_MK0054375,My teachers encourage me to think about STEM subjects or careers,Yes a little,2,3,False,Q25_6
R_MK0055989,My teachers encourage me to think about STEM subjects or careers,Maybe,3,2,False,Q25_6
R_MK0056543,My teachers encourage me to think about STEM subjects or careers,Maybe,3,2,False,Q25_6
R_MK0057204,My teachers encourage me to think about STEM subjects or careers,Yes a little,2,3,False,Q25_6
R_MK0058713,My teachers encourage me to think about STEM subjects or careers,Maybe,3,2,False,Q25_6
R_MK0059837,My teachers encourage me to think about STEM subjects or careers,Yes a little,2,3,False,Q25_6
R_MK0060527,My teachers encourage me to think about STEM subjects or careers,Yes a little,2,3,False,Q25_6
R_MK0061617,My teachers encourage me to think about STEM subjects or careers,Yes a lotI,1,4,False,Q25_6
R_MK0062899,My teachers encourage me to think about STEM subjects or careers,Yes a little,2,3,False,Q25_6
R_MK0063902,My teachers encourage me to think about STEM subjects or careers,No,4,1,False,Q25_6
R_MK0064156,My teachers encourage me to think about STEM subjects or careers,Yes a lotI,1,4,False,Q25_6
R_MK0066500,My teachers encourage me to think about STEM subjects or careers,Yes a lotI,1,4,False,Q25_6
R_MK0067466,My teachers encourage me to think about STEM subjects or careers,Yes a little,2,3,False,Q25_6
R_MK0068498,My teachers encourage me to think about STEM subjects or careers,Maybe,3,2,False,Q25_6
R_MK0069685,My teachers encourage me to think about STEM subjects or careers,Yes a little,2,3,False,Q25_6
R_MK0070229,My teachers encourage me to think about STEM subjects or careers,Yes a lotI,1,4,False,Q25_6
R_MK0071423,My teachers encourage me to think about STEM subjects or careers,Yes a little,2,3,False,Q25_6
R_MK0072663,My teachers encourage me to think about STEM subjects or careers,Yes a little,2,3,False,Q25_6
R_MK0073741,My teachers encourage me to think about STEM subjects or careers,No,4,1,False,Q25_6
R_MK0074273,My teachers encourage me to think about STEM subjects or careers,Yes a little,2,3,False,Q25_6
R_MK0075806,My teachers encourage me to think about STEM subjects or careers,Yes a lotI,1,4,False,Q25_6
R_MK0076785,My teachers encourage me to think about STEM subjects or careers,No,4,1,False,Q25_6
R_MK0077903,My teachers encourage me to think about STEM subjects or careers,Maybe,3,2,False,Q25_6
R_MK0078295,My teachers encourage me to think about STEM subjects or careers,Yes a little,2,3,False,Q25_6
R_MK0079267,My teachers encourage me to think about STEM subjects or careers,No,4,1,False,Q25_6
R_MK0080359,My teachers encourage me to think about STEM subjects or careers,No,4,1,False,Q25_6
R_MK0081202,My teachers encourage me to think about STEM subjects or careers,Maybe,3,2,False,Q25_6
R_MK0082310,My teachers encourage me to think about STEM subjects or careers,Yes a little,2,3,False,Q25_6
R_MK0083313,My teachers encourage me to think about STEM subjects or careers,Yes a little,2,3,False,Q25_6
R_MK0085933,My teachers encourage me to think about STEM subjects or careers,Yes a little,2,3,False,Q25_6
R_MK0086867,My teachers encourage me to think about STEM subjects or careers,Yes a lotI,1,4,False,Q25_6
R_MK0087396,My teachers encourage me to think about STEM subjects or careers,Yes a lotI,1,4,False,Q25_6
R_MK0089973,My teachers encourage me to think about STEM subjects or careers,Yes a lotI,1,4,False,Q25_6
R_MK0090487,My teachers encourage me to think about STEM subjects or careers,Yes a little,2,3,False,Q25_6
R_MK0091120,My teachers encourage me to think about STEM subjects or careers,Maybe,3,2,False,Q25_6
R_MK0092907,My teachers encourage me to think about STEM subjects or careers,I do not know,5,,True,Q25_6
R_MK0093607,My teachers encourage me to think about STEM subjects or careers,I do not know,5,,True,Q25_6
R_MK0094626,My teachers encourage me to think about STEM subjects or careers,Yes a little,2,3,False,Q25_6
R_MK0096327,My teachers encourage me to think about STEM subjects or careers,Yes a little,2,3,False,Q25_6
R_MK0097932,My teachers encourage me to think about STEM subjects or careers,Maybe,3,2,False,Q25_6
R_MK0098967,My teachers encourage me to think about STEM subjects or careers,Yes a little,2,3,False,Q25_6
R_MK0099158,My teachers encourage me to think about STEM subjects or careers,Yes a little,2,3,False,Q25_6
R_MK0100207,My teachers encourage me to think about STEM subjects or careers,Yes a lotI,1,4,False,Q25_6
R_MK0101806,My teachers encourage me to think about STEM subjects or careers,Yes a little,2,3,False,Q25_6
R_MK0103956,My teachers encourage me to think about STEM subjects or careers,Maybe,3,2,False,Q25_6
R_MK0104978,My teachers encourage me to think about STEM subjects or careers,Yes a little,2,3,False,Q25_6
R_MK0105321,My teachers encourage me to think about STEM subjects or careers,I do not know,5,,True,Q25_6
R_MK0106123,My teachers encourage me to think about STEM subjects or careers,Yes a lotI,1,4,False,Q25_6
R_MK0107788,My teachers encourage me to think about STEM subjects or careers,Yes a lotI,1,4,False,Q25_6
R_MK0108835,My teachers encourage me to think about STEM subjects or careers,Yes a little,2,3,False,Q25_6
R_MK0109124,My teachers encourage me to think about STEM subjects or careers,Yes a little,2,3,False,Q25_6
R_MK0110762,My teachers encourage me to think about STEM subjects or careers,Yes a little,2,3,False,Q25_6
R_MK0111624,My teachers encourage me to think about STEM subjects or careers,Yes a little,2,3,False,Q25_6
R_MK0112361,My teachers encourage me to think about STEM subjects or careers,Yes a little,2,3,False,Q25_6
R_MK0113467,My teachers encourage me to think about STEM subjects or careers,No,4,1,False,Q25_6
R_MK0114346,My teachers encourage me to think about STEM subjects or careers,Yes a lotI,1,4,False,Q25_6
R_MK0115748,My teachers encourage me to think about STEM subjects or careers,Maybe,3,2,False,Q25_6
R_MK0116915,My teachers encourage me to think about STEM subjects or careers,Maybe,3,2,False,Q25_6
R_MK0117603,My teachers encourage me to think about STEM subjects or careers,Yes a lotI,1,4,False,Q25_6
R_MK0118631,My teachers encourage me to think about STEM subjects or careers,Yes a little,2,3,False,Q25_6
R_MK0119995,My teachers encourage me to think about STEM subjects or careers,Yes a little,2,3,False,Q25_6
R_MK0120834,My teachers encourage me to think about STEM subjects or careers,Yes a lotI,1,4,False,Q25_6
R_MK0121952,My teachers encourage me to think about STEM subjects or careers,Yes a little,2,3,False,Q25_6
R_MK0123453,My teachers encourage me to think about STEM subjects or careers,Yes a lotI,1,4,False,Q25_6
R_MK0124466,My teachers encourage me to think about STEM subjects or careers,Yes a little,2,3,False,Q25_6
R_MK0125281,My teachers encourage me to think about STEM subjects or careers,I do not know,5,,True,Q25_6
R_MK0126574,My teachers encourage me to think about STEM subjects or careers,Yes a lotI,1,4,False,Q25_6
R_MK0127853,My teachers encourage me to think about STEM subjects or careers,Yes a little,2,3,False,Q25_6
R_MK0128835,My teachers encourage me to think about STEM subjects or careers,Yes a little,2,3,False,Q25_6
R_MK0129827,My teachers encourage me to think about STEM subjects or careers,Yes a lotI,1,4,False,Q25_6
R_MK0130464,My teachers encourage me to think about STEM subjects or careers,Yes a little,2,3,False,Q25_6
R_MK0131132,My teachers encourage me to think about STEM subjects or careers,I do not know,5,,True,Q25_6
R_MK0132486,My teachers encourage me to think about STEM subjects or careers,Yes a lotI,1,4,False,Q25_6
R_MK0133408,My teachers encourage me to think about STEM subjects or careers,Maybe,3,2,False,Q25_6
R_MK0134215,My teachers encourage me to think about STEM subjects or careers,Yes a little,2,3,False,Q25_6
R_MK0135917,My teachers encourage me to think about STEM subjects or careers,Yes a little,2,3,False,Q25_6
R_MK0137508,My teachers encourage me to think about STEM subjects or careers,Yes a lotI,1,4,False,Q25_6
R_MK0138319,My teachers encourage me to think about STEM subjects or careers,No,4,1,False,Q25_6
R_MK0139468,My teachers encourage me to think about STEM subjects or careers,Yes a little,2,3,False,Q25_6
R_MK0140416,My teachers encourage me to think about STEM subjects or careers,No,4,1,False,Q25_6
R_MK0141171,My teachers encourage me to think about STEM subjects or careers,Yes a little,2,3,False,Q25_6
R_MK0144749,My teachers encourage me to think about STEM subjects or careers,Maybe,3,2,False,Q25_6
R_MK0145593,My teachers encourage me to think about STEM subjects or careers,Yes a little,2,3,False,Q25_6
R_MK0146638,My teachers encourage me to think about STEM subjects or careers,Yes a little,2,3,False,Q25_6
R_MK0148155,My teachers encourage me to think about STEM subjects or careers,Yes a little,2,3,False,Q25_6
R_MK0150172,My teachers encourage me to think about STEM subjects or careers,Maybe,3,2,False,Q25_6
R_MK0151675,My teachers encourage me to think about STEM subjects or careers,Yes a little,2,3,False,Q25_6
R_MK0152207,My teachers encourage me to think about STEM subjects or careers,Yes a little,2,3,False,Q25_6
R_MK0154868,My teachers encourage me to think about STEM subjects or careers,Yes a little,2,3,False,Q25_6
R_MK0155973,My teachers encourage me to think about STEM subjects or careers,Yes a little,2,3,False,Q25_6
R_MK0156575,My teachers encourage me to think about STEM subjects or careers,No,4,1,False,Q25_6
R_MK0157758,My teachers encourage me to think about STEM subjects or careers,Yes a lotI,1,4,False,Q25_6
R_MK0158694,My teachers encourage me to think about STEM subjects or careers,Maybe,3,2,False,Q25_6
R_MK0159874,My teachers encourage me to think about STEM subjects or careers,Yes a lotI,1,4,False,Q25_6
R_MK0160930,My teachers encourage me to think about STEM subjects or careers,Yes a lotI,1,4,False,Q25_6
R_MK0161224,My teachers encourage me to think about STEM subjects or careers,Yes a lotI,1,4,False,Q25_6
R_MK0163831,My teachers encourage me to think about STEM subjects or careers,Yes a little,2,3,False,Q25_6
R_MK0164526,My teachers encourage me to think about STEM subjects or careers,Yes a little,2,3,False,Q25_6
R_MK0165548,My teachers encourage me to think about STEM subjects or careers,Yes a little,2,3,False,Q25_6
R_MK0166129,My teachers encourage me to think about STEM subjects or careers,Maybe,3,2,False,Q25_6
R_MK0167780,My teachers encourage me to think about STEM subjects or careers,Yes a lotI,1,4,False,Q25_6
R_MK0168594,My teachers encourage me to think about STEM subjects or careers,Maybe,3,2,False,Q25_6
R_MK0169620,My teachers encourage me to think about STEM subjects or careers,Yes a little,2,3,False,Q25_6
R_MK0170795,My teachers encourage me to think about STEM subjects or careers,Yes a little,2,3,False,Q25_6
R_MK0171952,My teachers encourage me to think about STEM subjects or careers,Maybe,3,2,False,Q25_6
R_MK0173432,My teachers encourage me to think about STEM subjects or careers,Maybe,3,2,False,Q25_6
R_MK0174167,My teachers encourage me to think about STEM subjects or careers,Yes a lotI,1,4,False,Q25_6
R_MK0175836,My teachers encourage me to think about STEM subjects or careers,Yes a little,2,3,False,Q25_6
R_MK0176600,My teachers encourage me to think about STEM subjects or careers,Maybe,3,2,False,Q25_6
R_MK0177349,My teachers encourage me to think about STEM subjects or careers,Yes a little,2,3,False,Q25_6
R_MK0178108,My teachers encourage me to think about STEM subjects or careers,Yes a little,2,3,False,Q25_6
R_MK0179378,My teachers encourage me to think about STEM subjects or careers,Maybe,3,2,False,Q25_6
R_MK0000103,I think STEM jobs can help people or make a difference in the world,Yes a lotI,1,4,False,Q25_7
R_MK0001265,I think STEM jobs can help people or make a difference in the world,I do not know,5,,True,Q25_7
R_MK0002320,I think STEM jobs can help people or make a difference in the world,Yes a lotI,1,4,False,Q25_7
R_MK0003688,I think STEM jobs can help people or make a difference in the world,Yes a lotI,1,4,False,Q25_7
R_MK0004317,I think STEM jobs can help people or make a difference in the world,Yes a lotI,1,4,False,Q25_7
R_MK0005590,I think STEM jobs can help people or make a difference in the world,Yes a little,2,3,False,Q25_7
R_MK0006572,I think STEM jobs can help people or make a difference in the world,Yes a lotI,1,4,False,Q25_7
R_MK0007539,I think STEM jobs can help people or make a difference in the world,Yes a lotI,1,4,False,Q25_7
R_MK0008963,I think STEM jobs can help people or make a difference in the world,Yes a little,2,3,False,Q25_7
R_MK0009570,I think STEM jobs can help people or make a difference in the world,Yes a lotI,1,4,False,Q25_7
R_MK0010378,I think STEM jobs can help people or make a difference in the world,Yes a lotI,1,4,False,Q25_7
R_MK0011453,I think STEM jobs can help people or make a difference in the world,Maybe,3,2,False,Q25_7
R_MK0012825,I think STEM jobs can help people or make a difference in the world,No,4,1,False,Q25_7
R_MK0013834,I think STEM jobs can help people or make a difference in the world,I do not know,5,,True,Q25_7
R_MK0014994,I think STEM jobs can help people or make a difference in the world,Maybe,3,2,False,Q25_7
R_MK0016779,I think STEM jobs can help people or make a difference in the world,Maybe,3,2,False,Q25_7
R_MK0017794,I think STEM jobs can help people or make a difference in the world,Yes a little,2,3,False,Q25_7
R_MK0018342,I think STEM jobs can help people or make a difference in the world,Yes a lotI,1,4,False,Q25_7
R_MK0019683,I think STEM jobs can help people or make a difference in the world,Yes a lotI,1,4,False,Q25_7
R_MK0020216,I think STEM jobs can help people or make a difference in the world,Maybe,3,2,False,Q25_7
R_MK0021162,I think STEM jobs can help people or make a difference in the world,Yes a little,2,3,False,Q25_7
R_MK0022405,I think STEM jobs can help people or make a difference in the world,Yes a lotI,1,4,False,Q25_7
R_MK0023140,I think STEM jobs can help people or make a difference in the world,Yes a little,2,3,False,Q25_7
R_MK0024311,I think STEM jobs can help people or make a difference in the world,Yes a little,2,3,False,Q25_7
R_MK0025966,I think STEM jobs can help people or make a difference in the world,Yes a little,2,3,False,Q25_7
R_MK0026432,I think STEM jobs can help people or make a difference in the world,Maybe,3,2,False,Q25_7
R_MK0027899,I think STEM jobs can help people or make a difference in the world,Yes a little,2,3,False,Q25_7
R_MK0028139,I think STEM jobs can help people or make a difference in the world,Yes a little,2,3,False,Q25_7
R_MK0029136,I think STEM jobs can help people or make a difference in the world,No,4,1,False,Q25_7
R_MK0030402,I think STEM jobs can help people or make a difference in the world,Yes a lotI,1,4,False,Q25_7
R_MK0031712,I think STEM jobs can help people or make a difference in the world,No,4,1,False,Q25_7
R_MK0032849,I think STEM jobs can help people or make a difference in the world,Maybe,3,2,False,Q25_7
R_MK0033442,I think STEM jobs can help people or make a difference in the world,Yes a little,2,3,False,Q25_7
R_MK0034167,I think STEM jobs can help people or make a difference in the world,Maybe,3,2,False,Q25_7
R_MK0036294,I think STEM jobs can help people or make a difference in the world,Yes a little,2,3,False,Q25_7
R_MK0037202,I think STEM jobs can help people or make a difference in the world,Yes a little,2,3,False,Q25_7
R_MK0038243,I think STEM jobs can help people or make a difference in the world,Yes a little,2,3,False,Q25_7
R_MK0039124,I think STEM jobs can help people or make a difference in the world,No,4,1,False,Q25_7
R_MK0040868,I think STEM jobs can help people or make a difference in the world,Maybe,3,2,False,Q25_7
R_MK0041466,I think STEM jobs can help people or make a difference in the world,Yes a lotI,1,4,False,Q25_7
R_MK0043853,I think STEM jobs can help people or make a difference in the world,Yes a lotI,1,4,False,Q25_7
R_MK0044771,I think STEM jobs can help people or make a difference in the world,Yes a lotI,1,4,False,Q25_7
R_MK0045989,I think STEM jobs can help people or make a difference in the world,Yes a lotI,1,4,False,Q25_7
R_MK0046892,I think STEM jobs can help people or make a difference in the world,No,4,1,False,Q25_7
R_MK0047788,I think STEM jobs can help people or make a difference in the world,No,4,1,False,Q25_7
R_MK0048737,I think STEM jobs can help people or make a difference in the world,Maybe,3,2,False,Q25_7
R_MK0049733,I think STEM jobs can help people or make a difference in the world,Yes a lotI,1,4,False,Q25_7
R_MK0051185,I think STEM jobs can help people or make a difference in the world,Yes a little,2,3,False,Q25_7
R_MK0052388,I think STEM jobs can help people or make a difference in the world,Yes a little,2,3,False,Q25_7
R_MK0053734,I think STEM jobs can help people or make a difference in the world,Maybe,3,2,False,Q25_7
R_MK0054375,I think STEM jobs can help people or make a difference in the world,Yes a lotI,1,4,False,Q25_7
R_MK0055989,I think STEM jobs can help people or make a difference in the world,Yes a lotI,1,4,False,Q25_7
R_MK0056543,I think STEM jobs can help people or make a difference in the world,No,4,1,False,Q25_7
R_MK0057204,I think STEM jobs can help people or make a difference in the world,I do not know,5,,True,Q25_7
R_MK0058713,I think STEM jobs can help people or make a difference in the world,Yes a lotI,1,4,False,Q25_7
R_MK0059837,I think STEM jobs can help people or make a difference in the world,Yes a little,2,3,False,Q25_7
R_MK0060527,I think STEM jobs can help people or make a difference in the world,Yes a lotI,1,4,False,Q25_7
R_MK0061617,I think STEM jobs can help people or make a difference in the world,Yes a little,2,3,False,Q25_7
R_MK0062899,I think STEM jobs can help people or make a difference in the world,Yes a little,2,3,False,Q25_7
R_MK0063902,I think STEM jobs can help people or make a difference in the world,Yes a lotI,1,4,False,Q25_7
R_MK0064156,I think STEM jobs can help people or make a difference in the world,Yes a lotI,1,4,False,Q25_7
R_MK0066500,I think STEM jobs can help people or make a difference in the world,Maybe,3,2,False,Q25_7
R_MK0067466,I think STEM jobs can help people or make a difference in the world,Yes a little,2,3,False,Q25_7
R_MK0068498,I think STEM jobs can help people or make a difference in the world,Maybe,3,2,False,Q25_7
R_MK0069685,I think STEM jobs can help people or make a difference in the world,Yes a lotI,1,4,False,Q25_7
R_MK0070229,I think STEM jobs can help people or make a difference in the world,Yes a lotI,1,4,False,Q25_7
R_MK0071423,I think STEM jobs can help people or make a difference in the world,Yes a lotI,1,4,False,Q25_7
R_MK0072663,I think STEM jobs can help people or make a difference in the world,Yes a lotI,1,4,False,Q25_7
R_MK0073741,I think STEM jobs can help people or make a difference in the world,Yes a little,2,3,False,Q25_7
R_MK0074273,I think STEM jobs can help people or make a difference in the world,Yes a lotI,1,4,False,Q25_7
R_MK0075806,I think STEM jobs can help people or make a difference in the world,Yes a little,2,3,False,Q25_7
R_MK0076785,I think STEM jobs can help people or make a difference in the world,No,4,1,False,Q25_7
R_MK0077903,I think STEM jobs can help people or make a difference in the world,Yes a little,2,3,False,Q25_7
R_MK0078295,I think STEM jobs can help people or make a difference in the world,Yes a little,2,3,False,Q25_7
R_MK0079267,I think STEM jobs can help people or make a difference in the world,Maybe,3,2,False,Q25_7
R_MK0080359,I think STEM jobs can help people or make a difference in the world,No,4,1,False,Q25_7
R_MK0081202,I think STEM jobs can help people or make a difference in the world,Yes a little,2,3,False,Q25_7
R_MK0082310,I think STEM jobs can help people or make a difference in the world,Yes a little,2,3,False,Q25_7
R_MK0083313,I think STEM jobs can help people or make a difference in the world,Yes a little,2,3,False,Q25_7
R_MK0085933,I think STEM jobs can help people or make a difference in the world,Yes a little,2,3,False,Q25_7
R_MK0086867,I think STEM jobs can help people or make a difference in the world,Yes a little,2,3,False,Q25_7
R_MK0087396,I think STEM jobs can help people or make a difference in the world,Yes a lotI,1,4,False,Q25_7
R_MK0089973,I think STEM jobs can help people or make a difference in the world,Maybe,3,2,False,Q25_7
R_MK0090487,I think STEM jobs can help people or make a difference in the world,Yes a lotI,1,4,False,Q25_7
R_MK0091120,I think STEM jobs can help people or make a difference in the world,Yes a lotI,1,4,False,Q25_7
R_MK0092907,I think STEM jobs can help people or make a difference in the world,Yes a little,2,3,False,Q25_7
R_MK0093607,I think STEM jobs can help people or make a difference in the world,Maybe,3,2,False,Q25_7
R_MK0094626,I think STEM jobs can help people or make a difference in the world,Yes a lotI,1,4,False,Q25_7
R_MK0096327,I think STEM jobs can help people or make a difference in the world,Yes a lotI,1,4,False,Q25_7
R_MK0097932,I think STEM jobs can help people or make a difference in the world,Yes a lotI,1,4,False,Q25_7
R_MK0098967,I think STEM jobs can help people or make a difference in the world,Yes a little,2,3,False,Q25_7
R_MK0099158,I think STEM jobs can help people or make a difference in the world,Yes a little,2,3,False,Q25_7
R_MK0100207,I think STEM jobs can help people or make a difference in the world,No,4,1,False,Q25_7
R_MK0101806,I think STEM jobs can help people or make a difference in the world,Yes a little,2,3,False,Q25_7
R_MK0103956,I think STEM jobs can help people or make a difference in the world,Yes a lotI,1,4,False,Q25_7
R_MK0104978,I think STEM jobs can help people or make a difference in the world,Yes a little,2,3,False,Q25_7
R_MK0105321,I think STEM jobs can help people or make a difference in the world,Yes a lotI,1,4,False,Q25_7
R_MK0106123,I think STEM jobs can help people or make a difference in the world,Yes a lotI,1,4,False,Q25_7
R_MK0107788,I think STEM jobs can help people or make a difference in the world,Yes a little,2,3,False,Q25_7
R_MK0108835,I think STEM jobs can help people or make a difference in the world,Yes a little,2,3,False,Q25_7
R_MK0109124,I think STEM jobs can help people or make a difference in the world,No,4,1,False,Q25_7
R_MK0110762,I think STEM jobs can help people or make a difference in the world,Yes a lotI,1,4,False,Q25_7
R_MK0111624,I think STEM jobs can help people or make a difference in the world,Maybe,3,2,False,Q25_7
R_MK0112361,I think STEM jobs can help people or make a difference in the world,Yes a little,2,3,False,Q25_7
R_MK0113467,I think STEM jobs can help people or make a difference in the world,No,4,1,False,Q25_7
R_MK0114346,I think STEM jobs can help people or make a difference in the world,Yes a little,2,3,False,Q25_7
R_MK0115748,I think STEM jobs can help people or make a difference in the world,Maybe,3,2,False,Q25_7
R_MK0116915,I think STEM jobs can help people or make a difference in the world,Maybe,3,2,False,Q25_7
R_MK0117603,I think STEM jobs can help people or make a difference in the world,No,4,1,False,Q25_7
R_MK0118631,I think STEM jobs can help people or make a difference in the world,Yes a little,2,3,False,Q25_7
R_MK0119995,I think STEM jobs can help people or make a difference in the world,Yes a lotI,1,4,False,Q25_7
R_MK0120834,I think STEM jobs can help people or make a difference in the world,Yes a little,2,3,False,Q25_7
R_MK0121952,I think STEM jobs can help people or make a difference in the world,Yes a lotI,1,4,False,Q25_7
R_MK0123453,I think STEM jobs can help people or make a difference in the world,Maybe,3,2,False,Q25_7
R_MK0124466,I think STEM jobs can help people or make a difference in the world,Yes a little,2,3,False,Q25_7
R_MK0125281,I think STEM jobs can help people or make a difference in the world,Yes a little,2,3,False,Q25_7
R_MK0126574,I think STEM jobs can help people or make a difference in the world,I do not know,5,,True,Q25_7
R_MK0127853,I think STEM jobs can help people or make a difference in the world,Yes a little,2,3,False,Q25_7
R_MK0128835,I think STEM jobs can help people or make a difference in the world,Yes a little,2,3,False,Q25_7
R_MK0129827,I think STEM jobs can help people or make a difference in the world,Yes a lotI,1,4,False,Q25_7
R_MK0130464,I think STEM jobs can help people or make a difference in the world,Yes a lotI,1,4,False,Q25_7
R_MK0131132,I think STEM jobs can help people or make a difference in the world,Yes a little,2,3,False,Q25_7
R_MK0132486,I think STEM jobs can help people or make a difference in the world,Maybe,3,2,False,Q25_7
R_MK0133408,I think STEM jobs can help people or make a difference in the world,Yes a lotI,1,4,False,Q25_7
R_MK0134215,I think STEM jobs can help people or make a difference in the world,Yes a little,2,3,False,Q25_7
R_MK0135917,I think STEM jobs can help people or make a difference in the world,Yes a little,2,3,False,Q25_7
R_MK0137508,I think STEM jobs can help people or make a difference in the world,Yes a lotI,1,4,False,Q25_7
R_MK0138319,I think STEM jobs can help people or make a difference in the world,Maybe,3,2,False,Q25_7
R_MK0139468,I think STEM jobs can help people or make a difference in the world,Yes a little,2,3,False,Q25_7
R_MK0140416,I think STEM jobs can help people or make a difference in the world,Maybe,3,2,False,Q25_7
R_MK0141171,I think STEM jobs can help people or make a difference in the world,Yes a lotI,1,4,False,Q25_7
R_MK0144749,I think STEM jobs can help people or make a difference in the world,Yes a little,2,3,False,Q25_7
R_MK0145593,I think STEM jobs can help people or make a difference in the world,Yes a little,2,3,False,Q25_7
R_MK0146638,I think STEM jobs can help people or make a difference in the world,Yes a lotI,1,4,False,Q25_7
R_MK0148155,I think STEM jobs can help people or make a difference in the world,Yes a lotI,1,4,False,Q25_7
R_MK0150172,I think STEM jobs can help people or make a difference in the world,Yes a little,2,3,False,Q25_7
R_MK0151675,I think STEM jobs can help people or make a difference in the world,Yes a lotI,1,4,False,Q25_7
R_MK0152207,I think STEM jobs can help people or make a difference in the world,Maybe,3,2,False,Q25_7
R_MK0154868,I think STEM jobs can help people or make a difference in the world,I do not know,5,,True,Q25_7
R_MK0155973,I think STEM jobs can help people or make a difference in the world,Yes a little,2,3,False,Q25_7
R_MK0156575,I think STEM jobs can help people or make a difference in the world,Yes a little,2,3,False,Q25_7
R_MK0157758,I think STEM jobs can help people or make a difference in the world,Yes a little,2,3,False,Q25_7
R_MK0158694,I think STEM jobs can help people or make a difference in the world,Yes a little,2,3,False,Q25_7
R_MK0159874,I think STEM jobs can help people or make a difference in the world,Yes a little,2,3,False,Q25_7
R_MK0160930,I think STEM jobs can help people or make a difference in the world,No,4,1,False,Q25_7
R_MK0161224,I think STEM jobs can help people or make a difference in the world,I do not know,5,,True,Q25_7
R_MK0163831,I think STEM jobs can help people or make a difference in the world,Yes a little,2,3,False,Q25_7
R_MK0164526,I think STEM jobs can help people or make a difference in the world,Yes a little,2,3,False,Q25_7
R_MK0165548,I think STEM jobs can help people or make a difference in the world,Yes a lotI,1,4,False,Q25_7
R_MK0166129,I think STEM jobs can help people or make a difference in the world,Maybe,3,2,False,Q25_7
R_MK0167780,I think STEM jobs can help people or make a difference in the world,Yes a little,2,3,False,Q25_7
R_MK0168594,I think STEM jobs can help people or make a difference in the world,Maybe,3,2,False,Q25_7
R_MK0169620,I think STEM jobs can help people or make a difference in the world,Yes a lotI,1,4,False,Q25_7
R_MK0170795,I think STEM jobs can help people or make a difference in the world,Yes a lotI,1,4,False,Q25_7
R_MK0171952,I think STEM jobs can help people or make a difference in the world,Maybe,3,2,False,Q25_7
R_MK0173432,I think STEM jobs can help people or make a difference in the world,Yes a lotI,1,4,False,Q25_7
R_MK0174167,I think STEM jobs can help people or make a difference in the world,Maybe,3,2,False,Q25_7
R_MK0175836,I think STEM jobs can help people or make a difference in the world,Maybe,3,2,False,Q25_7
R_MK0176600,I think STEM jobs can help people or make a difference in the world,No,4,1,False,Q25_7
R_MK0177349,I think STEM jobs can help people or make a difference in the world,Maybe,3,2,False,Q25_7
R_MK0178108,I think STEM jobs can help people or make a difference in the world,Yes a lotI,1,4,False,Q25_7
R_MK0179378,I think STEM jobs can help people or make a difference in the world,No,4,1,False,Q25_7
R_MK0000103,I think STEM jobs would allow me to be creative,Yes a lotI,1,4,False,Q25_8
R_MK0001265,I think STEM jobs would allow me to be creative,Yes a lotI,1,4,False,Q25_8
R_MK0002320,I think STEM jobs would allow me to be creative,Yes a little,2,3,False,Q25_8
R_MK0003688,I think STEM jobs would allow me to be creative,Yes a little,2,3,False,Q25_8
R_MK0004317,I think STEM jobs would allow me to be creative,Yes a lotI,1,4,False,Q25_8
R_MK0005590,I think STEM jobs would allow me to be creative,Yes a lotI,1,4,False,Q25_8
R_MK0006572,I think STEM jobs would allow me to be creative,No,4,1,False,Q25_8
R_MK0007539,I think STEM jobs would allow me to be creative,Yes a little,2,3,False,Q25_8
R_MK0008963,I think STEM jobs would allow me to be creative,Yes a lotI,1,4,False,Q25_8
R_MK0009570,I think STEM jobs would allow me to be creative,Yes a lotI,1,4,False,Q25_8
R_MK0010378,I think STEM jobs would allow me to be creative,Yes a little,2,3,False,Q25_8
R_MK0011453,I think STEM jobs would allow me to be creative,Yes a little,2,3,False,Q25_8
R_MK0012825,I think STEM jobs would allow me to be creative,Yes a lotI,1,4,False,Q25_8
R_MK0013834,I think STEM jobs would allow me to be creative,Yes a lotI,1,4,False,Q25_8
R_MK0014994,I think STEM jobs would allow me to be creative,Maybe,3,2,False,Q25_8
R_MK0016779,I think STEM jobs would allow me to be creative,Yes a little,2,3,False,Q25_8
R_MK0017794,I think STEM jobs would allow me to be creative,I do not know,5,,True,Q25_8
R_MK0018342,I think STEM jobs would allow me to be creative,Yes a little,2,3,False,Q25_8
R_MK0019683,I think STEM jobs would allow me to be creative,Yes a lotI,1,4,False,Q25_8
R_MK0020216,I think STEM jobs would allow me to be creative,No,4,1,False,Q25_8
R_MK0021162,I think STEM jobs would allow me to be creative,Maybe,3,2,False,Q25_8
R_MK0022405,I think STEM jobs would allow me to be creative,Yes a little,2,3,False,Q25_8
R_MK0023140,I think STEM jobs would allow me to be creative,Yes a lotI,1,4,False,Q25_8
R_MK0024311,I think STEM jobs would allow me to be creative,Yes a little,2,3,False,Q25_8
R_MK0025966,I think STEM jobs would allow me to be creative,Yes a lotI,1,4,False,Q25_8
R_MK0026432,I think STEM jobs would allow me to be creative,Yes a little,2,3,False,Q25_8
R_MK0027899,I think STEM jobs would allow me to be creative,Yes a little,2,3,False,Q25_8
R_MK0028139,I think STEM jobs would allow me to be creative,Yes a lotI,1,4,False,Q25_8
R_MK0029136,I think STEM jobs would allow me to be creative,Yes a little,2,3,False,Q25_8
R_MK0030402,I think STEM jobs would allow me to be creative,Yes a little,2,3,False,Q25_8
R_MK0031712,I think STEM jobs would allow me to be creative,Yes a lotI,1,4,False,Q25_8
R_MK0032849,I think STEM jobs would allow me to be creative,Yes a little,2,3,False,Q25_8
R_MK0033442,I think STEM jobs would allow me to be creative,Yes a lotI,1,4,False,Q25_8
R_MK0034167,I think STEM jobs would allow me to be creative,Yes a little,2,3,False,Q25_8
R_MK0036294,I think STEM jobs would allow me to be creative,Maybe,3,2,False,Q25_8
R_MK0037202,I think STEM jobs would allow me to be creative,Maybe,3,2,False,Q25_8
R_MK0038243,I think STEM jobs would allow me to be creative,Yes a little,2,3,False,Q25_8
R_MK0039124,I think STEM jobs would allow me to be creative,Maybe,3,2,False,Q25_8
R_MK0040868,I think STEM jobs would allow me to be creative,No,4,1,False,Q25_8
R_MK0041466,I think STEM jobs would allow me to be creative,Yes a lotI,1,4,False,Q25_8
R_MK0043853,I think STEM jobs would allow me to be creative,Yes a lotI,1,4,False,Q25_8
R_MK0044771,I think STEM jobs would allow me to be creative,Yes a lotI,1,4,False,Q25_8
R_MK0045989,I think STEM jobs would allow me to be creative,Yes a lotI,1,4,False,Q25_8
R_MK0046892,I think STEM jobs would allow me to be creative,Yes a lotI,1,4,False,Q25_8
R_MK0047788,I think STEM jobs would allow me to be creative,Yes a lotI,1,4,False,Q25_8
R_MK0048737,I think STEM jobs would allow me to be creative,I do not know,5,,True,Q25_8
R_MK0049733,I think STEM jobs would allow me to be creative,Yes a little,2,3,False,Q25_8
R_MK0051185,I think STEM jobs would allow me to be creative,Yes a little,2,3,False,Q25_8
R_MK0052388,I think STEM jobs would allow me to be creative,Maybe,3,2,False,Q25_8
R_MK0053734,I think STEM jobs would allow me to be creative,Yes a little,2,3,False,Q25_8
R_MK0054375,I think STEM jobs would allow me to be creative,Yes a lotI,1,4,False,Q25_8
R_MK0055989,I think STEM jobs would allow me to be creative,Yes a lotI,1,4,False,Q25_8
R_MK0056543,I think STEM jobs would allow me to be creative,Yes a little,2,3,False,Q25_8
R_MK0057204,I think STEM jobs would allow me to be creative,Yes a lotI,1,4,False,Q25_8
R_MK0058713,I think STEM jobs would allow me to be creative,I do not know,5,,True,Q25_8
R_MK0059837,I think STEM jobs would allow me to be creative,Yes a little,2,3,False,Q25_8
R_MK0060527,I think STEM jobs would allow me to be creative,Yes a little,2,3,False,Q25_8
R_MK0061617,I think STEM jobs would allow me to be creative,Maybe,3,2,False,Q25_8
R_MK0062899,I think STEM jobs would allow me to be creative,Yes a lotI,1,4,False,Q25_8
R_MK0063902,I think STEM jobs would allow me to be creative,Maybe,3,2,False,Q25_8
R_MK0064156,I think STEM jobs would allow me to be creative,Yes a little,2,3,False,Q25_8
R_MK0066500,I think STEM jobs would allow me to be creative,I do not know,5,,True,Q25_8
R_MK0067466,I think STEM jobs would allow me to be creative,Yes a lotI,1,4,False,Q25_8
R_MK0068498,I think STEM jobs would allow me to be creative,Yes a lotI,1,4,False,Q25_8
R_MK0069685,I think STEM jobs would allow me to be creative,No,4,1,False,Q25_8
R_MK0070229,I think STEM jobs would allow me to be creative,Yes a lotI,1,4,False,Q25_8
R_MK0071423,I think STEM jobs would allow me to be creative,No,4,1,False,Q25_8
R_MK0072663,I think STEM jobs would allow me to be creative,Yes a lotI,1,4,False,Q25_8
R_MK0073741,I think STEM jobs would allow me to be creative,Maybe,3,2,False,Q25_8
R_MK0074273,I think STEM jobs would allow me to be creative,Yes a lotI,1,4,False,Q25_8
R_MK0075806,I think STEM jobs would allow me to be creative,Yes a little,2,3,False,Q25_8
R_MK0076785,I think STEM jobs would allow me to be creative,Maybe,3,2,False,Q25_8
R_MK0077903,I think STEM jobs would allow me to be creative,No,4,1,False,Q25_8
R_MK0078295,I think STEM jobs would allow me to be creative,Yes a little,2,3,False,Q25_8
R_MK0079267,I think STEM jobs would allow me to be creative,Yes a lotI,1,4,False,Q25_8
R_MK0080359,I think STEM jobs would allow me to be creative,Yes a little,2,3,False,Q25_8
R_MK0081202,I think STEM jobs would allow me to be creative,Yes a lotI,1,4,False,Q25_8
R_MK0082310,I think STEM jobs would allow me to be creative,No,4,1,False,Q25_8
R_MK0083313,I think STEM jobs would allow me to be creative,Yes a little,2,3,False,Q25_8
R_MK0085933,I think STEM jobs would allow me to be creative,Maybe,3,2,False,Q25_8
R_MK0086867,I think STEM jobs would allow me to be creative,Maybe,3,2,False,Q25_8
R_MK0087396,I think STEM jobs would allow me to be creative,Maybe,3,2,False,Q25_8
R_MK0089973,I think STEM jobs would allow me to be creative,Yes a lotI,1,4,False,Q25_8
R_MK0090487,I think STEM jobs would allow me to be creative,Yes a little,2,3,False,Q25_8
R_MK0091120,I think STEM jobs would allow me to be creative,Yes a lotI,1,4,False,Q25_8
R_MK0092907,I think STEM jobs would allow me to be creative,I do not know,5,,True,Q25_8
R_MK0093607,I think STEM jobs would allow me to be creative,Yes a little,2,3,False,Q25_8
R_MK0094626,I think STEM jobs would allow me to be creative,Yes a lotI,1,4,False,Q25_8
R_MK0096327,I think STEM jobs would allow me to be creative,Yes a lotI,1,4,False,Q25_8
R_MK0097932,I think STEM jobs would allow me to be creative,Yes a lotI,1,4,False,Q25_8
R_MK0098967,I think STEM jobs would allow me to be creative,I do not know,5,,True,Q25_8
R_MK0099158,I think STEM jobs would allow me to be creative,Yes a lotI,1,4,False,Q25_8
R_MK0100207,I think STEM jobs would allow me to be creative,Yes a lotI,1,4,False,Q25_8
R_MK0101806,I think STEM jobs would allow me to be creative,Yes a little,2,3,False,Q25_8
R_MK0103956,I think STEM jobs would allow me to be creative,Maybe,3,2,False,Q25_8
R_MK0104978,I think STEM jobs would allow me to be creative,Maybe,3,2,False,Q25_8
R_MK0105321,I think STEM jobs would allow me to be creative,Maybe,3,2,False,Q25_8
R_MK0106123,I think STEM jobs would allow me to be creative,Maybe,3,2,False,Q25_8
R_MK0107788,I think STEM jobs would allow me to be creative,Yes a little,2,3,False,Q25_8
R_MK0108835,I think STEM jobs would allow me to be creative,Yes a little,2,3,False,Q25_8
R_MK0109124,I think STEM jobs would allow me to be creative,Yes a lotI,1,4,False,Q25_8
R_MK0110762,I think STEM jobs would allow me to be creative,Yes a little,2,3,False,Q25_8
R_MK0111624,I think STEM jobs would allow me to be creative,Yes a little,2,3,False,Q25_8
R_MK0112361,I think STEM jobs would allow me to be creative,Maybe,3,2,False,Q25_8
R_MK0113467,I think STEM jobs would allow me to be creative,Yes a little,2,3,False,Q25_8
R_MK0114346,I think STEM jobs would allow me to be creative,Yes a lotI,1,4,False,Q25_8
R_MK0115748,I think STEM jobs would allow me to be creative,Yes a lotI,1,4,False,Q25_8
R_MK0116915,I think STEM jobs would allow me to be creative,Yes a lotI,1,4,False,Q25_8
R_MK0117603,I think STEM jobs would allow me to be creative,Yes a lotI,1,4,False,Q25_8
R_MK0118631,I think STEM jobs would allow me to be creative,Maybe,3,2,False,Q25_8
R_MK0119995,I think STEM jobs would allow me to be creative,Yes a little,2,3,False,Q25_8
R_MK0120834,I think STEM jobs would allow me to be creative,Yes a lotI,1,4,False,Q25_8
R_MK0121952,I think STEM jobs would allow me to be creative,Yes a lotI,1,4,False,Q25_8
R_MK0123453,I think STEM jobs would allow me to be creative,Yes a lotI,1,4,False,Q25_8
R_MK0124466,I think STEM jobs would allow me to be creative,Yes a little,2,3,False,Q25_8
R_MK0125281,I think STEM jobs would allow me to be creative,Yes a lotI,1,4,False,Q25_8
R_MK0126574,I think STEM jobs would allow me to be creative,Yes a lotI,1,4,False,Q25_8
R_MK0127853,I think STEM jobs would allow me to be creative,Maybe,3,2,False,Q25_8
R_MK0128835,I think STEM jobs would allow me to be creative,Maybe,3,2,False,Q25_8
R_MK0129827,I think STEM jobs would allow me to be creative,Maybe,3,2,False,Q25_8
R_MK0130464,I think STEM jobs would allow me to be creative,Yes a little,2,3,False,Q25_8
R_MK0131132,I think STEM jobs would allow me to be creative,No,4,1,False,Q25_8
R_MK0132486,I think STEM jobs would allow me to be creative,I do not know,5,,True,Q25_8
R_MK0133408,I think STEM jobs would allow me to be creative,Yes a little,2,3,False,Q25_8
R_MK0134215,I think STEM jobs would allow me to be creative,Yes a little,2,3,False,Q25_8
R_MK0135917,I think STEM jobs would allow me to be creative,Maybe,3,2,False,Q25_8
R_MK0137508,I think STEM jobs would allow me to be creative,Yes a lotI,1,4,False,Q25_8
R_MK0138319,I think STEM jobs would allow me to be creative,Yes a little,2,3,False,Q25_8
R_MK0139468,I think STEM jobs would allow me to be creative,Yes a little,2,3,False,Q25_8
R_MK0140416,I think STEM jobs would allow me to be creative,Yes a little,2,3,False,Q25_8
R_MK0141171,I think STEM jobs would allow me to be creative,I do not know,5,,True,Q25_8
R_MK0144749,I think STEM jobs would allow me to be creative,Maybe,3,2,False,Q25_8
R_MK0145593,I think STEM jobs would allow me to be creative,Yes a lotI,1,4,False,Q25_8
R_MK0146638,I think STEM jobs would allow me to be creative,Yes a little,2,3,False,Q25_8
R_MK0148155,I think STEM jobs would allow me to be creative,Yes a little,2,3,False,Q25_8
R_MK0150172,I think STEM jobs would allow me to be creative,Yes a little,2,3,False,Q25_8
R_MK0151675,I think STEM jobs would allow me to be creative,Yes a little,2,3,False,Q25_8
R_MK0152207,I think STEM jobs would allow me to be creative,Maybe,3,2,False,Q25_8
R_MK0154868,I think STEM jobs would allow me to be creative,Yes a little,2,3,False,Q25_8
R_MK0155973,I think STEM jobs would allow me to be creative,Yes a lotI,1,4,False,Q25_8
R_MK0156575,I think STEM jobs would allow me to be creative,Yes a lotI,1,4,False,Q25_8
R_MK0157758,I think STEM jobs would allow me to be creative,Yes a lotI,1,4,False,Q25_8
R_MK0158694,I think STEM jobs would allow me to be creative,Yes a little,2,3,False,Q25_8
R_MK0159874,I think STEM jobs would allow me to be creative,Yes a little,2,3,False,Q25_8
R_MK0160930,I think STEM jobs would allow me to be creative,Yes a little,2,3,False,Q25_8
R_MK0161224,I think STEM jobs would allow me to be creative,Yes a little,2,3,False,Q25_8
R_MK0163831,I think STEM jobs would allow me to be creative,Maybe,3,2,False,Q25_8
R_MK0164526,I think STEM jobs would allow me to be creative,Yes a lotI,1,4,False,Q25_8
R_MK0165548,I think STEM jobs would allow me to be creative,Yes a little,2,3,False,Q25_8
R_MK0166129,I think STEM jobs would allow me to be creative,Maybe,3,2,False,Q25_8
R_MK0167780,I think STEM jobs would allow me to be creative,No,4,1,False,Q25_8
R_MK0168594,I think STEM jobs would allow me to be creative,Yes a lotI,1,4,False,Q25_8
R_MK0169620,I think STEM jobs would allow me to be creative,Yes a lotI,1,4,False,Q25_8
R_MK0170795,I think STEM jobs would allow me to be creative,Yes a lotI,1,4,False,Q25_8
R_MK0171952,I think STEM jobs would allow me to be creative,Yes a little,2,3,False,Q25_8
R_MK0173432,I think STEM jobs would allow me to be creative,Yes a little,2,3,False,Q25_8
R_MK0174167,I think STEM jobs would allow me to be creative,Maybe,3,2,False,Q25_8
R_MK0175836,I think STEM jobs would allow me to be creative,No,4,1,False,Q25_8
R_MK0176600,I think STEM jobs would allow me to be creative,Yes a lotI,1,4,False,Q25_8
R_MK0177349,I think STEM jobs would allow me to be creative,Maybe,3,2,False,Q25_8
R_MK0178108,I think STEM jobs would allow me to be creative,Yes a little,2,3,False,Q25_8
R_MK0179378,I think STEM jobs would allow me to be creative,No,4,1,False,Q25_8
R_MK0000103,I know what subjects I would need to study if I wanted a STEM job,Maybe,3,2,False,Q25_9
R_MK0001265,I know what subjects I would need to study if I wanted a STEM job,I do not know,5,,True,Q25_9
R_MK0002320,I know what subjects I would need to study if I wanted a STEM job,Yes a little,2,3,False,Q25_9
R_MK0003688,I know what subjects I would need to study if I wanted a STEM job,Yes a little,2,3,False,Q25_9
R_MK0004317,I know what subjects I would need to study if I wanted a STEM job,Yes a lotI,1,4,False,Q25_9
R_MK0005590,I know what subjects I would need to study if I wanted a STEM job,No,4,1,False,Q25_9
R_MK0006572,I know what subjects I would need to study if I wanted a STEM job,Yes a little,2,3,False,Q25_9
R_MK0007539,I know what subjects I would need to study if I wanted a STEM job,No,4,1,False,Q25_9
R_MK0008963,I know what subjects I would need to study if I wanted a STEM job,Yes a lotI,1,4,False,Q25_9
R_MK0009570,I know what subjects I would need to study if I wanted a STEM job,Yes a lotI,1,4,False,Q25_9
R_MK0010378,I know what subjects I would need to study if I wanted a STEM job,Yes a little,2,3,False,Q25_9
R_MK0011453,I know what subjects I would need to study if I wanted a STEM job,No,4,1,False,Q25_9
R_MK0012825,I know what subjects I would need to study if I wanted a STEM job,No,4,1,False,Q25_9
R_MK0013834,I know what subjects I would need to study if I wanted a STEM job,Maybe,3,2,False,Q25_9
R_MK0014994,I know what subjects I would need to study if I wanted a STEM job,Maybe,3,2,False,Q25_9
R_MK0016779,I know what subjects I would need to study if I wanted a STEM job,Yes a lotI,1,4,False,Q25_9
R_MK0017794,I know what subjects I would need to study if I wanted a STEM job,Yes a little,2,3,False,Q25_9
R_MK0018342,I know what subjects I would need to study if I wanted a STEM job,Maybe,3,2,False,Q25_9
R_MK0019683,I know what subjects I would need to study if I wanted a STEM job,Yes a lotI,1,4,False,Q25_9
R_MK0020216,I know what subjects I would need to study if I wanted a STEM job,Yes a little,2,3,False,Q25_9
R_MK0021162,I know what subjects I would need to study if I wanted a STEM job,No,4,1,False,Q25_9
R_MK0022405,I know what subjects I would need to study if I wanted a STEM job,I do not know,5,,True,Q25_9
R_MK0023140,I know what subjects I would need to study if I wanted a STEM job,Yes a little,2,3,False,Q25_9
R_MK0024311,I know what subjects I would need to study if I wanted a STEM job,Yes a lotI,1,4,False,Q25_9
R_MK0025966,I know what subjects I would need to study if I wanted a STEM job,Yes a lotI,1,4,False,Q25_9
R_MK0026432,I know what subjects I would need to study if I wanted a STEM job,Yes a little,2,3,False,Q25_9
R_MK0027899,I know what subjects I would need to study if I wanted a STEM job,Yes a lotI,1,4,False,Q25_9
R_MK0028139,I know what subjects I would need to study if I wanted a STEM job,Yes a lotI,1,4,False,Q25_9
R_MK0029136,I know what subjects I would need to study if I wanted a STEM job,Yes a little,2,3,False,Q25_9
R_MK0030402,I know what subjects I would need to study if I wanted a STEM job,Yes a lotI,1,4,False,Q25_9
R_MK0031712,I know what subjects I would need to study if I wanted a STEM job,Yes a little,2,3,False,Q25_9
R_MK0032849,I know what subjects I would need to study if I wanted a STEM job,Yes a lotI,1,4,False,Q25_9
R_MK0033442,I know what subjects I would need to study if I wanted a STEM job,Yes a little,2,3,False,Q25_9
R_MK0034167,I know what subjects I would need to study if I wanted a STEM job,Yes a lotI,1,4,False,Q25_9
R_MK0036294,I know what subjects I would need to study if I wanted a STEM job,Yes a lotI,1,4,False,Q25_9
R_MK0037202,I know what subjects I would need to study if I wanted a STEM job,Yes a lotI,1,4,False,Q25_9
R_MK0038243,I know what subjects I would need to study if I wanted a STEM job,No,4,1,False,Q25_9
R_MK0039124,I know what subjects I would need to study if I wanted a STEM job,No,4,1,False,Q25_9
R_MK0040868,I know what subjects I would need to study if I wanted a STEM job,Yes a lotI,1,4,False,Q25_9
R_MK0041466,I know what subjects I would need to study if I wanted a STEM job,Yes a lotI,1,4,False,Q25_9
R_MK0043853,I know what subjects I would need to study if I wanted a STEM job,No,4,1,False,Q25_9
R_MK0044771,I know what subjects I would need to study if I wanted a STEM job,Yes a lotI,1,4,False,Q25_9
R_MK0045989,I know what subjects I would need to study if I wanted a STEM job,Yes a little,2,3,False,Q25_9
R_MK0046892,I know what subjects I would need to study if I wanted a STEM job,Yes a lotI,1,4,False,Q25_9
R_MK0047788,I know what subjects I would need to study if I wanted a STEM job,Yes a lotI,1,4,False,Q25_9
R_MK0048737,I know what subjects I would need to study if I wanted a STEM job,Yes a little,2,3,False,Q25_9
R_MK0049733,I know what subjects I would need to study if I wanted a STEM job,Maybe,3,2,False,Q25_9
R_MK0051185,I know what subjects I would need to study if I wanted a STEM job,Yes a little,2,3,False,Q25_9
R_MK0052388,I know what subjects I would need to study if I wanted a STEM job,Yes a little,2,3,False,Q25_9
R_MK0053734,I know what subjects I would need to study if I wanted a STEM job,Maybe,3,2,False,Q25_9
R_MK0054375,I know what subjects I would need to study if I wanted a STEM job,Yes a little,2,3,False,Q25_9
R_MK0055989,I know what subjects I would need to study if I wanted a STEM job,No,4,1,False,Q25_9
R_MK0056543,I know what subjects I would need to study if I wanted a STEM job,No,4,1,False,Q25_9
R_MK0057204,I know what subjects I would need to study if I wanted a STEM job,Yes a little,2,3,False,Q25_9
R_MK0058713,I know what subjects I would need to study if I wanted a STEM job,Yes a lotI,1,4,False,Q25_9
R_MK0059837,I know what subjects I would need to study if I wanted a STEM job,Yes a lotI,1,4,False,Q25_9
R_MK0060527,I know what subjects I would need to study if I wanted a STEM job,I do not know,5,,True,Q25_9
R_MK0061617,I know what subjects I would need to study if I wanted a STEM job,Yes a lotI,1,4,False,Q25_9
R_MK0062899,I know what subjects I would need to study if I wanted a STEM job,No,4,1,False,Q25_9
R_MK0063902,I know what subjects I would need to study if I wanted a STEM job,Yes a little,2,3,False,Q25_9
R_MK0064156,I know what subjects I would need to study if I wanted a STEM job,Yes a little,2,3,False,Q25_9
R_MK0066500,I know what subjects I would need to study if I wanted a STEM job,Yes a lotI,1,4,False,Q25_9
R_MK0067466,I know what subjects I would need to study if I wanted a STEM job,Yes a lotI,1,4,False,Q25_9
R_MK0068498,I know what subjects I would need to study if I wanted a STEM job,Yes a little,2,3,False,Q25_9
R_MK0069685,I know what subjects I would need to study if I wanted a STEM job,Yes a little,2,3,False,Q25_9
R_MK0070229,I know what subjects I would need to study if I wanted a STEM job,Yes a lotI,1,4,False,Q25_9
R_MK0071423,I know what subjects I would need to study if I wanted a STEM job,Maybe,3,2,False,Q25_9
R_MK0072663,I know what subjects I would need to study if I wanted a STEM job,Yes a lotI,1,4,False,Q25_9
R_MK0073741,I know what subjects I would need to study if I wanted a STEM job,Yes a lotI,1,4,False,Q25_9
R_MK0074273,I know what subjects I would need to study if I wanted a STEM job,Yes a lotI,1,4,False,Q25_9
R_MK0075806,I know what subjects I would need to study if I wanted a STEM job,No,4,1,False,Q25_9
R_MK0076785,I know what subjects I would need to study if I wanted a STEM job,Yes a lotI,1,4,False,Q25_9
R_MK0077903,I know what subjects I would need to study if I wanted a STEM job,Maybe,3,2,False,Q25_9
R_MK0078295,I know what subjects I would need to study if I wanted a STEM job,No,4,1,False,Q25_9
R_MK0079267,I know what subjects I would need to study if I wanted a STEM job,Yes a lotI,1,4,False,Q25_9
R_MK0080359,I know what subjects I would need to study if I wanted a STEM job,No,4,1,False,Q25_9
R_MK0081202,I know what subjects I would need to study if I wanted a STEM job,Maybe,3,2,False,Q25_9
R_MK0082310,I know what subjects I would need to study if I wanted a STEM job,Yes a little,2,3,False,Q25_9
R_MK0083313,I know what subjects I would need to study if I wanted a STEM job,No,4,1,False,Q25_9
R_MK0085933,I know what subjects I would need to study if I wanted a STEM job,Yes a little,2,3,False,Q25_9
R_MK0086867,I know what subjects I would need to study if I wanted a STEM job,Yes a little,2,3,False,Q25_9
R_MK0087396,I know what subjects I would need to study if I wanted a STEM job,Yes a little,2,3,False,Q25_9
R_MK0089973,I know what subjects I would need to study if I wanted a STEM job,Yes a lotI,1,4,False,Q25_9
R_MK0090487,I know what subjects I would need to study if I wanted a STEM job,Yes a little,2,3,False,Q25_9
R_MK0091120,I know what subjects I would need to study if I wanted a STEM job,Maybe,3,2,False,Q25_9
R_MK0092907,I know what subjects I would need to study if I wanted a STEM job,Yes a lotI,1,4,False,Q25_9
R_MK0093607,I know what subjects I would need to study if I wanted a STEM job,No,4,1,False,Q25_9
R_MK0094626,I know what subjects I would need to study if I wanted a STEM job,Yes a lotI,1,4,False,Q25_9
R_MK0096327,I know what subjects I would need to study if I wanted a STEM job,Yes a little,2,3,False,Q25_9
R_MK0097932,I know what subjects I would need to study if I wanted a STEM job,Yes a little,2,3,False,Q25_9
R_MK0098967,I know what subjects I would need to study if I wanted a STEM job,Maybe,3,2,False,Q25_9
R_MK0099158,I know what subjects I would need to study if I wanted a STEM job,Yes a lotI,1,4,False,Q25_9
R_MK0100207,I know what subjects I would need to study if I wanted a STEM job,Maybe,3,2,False,Q25_9
R_MK0101806,I know what subjects I would need to study if I wanted a STEM job,Maybe,3,2,False,Q25_9
R_MK0103956,I know what subjects I would need to study if I wanted a STEM job,Yes a lotI,1,4,False,Q25_9
R_MK0104978,I know what subjects I would need to study if I wanted a STEM job,Yes a lotI,1,4,False,Q25_9
R_MK0105321,I know what subjects I would need to study if I wanted a STEM job,Yes a lotI,1,4,False,Q25_9
R_MK0106123,I know what subjects I would need to study if I wanted a STEM job,Yes a little,2,3,False,Q25_9
R_MK0107788,I know what subjects I would need to study if I wanted a STEM job,I do not know,5,,True,Q25_9
R_MK0108835,I know what subjects I would need to study if I wanted a STEM job,Yes a lotI,1,4,False,Q25_9
R_MK0109124,I know what subjects I would need to study if I wanted a STEM job,Yes a little,2,3,False,Q25_9
R_MK0110762,I know what subjects I would need to study if I wanted a STEM job,Yes a little,2,3,False,Q25_9
R_MK0111624,I know what subjects I would need to study if I wanted a STEM job,Maybe,3,2,False,Q25_9
R_MK0112361,I know what subjects I would need to study if I wanted a STEM job,Yes a little,2,3,False,Q25_9
R_MK0113467,I know what subjects I would need to study if I wanted a STEM job,No,4,1,False,Q25_9
R_MK0114346,I know what subjects I would need to study if I wanted a STEM job,Yes a little,2,3,False,Q25_9
R_MK0115748,I know what subjects I would need to study if I wanted a STEM job,Maybe,3,2,False,Q25_9
R_MK0116915,I know what subjects I would need to study if I wanted a STEM job,Maybe,3,2,False,Q25_9
R_MK0117603,I know what subjects I would need to study if I wanted a STEM job,Yes a lotI,1,4,False,Q25_9
R_MK0118631,I know what subjects I would need to study if I wanted a STEM job,Yes a little,2,3,False,Q25_9
R_MK0119995,I know what subjects I would need to study if I wanted a STEM job,Yes a lotI,1,4,False,Q25_9
R_MK0120834,I know what subjects I would need to study if I wanted a STEM job,Yes a little,2,3,False,Q25_9
R_MK0121952,I know what subjects I would need to study if I wanted a STEM job,Yes a little,2,3,False,Q25_9
R_MK0123453,I know what subjects I would need to study if I wanted a STEM job,Yes a lotI,1,4,False,Q25_9
R_MK0124466,I know what subjects I would need to study if I wanted a STEM job,Maybe,3,2,False,Q25_9
R_MK0125281,I know what subjects I would need to study if I wanted a STEM job,I do not know,5,,True,Q25_9
R_MK0126574,I know what subjects I would need to study if I wanted a STEM job,Yes a lotI,1,4,False,Q25_9
R_MK0127853,I know what subjects I would need to study if I wanted a STEM job,Yes a lotI,1,4,False,Q25_9
R_MK0128835,I know what subjects I would need to study if I wanted a STEM job,Yes a lotI,1,4,False,Q25_9
R_MK0129827,I know what subjects I would need to study if I wanted a STEM job,Maybe,3,2,False,Q25_9
R_MK0130464,I know what subjects I would need to study if I wanted a STEM job,Maybe,3,2,False,Q25_9
R_MK0131132,I know what subjects I would need to study if I wanted a STEM job,No,4,1,False,Q25_9
R_MK0132486,I know what subjects I would need to study if I wanted a STEM job,Yes a little,2,3,False,Q25_9
R_MK0133408,I know what subjects I would need to study if I wanted a STEM job,Yes a lotI,1,4,False,Q25_9
R_MK0134215,I know what subjects I would need to study if I wanted a STEM job,Yes a little,2,3,False,Q25_9
R_MK0135917,I know what subjects I would need to study if I wanted a STEM job,Yes a lotI,1,4,False,Q25_9
R_MK0137508,I know what subjects I would need to study if I wanted a STEM job,Yes a little,2,3,False,Q25_9
R_MK0138319,I know what subjects I would need to study if I wanted a STEM job,Yes a little,2,3,False,Q25_9
R_MK0139468,I know what subjects I would need to study if I wanted a STEM job,I do not know,5,,True,Q25_9
R_MK0140416,I know what subjects I would need to study if I wanted a STEM job,Yes a little,2,3,False,Q25_9
R_MK0141171,I know what subjects I would need to study if I wanted a STEM job,Maybe,3,2,False,Q25_9
R_MK0144749,I know what subjects I would need to study if I wanted a STEM job,No,4,1,False,Q25_9
R_MK0145593,I know what subjects I would need to study if I wanted a STEM job,Maybe,3,2,False,Q25_9
R_MK0146638,I know what subjects I would need to study if I wanted a STEM job,No,4,1,False,Q25_9
R_MK0148155,I know what subjects I would need to study if I wanted a STEM job,Yes a lotI,1,4,False,Q25_9
R_MK0150172,I know what subjects I would need to study if I wanted a STEM job,Yes a little,2,3,False,Q25_9
R_MK0151675,I know what subjects I would need to study if I wanted a STEM job,Maybe,3,2,False,Q25_9
R_MK0152207,I know what subjects I would need to study if I wanted a STEM job,Yes a little,2,3,False,Q25_9
R_MK0154868,I know what subjects I would need to study if I wanted a STEM job,Maybe,3,2,False,Q25_9
R_MK0155973,I know what subjects I would need to study if I wanted a STEM job,Yes a little,2,3,False,Q25_9
R_MK0156575,I know what subjects I would need to study if I wanted a STEM job,No,4,1,False,Q25_9
R_MK0157758,I know what subjects I would need to study if I wanted a STEM job,Yes a little,2,3,False,Q25_9
R_MK0158694,I know what subjects I would need to study if I wanted a STEM job,No,4,1,False,Q25_9
R_MK0159874,I know what subjects I would need to study if I wanted a STEM job,I do not know,5,,True,Q25_9
R_MK0160930,I know what subjects I would need to study if I wanted a STEM job,Yes a little,2,3,False,Q25_9
R_MK0161224,I know what subjects I would need to study if I wanted a STEM job,No,4,1,False,Q25_9
R_MK0163831,I know what subjects I would need to study if I wanted a STEM job,Yes a little,2,3,False,Q25_9
R_MK0164526,I know what subjects I would need to study if I wanted a STEM job,Yes a little,2,3,False,Q25_9
R_MK0165548,I know what subjects I would need to study if I wanted a STEM job,Yes a lotI,1,4,False,Q25_9
R_MK0166129,I know what subjects I would need to study if I wanted a STEM job,Maybe,3,2,False,Q25_9
R_MK0167780,I know what subjects I would need to study if I wanted a STEM job,No,4,1,False,Q25_9
R_MK0168594,I know what subjects I would need to study if I wanted a STEM job,I do not know,5,,True,Q25_9
R_MK0169620,I know what subjects I would need to study if I wanted a STEM job,Yes a lotI,1,4,False,Q25_9
R_MK0170795,I know what subjects I would need to study if I wanted a STEM job,Maybe,3,2,False,Q25_9
R_MK0171952,I know what subjects I would need to study if I wanted a STEM job,Yes a little,2,3,False,Q25_9
R_MK0173432,I know what subjects I would need to study if I wanted a STEM job,Yes a lotI,1,4,False,Q25_9
R_MK0174167,I know what subjects I would need to study if I wanted a STEM job,Yes a little,2,3,False,Q25_9
R_MK0175836,I know what subjects I would need to study if I wanted a STEM job,No,4,1,False,Q25_9
R_MK0176600,I know what subjects I would need to study if I wanted a STEM job,Yes a lotI,1,4,False,Q25_9
R_MK0177349,I know what subjects I would need to study if I wanted a STEM job,Maybe,3,2,False,Q25_9
R_MK0178108,I know what subjects I would need to study if I wanted a STEM job,Yes a lotI,1,4,False,Q25_9
R_MK0179378,I know what subjects I would need to study if I wanted a STEM job,Yes a little,2,3,False,Q25_9
R_MK0000103,I think there are STEM jobs in my local area or region,Yes a lotI,1,4,False,Q25_10
R_MK0001265,I think there are STEM jobs in my local area or region,Yes a lotI,1,4,False,Q25_10
R_MK0002320,I think there are STEM jobs in my local area or region,Yes a little,2,3,False,Q25_10
R_MK0003688,I think there are STEM jobs in my local area or region,Maybe,3,2,False,Q25_10
R_MK0004317,I think there are STEM jobs in my local area or region,Yes a little,2,3,False,Q25_10
R_MK0005590,I think there are STEM jobs in my local area or region,Maybe,3,2,False,Q25_10
R_MK0006572,I think there are STEM jobs in my local area or region,Yes a lotI,1,4,False,Q25_10
R_MK0007539,I think there are STEM jobs in my local area or region,Yes a little,2,3,False,Q25_10
R_MK0008963,I think there are STEM jobs in my local area or region,Yes a lotI,1,4,False,Q25_10
R_MK0009570,I think there are STEM jobs in my local area or region,Yes a lotI,1,4,False,Q25_10
R_MK0010378,I think there are STEM jobs in my local area or region,Yes a little,2,3,False,Q25_10
R_MK0011453,I think there are STEM jobs in my local area or region,Yes a little,2,3,False,Q25_10
R_MK0012825,I think there are STEM jobs in my local area or region,Yes a little,2,3,False,Q25_10
R_MK0013834,I think there are STEM jobs in my local area or region,Yes a lotI,1,4,False,Q25_10
R_MK0014994,I think there are STEM jobs in my local area or region,Yes a lotI,1,4,False,Q25_10
R_MK0016779,I think there are STEM jobs in my local area or region,Yes a little,2,3,False,Q25_10
R_MK0017794,I think there are STEM jobs in my local area or region,Maybe,3,2,False,Q25_10
R_MK0018342,I think there are STEM jobs in my local area or region,I do not know,5,,True,Q25_10
R_MK0019683,I think there are STEM jobs in my local area or region,Yes a little,2,3,False,Q25_10
R_MK0020216,I think there are STEM jobs in my local area or region,Maybe,3,2,False,Q25_10
R_MK0021162,I think there are STEM jobs in my local area or region,Yes a lotI,1,4,False,Q25_10
R_MK0022405,I think there are STEM jobs in my local area or region,No,4,1,False,Q25_10
R_MK0023140,I think there are STEM jobs in my local area or region,Yes a lotI,1,4,False,Q25_10
R_MK0024311,I think there are STEM jobs in my local area or region,Yes a little,2,3,False,Q25_10
R_MK0025966,I think there are STEM jobs in my local area or region,Maybe,3,2,False,Q25_10
R_MK0026432,I think there are STEM jobs in my local area or region,Yes a little,2,3,False,Q25_10
R_MK0027899,I think there are STEM jobs in my local area or region,I do not know,5,,True,Q25_10
R_MK0028139,I think there are STEM jobs in my local area or region,No,4,1,False,Q25_10
R_MK0029136,I think there are STEM jobs in my local area or region,Yes a little,2,3,False,Q25_10
R_MK0030402,I think there are STEM jobs in my local area or region,Yes a lotI,1,4,False,Q25_10
R_MK0031712,I think there are STEM jobs in my local area or region,Yes a lotI,1,4,False,Q25_10
R_MK0032849,I think there are STEM jobs in my local area or region,Maybe,3,2,False,Q25_10
R_MK0033442,I think there are STEM jobs in my local area or region,Yes a little,2,3,False,Q25_10
R_MK0034167,I think there are STEM jobs in my local area or region,Maybe,3,2,False,Q25_10
R_MK0036294,I think there are STEM jobs in my local area or region,I do not know,5,,True,Q25_10
R_MK0037202,I think there are STEM jobs in my local area or region,Maybe,3,2,False,Q25_10
R_MK0038243,I think there are STEM jobs in my local area or region,Yes a lotI,1,4,False,Q25_10
R_MK0039124,I think there are STEM jobs in my local area or region,Yes a little,2,3,False,Q25_10
R_MK0040868,I think there are STEM jobs in my local area or region,Yes a little,2,3,False,Q25_10
R_MK0041466,I think there are STEM jobs in my local area or region,Yes a lotI,1,4,False,Q25_10
R_MK0043853,I think there are STEM jobs in my local area or region,Maybe,3,2,False,Q25_10
R_MK0044771,I think there are STEM jobs in my local area or region,Yes a lotI,1,4,False,Q25_10
R_MK0045989,I think there are STEM jobs in my local area or region,Yes a lotI,1,4,False,Q25_10
R_MK0046892,I think there are STEM jobs in my local area or region,Yes a lotI,1,4,False,Q25_10
R_MK0047788,I think there are STEM jobs in my local area or region,Maybe,3,2,False,Q25_10
R_MK0048737,I think there are STEM jobs in my local area or region,Yes a lotI,1,4,False,Q25_10
R_MK0049733,I think there are STEM jobs in my local area or region,Yes a little,2,3,False,Q25_10
R_MK0051185,I think there are STEM jobs in my local area or region,Maybe,3,2,False,Q25_10
R_MK0052388,I think there are STEM jobs in my local area or region,Yes a little,2,3,False,Q25_10
R_MK0053734,I think there are STEM jobs in my local area or region,Yes a lotI,1,4,False,Q25_10
R_MK0054375,I think there are STEM jobs in my local area or region,I do not know,5,,True,Q25_10
R_MK0055989,I think there are STEM jobs in my local area or region,Yes a little,2,3,False,Q25_10
R_MK0056543,I think there are STEM jobs in my local area or region,Maybe,3,2,False,Q25_10
R_MK0057204,I think there are STEM jobs in my local area or region,Yes a little,2,3,False,Q25_10
R_MK0058713,I think there are STEM jobs in my local area or region,Yes a little,2,3,False,Q25_10
R_MK0059837,I think there are STEM jobs in my local area or region,No,4,1,False,Q25_10
R_MK0060527,I think there are STEM jobs in my local area or region,Yes a little,2,3,False,Q25_10
R_MK0061617,I think there are STEM jobs in my local area or region,Maybe,3,2,False,Q25_10
R_MK0062899,I think there are STEM jobs in my local area or region,Yes a little,2,3,False,Q25_10
R_MK0063902,I think there are STEM jobs in my local area or region,Yes a lotI,1,4,False,Q25_10
R_MK0064156,I think there are STEM jobs in my local area or region,Yes a little,2,3,False,Q25_10
R_MK0066500,I think there are STEM jobs in my local area or region,Yes a lotI,1,4,False,Q25_10
R_MK0067466,I think there are STEM jobs in my local area or region,Yes a lotI,1,4,False,Q25_10
R_MK0068498,I think there are STEM jobs in my local area or region,Yes a lotI,1,4,False,Q25_10
R_MK0069685,I think there are STEM jobs in my local area or region,Yes a lotI,1,4,False,Q25_10
R_MK0070229,I think there are STEM jobs in my local area or region,Yes a little,2,3,False,Q25_10
R_MK0071423,I think there are STEM jobs in my local area or region,Yes a lotI,1,4,False,Q25_10
R_MK0072663,I think there are STEM jobs in my local area or region,Yes a little,2,3,False,Q25_10
R_MK0073741,I think there are STEM jobs in my local area or region,Yes a little,2,3,False,Q25_10
R_MK0074273,I think there are STEM jobs in my local area or region,Yes a lotI,1,4,False,Q25_10
R_MK0075806,I think there are STEM jobs in my local area or region,Yes a lotI,1,4,False,Q25_10
R_MK0076785,I think there are STEM jobs in my local area or region,Maybe,3,2,False,Q25_10
R_MK0077903,I think there are STEM jobs in my local area or region,Yes a lotI,1,4,False,Q25_10
R_MK0078295,I think there are STEM jobs in my local area or region,Yes a little,2,3,False,Q25_10
R_MK0079267,I think there are STEM jobs in my local area or region,Yes a little,2,3,False,Q25_10
R_MK0080359,I think there are STEM jobs in my local area or region,No,4,1,False,Q25_10
R_MK0081202,I think there are STEM jobs in my local area or region,Yes a little,2,3,False,Q25_10
R_MK0082310,I think there are STEM jobs in my local area or region,Yes a little,2,3,False,Q25_10
R_MK0083313,I think there are STEM jobs in my local area or region,Yes a little,2,3,False,Q25_10
R_MK0085933,I think there are STEM jobs in my local area or region,Yes a lotI,1,4,False,Q25_10
R_MK0086867,I think there are STEM jobs in my local area or region,I do not know,5,,True,Q25_10
R_MK0087396,I think there are STEM jobs in my local area or region,I do not know,5,,True,Q25_10
R_MK0089973,I think there are STEM jobs in my local area or region,Yes a lotI,1,4,False,Q25_10
R_MK0090487,I think there are STEM jobs in my local area or region,Yes a lotI,1,4,False,Q25_10
R_MK0091120,I think there are STEM jobs in my local area or region,Yes a lotI,1,4,False,Q25_10
R_MK0092907,I think there are STEM jobs in my local area or region,Yes a lotI,1,4,False,Q25_10
R_MK0093607,I think there are STEM jobs in my local area or region,Yes a lotI,1,4,False,Q25_10
R_MK0094626,I think there are STEM jobs in my local area or region,Yes a lotI,1,4,False,Q25_10
R_MK0096327,I think there are STEM jobs in my local area or region,Maybe,3,2,False,Q25_10
R_MK0097932,I think there are STEM jobs in my local area or region,Yes a little,2,3,False,Q25_10
R_MK0098967,I think there are STEM jobs in my local area or region,Yes a little,2,3,False,Q25_10
R_MK0099158,I think there are STEM jobs in my local area or region,Yes a little,2,3,False,Q25_10
R_MK0100207,I think there are STEM jobs in my local area or region,Yes a lotI,1,4,False,Q25_10
R_MK0101806,I think there are STEM jobs in my local area or region,Yes a little,2,3,False,Q25_10
R_MK0103956,I think there are STEM jobs in my local area or region,Yes a lotI,1,4,False,Q25_10
R_MK0104978,I think there are STEM jobs in my local area or region,Yes a lotI,1,4,False,Q25_10
R_MK0105321,I think there are STEM jobs in my local area or region,Yes a little,2,3,False,Q25_10
R_MK0106123,I think there are STEM jobs in my local area or region,No,4,1,False,Q25_10
R_MK0107788,I think there are STEM jobs in my local area or region,Maybe,3,2,False,Q25_10
R_MK0108835,I think there are STEM jobs in my local area or region,Yes a lotI,1,4,False,Q25_10
R_MK0109124,I think there are STEM jobs in my local area or region,No,4,1,False,Q25_10
R_MK0110762,I think there are STEM jobs in my local area or region,No,4,1,False,Q25_10
R_MK0111624,I think there are STEM jobs in my local area or region,Yes a little,2,3,False,Q25_10
R_MK0112361,I think there are STEM jobs in my local area or region,Maybe,3,2,False,Q25_10
R_MK0113467,I think there are STEM jobs in my local area or region,Maybe,3,2,False,Q25_10
R_MK0114346,I think there are STEM jobs in my local area or region,Yes a lotI,1,4,False,Q25_10
R_MK0115748,I think there are STEM jobs in my local area or region,Yes a little,2,3,False,Q25_10
R_MK0116915,I think there are STEM jobs in my local area or region,Yes a little,2,3,False,Q25_10
R_MK0117603,I think there are STEM jobs in my local area or region,Yes a little,2,3,False,Q25_10
R_MK0118631,I think there are STEM jobs in my local area or region,Yes a lotI,1,4,False,Q25_10
R_MK0119995,I think there are STEM jobs in my local area or region,Yes a lotI,1,4,False,Q25_10
R_MK0120834,I think there are STEM jobs in my local area or region,Yes a lotI,1,4,False,Q25_10
R_MK0121952,I think there are STEM jobs in my local area or region,Yes a little,2,3,False,Q25_10
R_MK0123453,I think there are STEM jobs in my local area or region,Maybe,3,2,False,Q25_10
R_MK0124466,I think there are STEM jobs in my local area or region,Yes a lotI,1,4,False,Q25_10
R_MK0125281,I think there are STEM jobs in my local area or region,Yes a little,2,3,False,Q25_10
R_MK0126574,I think there are STEM jobs in my local area or region,Yes a little,2,3,False,Q25_10
R_MK0127853,I think there are STEM jobs in my local area or region,Maybe,3,2,False,Q25_10
R_MK0128835,I think there are STEM jobs in my local area or region,Yes a little,2,3,False,Q25_10
R_MK0129827,I think there are STEM jobs in my local area or region,Maybe,3,2,False,Q25_10
R_MK0130464,I think there are STEM jobs in my local area or region,Maybe,3,2,False,Q25_10
R_MK0131132,I think there are STEM jobs in my local area or region,Yes a little,2,3,False,Q25_10
R_MK0132486,I think there are STEM jobs in my local area or region,Yes a lotI,1,4,False,Q25_10
R_MK0133408,I think there are STEM jobs in my local area or region,Yes a little,2,3,False,Q25_10
R_MK0134215,I think there are STEM jobs in my local area or region,Maybe,3,2,False,Q25_10
R_MK0135917,I think there are STEM jobs in my local area or region,No,4,1,False,Q25_10
R_MK0137508,I think there are STEM jobs in my local area or region,Yes a little,2,3,False,Q25_10
R_MK0138319,I think there are STEM jobs in my local area or region,Maybe,3,2,False,Q25_10
R_MK0139468,I think there are STEM jobs in my local area or region,No,4,1,False,Q25_10
R_MK0140416,I think there are STEM jobs in my local area or region,Maybe,3,2,False,Q25_10
R_MK0141171,I think there are STEM jobs in my local area or region,No,4,1,False,Q25_10
R_MK0144749,I think there are STEM jobs in my local area or region,Yes a little,2,3,False,Q25_10
R_MK0145593,I think there are STEM jobs in my local area or region,Yes a lotI,1,4,False,Q25_10
R_MK0146638,I think there are STEM jobs in my local area or region,Yes a lotI,1,4,False,Q25_10
R_MK0148155,I think there are STEM jobs in my local area or region,Yes a little,2,3,False,Q25_10
R_MK0150172,I think there are STEM jobs in my local area or region,Yes a lotI,1,4,False,Q25_10
R_MK0151675,I think there are STEM jobs in my local area or region,Yes a little,2,3,False,Q25_10
R_MK0152207,I think there are STEM jobs in my local area or region,Yes a lotI,1,4,False,Q25_10
R_MK0154868,I think there are STEM jobs in my local area or region,Yes a little,2,3,False,Q25_10
R_MK0155973,I think there are STEM jobs in my local area or region,Yes a lotI,1,4,False,Q25_10
R_MK0156575,I think there are STEM jobs in my local area or region,Yes a little,2,3,False,Q25_10
R_MK0157758,I think there are STEM jobs in my local area or region,Yes a little,2,3,False,Q25_10
R_MK0158694,I think there are STEM jobs in my local area or region,Yes a little,2,3,False,Q25_10
R_MK0159874,I think there are STEM jobs in my local area or region,Yes a little,2,3,False,Q25_10
R_MK0160930,I think there are STEM jobs in my local area or region,Maybe,3,2,False,Q25_10
R_MK0161224,I think there are STEM jobs in my local area or region,Yes a lotI,1,4,False,Q25_10
R_MK0163831,I think there are STEM jobs in my local area or region,Maybe,3,2,False,Q25_10
R_MK0164526,I think there are STEM jobs in my local area or region,Yes a little,2,3,False,Q25_10
R_MK0165548,I think there are STEM jobs in my local area or region,Yes a lotI,1,4,False,Q25_10
R_MK0166129,I think there are STEM jobs in my local area or region,Yes a lotI,1,4,False,Q25_10
R_MK0167780,I think there are STEM jobs in my local area or region,Yes a little,2,3,False,Q25_10
R_MK0168594,I think there are STEM jobs in my local area or region,Maybe,3,2,False,Q25_10
R_MK0169620,I think there are STEM jobs in my local area or region,Yes a little,2,3,False,Q25_10
R_MK0170795,I think there are STEM jobs in my local area or region,Yes a little,2,3,False,Q25_10
R_MK0171952,I think there are STEM jobs in my local area or region,Yes a lotI,1,4,False,Q25_10
R_MK0173432,I think there are STEM jobs in my local area or region,Maybe,3,2,False,Q25_10
R_MK0174167,I think there are STEM jobs in my local area or region,Yes a little,2,3,False,Q25_10
R_MK0175836,I think there are STEM jobs in my local area or region,Yes a lotI,1,4,False,Q25_10
R_MK0176600,I think there are STEM jobs in my local area or region,Yes a little,2,3,False,Q25_10
R_MK0177349,I think there are STEM jobs in my local area or region,Yes a lotI,1,4,False,Q25_10
R_MK0178108,I think there are STEM jobs in my local area or region,Yes a little,2,3,False,Q25_10
R_MK0179378,I think there are STEM jobs in my local area or region,Yes a lotI,1,4,False,Q25_10
