ResponseId,activity_type,battery,item,source_column
R_MK0001265,School club or lunchtime activity,skills,Teamwork,Q16
R_MK0001265,School club or lunchtime activity,skills,Creative thinking,Q16
R_MK0001265,School club or lunchtime activity,skills,Responding flexibly to change,Q16
R_MK0001265,School club or lunchtime activity,skills,Design,Q16
R_MK0001265,School club or lunchtime activity,skills,Experimenting,Q16
R_MK0006572,School club or lunchtime activity,skills,Leadership,Q16
R_MK0006572,School club or lunchtime activity,skills,Experimenting,Q16
R_MK0007539,School club or lunchtime activity,skills,Experimenting,Q16
R_MK0011453,School club or lunchtime activity,skills,Teamwork,Q16
R_MK0011453,School club or lunchtime activity,skills,Critical thinking,Q16
R_MK0011453,School club or lunchtime activity,skills,Leadership,Q16
R_MK0011453,School club or lunchtime activity,skills,Design,Q16
R_MK0014994,School club or lunchtime activity,skills,Leadership,Q16
R_MK0014994,School club or lunchtime activity,skills,Creative thinking,Q16
R_MK0014994,School club or lunchtime activity,skills,Problem solving,Q16
R_MK0017794,School club or lunchtime activity,skills,Communication,Q16
R_MK0019683,School club or lunchtime activity,skills,Teamwork,Q16
R_MK0019683,School club or lunchtime activity,skills,Creative thinking,Q16
R_MK0019683,School club or lunchtime activity,skills,Problem solving,Q16
R_MK0033442,School club or lunchtime activity,skills,Communication,Q16
R_MK0033442,School club or lunchtime activity,skills,Creative thinking,Q16
R_MK0033442,School club or lunchtime activity,skills,Design,Q16
R_MK0033442,School club or lunchtime activity,skills,Problem solving,Q16
R_MK0042725,School club or lunchtime activity,skills,Communication,Q16
R_MK0042725,School club or lunchtime activity,skills,Teamwork,Q16
R_MK0042725,School club or lunchtime activity,skills,Critical thinking,Q16
R_MK0046892,School club or lunchtime activity,skills,Critical thinking,Q16
R_MK0046892,School club or lunchtime activity,skills,Experimenting,Q16
R_MK0046892,School club or lunchtime activity,skills,Problem solving,Q16
R_MK0047788,School club or lunchtime activity,skills,Critical thinking,Q16
R_MK0049733,School club or lunchtime activity,skills,Teamwork,Q16
R_MK0049733,School club or lunchtime activity,skills,Responding flexibly to change,Q16
R_MK0049733,School club or lunchtime activity,skills,Experimenting,Q16
R_MK0052388,School club or lunchtime activity,skills,Critical thinking,Q16
R_MK0052388,School club or lunchtime activity,skills,Leadership,Q16
R_MK0052388,School club or lunchtime activity,skills,Responding flexibly to change,Q16
R_MK0052388,School club or lunchtime activity,skills,Design,Q16
R_MK0052388,School club or lunchtime activity,skills,Experimenting,Q16
R_MK0062899,School club or lunchtime activity,skills,Critical thinking,Q16
R_MK0062899,School club or lunchtime activity,skills,Responding flexibly to change,Q16
R_MK0062899,School club or lunchtime activity,skills,Design,Q16
R_MK0062899,School club or lunchtime activity,skills,Experimenting,Q16
R_MK0062899,School club or lunchtime activity,skills,Problem solving,Q16
R_MK0065907,School club or lunchtime activity,skills,Leadership,Q16
R_MK0065907,School club or lunchtime activity,skills,Experimenting,Q16
R_MK0065907,School club or lunchtime activity,skills,Problem solving,Q16
R_MK0089973,School club or lunchtime activity,skills,Teamwork,Q16
R_MK0089973,School club or lunchtime activity,skills,Critical thinking,Q16
R_MK0089973,School club or lunchtime activity,skills,Leadership,Q16
R_MK0089973,School club or lunchtime activity,skills,Experimenting,Q16
R_MK0089973,School club or lunchtime activity,skills,Problem solving,Q16
R_MK0092907,School club or lunchtime activity,skills,Communication,Q16
R_MK0092907,School club or lunchtime activity,skills,Teamwork,Q16
R_MK0092907,School club or lunchtime activity,skills,Leadership,Q16
R_MK0092907,School club or lunchtime activity,skills,Design,Q16
R_MK0092907,School club or lunchtime activity,skills,Experimenting,Q16
R_MK0092907,School club or lunchtime activity,skills,Problem solving,Q16
R_MK0094626,School club or lunchtime activity,skills,Teamwork,Q16
R_MK0094626,School club or lunchtime activity,skills,Critical thinking,Q16
R_MK0094626,School club or lunchtime activity,skills,Creative thinking,Q16
R_MK0094626,School club or lunchtime activity,skills,Experimenting,Q16
R_MK0094626,School club or lunchtime activity,skills,Problem solving,Q16
R_MK0095142,School club or lunchtime activity,skills,Leadership,Q16
R_MK0095142,School club or lunchtime activity,skills,Creative thinking,Q16
R_MK0095142,School club or lunchtime activity,skills,Experimenting,Q16
R_MK0096327,School club or lunchtime activity,skills,Design,Q16
R_MK0096327,School club or lunchtime activity,skills,Problem solving,Q16
R_MK0101806,School club or lunchtime activity,skills,Creative thinking,Q16
R_MK0102522,School club or lunchtime activity,skills,Communication,Q16
R_MK0102522,School club or lunchtime activity,skills,Teamwork,Q16
R_MK0102522,School club or lunchtime activity,skills,Responding flexibly to change,Q16
R_MK0102522,School club or lunchtime activity,skills,Design,Q16
R_MK0102522,School club or lunchtime activity,skills,Problem solving,Q16
R_MK0103956,School club or lunchtime activity,skills,Teamwork,Q16
R_MK0103956,School club or lunchtime activity,skills,Creative thinking,Q16
R_MK0103956,School club or lunchtime activity,skills,Experimenting,Q16
R_MK0103956,School club or lunchtime activity,skills,Problem solving,Q16
R_MK0108835,School club or lunchtime activity,skills,Communication,Q16
R_MK0108835,School club or lunchtime activity,skills,Responding flexibly to change,Q16
R_MK0108835,School club or lunchtime activity,skills,Experimenting,Q16
R_MK0109124,School club or lunchtime activity,skills,Critical thinking,Q16
R_MK0109124,School club or lunchtime activity,skills,Creative thinking,Q16
R_MK0109124,School club or lunchtime activity,skills,Responding flexibly to change,Q16
R_MK0109124,School club or lunchtime activity,skills,Design,Q16
R_MK0111624,School club or lunchtime activity,skills,Creative thinking,Q16
R_MK0111624,School club or lunchtime activity,skills,Responding flexibly to change,Q16
R_MK0111624,School club or lunchtime activity,skills,Problem solving,Q16
R_MK0112361,School club or lunchtime activity,skills,Communication,Q16
R_MK0112361,School club or lunchtime activity,skills,Leadership,Q16
R_MK0120834,School club or lunchtime activity,skills,Teamwork,Q16
R_MK0120834,School club or lunchtime activity,skills,Critical thinking,Q16
R_MK0120834,School club or lunchtime activity,skills,Leadership,Q16
R_MK0120834,School club or lunchtime activity,skills,Creative thinking,Q16
R_MK0120834,School club or lunchtime activity,skills,Problem solving,Q16
R_MK0121952,School club or lunchtime activity,skills,Communication,Q16
R_MK0122800,School club or lunchtime activity,skills,Communication,Q16
R_MK0122800,School club or lunchtime activity,skills,Leadership,Q16
R_MK0122800,School club or lunchtime activity,skills,Creative thinking,Q16
R_MK0122800,School club or lunchtime activity,skills,Design,Q16
R_MK0122800,School club or lunchtime activity,skills,Problem solving,Q16
R_MK0127853,School club or lunchtime activity,skills,Communication,Q16
R_MK0127853,School club or lunchtime activity,skills,Leadership,Q16
R_MK0127853,School club or lunchtime activity,skills,Creative thinking,Q16
R_MK0127853,School club or lunchtime activity,skills,Design,Q16
R_MK0127853,School club or lunchtime activity,skills,Experimenting,Q16
R_MK0129827,School club or lunchtime activity,skills,Communication,Q16
R_MK0129827,School club or lunchtime activity,skills,Experimenting,Q16
R_MK0130464,School club or lunchtime activity,skills,Problem solving,Q16
R_MK0132486,School club or lunchtime activity,skills,Teamwork,Q16
R_MK0132486,School club or lunchtime activity,skills,Leadership,Q16
R_MK0132486,School club or lunchtime activity,skills,Creative thinking,Q16
R_MK0135917,School club or lunchtime activity,skills,Communication,Q16
R_MK0135917,School club or lunchtime activity,skills,Leadership,Q16
R_MK0135917,School club or lunchtime activity,skills,Responding flexibly to change,Q16
R_MK0135917,School club or lunchtime activity,skills,Design,Q16
R_MK0136603,School club or lunchtime activity,skills,Communication,Q16
R_MK0136603,School club or lunchtime activity,skills,Leadership,Q16
R_MK0136603,School club or lunchtime activity,skills,Design,Q16
R_MK0136603,School club or lunchtime activity,skills,Problem solving,Q16
R_MK0137508,School club or lunchtime activity,skills,Communication,Q16
R_MK0137508,School club or lunchtime activity,skills,Leadership,Q16
R_MK0137508,School club or lunchtime activity,skills,Responding flexibly to change,Q16
R_MK0137508,School club or lunchtime activity,skills,Experimenting,Q16
R_MK0138319,School club or lunchtime activity,skills,Critical thinking,Q16
R_MK0147525,School club or lunchtime activity,skills,Teamwork,Q16
R_MK0147525,School club or lunchtime activity,skills,Creative thinking,Q16
R_MK0147525,School club or lunchtime activity,skills,Problem solving,Q16
R_MK0149433,School club or lunchtime activity,skills,Creative thinking,Q16
R_MK0149433,School club or lunchtime activity,skills,Design,Q16
R_MK0149433,School club or lunchtime activity,skills,Problem solving,Q16
R_MK0151675,School club or lunchtime activity,skills,Leadership,Q16
R_MK0151675,School club or lunchtime activity,skills,Responding flexibly to change,Q16
R_MK0151675,School club or lunchtime activity,skills,Experimenting,Q16
R_MK0151675,School club or lunchtime activity,skills,Problem solving,Q16
R_MK0152207,School club or lunchtime activity,skills,Critical thinking,Q16
R_MK0152207,School club or lunchtime activity,skills,Experimenting,Q16
R_MK0153261,School club or lunchtime activity,skills,Creative thinking,Q16
R_MK0153261,School club or lunchtime activity,skills,Responding flexibly to change,Q16
R_MK0153261,School club or lunchtime activity,skills,Design,Q16
R_MK0153261,School club or lunchtime activity,skills,Problem solving,Q16
R_MK0159874,School club or lunchtime activity,skills,Communication,Q16
R_MK0159874,School club or lunchtime activity,skills,Leadership,Q16
R_MK0159874,School club or lunchtime activity,skills,Responding flexibly to change,Q16
R_MK0159874,School club or lunchtime activity,skills,Design,Q16
R_MK0159874,School club or lunchtime activity,skills,Experimenting,Q16
R_MK0161224,School club or lunchtime activity,skills,Communication,Q16
R_MK0161224,School club or lunchtime activity,skills,Critical thinking,Q16
R_MK0161224,School club or lunchtime activity,skills,Responding flexibly to change,Q16
R_MK0163831,School club or lunchtime activity,skills,Communication,Q16
R_MK0171952,School club or lunchtime activity,skills,Experimenting,Q16
R_MK0177349,School club or lunchtime activity,skills,Communication,Q16
R_MK0177349,School club or lunchtime activity,skills,Critical thinking,Q16
R_MK0001265,School club or lunchtime activity,identity,A leader,Q74
R_MK0001265,School club or lunchtime activity,identity,A team player,Q74
R_MK0006572,School club or lunchtime activity,identity,A leader,Q74
R_MK0006572,School club or lunchtime activity,identity,A good communicator,Q74
R_MK0007539,School club or lunchtime activity,identity,A STEM person,Q74
R_MK0007539,School club or lunchtime activity,identity,A team player,Q74
R_MK0011453,School club or lunchtime activity,identity,A leader,Q74
R_MK0011453,School club or lunchtime activity,identity,A problem solver,Q74
R_MK0014994,School club or lunchtime activity,identity,A problem solver,Q74
R_MK0017794,School club or lunchtime activity,identity,A leader,Q74
R_MK0017794,School club or lunchtime activity,identity,A problem solver,Q74
R_MK0017794,School club or lunchtime activity,identity,A team player,Q74
R_MK0019683,School club or lunchtime activity,identity,A leader,Q74
R_MK0019683,School club or lunchtime activity,identity,A good communicator,Q74
R_MK0019683,School club or lunchtime activity,identity,A STEM person,Q74
R_MK0019683,School club or lunchtime activity,identity,A problem solver,Q74
R_MK0033442,School club or lunchtime activity,identity,A leader,Q74
R_MK0033442,School club or lunchtime activity,identity,A STEM person,Q74
R_MK0033442,School club or lunchtime activity,identity,A problem solver,Q74
R_MK0042725,School club or lunchtime activity,identity,A leader,Q74
R_MK0042725,School club or lunchtime activity,identity,A good communicator,Q74
R_MK0042725,School club or lunchtime activity,identity,A designer,Q74
R_MK0046892,School club or lunchtime activity,identity,A STEM person,Q74
R_MK0046892,School club or lunchtime activity,identity,A problem solver,Q74
R_MK0047788,School club or lunchtime activity,identity,A problem solver,Q74
R_MK0049733,School club or lunchtime activity,identity,A leader,Q74
R_MK0049733,School club or lunchtime activity,identity,A good communicator,Q74
R_MK0049733,School club or lunchtime activity,identity,A problem solver,Q74
R_MK0052388,School club or lunchtime activity,identity,A leader,Q74
R_MK0052388,School club or lunchtime activity,identity,A STEM person,Q74
R_MK0052388,School club or lunchtime activity,identity,A designer,Q74
R_MK0052388,School club or lunchtime activity,identity,A team player,Q74
R_MK0062899,School club or lunchtime activity,identity,A designer,Q74
R_MK0062899,School club or lunchtime activity,identity,A team player,Q74
R_MK0065907,School club or lunchtime activity,identity,A leader,Q74
R_MK0065907,School club or lunchtime activity,identity,A team player,Q74
R_MK0089973,School club or lunchtime activity,identity,A leader,Q74
R_MK0092907,School club or lunchtime activity,identity,A problem solver,Q74
R_MK0092907,School club or lunchtime activity,identity,A team player,Q74
R_MK0094626,School club or lunchtime activity,identity,A leader,Q74
R_MK0094626,School club or lunchtime activity,identity,A good communicator,Q74
R_MK0094626,School club or lunchtime activity,identity,A designer,Q74
R_MK0095142,School club or lunchtime activity,identity,A good communicator,Q74
R_MK0095142,School club or lunchtime activity,identity,A problem solver,Q74
R_MK0095142,School club or lunchtime activity,identity,A designer,Q74
R_MK0096327,School club or lunchtime activity,identity,A leader,Q74
R_MK0101806,School club or lunchtime activity,identity,A problem solver,Q74
R_MK0101806,School club or lunchtime activity,identity,A designer,Q74
R_MK0102522,School club or lunchtime activity,identity,A problem solver,Q74
R_MK0102522,School club or lunchtime activity,identity,A designer,Q74
R_MK0103956,School club or lunchtime activity,identity,A leader,Q74
R_MK0108835,School club or lunchtime activity,identity,A good communicator,Q74
R_MK0108835,School club or lunchtime activity,identity,A problem solver,Q74
R_MK0108835,School club or lunchtime activity,identity,A designer,Q74
R_MK0108835,School club or lunchtime activity,identity,A team player,Q74
R_MK0109124,School club or lunchtime activity,identity,A problem solver,Q74
R_MK0111624,School club or lunchtime activity,identity,A leader,Q74
R_MK0111624,School club or lunchtime activity,identity,A good communicator,Q74
R_MK0111624,School club or lunchtime activity,identity,A designer,Q74
R_MK0112361,School club or lunchtime activity,identity,A STEM person,Q74
R_MK0112361,School club or lunchtime activity,identity,A problem solver,Q74
R_MK0120834,School club or lunchtime activity,identity,A problem solver,Q74
R_MK0121952,School club or lunchtime activity,identity,A leader,Q74
R_MK0121952,School club or lunchtime activity,identity,A designer,Q74
R_MK0121952,School club or lunchtime activity,identity,A team player,Q74
R_MK0122800,School club or lunchtime activity,identity,A good communicator,Q74
R_MK0122800,School club or lunchtime activity,identity,A STEM person,Q74
R_MK0122800,School club or lunchtime activity,identity,A problem solver,Q74
R_MK0122800,School club or lunchtime activity,identity,A team player,Q74
R_MK0127853,School club or lunchtime activity,identity,A STEM person,Q74
R_MK0127853,School club or lunchtime activity,identity,A designer,Q74
R_MK0129827,School club or lunchtime activity,identity,A leader,Q74
R_MK0130464,School club or lunchtime activity,identity,A good communicator,Q74
R_MK0130464,School club or lunchtime activity,identity,A designer,Q74
R_MK0130464,School club or lunchtime activity,identity,A team player,Q74
R_MK0132486,School club or lunchtime activity,identity,A leader,Q74
R_MK0132486,School club or lunchtime activity,identity,A good communicator,Q74
R_MK0135917,School club or lunchtime activity,identity,A problem solver,Q74
R_MK0136603,School club or lunchtime activity,identity,A leader,Q74
R_MK0136603,School club or lunchtime activity,identity,A team player,Q74
R_MK0137508,School club or lunchtime activity,identity,A leader,Q74
R_MK0137508,School club or lunchtime activity,identity,A good communicator,Q74
R_MK0137508,School club or lunchtime activity,identity,A STEM person,Q74
R_MK0137508,School club or lunchtime activity,identity,A problem solver,Q74
R_MK0138319,School club or lunchtime activity,identity,A designer,Q74
R_MK0147525,School club or lunchtime activity,identity,A leader,Q74
R_MK0147525,School club or lunchtime activity,identity,A STEM person,Q74
R_MK0147525,School club or lunchtime activity,identity,A designer,Q74
R_MK0149433,School club or lunchtime activity,identity,A leader,Q74
R_MK0149433,School club or lunchtime activity,identity,A problem solver,Q74
R_MK0151675,School club or lunchtime activity,identity,A good communicator,Q74
R_MK0151675,School club or lunchtime activity,identity,A STEM person,Q74
R_MK0151675,School club or lunchtime activity,identity,A team player,Q74
R_MK0152207,School club or lunchtime activity,identity,A good communicator,Q74
R_MK0152207,School club or lunchtime activity,identity,A designer,Q74
R_MK0153261,School club or lunchtime activity,identity,A leader,Q74
R_MK0153261,School club or lunchtime activity,identity,A problem solver,Q74
R_MK0153261,School club or lunchtime activity,identity,A designer,Q74
R_MK0153261,School club or lunchtime activity,identity,A team player,Q74
R_MK0159874,School club or lunchtime activity,identity,A good communicator,Q74
R_MK0159874,School club or lunchtime activity,identity,A problem solver,Q74
R_MK0159874,School club or lunchtime activity,identity,A designer,Q74
R_MK0159874,School club or lunchtime activity,identity,A team player,Q74
R_MK0161224,School club or lunchtime activity,identity,A good communicator,Q74
R_MK0161224,School club or lunchtime activity,identity,A designer,Q74
R_MK0163831,School club or lunchtime activity,identity,A leader,Q74
R_MK0163831,School club or lunchtime activity,identity,A good communicator,Q74
R_MK0171952,School club or lunchtime activity,identity,A designer,Q74
R_MK0171952,School club or lunchtime activity,identity,A team player,Q74
R_MK0177349,School club or lunchtime activity,identity,A designer,Q74
R_MK0003688,Competitions,skills,Communication,Q37
R_MK0003688,Competitions,skills,Critical thinking,Q37
R_MK0003688,Competitions,skills,Responding flexibly to change,Q37
R_MK0003688,Competitions,skills,Experimenting,Q37
R_MK0010378,Competitions,skills,Teamwork,Q37
R_MK0010378,Competitions,skills,Design,Q37
R_MK0010378,Competitions,skills,Experimenting,Q37
R_MK0011453,Competitions,skills,Leadership,Q37
R_MK0013834,Competitions,skills,Communication,Q37
R_MK0013834,Competitions,skills,Critical thinking,Q37
R_MK0013834,Competitions,skills,Leadership,Q37
R_MK0013834,Competitions,skills,Responding flexibly to change,Q37
R_MK0013834,Competitions,skills,Design,Q37
R_MK0013834,Competitions,skills,Problem solving,Q37
R_MK0014994,Competitions,skills,Teamwork,Q37
R_MK0014994,Competitions,skills,Leadership,Q37
R_MK0014994,Competitions,skills,Problem solving,Q37
R_MK0020216,Competitions,skills,Leadership,Q37
R_MK0020216,Competitions,skills,Problem solving,Q37
R_MK0021162,Competitions,skills,Teamwork,Q37
R_MK0021162,Competitions,skills,Creative thinking,Q37
R_MK0021162,Competitions,skills,Responding flexibly to change,Q37
R_MK0022405,Competitions,skills,Communication,Q37
R_MK0022405,Competitions,skills,Teamwork,Q37
R_MK0022405,Competitions,skills,Critical thinking,Q37
R_MK0022405,Competitions,skills,Responding flexibly to change,Q37
R_MK0032849,Competitions,skills,Communication,Q37
R_MK0032849,Competitions,skills,Leadership,Q37
R_MK0032849,Competitions,skills,Creative thinking,Q37
R_MK0032849,Competitions,skills,Responding flexibly to change,Q37
R_MK0032849,Competitions,skills,Design,Q37
R_MK0036294,Competitions,skills,Leadership,Q37
R_MK0036294,Competitions,skills,Responding flexibly to change,Q37
R_MK0036294,Competitions,skills,Problem solving,Q37
R_MK0037202,Competitions,skills,Communication,Q37
R_MK0037202,Competitions,skills,Leadership,Q37
R_MK0037202,Competitions,skills,Responding flexibly to change,Q37
R_MK0037202,Competitions,skills,Design,Q37
R_MK0037202,Competitions,skills,Problem solving,Q37
R_MK0043853,Competitions,skills,Design,Q37
R_MK0044771,Competitions,skills,Teamwork,Q37
R_MK0044771,Competitions,skills,Creative thinking,Q37
R_MK0044771,Competitions,skills,Experimenting,Q37
R_MK0045989,Competitions,skills,Teamwork,Q37
R_MK0045989,Competitions,skills,Leadership,Q37
R_MK0045989,Competitions,skills,Creative thinking,Q37
R_MK0048737,Competitions,skills,Critical thinking,Q37
R_MK0048737,Competitions,skills,Problem solving,Q37
R_MK0049733,Competitions,skills,Communication,Q37
R_MK0049733,Competitions,skills,Teamwork,Q37
R_MK0049733,Competitions,skills,Leadership,Q37
R_MK0049733,Competitions,skills,Responding flexibly to change,Q37
R_MK0049733,Competitions,skills,Design,Q37
R_MK0049733,Competitions,skills,Experimenting,Q37
R_MK0049733,Competitions,skills,Problem solving,Q37
R_MK0053734,Competitions,skills,Communication,Q37
R_MK0053734,Competitions,skills,Responding flexibly to change,Q37
R_MK0053734,Competitions,skills,Design,Q37
R_MK0057204,Competitions,skills,Responding flexibly to change,Q37
R_MK0059837,Competitions,skills,Communication,Q37
R_MK0059837,Competitions,skills,Teamwork,Q37
R_MK0059837,Competitions,skills,Leadership,Q37
R_MK0059837,Competitions,skills,Responding flexibly to change,Q37
R_MK0059837,Competitions,skills,Experimenting,Q37
R_MK0060527,Competitions,skills,Leadership,Q37
R_MK0060527,Competitions,skills,Design,Q37
R_MK0060527,Competitions,skills,Experimenting,Q37
R_MK0063902,Competitions,skills,Critical thinking,Q37
R_MK0063902,Competitions,skills,Experimenting,Q37
R_MK0065907,Competitions,skills,Teamwork,Q37
R_MK0065907,Competitions,skills,Responding flexibly to change,Q37
R_MK0070229,Competitions,skills,Communication,Q37
R_MK0070229,Competitions,skills,Teamwork,Q37
R_MK0070229,Competitions,skills,Creative thinking,Q37
R_MK0070229,Competitions,skills,Responding flexibly to change,Q37
R_MK0074273,Competitions,skills,Critical thinking,Q37
R_MK0074273,Competitions,skills,Problem solving,Q37
R_MK0076785,Competitions,skills,Critical thinking,Q37
R_MK0076785,Competitions,skills,Leadership,Q37
R_MK0076785,Competitions,skills,Responding flexibly to change,Q37
R_MK0076785,Competitions,skills,Experimenting,Q37
R_MK0078295,Competitions,skills,Experimenting,Q37
R_MK0079267,Competitions,skills,Teamwork,Q37
R_MK0079267,Competitions,skills,Leadership,Q37
R_MK0079267,Competitions,skills,Problem solving,Q37
R_MK0084225,Competitions,skills,Teamwork,Q37
R_MK0084225,Competitions,skills,Leadership,Q37
R_MK0084225,Competitions,skills,Responding flexibly to change,Q37
R_MK0084225,Competitions,skills,Design,Q37
R_MK0088386,Competitions,skills,Communication,Q37
R_MK0088386,Competitions,skills,Leadership,Q37
R_MK0088386,Competitions,skills,Creative thinking,Q37
R_MK0088386,Competitions,skills,Experimenting,Q37
R_MK0088386,Competitions,skills,Problem solving,Q37
R_MK0089973,Competitions,skills,Communication,Q37
R_MK0089973,Competitions,skills,Teamwork,Q37
R_MK0089973,Competitions,skills,Leadership,Q37
R_MK0090487,Competitions,skills,Critical thinking,Q37
R_MK0090487,Competitions,skills,Leadership,Q37
R_MK0090487,Competitions,skills,Responding flexibly to change,Q37
R_MK0090487,Competitions,skills,Design,Q37
R_MK0090487,Competitions,skills,Problem solving,Q37
R_MK0091120,Competitions,skills,Problem solving,Q37
R_MK0099158,Competitions,skills,Communication,Q37
R_MK0099158,Competitions,skills,Design,Q37
R_MK0103956,Competitions,skills,Critical thinking,Q37
R_MK0103956,Competitions,skills,Leadership,Q37
R_MK0103956,Competitions,skills,Problem solving,Q37
R_MK0104978,Competitions,skills,Teamwork,Q37
R_MK0104978,Competitions,skills,Critical thinking,Q37
R_MK0104978,Competitions,skills,Design,Q37
R_MK0104978,Competitions,skills,Experimenting,Q37
R_MK0104978,Competitions,skills,Problem solving,Q37
R_MK0107788,Competitions,skills,Communication,Q37
R_MK0107788,Competitions,skills,Critical thinking,Q37
R_MK0107788,Competitions,skills,Leadership,Q37
R_MK0107788,Competitions,skills,Creative thinking,Q37
R_MK0109124,Competitions,skills,Teamwork,Q37
R_MK0109124,Competitions,skills,Leadership,Q37
R_MK0109124,Competitions,skills,Creative thinking,Q37
R_MK0109124,Competitions,skills,Problem solving,Q37
R_MK0110762,Competitions,skills,Communication,Q37
R_MK0110762,Competitions,skills,Responding flexibly to change,Q37
R_MK0110762,Competitions,skills,Experimenting,Q37
R_MK0110762,Competitions,skills,Problem solving,Q37
R_MK0111624,Competitions,skills,Teamwork,Q37
R_MK0111624,Competitions,skills,Critical thinking,Q37
R_MK0111624,Competitions,skills,Responding flexibly to change,Q37
R_MK0111624,Competitions,skills,Experimenting,Q37
R_MK0113467,Competitions,skills,Design,Q37
R_MK0115748,Competitions,skills,Critical thinking,Q37
R_MK0115748,Competitions,skills,Leadership,Q37
R_MK0115748,Competitions,skills,Design,Q37
R_MK0115748,Competitions,skills,Experimenting,Q37
R_MK0115748,Competitions,skills,Problem solving,Q37
R_MK0117603,Competitions,skills,Leadership,Q37
R_MK0117603,Competitions,skills,Creative thinking,Q37
R_MK0117603,Competitions,skills,Responding flexibly to change,Q37
R_MK0117603,Competitions,skills,Experimenting,Q37
R_MK0117603,Competitions,skills,Problem solving,Q37
R_MK0118631,Competitions,skills,Leadership,Q37
R_MK0118631,Competitions,skills,Experimenting,Q37
R_MK0118631,Competitions,skills,Problem solving,Q37
R_MK0123453,Competitions,skills,Communication,Q37
R_MK0123453,Competitions,skills,Teamwork,Q37
R_MK0123453,Competitions,skills,Leadership,Q37
R_MK0123453,Competitions,skills,Design,Q37
R_MK0123453,Competitions,skills,Problem solving,Q37
R_MK0125281,Competitions,skills,Communication,Q37
R_MK0125281,Competitions,skills,Responding flexibly to change,Q37
R_MK0125281,Competitions,skills,Experimenting,Q37
R_MK0125281,Competitions,skills,Problem solving,Q37
R_MK0130464,Competitions,skills,Critical thinking,Q37
R_MK0130464,Competitions,skills,Leadership,Q37
R_MK0130464,Competitions,skills,Design,Q37
R_MK0130464,Competitions,skills,Experimenting,Q37
R_MK0132486,Competitions,skills,Teamwork,Q37
R_MK0132486,Competitions,skills,Critical thinking,Q37
R_MK0132486,Competitions,skills,Leadership,Q37
R_MK0132486,Competitions,skills,Design,Q37
R_MK0132486,Competitions,skills,Experimenting,Q37
R_MK0135917,Competitions,skills,Teamwork,Q37
R_MK0135917,Competitions,skills,Leadership,Q37
R_MK0135917,Competitions,skills,Creative thinking,Q37
R_MK0139468,Competitions,skills,Critical thinking,Q37
R_MK0139468,Competitions,skills,Responding flexibly to change,Q37
R_MK0139468,Competitions,skills,Design,Q37
R_MK0140416,Competitions,skills,Communication,Q37
R_MK0140416,Competitions,skills,Problem solving,Q37
R_MK0142928,Competitions,skills,Creative thinking,Q37
R_MK0142928,Competitions,skills,Experimenting,Q37
R_MK0145593,Competitions,skills,Communication,Q37
R_MK0145593,Competitions,skills,Teamwork,Q37
R_MK0145593,Competitions,skills,Creative thinking,Q37
R_MK0145593,Competitions,skills,Design,Q37
R_MK0150172,Competitions,skills,Creative thinking,Q37
R_MK0150172,Competitions,skills,Design,Q37
R_MK0150172,Competitions,skills,Problem solving,Q37
R_MK0156575,Competitions,skills,Design,Q37
R_MK0157758,Competitions,skills,Communication,Q37
R_MK0157758,Competitions,skills,Creative thinking,Q37
R_MK0157758,Competitions,skills,Responding flexibly to change,Q37
R_MK0157758,Competitions,skills,Experimenting,Q37
R_MK0160930,Competitions,skills,Critical thinking,Q37
R_MK0160930,Competitions,skills,Responding flexibly to change,Q37
R_MK0160930,Competitions,skills,Design,Q37
R_MK0162746,Competitions,skills,Critical thinking,Q37
R_MK0162746,Competitions,skills,Responding flexibly to change,Q37
R_MK0166129,Competitions,skills,Communication,Q37
R_MK0166129,Competitions,skills,Critical thinking,Q37
R_MK0169620,Competitions,skills,Communication,Q37
R_MK0169620,Competitions,skills,Creative thinking,Q37
R_MK0169620,Competitions,skills,Experimenting,Q37
R_MK0171952,Competitions,skills,Teamwork,Q37
R_MK0171952,Competitions,skills,Critical thinking,Q37
R_MK0171952,Competitions,skills,Design,Q37
R_MK0171952,Competitions,skills,Experimenting,Q37
R_MK0171952,Competitions,skills,Problem solving,Q37
R_MK0173432,Competitions,skills,Responding flexibly to change,Q37
R_MK0173432,Competitions,skills,Design,Q37
R_MK0173432,Competitions,skills,Experimenting,Q37
R_MK0175836,Competitions,skills,Teamwork,Q37
R_MK0175836,Competitions,skills,Critical thinking,Q37
R_MK0175836,Competitions,skills,Experimenting,Q37
R_MK0176600,Competitions,skills,Creative thinking,Q37
R_MK0176600,Competitions,skills,Design,Q37
R_MK0176600,Competitions,skills,Problem solving,Q37
R_MK0003688,Competitions,identity,A good communicator,Q75
R_MK0003688,Competitions,identity,A designer,Q75
R_MK0010378,Competitions,identity,A problem solver,Q75
R_MK0010378,Competitions,identity,A team player,Q75
R_MK0011453,Competitions,identity,A team player,Q75
R_MK0013834,Competitions,identity,A good communicator,Q75
R_MK0013834,Competitions,identity,A problem solver,Q75
R_MK0014994,Competitions,identity,A good communicator,Q75
R_MK0014994,Competitions,identity,A STEM person,Q75
R_MK0020216,Competitions,identity,A leader,Q75
R_MK0021162,Competitions,identity,A problem solver,Q75
R_MK0021162,Competitions,identity,A team player,Q75
R_MK0022405,Competitions,identity,A leader,Q75
R_MK0022405,Competitions,identity,A STEM person,Q75
R_MK0022405,Competitions,identity,A problem solver,Q75
R_MK0022405,Competitions,identity,A team player,Q75
R_MK0032849,Competitions,identity,A leader,Q75
R_MK0032849,Competitions,identity,A STEM person,Q75
R_MK0032849,Competitions,identity,A team player,Q75
R_MK0036294,Competitions,identity,A leader,Q75
R_MK0036294,Competitions,identity,A STEM person,Q75
R_MK0036294,Competitions,identity,A problem solver,Q75
R_MK0036294,Competitions,identity,A team player,Q75
R_MK0037202,Competitions,identity,A good communicator,Q75
R_MK0037202,Competitions,identity,A team player,Q75
R_MK0037202,Competitions,identity,A designer,Q75
R_MK0043853,Competitions,identity,A leader,Q75
R_MK0043853,Competitions,identity,A good communicator,Q75
R_MK0043853,Competitions,identity,A STEM person,Q75
R_MK0043853,Competitions,identity,A team player,Q75
R_MK0044771,Competitions,identity,A STEM person,Q75
R_MK0044771,Competitions,identity,A team player,Q75
R_MK0045989,Competitions,identity,A good communicator,Q75
R_MK0045989,Competitions,identity,A problem solver,Q75
R_MK0048737,Competitions,identity,A STEM person,Q75
R_MK0048737,Competitions,identity,A problem solver,Q75
R_MK0048737,Competitions,identity,A designer,Q75
R_MK0049733,Competitions,identity,A STEM person,Q75
R_MK0053734,Competitions,identity,A good communicator,Q75
R_MK0057204,Competitions,identity,A problem solver,Q75
R_MK0057204,Competitions,identity,A designer,Q75
R_MK0059837,Competitions,identity,A leader,Q75
R_MK0059837,Competitions,identity,A problem solver,Q75
R_MK0059837,Competitions,identity,A designer,Q75
R_MK0060527,Competitions,identity,A leader,Q75
R_MK0060527,Competitions,identity,A good communicator,Q75
R_MK0060527,Competitions,identity,A problem solver,Q75
R_MK0060527,Competitions,identity,A designer,Q75
R_MK0063902,Competitions,identity,A leader,Q75
R_MK0063902,Competitions,identity,A problem solver,Q75
R_MK0063902,Competitions,identity,A team player,Q75
R_MK0065907,Competitions,identity,A leader,Q75
R_MK0070229,Competitions,identity,A STEM person,Q75
R_MK0074273,Competitions,identity,A leader,Q75
R_MK0074273,Competitions,identity,A STEM person,Q75
R_MK0074273,Competitions,identity,A designer,Q75
R_MK0076785,Competitions,identity,A leader,Q75
R_MK0078295,Competitions,identity,A leader,Q75
R_MK0078295,Competitions,identity,A STEM person,Q75
R_MK0078295,Competitions,identity,A team player,Q75
R_MK0078295,Competitions,identity,A designer,Q75
R_MK0079267,Competitions,identity,A STEM person,Q75
R_MK0084225,Competitions,identity,A good communicator,Q75
R_MK0084225,Competitions,identity,A problem solver,Q75
R_MK0088386,Competitions,identity,A STEM person,Q75
R_MK0088386,Competitions,identity,A designer,Q75
R_MK0089973,Competitions,identity,A leader,Q75
R_MK0089973,Competitions,identity,A STEM person,Q75
R_MK0089973,Competitions,identity,A team player,Q75
R_MK0090487,Competitions,identity,A good communicator,Q75
R_MK0090487,Competitions,identity,A problem solver,Q75
R_MK0090487,Competitions,identity,A team player,Q75
R_MK0091120,Competitions,identity,A problem solver,Q75
R_MK0091120,Competitions,identity,A team player,Q75
R_MK0099158,Competitions,identity,A designer,Q75
R_MK0103956,Competitions,identity,A designer,Q75
R_MK0104978,Competitions,identity,A good communicator,Q75
R_MK0104978,Competitions,identity,A problem solver,Q75
R_MK0104978,Competitions,identity,A team player,Q75
R_MK0104978,Competitions,identity,A designer,Q75
R_MK0107788,Competitions,identity,A team player,Q75
R_MK0107788,Competitions,identity,A designer,Q75
R_MK0109124,Competitions,identity,A good communicator,Q75
R_MK0109124,Competitions,identity,A team player,Q75
R_MK0110762,Competitions,identity,A leader,Q75
R_MK0111624,Competitions,identity,A good communicator,Q75
R_MK0111624,Competitions,identity,A STEM person,Q75
R_MK0111624,Competitions,identity,A designer,Q75
R_MK0113467,Competitions,identity,A designer,Q75
R_MK0115748,Competitions,identity,A good communicator,Q75
R_MK0115748,Competitions,identity,A team player,Q75
R_MK0115748,Competitions,identity,A designer,Q75
R_MK0117603,Competitions,identity,A good communicator,Q75
R_MK0117603,Competitions,identity,A STEM person,Q75
R_MK0117603,Competitions,identity,A problem solver,Q75
R_MK0117603,Competitions,identity,A team player,Q75
R_MK0117603,Competitions,identity,A designer,Q75
R_MK0118631,Competitions,identity,A STEM person,Q75
R_MK0118631,Competitions,identity,A problem solver,Q75
R_MK0118631,Competitions,identity,A designer,Q75
R_MK0123453,Competitions,identity,A STEM person,Q75
R_MK0123453,Competitions,identity,A team player,Q75
R_MK0125281,Competitions,identity,A STEM person,Q75
R_MK0130464,Competitions,identity,A problem solver,Q75
R_MK0130464,Competitions,identity,A designer,Q75
R_MK0132486,Competitions,identity,A leader,Q75
R_MK0132486,Competitions,identity,A good communicator,Q75
R_MK0132486,Competitions,identity,A problem solver,Q75
R_MK0135917,Competitions,identity,A good communicator,Q75
R_MK0135917,Competitions,identity,A team player,Q75
R_MK0135917,Competitions,identity,A designer,Q75
R_MK0139468,Competitions,identity,A STEM person,Q75
R_MK0139468,Competitions,identity,A problem solver,Q75
R_MK0139468,Competitions,identity,A team player,Q75
R_MK0139468,Competitions,identity,A designer,Q75
R_MK0140416,Competitions,identity,A leader,Q75
R_MK0140416,Competitions,identity,A team player,Q75
R_MK0142928,Competitions,identity,A problem solver,Q75
R_MK0142928,Competitions,identity,A team player,Q75
R_MK0145593,Competitions,identity,A team player,Q75
R_MK0145593,Competitions,identity,A designer,Q75
R_MK0150172,Competitions,identity,A designer,Q75
R_MK0156575,Competitions,identity,A STEM person,Q75
R_MK0157758,Competitions,identity,A leader,Q75
R_MK0157758,Competitions,identity,A good communicator,Q75
R_MK0157758,Competitions,identity,A problem solver,Q75
R_MK0160930,Competitions,identity,A leader,Q75
R_MK0160930,Competitions,identity,A good communicator,Q75
R_MK0160930,Competitions,identity,A STEM person,Q75
R_MK0160930,Competitions,identity,A team player,Q75
R_MK0162746,Competitions,identity,A team player,Q75
R_MK0162746,Competitions,identity,A designer,Q75
R_MK0166129,Competitions,identity,A good communicator,Q75
R_MK0166129,Competitions,identity,A STEM person,Q75
R_MK0166129,Competitions,identity,A team player,Q75
R_MK0169620,Competitions,identity,A problem solver,Q75
R_MK0171952,Competitions,identity,A STEM person,Q75
R_MK0171952,Competitions,identity,A designer,Q75
R_MK0173432,Competitions,identity,A good communicator,Q75
R_MK0173432,Competitions,identity,A problem solver,Q75
R_MK0173432,Competitions,identity,A team player,Q75
R_MK0175836,Competitions,identity,A leader,Q75
R_MK0176600,Competitions,identity,A problem solver,Q75
R_MK0176600,Competitions,identity,A team player,Q75
R_MK0000103,Tech school programs,skills,Teamwork,Q46
R_MK0000103,Tech school programs,skills,Leadership,Q46
R_MK0004317,Tech school programs,skills,Teamwork,Q46
R_MK0004317,Tech school programs,skills,Critical thinking,Q46
R_MK0004317,Tech school programs,skills,Responding flexibly to change,Q46
R_MK0004317,Tech school programs,skills,Design,Q46
R_MK0004317,Tech school programs,skills,Problem solving,Q46
R_MK0016779,Tech school programs,skills,Teamwork,Q46
R_MK0016779,Tech school programs,skills,Creative thinking,Q46
R_MK0016779,Tech school programs,skills,Design,Q46
R_MK0016779,Tech school programs,skills,Problem solving,Q46
R_MK0018342,Tech school programs,skills,Teamwork,Q46
R_MK0018342,Tech school programs,skills,Leadership,Q46
R_MK0018342,Tech school programs,skills,Creative thinking,Q46
R_MK0018342,Tech school programs,skills,Responding flexibly to change,Q46
R_MK0018342,Tech school programs,skills,Problem solving,Q46
R_MK0024311,Tech school programs,skills,Communication,Q46
R_MK0024311,Tech school programs,skills,Teamwork,Q46
R_MK0024311,Tech school programs,skills,Creative thinking,Q46
R_MK0024311,Tech school programs,skills,Problem solving,Q46
R_MK0026432,Tech school programs,skills,Critical thinking,Q46
R_MK0026432,Tech school programs,skills,Design,Q46
R_MK0026432,Tech school programs,skills,Problem solving,Q46
R_MK0028139,Tech school programs,skills,Communication,Q46
R_MK0028139,Tech school programs,skills,Critical thinking,Q46
R_MK0028139,Tech school programs,skills,Leadership,Q46
R_MK0028139,Tech school programs,skills,Creative thinking,Q46
R_MK0028139,Tech school programs,skills,Design,Q46
R_MK0028139,Tech school programs,skills,Problem solving,Q46
R_MK0030402,Tech school programs,skills,Communication,Q46
R_MK0030402,Tech school programs,skills,Teamwork,Q46
R_MK0030402,Tech school programs,skills,Leadership,Q46
R_MK0030402,Tech school programs,skills,Responding flexibly to change,Q46
R_MK0032849,Tech school programs,skills,Communication,Q46
R_MK0032849,Tech school programs,skills,Leadership,Q46
R_MK0032849,Tech school programs,skills,Experimenting,Q46
R_MK0032849,Tech school programs,skills,Problem solving,Q46
R_MK0034167,Tech school programs,skills,Communication,Q46
R_MK0034167,Tech school programs,skills,Teamwork,Q46
R_MK0034167,Tech school programs,skills,Critical thinking,Q46
R_MK0034167,Tech school programs,skills,Responding flexibly to change,Q46
R_MK0036294,Tech school programs,skills,Responding flexibly to change,Q46
R_MK0036294,Tech school programs,skills,Experimenting,Q46
R_MK0037202,Tech school programs,skills,Problem solving,Q46
R_MK0038243,Tech school programs,skills,Teamwork,Q46
R_MK0038243,Tech school programs,skills,Critical thinking,Q46
R_MK0038243,Tech school programs,skills,Responding flexibly to change,Q46
R_MK0038243,Tech school programs,skills,Experimenting,Q46
R_MK0044771,Tech school programs,skills,Communication,Q46
R_MK0044771,Tech school programs,skills,Teamwork,Q46
R_MK0044771,Tech school programs,skills,Leadership,Q46
R_MK0044771,Tech school programs,skills,Creative thinking,Q46
R_MK0044771,Tech school programs,skills,Responding flexibly to change,Q46
R_MK0044771,Tech school programs,skills,Design,Q46
R_MK0045989,Tech school programs,skills,Leadership,Q46
R_MK0045989,Tech school programs,skills,Creative thinking,Q46
R_MK0045989,Tech school programs,skills,Design,Q46
R_MK0045989,Tech school programs,skills,Problem solving,Q46
R_MK0046892,Tech school programs,skills,Communication,Q46
R_MK0046892,Tech school programs,skills,Critical thinking,Q46
R_MK0046892,Tech school programs,skills,Responding flexibly to change,Q46
R_MK0048737,Tech school programs,skills,Creative thinking,Q46
R_MK0048737,Tech school programs,skills,Responding flexibly to change,Q46
R_MK0048737,Tech school programs,skills,Design,Q46
R_MK0050728,Tech school programs,skills,Responding flexibly to change,Q46
R_MK0051185,Tech school programs,skills,Teamwork,Q46
R_MK0051185,Tech school programs,skills,Critical thinking,Q46
R_MK0051185,Tech school programs,skills,Experimenting,Q46
R_MK0053734,Tech school programs,skills,Creative thinking,Q46
R_MK0053734,Tech school programs,skills,Responding flexibly to change,Q46
R_MK0055989,Tech school programs,skills,Teamwork,Q46
R_MK0055989,Tech school programs,skills,Design,Q46
R_MK0055989,Tech school programs,skills,Experimenting,Q46
R_MK0055989,Tech school programs,skills,Problem solving,Q46
R_MK0058713,Tech school programs,skills,Communication,Q46
R_MK0058713,Tech school programs,skills,Teamwork,Q46
R_MK0058713,Tech school programs,skills,Experimenting,Q46
R_MK0067466,Tech school programs,skills,Teamwork,Q46
R_MK0067466,Tech school programs,skills,Critical thinking,Q46
R_MK0067466,Tech school programs,skills,Problem solving,Q46
R_MK0070229,Tech school programs,skills,Communication,Q46
R_MK0070229,Tech school programs,skills,Critical thinking,Q46
R_MK0070229,Tech school programs,skills,Design,Q46
R_MK0072663,Tech school programs,skills,Communication,Q46
R_MK0072663,Tech school programs,skills,Critical thinking,Q46
R_MK0072663,Tech school programs,skills,Leadership,Q46
R_MK0072663,Tech school programs,skills,Responding flexibly to change,Q46
R_MK0072663,Tech school programs,skills,Design,Q46
R_MK0072663,Tech school programs,skills,Experimenting,Q46
R_MK0080359,Tech school programs,skills,Teamwork,Q46
R_MK0080359,Tech school programs,skills,Critical thinking,Q46
R_MK0080359,Tech school programs,skills,Creative thinking,Q46
R_MK0080359,Tech school programs,skills,Responding flexibly to change,Q46
R_MK0080359,Tech school programs,skills,Design,Q46
R_MK0081202,Tech school programs,skills,Leadership,Q46
R_MK0081202,Tech school programs,skills,Creative thinking,Q46
R_MK0083313,Tech school programs,skills,Communication,Q46
R_MK0083313,Tech school programs,skills,Teamwork,Q46
R_MK0083313,Tech school programs,skills,Creative thinking,Q46
R_MK0083313,Tech school programs,skills,Design,Q46
R_MK0085933,Tech school programs,skills,Creative thinking,Q46
R_MK0085933,Tech school programs,skills,Design,Q46
R_MK0085933,Tech school programs,skills,Problem solving,Q46
R_MK0088386,Tech school programs,skills,Critical thinking,Q46
R_MK0088386,Tech school programs,skills,Leadership,Q46
R_MK0088386,Tech school programs,skills,Design,Q46
R_MK0088386,Tech school programs,skills,Experimenting,Q46
R_MK0091120,Tech school programs,skills,Teamwork,Q46
R_MK0091120,Tech school programs,skills,Critical thinking,Q46
R_MK0091120,Tech school programs,skills,Responding flexibly to change,Q46
R_MK0091120,Tech school programs,skills,Experimenting,Q46
R_MK0093607,Tech school programs,skills,Communication,Q46
R_MK0093607,Tech school programs,skills,Creative thinking,Q46
R_MK0093607,Tech school programs,skills,Responding flexibly to change,Q46
R_MK0093607,Tech school programs,skills,Experimenting,Q46
R_MK0094626,Tech school programs,skills,Critical thinking,Q46
R_MK0094626,Tech school programs,skills,Responding flexibly to change,Q46
R_MK0094626,Tech school programs,skills,Design,Q46
R_MK0094626,Tech school programs,skills,Problem solving,Q46
R_MK0096327,Tech school programs,skills,Responding flexibly to change,Q46
R_MK0096327,Tech school programs,skills,Problem solving,Q46
R_MK0099158,Tech school programs,skills,Communication,Q46
R_MK0099158,Tech school programs,skills,Leadership,Q46
R_MK0099158,Tech school programs,skills,Responding flexibly to change,Q46
R_MK0099158,Tech school programs,skills,Experimenting,Q46
R_MK0099158,Tech school programs,skills,Problem solving,Q46
R_MK0105321,Tech school programs,skills,Teamwork,Q46
R_MK0105321,Tech school programs,skills,Responding flexibly to change,Q46
R_MK0105321,Tech school programs,skills,Problem solving,Q46
R_MK0106123,Tech school programs,skills,Leadership,Q46
R_MK0114346,Tech school programs,skills,Communication,Q46
R_MK0114346,Tech school programs,skills,Teamwork,Q46
R_MK0114346,Tech school programs,skills,Critical thinking,Q46
R_MK0114346,Tech school programs,skills,Leadership,Q46
R_MK0116915,Tech school programs,skills,Teamwork,Q46
R_MK0116915,Tech school programs,skills,Creative thinking,Q46
R_MK0116915,Tech school programs,skills,Responding flexibly to change,Q46
R_MK0116915,Tech school programs,skills,Design,Q46
R_MK0119995,Tech school programs,skills,Communication,Q46
R_MK0119995,Tech school programs,skills,Critical thinking,Q46
R_MK0119995,Tech school programs,skills,Responding flexibly to change,Q46
R_MK0119995,Tech school programs,skills,Experimenting,Q46
R_MK0126574,Tech school programs,skills,Communication,Q46
R_MK0126574,Tech school programs,skills,Leadership,Q46
R_MK0126574,Tech school programs,skills,Experimenting,Q46
R_MK0127853,Tech school programs,skills,Critical thinking,Q46
R_MK0127853,Tech school programs,skills,Leadership,Q46
R_MK0127853,Tech school programs,skills,Creative thinking,Q46
R_MK0131132,Tech school programs,skills,Problem solving,Q46
R_MK0133408,Tech school programs,skills,Leadership,Q46
R_MK0133408,Tech school programs,skills,Experimenting,Q46
R_MK0133408,Tech school programs,skills,Problem solving,Q46
R_MK0134215,Tech school programs,skills,Teamwork,Q46
R_MK0134215,Tech school programs,skills,Leadership,Q46
R_MK0134215,Tech school programs,skills,Problem solving,Q46
R_MK0141171,Tech school programs,skills,Critical thinking,Q46
R_MK0141171,Tech school programs,skills,Experimenting,Q46
R_MK0144749,Tech school programs,skills,Critical thinking,Q46
R_MK0144749,Tech school programs,skills,Creative thinking,Q46
R_MK0144749,Tech school programs,skills,Experimenting,Q46
R_MK0146638,Tech school programs,skills,Critical thinking,Q46
R_MK0146638,Tech school programs,skills,Leadership,Q46
R_MK0146638,Tech school programs,skills,Design,Q46
R_MK0146638,Tech school programs,skills,Experimenting,Q46
R_MK0154868,Tech school programs,skills,Communication,Q46
R_MK0154868,Tech school programs,skills,Critical thinking,Q46
R_MK0154868,Tech school programs,skills,Responding flexibly to change,Q46
R_MK0154868,Tech school programs,skills,Design,Q46
R_MK0155973,Tech school programs,skills,Teamwork,Q46
R_MK0155973,Tech school programs,skills,Leadership,Q46
R_MK0155973,Tech school programs,skills,Experimenting,Q46
R_MK0155973,Tech school programs,skills,Problem solving,Q46
R_MK0158694,Tech school programs,skills,Teamwork,Q46
R_MK0158694,Tech school programs,skills,Critical thinking,Q46
R_MK0158694,Tech school programs,skills,Creative thinking,Q46
R_MK0160930,Tech school programs,skills,Communication,Q46
R_MK0160930,Tech school programs,skills,Teamwork,Q46
R_MK0160930,Tech school programs,skills,Critical thinking,Q46
R_MK0160930,Tech school programs,skills,Leadership,Q46
R_MK0160930,Tech school programs,skills,Responding flexibly to change,Q46
R_MK0160930,Tech school programs,skills,Experimenting,Q46
R_MK0163831,Tech school programs,skills,Responding flexibly to change,Q46
R_MK0163831,Tech school programs,skills,Design,Q46
R_MK0163831,Tech school programs,skills,Experimenting,Q46
R_MK0164526,Tech school programs,skills,Creative thinking,Q46
R_MK0164526,Tech school programs,skills,Responding flexibly to change,Q46
R_MK0164526,Tech school programs,skills,Design,Q46
R_MK0165548,Tech school programs,skills,Teamwork,Q46
R_MK0165548,Tech school programs,skills,Critical thinking,Q46
R_MK0165548,Tech school programs,skills,Leadership,Q46
R_MK0165548,Tech school programs,skills,Experimenting,Q46
R_MK0165548,Tech school programs,skills,Problem solving,Q46
R_MK0169620,Tech school programs,skills,Communication,Q46
R_MK0169620,Tech school programs,skills,Teamwork,Q46
R_MK0169620,Tech school programs,skills,Leadership,Q46
R_MK0169620,Tech school programs,skills,Creative thinking,Q46
R_MK0169620,Tech school programs,skills,Responding flexibly to change,Q46
R_MK0169620,Tech school programs,skills,Design,Q46
R_MK0172138,Tech school programs,skills,Responding flexibly to change,Q46
R_MK0172138,Tech school programs,skills,Experimenting,Q46
R_MK0172138,Tech school programs,skills,Problem solving,Q46
R_MK0174167,Tech school programs,skills,Communication,Q46
R_MK0174167,Tech school programs,skills,Creative thinking,Q46
R_MK0174167,Tech school programs,skills,Responding flexibly to change,Q46
R_MK0175836,Tech school programs,skills,Creative thinking,Q46
R_MK0175836,Tech school programs,skills,Responding flexibly to change,Q46
R_MK0175836,Tech school programs,skills,Design,Q46
R_MK0000103,Tech school programs,identity,A good communicator,Q76
R_MK0000103,Tech school programs,identity,A problem solver,Q76
R_MK0000103,Tech school programs,identity,A designer,Q76
R_MK0004317,Tech school programs,identity,A leader,Q76
R_MK0004317,Tech school programs,identity,A problem solver,Q76
R_MK0004317,Tech school programs,identity,A designer,Q76
R_MK0016779,Tech school programs,identity,A leader,Q76
R_MK0016779,Tech school programs,identity,A STEM person,Q76
R_MK0016779,Tech school programs,identity,A problem solver,Q76
R_MK0018342,Tech school programs,identity,A leader,Q76
R_MK0018342,Tech school programs,identity,A team player,Q76
R_MK0024311,Tech school programs,identity,A good communicator,Q76
R_MK0024311,Tech school programs,identity,A STEM person,Q76
R_MK0026432,Tech school programs,identity,A good communicator,Q76
R_MK0026432,Tech school programs,identity,A designer,Q76
R_MK0028139,Tech school programs,identity,A leader,Q76
R_MK0030402,Tech school programs,identity,A leader,Q76
R_MK0032849,Tech school programs,identity,A problem solver,Q76
R_MK0032849,Tech school programs,identity,A designer,Q76
R_MK0034167,Tech school programs,identity,A team player,Q76
R_MK0036294,Tech school programs,identity,A good communicator,Q76
R_MK0036294,Tech school programs,identity,A team player,Q76
R_MK0036294,Tech school programs,identity,A designer,Q76
R_MK0037202,Tech school programs,identity,A good communicator,Q76
R_MK0037202,Tech school programs,identity,A team player,Q76
R_MK0038243,Tech school programs,identity,A good communicator,Q76
R_MK0038243,Tech school programs,identity,A problem solver,Q76
R_MK0038243,Tech school programs,identity,A designer,Q76
R_MK0044771,Tech school programs,identity,A STEM person,Q76
R_MK0044771,Tech school programs,identity,A problem solver,Q76
R_MK0044771,Tech school programs,identity,A team player,Q76
R_MK0045989,Tech school programs,identity,A leader,Q76
R_MK0045989,Tech school programs,identity,A team player,Q76
R_MK0046892,Tech school programs,identity,A designer,Q76
R_MK0048737,Tech school programs,identity,A problem solver,Q76
R_MK0050728,Tech school programs,identity,A leader,Q76
R_MK0050728,Tech school programs,identity,A good communicator,Q76
R_MK0050728,Tech school programs,identity,A problem solver,Q76
R_MK0051185,Tech school programs,identity,A team player,Q76
R_MK0053734,Tech school programs,identity,A leader,Q76
R_MK0055989,Tech school programs,identity,A team player,Q76
R_MK0055989,Tech school programs,identity,A designer,Q76
R_MK0058713,Tech school programs,identity,A leader,Q76
R_MK0058713,Tech school programs,identity,A team player,Q76
R_MK0067466,Tech school programs,identity,A STEM person,Q76
R_MK0067466,Tech school programs,identity,A problem solver,Q76
R_MK0067466,Tech school programs,identity,A team player,Q76
R_MK0070229,Tech school programs,identity,A good communicator,Q76
R_MK0070229,Tech school programs,identity,A STEM person,Q76
R_MK0070229,Tech school programs,identity,A designer,Q76
R_MK0072663,Tech school programs,identity,A problem solver,Q76
R_MK0072663,Tech school programs,identity,A designer,Q76
R_MK0080359,Tech school programs,identity,A leader,Q76
R_MK0080359,Tech school programs,identity,A STEM person,Q76
R_MK0080359,Tech school programs,identity,A problem solver,Q76
R_MK0080359,Tech school programs,identity,A team player,Q76
R_MK0081202,Tech school programs,identity,A problem solver,Q76
R_MK0081202,Tech school programs,identity,A designer,Q76
R_MK0083313,Tech school programs,identity,A problem solver,Q76
R_MK0085933,Tech school programs,identity,A team player,Q76
R_MK0088386,Tech school programs,identity,A leader,Q76
R_MK0088386,Tech school programs,identity,A problem solver,Q76
R_MK0088386,Tech school programs,identity,A team player,Q76
R_MK0091120,Tech school programs,identity,A good communicator,Q76
R_MK0091120,Tech school programs,identity,A problem solver,Q76
R_MK0091120,Tech school programs,identity,A designer,Q76
R_MK0093607,Tech school programs,identity,A leader,Q76
R_MK0094626,Tech school programs,identity,A STEM person,Q76
R_MK0094626,Tech school programs,identity,A problem solver,Q76
R_MK0094626,Tech school programs,identity,A team player,Q76
R_MK0094626,Tech school programs,identity,A designer,Q76
R_MK0096327,Tech school programs,identity,A STEM person,Q76
R_MK0096327,Tech school programs,identity,A designer,Q76
R_MK0099158,Tech school programs,identity,A STEM person,Q76
R_MK0105321,Tech school programs,identity,A problem solver,Q76
R_MK0105321,Tech school programs,identity,A team player,Q76
R_MK0105321,Tech school programs,identity,A designer,Q76
R_MK0106123,Tech school programs,identity,A leader,Q76
R_MK0106123,Tech school programs,identity,A good communicator,Q76
R_MK0106123,Tech school programs,identity,A problem solver,Q76
R_MK0106123,Tech school programs,identity,A team player,Q76
R_MK0114346,Tech school programs,identity,A good communicator,Q76
R_MK0114346,Tech school programs,identity,A STEM person,Q76
R_MK0114346,Tech school programs,identity,A team player,Q76
R_MK0116915,Tech school programs,identity,A good communicator,Q76
R_MK0116915,Tech school programs,identity,A team player,Q76
R_MK0116915,Tech school programs,identity,A designer,Q76
R_MK0119995,Tech school programs,identity,A problem solver,Q76
R_MK0126574,Tech school programs,identity,A leader,Q76
R_MK0126574,Tech school programs,identity,A good communicator,Q76
R_MK0126574,Tech school programs,identity,A STEM person,Q76
R_MK0126574,Tech school programs,identity,A problem solver,Q76
R_MK0126574,Tech school programs,identity,A team player,Q76
R_MK0126574,Tech school programs,identity,A designer,Q76
R_MK0127853,Tech school programs,identity,A team player,Q76
R_MK0131132,Tech school programs,identity,A leader,Q76
R_MK0131132,Tech school programs,identity,A good communicator,Q76
R_MK0131132,Tech school programs,identity,A problem solver,Q76
R_MK0131132,Tech school programs,identity,A team player,Q76
R_MK0133408,Tech school programs,identity,A STEM person,Q76
R_MK0133408,Tech school programs,identity,A team player,Q76
R_MK0134215,Tech school programs,identity,A problem solver,Q76
R_MK0134215,Tech school programs,identity,A team player,Q76
R_MK0141171,Tech school programs,identity,A problem solver,Q76
R_MK0141171,Tech school programs,identity,A designer,Q76
R_MK0144749,Tech school programs,identity,A good communicator,Q76
R_MK0144749,Tech school programs,identity,A team player,Q76
R_MK0144749,Tech school programs,identity,A designer,Q76
R_MK0146638,Tech school programs,identity,A leader,Q76
R_MK0154868,Tech school programs,identity,A problem solver,Q76
R_MK0155973,Tech school programs,identity,A team player,Q76
R_MK0158694,Tech school programs,identity,A good communicator,Q76
R_MK0158694,Tech school programs,identity,A problem solver,Q76
R_MK0158694,Tech school programs,identity,A designer,Q76
R_MK0160930,Tech school programs,identity,A team player,Q76
R_MK0163831,Tech school programs,identity,A STEM person,Q76
R_MK0163831,Tech school programs,identity,A problem solver,Q76
R_MK0163831,Tech school programs,identity,A team player,Q76
R_MK0164526,Tech school programs,identity,A STEM person,Q76
R_MK0165548,Tech school programs,identity,A good communicator,Q76
R_MK0165548,Tech school programs,identity,A STEM person,Q76
R_MK0169620,Tech school programs,identity,A good communicator,Q76
R_MK0169620,Tech school programs,identity,A problem solver,Q76
R_MK0172138,Tech school programs,identity,A leader,Q76
R_MK0172138,Tech school programs,identity,A good communicator,Q76
R_MK0172138,Tech school programs,identity,A designer,Q76
R_MK0174167,Tech school programs,identity,A leader,Q76
R_MK0174167,Tech school programs,identity,A good communicator,Q76
R_MK0175836,Tech school programs,identity,A STEM person,Q76
R_MK0175836,Tech school programs,identity,A team player,Q76
R_MK0000103,University programs,skills,Leadership,Q55
R_MK0000103,University programs,skills,Responding flexibly to change,Q55
R_MK0004317,University programs,skills,Communication,Q55
R_MK0004317,University programs,skills,Leadership,Q55
R_MK0004317,University programs,skills,Creative thinking,Q55
R_MK0004317,University programs,skills,Design,Q55
R_MK0004317,University programs,skills,Problem solving,Q55
R_MK0009570,University programs,skills,Teamwork,Q55
R_MK0009570,University programs,skills,Leadership,Q55
R_MK0009570,University programs,skills,Responding flexibly to change,Q55
R_MK0009570,University programs,skills,Design,Q55
R_MK0011453,University programs,skills,Communication,Q55
R_MK0011453,University programs,skills,Teamwork,Q55
R_MK0011453,University programs,skills,Critical thinking,Q55
R_MK0012825,University programs,skills,Communication,Q55
R_MK0012825,University programs,skills,Teamwork,Q55
R_MK0012825,University programs,skills,Leadership,Q55
R_MK0012825,University programs,skills,Responding flexibly to change,Q55
R_MK0012825,University programs,skills,Problem solving,Q55
R_MK0018342,University programs,skills,Communication,Q55
R_MK0019683,University programs,skills,Teamwork,Q55
R_MK0019683,University programs,skills,Responding flexibly to change,Q55
R_MK0019683,University programs,skills,Experimenting,Q55
R_MK0019683,University programs,skills,Problem solving,Q55
R_MK0026432,University programs,skills,Teamwork,Q55
R_MK0028139,University programs,skills,Critical thinking,Q55
R_MK0028139,University programs,skills,Leadership,Q55
R_MK0028139,University programs,skills,Responding flexibly to change,Q55
R_MK0028139,University programs,skills,Problem solving,Q55
R_MK0033442,University programs,skills,Leadership,Q55
R_MK0033442,University programs,skills,Responding flexibly to change,Q55
R_MK0033442,University programs,skills,Design,Q55
R_MK0033442,University programs,skills,Problem solving,Q55
R_MK0038243,University programs,skills,Teamwork,Q55
R_MK0038243,University programs,skills,Critical thinking,Q55
R_MK0038243,University programs,skills,Leadership,Q55
R_MK0038243,University programs,skills,Creative thinking,Q55
R_MK0038243,University programs,skills,Problem solving,Q55
R_MK0044771,University programs,skills,Leadership,Q55
R_MK0044771,University programs,skills,Responding flexibly to change,Q55
R_MK0044771,University programs,skills,Problem solving,Q55
R_MK0046892,University programs,skills,Communication,Q55
R_MK0046892,University programs,skills,Critical thinking,Q55
R_MK0046892,University programs,skills,Creative thinking,Q55
R_MK0049733,University programs,skills,Communication,Q55
R_MK0049733,University programs,skills,Teamwork,Q55
R_MK0049733,University programs,skills,Leadership,Q55
R_MK0049733,University programs,skills,Creative thinking,Q55
R_MK0049733,University programs,skills,Responding flexibly to change,Q55
R_MK0051185,University programs,skills,Creative thinking,Q55
R_MK0051185,University programs,skills,Experimenting,Q55
R_MK0051185,University programs,skills,Problem solving,Q55
R_MK0057204,University programs,skills,Critical thinking,Q55
R_MK0057204,University programs,skills,Leadership,Q55
R_MK0061617,University programs,skills,Communication,Q55
R_MK0061617,University programs,skills,Teamwork,Q55
R_MK0061617,University programs,skills,Leadership,Q55
R_MK0068498,University programs,skills,Teamwork,Q55
R_MK0068498,University programs,skills,Problem solving,Q55
R_MK0069685,University programs,skills,Communication,Q55
R_MK0069685,University programs,skills,Teamwork,Q55
R_MK0075806,University programs,skills,Communication,Q55
R_MK0075806,University programs,skills,Teamwork,Q55
R_MK0075806,University programs,skills,Critical thinking,Q55
R_MK0075806,University programs,skills,Responding flexibly to change,Q55
R_MK0077903,University programs,skills,Teamwork,Q55
R_MK0077903,University programs,skills,Experimenting,Q55
R_MK0078295,University programs,skills,Teamwork,Q55
R_MK0078295,University programs,skills,Creative thinking,Q55
R_MK0078295,University programs,skills,Experimenting,Q55
R_MK0078295,University programs,skills,Problem solving,Q55
R_MK0079267,University programs,skills,Communication,Q55
R_MK0079267,University programs,skills,Teamwork,Q55
R_MK0079267,University programs,skills,Creative thinking,Q55
R_MK0081202,University programs,skills,Teamwork,Q55
R_MK0081202,University programs,skills,Creative thinking,Q55
R_MK0081202,University programs,skills,Experimenting,Q55
R_MK0082310,University programs,skills,Teamwork,Q55
R_MK0082310,University programs,skills,Leadership,Q55
R_MK0083313,University programs,skills,Teamwork,Q55
R_MK0083313,University programs,skills,Critical thinking,Q55
R_MK0086867,University programs,skills,Communication,Q55
R_MK0086867,University programs,skills,Leadership,Q55
R_MK0086867,University programs,skills,Problem solving,Q55
R_MK0088386,University programs,skills,Communication,Q55
R_MK0088386,University programs,skills,Creative thinking,Q55
R_MK0088386,University programs,skills,Design,Q55
R_MK0088386,University programs,skills,Experimenting,Q55
R_MK0088386,University programs,skills,Problem solving,Q55
R_MK0089973,University programs,skills,Communication,Q55
R_MK0089973,University programs,skills,Teamwork,Q55
R_MK0089973,University programs,skills,Critical thinking,Q55
R_MK0089973,University programs,skills,Leadership,Q55
R_MK0090487,University programs,skills,Communication,Q55
R_MK0090487,University programs,skills,Creative thinking,Q55
R_MK0090487,University programs,skills,Design,Q55
R_MK0090487,University programs,skills,Experimenting,Q55
R_MK0093607,University programs,skills,Experimenting,Q55
R_MK0097932,University programs,skills,Leadership,Q55
R_MK0097932,University programs,skills,Responding flexibly to change,Q55
R_MK0097932,University programs,skills,Experimenting,Q55
R_MK0108835,University programs,skills,Communication,Q55
R_MK0108835,University programs,skills,Teamwork,Q55
R_MK0108835,University programs,skills,Leadership,Q55
R_MK0108835,University programs,skills,Problem solving,Q55
R_MK0110762,University programs,skills,Creative thinking,Q55
R_MK0110762,University programs,skills,Problem solving,Q55
R_MK0111624,University programs,skills,Leadership,Q55
R_MK0111624,University programs,skills,Creative thinking,Q55
R_MK0111624,University programs,skills,Design,Q55
R_MK0118631,University programs,skills,Responding flexibly to change,Q55
R_MK0118631,University programs,skills,Design,Q55
R_MK0120834,University programs,skills,Responding flexibly to change,Q55
R_MK0120834,University programs,skills,Design,Q55
R_MK0122800,University programs,skills,Responding flexibly to change,Q55
R_MK0125281,University programs,skills,Teamwork,Q55
R_MK0125281,University programs,skills,Critical thinking,Q55
R_MK0125281,University programs,skills,Creative thinking,Q55
R_MK0125281,University programs,skills,Experimenting,Q55
R_MK0125281,University programs,skills,Problem solving,Q55
R_MK0139468,University programs,skills,Teamwork,Q55
R_MK0139468,University programs,skills,Critical thinking,Q55
R_MK0139468,University programs,skills,Leadership,Q55
R_MK0142928,University programs,skills,Experimenting,Q55
R_MK0148155,University programs,skills,Teamwork,Q55
R_MK0148155,University programs,skills,Design,Q55
R_MK0148155,University programs,skills,Experimenting,Q55
R_MK0151675,University programs,skills,Communication,Q55
R_MK0151675,University programs,skills,Teamwork,Q55
R_MK0151675,University programs,skills,Creative thinking,Q55
R_MK0151675,University programs,skills,Responding flexibly to change,Q55
R_MK0151675,University programs,skills,Problem solving,Q55
R_MK0155973,University programs,skills,Communication,Q55
R_MK0155973,University programs,skills,Teamwork,Q55
R_MK0155973,University programs,skills,Critical thinking,Q55
R_MK0155973,University programs,skills,Leadership,Q55
R_MK0155973,University programs,skills,Problem solving,Q55
R_MK0156575,University programs,skills,Teamwork,Q55
R_MK0156575,University programs,skills,Creative thinking,Q55
R_MK0157758,University programs,skills,Teamwork,Q55
R_MK0157758,University programs,skills,Leadership,Q55
R_MK0157758,University programs,skills,Responding flexibly to change,Q55
R_MK0157758,University programs,skills,Experimenting,Q55
R_MK0157758,University programs,skills,Problem solving,Q55
R_MK0170795,University programs,skills,Experimenting,Q55
R_MK0170795,University programs,skills,Problem solving,Q55
R_MK0173432,University programs,skills,Creative thinking,Q55
R_MK0173432,University programs,skills,Problem solving,Q55
R_MK0177349,University programs,skills,Creative thinking,Q55
R_MK0177349,University programs,skills,Design,Q55
R_MK0177349,University programs,skills,Experimenting,Q55
R_MK0178108,University programs,skills,Teamwork,Q55
R_MK0178108,University programs,skills,Leadership,Q55
R_MK0178108,University programs,skills,Creative thinking,Q55
R_MK0178108,University programs,skills,Design,Q55
R_MK0000103,University programs,identity,A STEM person,Q77
R_MK0000103,University programs,identity,A team player,Q77
R_MK0000103,University programs,identity,A designer,Q77
R_MK0004317,University programs,identity,A leader,Q77
R_MK0009570,University programs,identity,A leader,Q77
R_MK0011453,University programs,identity,A leader,Q77
R_MK0011453,University programs,identity,A good communicator,Q77
R_MK0011453,University programs,identity,A STEM person,Q77
R_MK0011453,University programs,identity,A team player,Q77
R_MK0011453,University programs,identity,A designer,Q77
R_MK0012825,University programs,identity,A leader,Q77
R_MK0012825,University programs,identity,A team player,Q77
R_MK0012825,University programs,identity,A designer,Q77
R_MK0018342,University programs,identity,A problem solver,Q77
R_MK0019683,University programs,identity,A leader,Q77
R_MK0019683,University programs,identity,A good communicator,Q77
R_MK0019683,University programs,identity,A problem solver,Q77
R_MK0019683,University programs,identity,A team player,Q77
R_MK0019683,University programs,identity,A designer,Q77
R_MK0026432,University programs,identity,A good communicator,Q77
R_MK0026432,University programs,identity,A team player,Q77
R_MK0026432,University programs,identity,A designer,Q77
R_MK0028139,University programs,identity,A leader,Q77
R_MK0028139,University programs,identity,A good communicator,Q77
R_MK0028139,University programs,identity,A problem solver,Q77
R_MK0028139,University programs,identity,A designer,Q77
R_MK0033442,University programs,identity,A good communicator,Q77
R_MK0033442,University programs,identity,A STEM person,Q77
R_MK0033442,University programs,identity,A problem solver,Q77
R_MK0033442,University programs,identity,A team player,Q77
R_MK0038243,University programs,identity,A leader,Q77
R_MK0044771,University programs,identity,A good communicator,Q77
R_MK0044771,University programs,identity,A problem solver,Q77
R_MK0046892,University programs,identity,A leader,Q77
R_MK0046892,University programs,identity,A good communicator,Q77
R_MK0049733,University programs,identity,A leader,Q77
R_MK0051185,University programs,identity,A good communicator,Q77
R_MK0051185,University programs,identity,A team player,Q77
R_MK0051185,University programs,identity,A designer,Q77
R_MK0057204,University programs,identity,A STEM person,Q77
R_MK0057204,University programs,identity,A problem solver,Q77
R_MK0057204,University programs,identity,A team player,Q77
R_MK0061617,University programs,identity,A good communicator,Q77
R_MK0061617,University programs,identity,A STEM person,Q77
R_MK0061617,University programs,identity,A problem solver,Q77
R_MK0068498,University programs,identity,A team player,Q77
R_MK0068498,University programs,identity,A designer,Q77
R_MK0069685,University programs,identity,A good communicator,Q77
R_MK0075806,University programs,identity,A leader,Q77
R_MK0075806,University programs,identity,A STEM person,Q77
R_MK0075806,University programs,identity,A problem solver,Q77
R_MK0075806,University programs,identity,A designer,Q77
R_MK0077903,University programs,identity,A problem solver,Q77
R_MK0077903,University programs,identity,A team player,Q77
R_MK0078295,University programs,identity,A leader,Q77
R_MK0078295,University programs,identity,A designer,Q77
R_MK0079267,University programs,identity,A good communicator,Q77
R_MK0081202,University programs,identity,A good communicator,Q77
R_MK0081202,University programs,identity,A problem solver,Q77
R_MK0082310,University programs,identity,A problem solver,Q77
R_MK0082310,University programs,identity,A designer,Q77
R_MK0083313,University programs,identity,A good communicator,Q77
R_MK0083313,University programs,identity,A STEM person,Q77
R_MK0086867,University programs,identity,A good communicator,Q77
R_MK0088386,University programs,identity,A STEM person,Q77
R_MK0088386,University programs,identity,A problem solver,Q77
R_MK0088386,University programs,identity,A team player,Q77
R_MK0088386,University programs,identity,A designer,Q77
R_MK0089973,University programs,identity,A leader,Q77
R_MK0089973,University programs,identity,A STEM person,Q77
R_MK0089973,University programs,identity,A team player,Q77
R_MK0089973,University programs,identity,A designer,Q77
R_MK0090487,University programs,identity,A good communicator,Q77
R_MK0090487,University programs,identity,A STEM person,Q77
R_MK0090487,University programs,identity,A team player,Q77
R_MK0093607,University programs,identity,A STEM person,Q77
R_MK0093607,University programs,identity,A problem solver,Q77
R_MK0097932,University programs,identity,A STEM person,Q77
R_MK0108835,University programs,identity,A good communicator,Q77
R_MK0110762,University programs,identity,A leader,Q77
R_MK0110762,University programs,identity,A good communicator,Q77
R_MK0111624,University programs,identity,A STEM person,Q77
R_MK0111624,University programs,identity,A problem solver,Q77
R_MK0111624,University programs,identity,A designer,Q77
R_MK0118631,University programs,identity,A leader,Q77
R_MK0118631,University programs,identity,A good communicator,Q77
R_MK0118631,University programs,identity,A problem solver,Q77
R_MK0120834,University programs,identity,A leader,Q77
R_MK0122800,University programs,identity,A team player,Q77
R_MK0125281,University programs,identity,A good communicator,Q77
R_MK0125281,University programs,identity,A problem solver,Q77
R_MK0125281,University programs,identity,A team player,Q77
R_MK0139468,University programs,identity,A good communicator,Q77
R_MK0139468,University programs,identity,A designer,Q77
R_MK0142928,University programs,identity,A leader,Q77
R_MK0148155,University programs,identity,A team player,Q77
R_MK0148155,University programs,identity,A designer,Q77
R_MK0151675,University programs,identity,A leader,Q77
R_MK0151675,University programs,identity,A good communicator,Q77
R_MK0151675,University programs,identity,A designer,Q77
R_MK0155973,University programs,identity,A problem solver,Q77
R_MK0155973,University programs,identity,A team player,Q77
R_MK0156575,University programs,identity,A leader,Q77
R_MK0156575,University programs,identity,A STEM person,Q77
R_MK0156575,University programs,identity,A problem solver,Q77
R_MK0157758,University programs,identity,A leader,Q77
R_MK0157758,University programs,identity,A good communicator,Q77
R_MK0157758,University programs,identity,A problem solver,Q77
R_MK0170795,University programs,identity,A problem solver,Q77
R_MK0170795,University programs,identity,A team player,Q77
R_MK0173432,University programs,identity,A good communicator,Q77
R_MK0173432,University programs,identity,A STEM person,Q77
R_MK0173432,University programs,identity,A team player,Q77
R_MK0173432,University programs,identity,A designer,Q77
R_MK0177349,University programs,identity,A STEM person,Q77
R_MK0177349,University programs,identity,A designer,Q77
R_MK0178108,University programs,identity,A problem solver,Q77
R_MK0001265,Girls as Leaders in STEM program,skills,Teamwork,Q64
R_MK0001265,Girls as Leaders in STEM program,skills,Leadership,Q64
R_MK0001265,Girls as Leaders in STEM program,skills,Responding flexibly to change,Q64
R_MK0001265,Girls as Leaders in STEM program,skills,Design,Q64
R_MK0002320,Girls as Leaders in STEM program,skills,Critical thinking,Q64
R_MK0002320,Girls as Leaders in STEM program,skills,Design,Q64
R_MK0002320,Girls as Leaders in STEM program,skills,Problem solving,Q64
R_MK0004317,Girls as Leaders in STEM program,skills,Critical thinking,Q64
R_MK0004317,Girls as Leaders in STEM program,skills,Problem solving,Q64
R_MK0007539,Girls as Leaders in STEM program,skills,Creative thinking,Q64
R_MK0007539,Girls as Leaders in STEM program,skills,Responding flexibly to change,Q64
R_MK0007539,Girls as Leaders in STEM program,skills,Problem solving,Q64
R_MK0008963,Girls as Leaders in STEM program,skills,Communication,Q64
R_MK0008963,Girls as Leaders in STEM program,skills,Critical thinking,Q64
R_MK0008963,Girls as Leaders in STEM program,skills,Creative thinking,Q64
R_MK0008963,Girls as Leaders in STEM program,skills,Problem solving,Q64
R_MK0012825,Girls as Leaders in STEM program,skills,Teamwork,Q64
R_MK0012825,Girls as Leaders in STEM program,skills,Critical thinking,Q64
R_MK0012825,Girls as Leaders in STEM program,skills,Responding flexibly to change,Q64
R_MK0013834,Girls as Leaders in STEM program,skills,Creative thinking,Q64
R_MK0013834,Girls as Leaders in STEM program,skills,Responding flexibly to change,Q64
R_MK0013834,Girls as Leaders in STEM program,skills,Design,Q64
R_MK0014994,Girls as Leaders in STEM program,skills,Communication,Q64
R_MK0014994,Girls as Leaders in STEM program,skills,Responding flexibly to change,Q64
R_MK0014994,Girls as Leaders in STEM program,skills,Design,Q64
R_MK0014994,Girls as Leaders in STEM program,skills,Problem solving,Q64
R_MK0018342,Girls as Leaders in STEM program,skills,Teamwork,Q64
R_MK0018342,Girls as Leaders in STEM program,skills,Responding flexibly to change,Q64
R_MK0018342,Girls as Leaders in STEM program,skills,Experimenting,Q64
R_MK0018342,Girls as Leaders in STEM program,skills,Problem solving,Q64
R_MK0019683,Girls as Leaders in STEM program,skills,Teamwork,Q64
R_MK0019683,Girls as Leaders in STEM program,skills,Leadership,Q64
R_MK0019683,Girls as Leaders in STEM program,skills,Creative thinking,Q64
R_MK0019683,Girls as Leaders in STEM program,skills,Responding flexibly to change,Q64
R_MK0019683,Girls as Leaders in STEM program,skills,Experimenting,Q64
R_MK0019683,Girls as Leaders in STEM program,skills,Problem solving,Q64
R_MK0022405,Girls as Leaders in STEM program,skills,Communication,Q64
R_MK0022405,Girls as Leaders in STEM program,skills,Critical thinking,Q64
R_MK0022405,Girls as Leaders in STEM program,skills,Design,Q64
R_MK0023140,Girls as Leaders in STEM program,skills,Teamwork,Q64
R_MK0023140,Girls as Leaders in STEM program,skills,Critical thinking,Q64
R_MK0023140,Girls as Leaders in STEM program,skills,Creative thinking,Q64
R_MK0025966,Girls as Leaders in STEM program,skills,Communication,Q64
R_MK0025966,Girls as Leaders in STEM program,skills,Critical thinking,Q64
R_MK0025966,Girls as Leaders in STEM program,skills,Leadership,Q64
R_MK0025966,Girls as Leaders in STEM program,skills,Creative thinking,Q64
R_MK0027899,Girls as Leaders in STEM program,skills,Communication,Q64
R_MK0027899,Girls as Leaders in STEM program,skills,Teamwork,Q64
R_MK0027899,Girls as Leaders in STEM program,skills,Creative thinking,Q64
R_MK0027899,Girls as Leaders in STEM program,skills,Responding flexibly to change,Q64
R_MK0029136,Girls as Leaders in STEM program,skills,Teamwork,Q64
R_MK0029136,Girls as Leaders in STEM program,skills,Leadership,Q64
R_MK0029136,Girls as Leaders in STEM program,skills,Creative thinking,Q64
R_MK0030402,Girls as Leaders in STEM program,skills,Design,Q64
R_MK0030402,Girls as Leaders in STEM program,skills,Experimenting,Q64
R_MK0030402,Girls as Leaders in STEM program,skills,Problem solving,Q64
R_MK0032849,Girls as Leaders in STEM program,skills,Teamwork,Q64
R_MK0032849,Girls as Leaders in STEM program,skills,Responding flexibly to change,Q64
R_MK0035534,Girls as Leaders in STEM program,skills,Critical thinking,Q64
R_MK0035534,Girls as Leaders in STEM program,skills,Leadership,Q64
R_MK0035534,Girls as Leaders in STEM program,skills,Creative thinking,Q64
R_MK0036294,Girls as Leaders in STEM program,skills,Communication,Q64
R_MK0036294,Girls as Leaders in STEM program,skills,Creative thinking,Q64
R_MK0036294,Girls as Leaders in STEM program,skills,Design,Q64
R_MK0036294,Girls as Leaders in STEM program,skills,Experimenting,Q64
R_MK0037202,Girls as Leaders in STEM program,skills,Leadership,Q64
R_MK0038243,Girls as Leaders in STEM program,skills,Teamwork,Q64
R_MK0038243,Girls as Leaders in STEM program,skills,Creative thinking,Q64
R_MK0038243,Girls as Leaders in STEM program,skills,Responding flexibly to change,Q64
R_MK0039124,Girls as Leaders in STEM program,skills,Teamwork,Q64
R_MK0039124,Girls as Leaders in STEM program,skills,Creative thinking,Q64
R_MK0043853,Girls as Leaders in STEM program,skills,Communication,Q64
R_MK0043853,Girls as Leaders in STEM program,skills,Experimenting,Q64
R_MK0044771,Girls as Leaders in STEM program,skills,Communication,Q64
R_MK0044771,Girls as Leaders in STEM program,skills,Teamwork,Q64
R_MK0044771,Girls as Leaders in STEM program,skills,Critical thinking,Q64
R_MK0044771,Girls as Leaders in STEM program,skills,Leadership,Q64
R_MK0044771,Girls as Leaders in STEM program,skills,Responding flexibly to change,Q64
R_MK0044771,Girls as Leaders in STEM program,skills,Design,Q64
R_MK0044771,Girls as Leaders in STEM program,skills,Experimenting,Q64
R_MK0046892,Girls as Leaders in STEM program,skills,Leadership,Q64
R_MK0046892,Girls as Leaders in STEM program,skills,Experimenting,Q64
R_MK0049733,Girls as Leaders in STEM program,skills,Creative thinking,Q64
R_MK0049733,Girls as Leaders in STEM program,skills,Design,Q64
R_MK0050728,Girls as Leaders in STEM program,skills,Creative thinking,Q64
R_MK0050728,Girls as Leaders in STEM program,skills,Design,Q64
R_MK0050728,Girls as Leaders in STEM program,skills,Experimenting,Q64
R_MK0050728,Girls as Leaders in STEM program,skills,Problem solving,Q64
R_MK0051185,Girls as Leaders in STEM program,skills,Teamwork,Q64
R_MK0051185,Girls as Leaders in STEM program,skills,Leadership,Q64
R_MK0051185,Girls as Leaders in STEM program,skills,Design,Q64
R_MK0051185,Girls as Leaders in STEM program,skills,Experimenting,Q64
R_MK0053734,Girls as Leaders in STEM program,skills,Teamwork,Q64
R_MK0053734,Girls as Leaders in STEM program,skills,Critical thinking,Q64
R_MK0053734,Girls as Leaders in STEM program,skills,Design,Q64
R_MK0054375,Girls as Leaders in STEM program,skills,Communication,Q64
R_MK0054375,Girls as Leaders in STEM program,skills,Leadership,Q64
R_MK0054375,Girls as Leaders in STEM program,skills,Responding flexibly to change,Q64
R_MK0054375,Girls as Leaders in STEM program,skills,Problem solving,Q64
R_MK0059837,Girls as Leaders in STEM program,skills,Communication,Q64
R_MK0059837,Girls as Leaders in STEM program,skills,Critical thinking,Q64
R_MK0059837,Girls as Leaders in STEM program,skills,Leadership,Q64
R_MK0059837,Girls as Leaders in STEM program,skills,Problem solving,Q64
R_MK0060527,Girls as Leaders in STEM program,skills,Teamwork,Q64
R_MK0060527,Girls as Leaders in STEM program,skills,Creative thinking,Q64
R_MK0060527,Girls as Leaders in STEM program,skills,Responding flexibly to change,Q64
R_MK0060527,Girls as Leaders in STEM program,skills,Problem solving,Q64
R_MK0061617,Girls as Leaders in STEM program,skills,Creative thinking,Q64
R_MK0061617,Girls as Leaders in STEM program,skills,Design,Q64
R_MK0062899,Girls as Leaders in STEM program,skills,Communication,Q64
R_MK0062899,Girls as Leaders in STEM program,skills,Critical thinking,Q64
R_MK0062899,Girls as Leaders in STEM program,skills,Design,Q64
R_MK0062899,Girls as Leaders in STEM program,skills,Experimenting,Q64
R_MK0063902,Girls as Leaders in STEM program,skills,Critical thinking,Q64
R_MK0063902,Girls as Leaders in STEM program,skills,Responding flexibly to change,Q64
R_MK0065907,Girls as Leaders in STEM program,skills,Communication,Q64
R_MK0065907,Girls as Leaders in STEM program,skills,Design,Q64
R_MK0066500,Girls as Leaders in STEM program,skills,Critical thinking,Q64
R_MK0066500,Girls as Leaders in STEM program,skills,Leadership,Q64
R_MK0066500,Girls as Leaders in STEM program,skills,Problem solving,Q64
R_MK0067466,Girls as Leaders in STEM program,skills,Communication,Q64
R_MK0067466,Girls as Leaders in STEM program,skills,Teamwork,Q64
R_MK0067466,Girls as Leaders in STEM program,skills,Creative thinking,Q64
R_MK0069685,Girls as Leaders in STEM program,skills,Creative thinking,Q64
R_MK0069685,Girls as Leaders in STEM program,skills,Responding flexibly to change,Q64
R_MK0071423,Girls as Leaders in STEM program,skills,Teamwork,Q64
R_MK0072663,Girls as Leaders in STEM program,skills,Communication,Q64
R_MK0072663,Girls as Leaders in STEM program,skills,Leadership,Q64
R_MK0072663,Girls as Leaders in STEM program,skills,Design,Q64
R_MK0073741,Girls as Leaders in STEM program,skills,Communication,Q64
R_MK0073741,Girls as Leaders in STEM program,skills,Leadership,Q64
R_MK0073741,Girls as Leaders in STEM program,skills,Problem solving,Q64
R_MK0074273,Girls as Leaders in STEM program,skills,Experimenting,Q64
R_MK0074273,Girls as Leaders in STEM program,skills,Problem solving,Q64
R_MK0076785,Girls as Leaders in STEM program,skills,Leadership,Q64
R_MK0076785,Girls as Leaders in STEM program,skills,Responding flexibly to change,Q64
R_MK0078295,Girls as Leaders in STEM program,skills,Teamwork,Q64
R_MK0078295,Girls as Leaders in STEM program,skills,Responding flexibly to change,Q64
R_MK0078295,Girls as Leaders in STEM program,skills,Problem solving,Q64
R_MK0079267,Girls as Leaders in STEM program,skills,Teamwork,Q64
R_MK0080359,Girls as Leaders in STEM program,skills,Responding flexibly to change,Q64
R_MK0081202,Girls as Leaders in STEM program,skills,Critical thinking,Q64
R_MK0081202,Girls as Leaders in STEM program,skills,Leadership,Q64
R_MK0081202,Girls as Leaders in STEM program,skills,Responding flexibly to change,Q64
R_MK0081202,Girls as Leaders in STEM program,skills,Problem solving,Q64
R_MK0082310,Girls as Leaders in STEM program,skills,Teamwork,Q64
R_MK0082310,Girls as Leaders in STEM program,skills,Critical thinking,Q64
R_MK0082310,Girls as Leaders in STEM program,skills,Problem solving,Q64
R_MK0084225,Girls as Leaders in STEM program,skills,Critical thinking,Q64
R_MK0084225,Girls as Leaders in STEM program,skills,Leadership,Q64
R_MK0084225,Girls as Leaders in STEM program,skills,Creative thinking,Q64
R_MK0084225,Girls as Leaders in STEM program,skills,Design,Q64
R_MK0084225,Girls as Leaders in STEM program,skills,Problem solving,Q64
R_MK0088386,Girls as Leaders in STEM program,skills,Teamwork,Q64
R_MK0088386,Girls as Leaders in STEM program,skills,Responding flexibly to change,Q64
R_MK0088386,Girls as Leaders in STEM program,skills,Design,Q64
R_MK0088386,Girls as Leaders in STEM program,skills,Experimenting,Q64
R_MK0089973,Girls as Leaders in STEM program,skills,Teamwork,Q64
R_MK0089973,Girls as Leaders in STEM program,skills,Critical thinking,Q64
R_MK0089973,Girls as Leaders in STEM program,skills,Leadership,Q64
R_MK0089973,Girls as Leaders in STEM program,skills,Responding flexibly to change,Q64
R_MK0089973,Girls as Leaders in STEM program,skills,Experimenting,Q64
R_MK0090487,Girls as Leaders in STEM program,skills,Leadership,Q64
R_MK0090487,Girls as Leaders in STEM program,skills,Creative thinking,Q64
R_MK0090487,Girls as Leaders in STEM program,skills,Problem solving,Q64
R_MK0093607,Girls as Leaders in STEM program,skills,Communication,Q64
R_MK0093607,Girls as Leaders in STEM program,skills,Leadership,Q64
R_MK0093607,Girls as Leaders in STEM program,skills,Experimenting,Q64
R_MK0093607,Girls as Leaders in STEM program,skills,Problem solving,Q64
R_MK0095142,Girls as Leaders in STEM program,skills,Communication,Q64
R_MK0095142,Girls as Leaders in STEM program,skills,Leadership,Q64
R_MK0095142,Girls as Leaders in STEM program,skills,Experimenting,Q64
R_MK0095142,Girls as Leaders in STEM program,skills,Problem solving,Q64
R_MK0096327,Girls as Leaders in STEM program,skills,Critical thinking,Q64
R_MK0096327,Girls as Leaders in STEM program,skills,Leadership,Q64
R_MK0097932,Girls as Leaders in STEM program,skills,Teamwork,Q64
R_MK0097932,Girls as Leaders in STEM program,skills,Creative thinking,Q64
R_MK0097932,Girls as Leaders in STEM program,skills,Design,Q64
R_MK0097932,Girls as Leaders in STEM program,skills,Experimenting,Q64
R_MK0098967,Girls as Leaders in STEM program,skills,Communication,Q64
R_MK0098967,Girls as Leaders in STEM program,skills,Critical thinking,Q64
R_MK0098967,Girls as Leaders in STEM program,skills,Creative thinking,Q64
R_MK0098967,Girls as Leaders in STEM program,skills,Responding flexibly to change,Q64
R_MK0098967,Girls as Leaders in STEM program,skills,Problem solving,Q64
R_MK0099158,Girls as Leaders in STEM program,skills,Teamwork,Q64
R_MK0099158,Girls as Leaders in STEM program,skills,Creative thinking,Q64
R_MK0099158,Girls as Leaders in STEM program,skills,Experimenting,Q64
R_MK0099158,Girls as Leaders in STEM program,skills,Problem solving,Q64
R_MK0101806,Girls as Leaders in STEM program,skills,Communication,Q64
R_MK0101806,Girls as Leaders in STEM program,skills,Creative thinking,Q64
R_MK0101806,Girls as Leaders in STEM program,skills,Experimenting,Q64
R_MK0104978,Girls as Leaders in STEM program,skills,Teamwork,Q64
R_MK0104978,Girls as Leaders in STEM program,skills,Creative thinking,Q64
R_MK0104978,Girls as Leaders in STEM program,skills,Responding flexibly to change,Q64
R_MK0106123,Girls as Leaders in STEM program,skills,Critical thinking,Q64
R_MK0106123,Girls as Leaders in STEM program,skills,Creative thinking,Q64
R_MK0106123,Girls as Leaders in STEM program,skills,Experimenting,Q64
R_MK0108835,Girls as Leaders in STEM program,skills,Teamwork,Q64
R_MK0108835,Girls as Leaders in STEM program,skills,Critical thinking,Q64
R_MK0108835,Girls as Leaders in STEM program,skills,Creative thinking,Q64
R_MK0108835,Girls as Leaders in STEM program,skills,Responding flexibly to change,Q64
R_MK0108835,Girls as Leaders in STEM program,skills,Experimenting,Q64
R_MK0108835,Girls as Leaders in STEM program,skills,Problem solving,Q64
R_MK0110762,Girls as Leaders in STEM program,skills,Teamwork,Q64
R_MK0110762,Girls as Leaders in STEM program,skills,Critical thinking,Q64
R_MK0110762,Girls as Leaders in STEM program,skills,Leadership,Q64
R_MK0110762,Girls as Leaders in STEM program,skills,Design,Q64
R_MK0111624,Girls as Leaders in STEM program,skills,Leadership,Q64
R_MK0111624,Girls as Leaders in STEM program,skills,Creative thinking,Q64
R_MK0111624,Girls as Leaders in STEM program,skills,Experimenting,Q64
R_MK0116915,Girls as Leaders in STEM program,skills,Creative thinking,Q64
R_MK0116915,Girls as Leaders in STEM program,skills,Experimenting,Q64
R_MK0117603,Girls as Leaders in STEM program,skills,Communication,Q64
R_MK0117603,Girls as Leaders in STEM program,skills,Critical thinking,Q64
R_MK0117603,Girls as Leaders in STEM program,skills,Leadership,Q64
R_MK0117603,Girls as Leaders in STEM program,skills,Creative thinking,Q64
R_MK0117603,Girls as Leaders in STEM program,skills,Responding flexibly to change,Q64
R_MK0117603,Girls as Leaders in STEM program,skills,Experimenting,Q64
R_MK0118631,Girls as Leaders in STEM program,skills,Critical thinking,Q64
R_MK0118631,Girls as Leaders in STEM program,skills,Creative thinking,Q64
R_MK0118631,Girls as Leaders in STEM program,skills,Responding flexibly to change,Q64
R_MK0118631,Girls as Leaders in STEM program,skills,Design,Q64
R_MK0119995,Girls as Leaders in STEM program,skills,Teamwork,Q64
R_MK0120834,Girls as Leaders in STEM program,skills,Communication,Q64
R_MK0120834,Girls as Leaders in STEM program,skills,Critical thinking,Q64
R_MK0120834,Girls as Leaders in STEM program,skills,Leadership,Q64
R_MK0122800,Girls as Leaders in STEM program,skills,Teamwork,Q64
R_MK0122800,Girls as Leaders in STEM program,skills,Creative thinking,Q64
R_MK0122800,Girls as Leaders in STEM program,skills,Experimenting,Q64
R_MK0123453,Girls as Leaders in STEM program,skills,Teamwork,Q64
R_MK0123453,Girls as Leaders in STEM program,skills,Critical thinking,Q64
R_MK0123453,Girls as Leaders in STEM program,skills,Design,Q64
R_MK0123453,Girls as Leaders in STEM program,skills,Experimenting,Q64
R_MK0123453,Girls as Leaders in STEM program,skills,Problem solving,Q64
R_MK0127853,Girls as Leaders in STEM program,skills,Teamwork,Q64
R_MK0127853,Girls as Leaders in STEM program,skills,Leadership,Q64
R_MK0127853,Girls as Leaders in STEM program,skills,Responding flexibly to change,Q64
R_MK0127853,Girls as Leaders in STEM program,skills,Design,Q64
R_MK0128835,Girls as Leaders in STEM program,skills,Communication,Q64
R_MK0128835,Girls as Leaders in STEM program,skills,Teamwork,Q64
R_MK0128835,Girls as Leaders in STEM program,skills,Critical thinking,Q64
R_MK0128835,Girls as Leaders in STEM program,skills,Responding flexibly to change,Q64
R_MK0128835,Girls as Leaders in STEM program,skills,Problem solving,Q64
R_MK0130464,Girls as Leaders in STEM program,skills,Teamwork,Q64
R_MK0130464,Girls as Leaders in STEM program,skills,Critical thinking,Q64
R_MK0130464,Girls as Leaders in STEM program,skills,Design,Q64
R_MK0132486,Girls as Leaders in STEM program,skills,Teamwork,Q64
R_MK0132486,Girls as Leaders in STEM program,skills,Leadership,Q64
R_MK0132486,Girls as Leaders in STEM program,skills,Responding flexibly to change,Q64
R_MK0132486,Girls as Leaders in STEM program,skills,Design,Q64
R_MK0132486,Girls as Leaders in STEM program,skills,Experimenting,Q64
R_MK0133408,Girls as Leaders in STEM program,skills,Communication,Q64
R_MK0133408,Girls as Leaders in STEM program,skills,Responding flexibly to change,Q64
R_MK0137508,Girls as Leaders in STEM program,skills,Communication,Q64
R_MK0137508,Girls as Leaders in STEM program,skills,Teamwork,Q64
R_MK0137508,Girls as Leaders in STEM program,skills,Creative thinking,Q64
R_MK0138319,Girls as Leaders in STEM program,skills,Communication,Q64
R_MK0138319,Girls as Leaders in STEM program,skills,Creative thinking,Q64
R_MK0138319,Girls as Leaders in STEM program,skills,Responding flexibly to change,Q64
R_MK0138319,Girls as Leaders in STEM program,skills,Design,Q64
R_MK0140416,Girls as Leaders in STEM program,skills,Teamwork,Q64
R_MK0140416,Girls as Leaders in STEM program,skills,Critical thinking,Q64
R_MK0140416,Girls as Leaders in STEM program,skills,Responding flexibly to change,Q64
R_MK0141171,Girls as Leaders in STEM program,skills,Responding flexibly to change,Q64
R_MK0141171,Girls as Leaders in STEM program,skills,Problem solving,Q64
R_MK0142928,Girls as Leaders in STEM program,skills,Experimenting,Q64
R_MK0144749,Girls as Leaders in STEM program,skills,Leadership,Q64
R_MK0144749,Girls as Leaders in STEM program,skills,Experimenting,Q64
R_MK0144749,Girls as Leaders in STEM program,skills,Problem solving,Q64
R_MK0147525,Girls as Leaders in STEM program,skills,Teamwork,Q64
R_MK0147525,Girls as Leaders in STEM program,skills,Creative thinking,Q64
R_MK0147525,Girls as Leaders in STEM program,skills,Design,Q64
R_MK0147525,Girls as Leaders in STEM program,skills,Problem solving,Q64
R_MK0151675,Girls as Leaders in STEM program,skills,Leadership,Q64
R_MK0151675,Girls as Leaders in STEM program,skills,Creative thinking,Q64
R_MK0151675,Girls as Leaders in STEM program,skills,Design,Q64
R_MK0151675,Girls as Leaders in STEM program,skills,Problem solving,Q64
R_MK0152207,Girls as Leaders in STEM program,skills,Communication,Q64
R_MK0152207,Girls as Leaders in STEM program,skills,Responding flexibly to change,Q64
R_MK0152207,Girls as Leaders in STEM program,skills,Problem solving,Q64
R_MK0153261,Girls as Leaders in STEM program,skills,Communication,Q64
R_MK0153261,Girls as Leaders in STEM program,skills,Critical thinking,Q64
R_MK0156575,Girls as Leaders in STEM program,skills,Critical thinking,Q64
R_MK0157758,Girls as Leaders in STEM program,skills,Teamwork,Q64
R_MK0157758,Girls as Leaders in STEM program,skills,Leadership,Q64
R_MK0157758,Girls as Leaders in STEM program,skills,Design,Q64
R_MK0157758,Girls as Leaders in STEM program,skills,Problem solving,Q64
R_MK0158694,Girls as Leaders in STEM program,skills,Critical thinking,Q64
R_MK0158694,Girls as Leaders in STEM program,skills,Leadership,Q64
R_MK0158694,Girls as Leaders in STEM program,skills,Problem solving,Q64
R_MK0161224,Girls as Leaders in STEM program,skills,Critical thinking,Q64
R_MK0161224,Girls as Leaders in STEM program,skills,Leadership,Q64
R_MK0161224,Girls as Leaders in STEM program,skills,Creative thinking,Q64
R_MK0161224,Girls as Leaders in STEM program,skills,Responding flexibly to change,Q64
R_MK0161224,Girls as Leaders in STEM program,skills,Design,Q64
R_MK0162746,Girls as Leaders in STEM program,skills,Communication,Q64
R_MK0162746,Girls as Leaders in STEM program,skills,Problem solving,Q64
R_MK0164526,Girls as Leaders in STEM program,skills,Communication,Q64
R_MK0164526,Girls as Leaders in STEM program,skills,Teamwork,Q64
R_MK0164526,Girls as Leaders in STEM program,skills,Responding flexibly to change,Q64
R_MK0168594,Girls as Leaders in STEM program,skills,Responding flexibly to change,Q64
R_MK0171952,Girls as Leaders in STEM program,skills,Teamwork,Q64
R_MK0171952,Girls as Leaders in STEM program,skills,Leadership,Q64
R_MK0173432,Girls as Leaders in STEM program,skills,Communication,Q64
R_MK0173432,Girls as Leaders in STEM program,skills,Teamwork,Q64
R_MK0173432,Girls as Leaders in STEM program,skills,Critical thinking,Q64
R_MK0173432,Girls as Leaders in STEM program,skills,Experimenting,Q64
R_MK0173432,Girls as Leaders in STEM program,skills,Problem solving,Q64
R_MK0174167,Girls as Leaders in STEM program,skills,Communication,Q64
R_MK0174167,Girls as Leaders in STEM program,skills,Responding flexibly to change,Q64
R_MK0174167,Girls as Leaders in STEM program,skills,Problem solving,Q64
R_MK0175836,Girls as Leaders in STEM program,skills,Leadership,Q64
R_MK0175836,Girls as Leaders in STEM program,skills,Creative thinking,Q64
R_MK0175836,Girls as Leaders in STEM program,skills,Responding flexibly to change,Q64
R_MK0175836,Girls as Leaders in STEM program,skills,Experimenting,Q64
R_MK0176600,Girls as Leaders in STEM program,skills,Leadership,Q64
R_MK0176600,Girls as Leaders in STEM program,skills,Creative thinking,Q64
R_MK0178108,Girls as Leaders in STEM program,skills,Teamwork,Q64
R_MK0178108,Girls as Leaders in STEM program,skills,Creative thinking,Q64
R_MK0178108,Girls as Leaders in STEM program,skills,Responding flexibly to change,Q64
R_MK0178108,Girls as Leaders in STEM program,skills,Experimenting,Q64
R_MK0178108,Girls as Leaders in STEM program,skills,Problem solving,Q64
R_MK0179378,Girls as Leaders in STEM program,skills,Teamwork,Q64
R_MK0179378,Girls as Leaders in STEM program,skills,Critical thinking,Q64
R_MK0179378,Girls as Leaders in STEM program,skills,Creative thinking,Q64
R_MK0179378,Girls as Leaders in STEM program,skills,Design,Q64
R_MK0179378,Girls as Leaders in STEM program,skills,Experimenting,Q64
R_MK0001265,Girls as Leaders in STEM program,identity,A leader,Q78
R_MK0001265,Girls as Leaders in STEM program,identity,A good communicator,Q78
R_MK0001265,Girls as Leaders in STEM program,identity,A STEM person,Q78
R_MK0001265,Girls as Leaders in STEM program,identity,A problem solver,Q78
R_MK0001265,Girls as Leaders in STEM program,identity,A team player,Q78
R_MK0002320,Girls as Leaders in STEM program,identity,A problem solver,Q78
R_MK0002320,Girls as Leaders in STEM program,identity,A designer,Q78
R_MK0004317,Girls as Leaders in STEM program,identity,A leader,Q78
R_MK0004317,Girls as Leaders in STEM program,identity,A good communicator,Q78
R_MK0004317,Girls as Leaders in STEM program,identity,A team player,Q78
R_MK0004317,Girls as Leaders in STEM program,identity,A designer,Q78
R_MK0007539,Girls as Leaders in STEM program,identity,A leader,Q78
R_MK0007539,Girls as Leaders in STEM program,identity,A problem solver,Q78
R_MK0007539,Girls as Leaders in STEM program,identity,A team player,Q78
R_MK0007539,Girls as Leaders in STEM program,identity,A designer,Q78
R_MK0008963,Girls as Leaders in STEM program,identity,A problem solver,Q78
R_MK0008963,Girls as Leaders in STEM program,identity,A team player,Q78
R_MK0012825,Girls as Leaders in STEM program,identity,A STEM person,Q78
R_MK0013834,Girls as Leaders in STEM program,identity,A good communicator,Q78
R_MK0013834,Girls as Leaders in STEM program,identity,A problem solver,Q78
R_MK0014994,Girls as Leaders in STEM program,identity,A STEM person,Q78
R_MK0014994,Girls as Leaders in STEM program,identity,A problem solver,Q78
R_MK0014994,Girls as Leaders in STEM program,identity,A team player,Q78
R_MK0018342,Girls as Leaders in STEM program,identity,A leader,Q78
R_MK0019683,Girls as Leaders in STEM program,identity,A good communicator,Q78
R_MK0019683,Girls as Leaders in STEM program,identity,A problem solver,Q78
R_MK0019683,Girls as Leaders in STEM program,identity,A team player,Q78
R_MK0022405,Girls as Leaders in STEM program,identity,A leader,Q78
R_MK0022405,Girls as Leaders in STEM program,identity,A STEM person,Q78
R_MK0022405,Girls as Leaders in STEM program,identity,A designer,Q78
R_MK0023140,Girls as Leaders in STEM program,identity,A STEM person,Q78
R_MK0023140,Girls as Leaders in STEM program,identity,A problem solver,Q78
R_MK0023140,Girls as Leaders in STEM program,identity,A team player,Q78
R_MK0025966,Girls as Leaders in STEM program,identity,A leader,Q78
R_MK0027899,Girls as Leaders in STEM program,identity,A problem solver,Q78
R_MK0029136,Girls as Leaders in STEM program,identity,A team player,Q78
R_MK0029136,Girls as Leaders in STEM program,identity,A designer,Q78
R_MK0030402,Girls as Leaders in STEM program,identity,A leader,Q78
R_MK0030402,Girls as Leaders in STEM program,identity,A STEM person,Q78
R_MK0032849,Girls as Leaders in STEM program,identity,A STEM person,Q78
R_MK0035534,Girls as Leaders in STEM program,identity,A STEM person,Q78
R_MK0035534,Girls as Leaders in STEM program,identity,A team player,Q78
R_MK0036294,Girls as Leaders in STEM program,identity,A STEM person,Q78
R_MK0036294,Girls as Leaders in STEM program,identity,A problem solver,Q78
R_MK0036294,Girls as Leaders in STEM program,identity,A team player,Q78
R_MK0036294,Girls as Leaders in STEM program,identity,A designer,Q78
R_MK0037202,Girls as Leaders in STEM program,identity,A STEM person,Q78
R_MK0038243,Girls as Leaders in STEM program,identity,A leader,Q78
R_MK0038243,Girls as Leaders in STEM program,identity,A designer,Q78
R_MK0039124,Girls as Leaders in STEM program,identity,A leader,Q78
R_MK0043853,Girls as Leaders in STEM program,identity,A team player,Q78
R_MK0044771,Girls as Leaders in STEM program,identity,A team player,Q78
R_MK0046892,Girls as Leaders in STEM program,identity,A good communicator,Q78
R_MK0046892,Girls as Leaders in STEM program,identity,A STEM person,Q78
R_MK0046892,Girls as Leaders in STEM program,identity,A problem solver,Q78
R_MK0049733,Girls as Leaders in STEM program,identity,A STEM person,Q78
R_MK0049733,Girls as Leaders in STEM program,identity,A designer,Q78
R_MK0050728,Girls as Leaders in STEM program,identity,A good communicator,Q78
R_MK0050728,Girls as Leaders in STEM program,identity,A STEM person,Q78
R_MK0050728,Girls as Leaders in STEM program,identity,A designer,Q78
R_MK0051185,Girls as Leaders in STEM program,identity,A leader,Q78
R_MK0053734,Girls as Leaders in STEM program,identity,A designer,Q78
R_MK0054375,Girls as Leaders in STEM program,identity,A leader,Q78
R_MK0054375,Girls as Leaders in STEM program,identity,A good communicator,Q78
R_MK0054375,Girls as Leaders in STEM program,identity,A STEM person,Q78
R_MK0054375,Girls as Leaders in STEM program,identity,A team player,Q78
R_MK0059837,Girls as Leaders in STEM program,identity,A leader,Q78
R_MK0060527,Girls as Leaders in STEM program,identity,A good communicator,Q78
R_MK0060527,Girls as Leaders in STEM program,identity,A STEM person,Q78
R_MK0060527,Girls as Leaders in STEM program,identity,A team player,Q78
R_MK0061617,Girls as Leaders in STEM program,identity,A good communicator,Q78
R_MK0061617,Girls as Leaders in STEM program,identity,A problem solver,Q78
R_MK0062899,Girls as Leaders in STEM program,identity,A good communicator,Q78
R_MK0062899,Girls as Leaders in STEM program,identity,A problem solver,Q78
R_MK0063902,Girls as Leaders in STEM program,identity,A good communicator,Q78
R_MK0063902,Girls as Leaders in STEM program,identity,A STEM person,Q78
R_MK0063902,Girls as Leaders in STEM program,identity,A problem solver,Q78
R_MK0063902,Girls as Leaders in STEM program,identity,A team player,Q78
R_MK0065907,Girls as Leaders in STEM program,identity,A STEM person,Q78
R_MK0066500,Girls as Leaders in STEM program,identity,A leader,Q78
R_MK0066500,Girls as Leaders in STEM program,identity,A problem solver,Q78
R_MK0067466,Girls as Leaders in STEM program,identity,A leader,Q78
R_MK0067466,Girls as Leaders in STEM program,identity,A STEM person,Q78
R_MK0067466,Girls as Leaders in STEM program,identity,A designer,Q78
R_MK0069685,Girls as Leaders in STEM program,identity,A leader,Q78
R_MK0069685,Girls as Leaders in STEM program,identity,A problem solver,Q78
R_MK0069685,Girls as Leaders in STEM program,identity,A designer,Q78
R_MK0071423,Girls as Leaders in STEM program,identity,A designer,Q78
R_MK0072663,Girls as Leaders in STEM program,identity,A designer,Q78
R_MK0073741,Girls as Leaders in STEM program,identity,A designer,Q78
R_MK0074273,Girls as Leaders in STEM program,identity,A leader,Q78
R_MK0074273,Girls as Leaders in STEM program,identity,A team player,Q78
R_MK0076785,Girls as Leaders in STEM program,identity,A good communicator,Q78
R_MK0078295,Girls as Leaders in STEM program,identity,A leader,Q78
R_MK0078295,Girls as Leaders in STEM program,identity,A good communicator,Q78
R_MK0078295,Girls as Leaders in STEM program,identity,A STEM person,Q78
R_MK0078295,Girls as Leaders in STEM program,identity,A designer,Q78
R_MK0079267,Girls as Leaders in STEM program,identity,A STEM person,Q78
R_MK0080359,Girls as Leaders in STEM program,identity,A leader,Q78
R_MK0080359,Girls as Leaders in STEM program,identity,A designer,Q78
R_MK0081202,Girls as Leaders in STEM program,identity,A good communicator,Q78
R_MK0081202,Girls as Leaders in STEM program,identity,A team player,Q78
R_MK0081202,Girls as Leaders in STEM program,identity,A designer,Q78
R_MK0082310,Girls as Leaders in STEM program,identity,A leader,Q78
R_MK0082310,Girls as Leaders in STEM program,identity,A team player,Q78
R_MK0084225,Girls as Leaders in STEM program,identity,A leader,Q78
R_MK0084225,Girls as Leaders in STEM program,identity,A good communicator,Q78
R_MK0084225,Girls as Leaders in STEM program,identity,A STEM person,Q78
R_MK0088386,Girls as Leaders in STEM program,identity,A good communicator,Q78
R_MK0089973,Girls as Leaders in STEM program,identity,A good communicator,Q78
R_MK0089973,Girls as Leaders in STEM program,identity,A STEM person,Q78
R_MK0089973,Girls as Leaders in STEM program,identity,A problem solver,Q78
R_MK0089973,Girls as Leaders in STEM program,identity,A team player,Q78
R_MK0090487,Girls as Leaders in STEM program,identity,A problem solver,Q78
R_MK0090487,Girls as Leaders in STEM program,identity,A designer,Q78
R_MK0093607,Girls as Leaders in STEM program,identity,A leader,Q78
R_MK0093607,Girls as Leaders in STEM program,identity,A good communicator,Q78
R_MK0093607,Girls as Leaders in STEM program,identity,A problem solver,Q78
R_MK0095142,Girls as Leaders in STEM program,identity,A leader,Q78
R_MK0095142,Girls as Leaders in STEM program,identity,A good communicator,Q78
R_MK0095142,Girls as Leaders in STEM program,identity,A problem solver,Q78
R_MK0096327,Girls as Leaders in STEM program,identity,A leader,Q78
R_MK0096327,Girls as Leaders in STEM program,identity,A good communicator,Q78
R_MK0097932,Girls as Leaders in STEM program,identity,A good communicator,Q78
R_MK0098967,Girls as Leaders in STEM program,identity,A leader,Q78
R_MK0098967,Girls as Leaders in STEM program,identity,A problem solver,Q78
R_MK0099158,Girls as Leaders in STEM program,identity,A leader,Q78
R_MK0099158,Girls as Leaders in STEM program,identity,A problem solver,Q78
R_MK0099158,Girls as Leaders in STEM program,identity,A designer,Q78
R_MK0101806,Girls as Leaders in STEM program,identity,A STEM person,Q78
R_MK0104978,Girls as Leaders in STEM program,identity,A leader,Q78
R_MK0104978,Girls as Leaders in STEM program,identity,A STEM person,Q78
R_MK0104978,Girls as Leaders in STEM program,identity,A team player,Q78
R_MK0106123,Girls as Leaders in STEM program,identity,A team player,Q78
R_MK0108835,Girls as Leaders in STEM program,identity,A STEM person,Q78
R_MK0110762,Girls as Leaders in STEM program,identity,A good communicator,Q78
R_MK0111624,Girls as Leaders in STEM program,identity,A STEM person,Q78
R_MK0111624,Girls as Leaders in STEM program,identity,A team player,Q78
R_MK0111624,Girls as Leaders in STEM program,identity,A designer,Q78
R_MK0116915,Girls as Leaders in STEM program,identity,A leader,Q78
R_MK0117603,Girls as Leaders in STEM program,identity,A leader,Q78
R_MK0117603,Girls as Leaders in STEM program,identity,A good communicator,Q78
R_MK0117603,Girls as Leaders in STEM program,identity,A team player,Q78
R_MK0118631,Girls as Leaders in STEM program,identity,A problem solver,Q78
R_MK0118631,Girls as Leaders in STEM program,identity,A team player,Q78
R_MK0118631,Girls as Leaders in STEM program,identity,A designer,Q78
R_MK0119995,Girls as Leaders in STEM program,identity,A problem solver,Q78
R_MK0119995,Girls as Leaders in STEM program,identity,A designer,Q78
R_MK0120834,Girls as Leaders in STEM program,identity,A good communicator,Q78
R_MK0120834,Girls as Leaders in STEM program,identity,A team player,Q78
R_MK0120834,Girls as Leaders in STEM program,identity,A designer,Q78
R_MK0122800,Girls as Leaders in STEM program,identity,A good communicator,Q78
R_MK0122800,Girls as Leaders in STEM program,identity,A team player,Q78
R_MK0122800,Girls as Leaders in STEM program,identity,A designer,Q78
R_MK0123453,Girls as Leaders in STEM program,identity,A good communicator,Q78
R_MK0123453,Girls as Leaders in STEM program,identity,A team player,Q78
R_MK0127853,Girls as Leaders in STEM program,identity,A STEM person,Q78
R_MK0127853,Girls as Leaders in STEM program,identity,A team player,Q78
R_MK0128835,Girls as Leaders in STEM program,identity,A leader,Q78
R_MK0128835,Girls as Leaders in STEM program,identity,A STEM person,Q78
R_MK0128835,Girls as Leaders in STEM program,identity,A designer,Q78
R_MK0130464,Girls as Leaders in STEM program,identity,A team player,Q78
R_MK0132486,Girls as Leaders in STEM program,identity,A designer,Q78
R_MK0133408,Girls as Leaders in STEM program,identity,A good communicator,Q78
R_MK0133408,Girls as Leaders in STEM program,identity,A STEM person,Q78
R_MK0137508,Girls as Leaders in STEM program,identity,A leader,Q78
R_MK0137508,Girls as Leaders in STEM program,identity,A STEM person,Q78
R_MK0137508,Girls as Leaders in STEM program,identity,A team player,Q78
R_MK0138319,Girls as Leaders in STEM program,identity,A STEM person,Q78
R_MK0140416,Girls as Leaders in STEM program,identity,A good communicator,Q78
R_MK0141171,Girls as Leaders in STEM program,identity,A designer,Q78
R_MK0142928,Girls as Leaders in STEM program,identity,A problem solver,Q78
R_MK0142928,Girls as Leaders in STEM program,identity,A team player,Q78
R_MK0144749,Girls as Leaders in STEM program,identity,A leader,Q78
R_MK0144749,Girls as Leaders in STEM program,identity,A STEM person,Q78
R_MK0144749,Girls as Leaders in STEM program,identity,A problem solver,Q78
R_MK0144749,Girls as Leaders in STEM program,identity,A team player,Q78
R_MK0144749,Girls as Leaders in STEM program,identity,A designer,Q78
R_MK0147525,Girls as Leaders in STEM program,identity,A STEM person,Q78
R_MK0151675,Girls as Leaders in STEM program,identity,A leader,Q78
R_MK0151675,Girls as Leaders in STEM program,identity,A problem solver,Q78
R_MK0151675,Girls as Leaders in STEM program,identity,A designer,Q78
R_MK0152207,Girls as Leaders in STEM program,identity,A problem solver,Q78
R_MK0153261,Girls as Leaders in STEM program,identity,A leader,Q78
R_MK0153261,Girls as Leaders in STEM program,identity,A problem solver,Q78
R_MK0153261,Girls as Leaders in STEM program,identity,A designer,Q78
R_MK0156575,Girls as Leaders in STEM program,identity,A leader,Q78
R_MK0156575,Girls as Leaders in STEM program,identity,A STEM person,Q78
R_MK0157758,Girls as Leaders in STEM program,identity,A team player,Q78
R_MK0157758,Girls as Leaders in STEM program,identity,A designer,Q78
R_MK0158694,Girls as Leaders in STEM program,identity,A good communicator,Q78
R_MK0158694,Girls as Leaders in STEM program,identity,A STEM person,Q78
R_MK0161224,Girls as Leaders in STEM program,identity,A good communicator,Q78
R_MK0161224,Girls as Leaders in STEM program,identity,A STEM person,Q78
R_MK0161224,Girls as Leaders in STEM program,identity,A problem solver,Q78
R_MK0162746,Girls as Leaders in STEM program,identity,A team player,Q78
R_MK0164526,Girls as Leaders in STEM program,identity,A leader,Q78
R_MK0164526,Girls as Leaders in STEM program,identity,A problem solver,Q78
R_MK0164526,Girls as Leaders in STEM program,identity,A team player,Q78
R_MK0168594,Girls as Leaders in STEM program,identity,A problem solver,Q78
R_MK0171952,Girls as Leaders in STEM program,identity,A team player,Q78
R_MK0173432,Girls as Leaders in STEM program,identity,A leader,Q78
R_MK0173432,Girls as Leaders in STEM program,identity,A STEM person,Q78
R_MK0173432,Girls as Leaders in STEM program,identity,A problem solver,Q78
R_MK0173432,Girls as Leaders in STEM program,identity,A designer,Q78
R_MK0174167,Girls as Leaders in STEM program,identity,A team player,Q78
R_MK0174167,Girls as Leaders in STEM program,identity,A designer,Q78
R_MK0175836,Girls as Leaders in STEM program,identity,A problem solver,Q78
R_MK0175836,Girls as Leaders in STEM program,identity,A team player,Q78
R_MK0176600,Girls as Leaders in STEM program,identity,A good communicator,Q78
R_MK0176600,Girls as Leaders in STEM program,identity,A team player,Q78
R_MK0178108,Girls as Leaders in STEM program,identity,A STEM person,Q78
R_MK0178108,Girls as Leaders in STEM program,identity,A team player,Q78
R_MK0179378,Girls as Leaders in STEM program,identity,A good communicator,Q78
R_MK0179378,Girls as Leaders in STEM program,identity,A STEM person,Q78
R_MK0179378,Girls as Leaders in STEM program,identity,A problem solver,Q78
