StartDate,EndDate,Status,IPAddress,Progress,Duration (in seconds),Finished,RecordedDate,ResponseId,RecipientLastName,RecipientFirstName,RecipientEmail,ExternalReference,LocationLatitude,LocationLongitude,DistributionChannel,UserLanguage,Q1,Q2,Q7,Q100,Q100_8_TEXT,Q73,Q6,Q101,Q102,Q103,Q3,Q62,Q18,Q39,Q45,Q48,Q57,Q66,Q19,Q24,Q84,Q83,Q82,Q27,Q86,Q88,Q90,Q91,Q91_8_TEXT,Q87,Q92,Q93,Q96,Q97,Q98,Q99,Q30,Q29,Q111,Q8_4,Q8_5,Q8_6,Q8_7,Q8_8,Q8_9,Q8_10,Q8_11,Q8_12,Q8_13,Q8_14,Q8_15,Q10,Q10_6_TEXT,Q11,Q12,Q12_11_TEXT,Q13,Q13_5_TEXT,Q14,Q15_1,Q15_2,Q15_3,Q15_4,Q15_5,Q15_11,Q15_12,Q15_13,Q15_14,Q16,Q74,Q17,Q20,Q20_12_TEXT,Q21,Q21_10_TEXT,Q23,Q22,Q22_8_TEXT,Q108,Q108_6_TEXT,Q80,Q81,Q110,Q110_8_TEXT,Q109,Q109_6_TEXT,Q25_1,Q25_2,Q25_3,Q25_4,Q25_5,Q25_6,Q25_7,Q25_8,Q25_9,Q25_10,Q28,Q26,Q26_13_TEXT,Q94,Q95,Q89,Q89_8_TEXT,Q9,Q9_8_TEXT,Q31,Q31_6_TEXT,Q32,Q33,Q33_11_TEXT,Q34,Q34_5_TEXT,Q35,Q36_1,Q36_2,Q36_3,Q36_4,Q36_5,Q36_6,Q36_7,Q36_8,Q36_9,Q37,Q75,Q38,Q40,Q40_6_TEXT,Q41,Q42,Q42_11_TEXT,Q43,Q43_5_TEXT,Q44,Q104_1,Q104_2,Q104_3,Q104_4,Q104_5,Q104_6,Q104_7,Q104_8,Q104_9,Q46,Q76,Q47,Q49,Q49_6_TEXT,Q50,Q51,Q51_11_TEXT,Q52,Q52_5_TEXT,Q53,Q54_1,Q54_2,Q54_3,Q54_4,Q54_5,Q54_6,Q54_7,Q54_8,Q54_9,Q55,Q77,Q56,Q58,Q58_6_TEXT,Q59,Q60,Q60_11_TEXT,Q61,Q61_5_TEXT,Q63_1,Q63_2,Q63_3,Q63_4,Q63_5,Q63_6,Q63_7,Q63_8,Q63_9,Q64,Q78,Q65,Q67,Q68,Q68_4_TEXT,Q105_1,Q105_2,Q105_3,Q105_4,Q105_5,Q105_6,Q105_7,Q105_8,Q105_9,Q69,Q70,Q70_2_TEXT,Q106_1,Q106_2,Q106_3,Q106_4,Q106_5,Q106_6,Q106_7,Q106_8,Q106_9,Q71,Q72,Q72_4_TEXT,Q107_1,Q107_2,Q107_3,Q107_4,Q107_5,Q107_6,Q107_7,Q107_8,Q107_9,Q4,Q5,Q79,Q79_8_TEXT
StartDate,EndDate,Status,IPAddress,Progress,Duration (in seconds),Finished,RecordedDate,ResponseId,RecipientLastName,RecipientFirstName,RecipientEmail,ExternalReference,LocationLatitude,LocationLongitude,DistributionChannel,UserLanguage,Where do you live?,Are you:,Do you or members of your family speak a language other than English at home?,Which language(s) do you or your family speak at home?,Q100_8_TEXT,What year were you born?,What do you the adults in your family do for work? Adult 1 (parent/ carer etc):,Please specify what job adult 1 does,Optional Adult 2 (parent/ carer etc),Please specify what job adult 2 does,Are you a school student?,Who was able to do the activity?,What would you change about the activity?,What would you change about the activity?,How much do you agree with the following statements? The activity helped me to be...,What would you change about the activity?,What would you change about the activity?,What would you change about the activity?,What are your favourite school subjects?,"What would help you feel more interested and confident in choosing maths, science or technology subjects in the future?",In what ways have the option(s) you have selected influenced your decisions?,"What are some of the reasons that you decided not to choose to study maths, science or technology subjects in year 11/12 (you can select more than one)?",What helped you decide to take those subjects (you can choose more than one)?,How do they help you choose?,Do you think you will need to move in the future to do the job that you want to do?,Which job do you think you might do in ${q://QID1/ChoiceGroup/SelectedChoices}?,Do you think you will study STEM in the future?,Which of these helps you to decide which jobs you might do in the future (you can select more than one):,Q91_8_TEXT,Why do you think you will need to move to do the job you want to do?,How do they help you choose?,What jobs do you think you would enjoy doing in the future?,How much do you know about STEM jobs and careers in ${q://QID1/ChoiceGroup/SelectedChoices},Do you think you will need to move in the future to do the job that you want to do?,Why do you think you will need to move to do the job you want to do?,Which job do you think you might do in ${q://QID1/ChoiceGroup/SelectedChoices}?,What made you change your mind?,Have you changed your mind recently about what you might do in the future?,Optional Adult 2 (parent/ carer etc),About your STEM experiences. How much do you agree with these statements: - I am good at maths or science,About your STEM experiences. How much do you agree with these statements: - I am good at design or technology,About your STEM experiences. How much do you agree with these statements: - I enjoy learning maths or science,About your STEM experiences. How much do you agree with these statements: - I enjoy learning design or technology,About your STEM experiences. How much do you agree with these statements: - I enjoy solving problems,About your STEM experiences. How much do you agree with these statements: - I enjoy experimenting with things,About your STEM experiences. How much do you agree with these statements: - I enjoy working with others,About your STEM experiences. How much do you agree with these statements: - I enjoy designing and constructing things,About your STEM experiences. How much do you agree with these statements: - I need to do well at maths or science to get the job I want,About your STEM experiences. How much do you agree with these statements: - I need to be able to use technology for my life,About your STEM experiences. How much do you agree with these statements: - I enjoy taking risks in my learning,About your STEM experiences. How much do you agree with these statements: - I am not afraid of failing when solving problems,You have selected that you participated in school clubs or lunchtime activities. Why did you participate in this activity (you can select more than one option)?,Q10_6_TEXT,When did you participate in this school club/ lunchtime activity?,What did you do in the activity (you can select more than one)?,Q12_11_TEXT,How long was the activity?,Q13_5_TEXT,Who was able to do the activity?,How much do you agree with these statements? The activity helped me to be... - More knowledgable about STEM,How much do you agree with these statements? The activity helped me to be... - More aware of a range of jobs in STEM,How much do you agree with these statements? The activity helped me to be... - More interested in learning about STEM,How much do you agree with these statements? The activity helped me to be... - More confident in solving STEM problems,"How much do you agree with these statements? The activity helped me to be... - More comfortable with using tools, technology and equipment",How much do you agree with these statements? The activity helped me to be... - More confident in working in teams,How much do you agree with these statements? The activity helped me to be... - More confident in sharing and communicating my ideas,How much do you agree with these statements? The activity helped me to be... - More confident in being a leader,How much do you agree with these statements? The activity helped me to be... - More like a STEM person,The activity helped me develop my skills in (you can select more than one),The activity helped me to feel that other people saw me as (you can select more than one)...,What did you enjoy the most about the activity?,Which subjects are you interested in studying in Year 11 or 12 (select all that apply)?,Q20_12_TEXT,What helps you to decide what subjects to choose?,Q21_10_TEXT,"Are you likely to study maths, science or technologies in Year 11 or 12?","I find it hard to choose maths, science or technology subjects at Years 11 or 12 because...(select all that apply):",Q22_8_TEXT,"I want to choose maths, science or technology subjects at Year 11 or 12 because...(select all that apply):",Q108_6_TEXT,Which course have you chosen and why?,"Did you choose maths, science or technology in Year 11 or 12?","I did not choose maths, science or technology subjects at Years 11 or 12 because...(select all that apply):",Q110_8_TEXT,"I choose maths, science or technology subjects at Year 11 or 12 because...(select all that apply):",Q109_6_TEXT,"Thinking about your future, how much do you agree with the following statements? - I can imagine myself doing a job that uses STEM","Thinking about your future, how much do you agree with the following statements? - A STEM job sounds like something I could do","Thinking about your future, how much do you agree with the following statements? - I know about different kinds of jobs that use STEM","Thinking about your future, how much do you agree with the following statements? - I have met, seen of heard people in STEM jobs who are like me","Thinking about your future, how much do you agree with the following statements? - People in my family think STEM could be a good option for me","Thinking about your future, how much do you agree with the following statements? - My teachers encourage me to think about STEM subjects or careers","Thinking about your future, how much do you agree with the following statements? - I think STEM jobs can help people or make a difference in the world","Thinking about your future, how much do you agree with the following statements? - I think STEM jobs would allow me to be creative","Thinking about your future, how much do you agree with the following statements? - I know what subjects I would need to study if I wanted a STEM job","Thinking about your future, how much do you agree with the following statements? - I think there are STEM jobs in my local area or region",What kind of jobs do you imagine you might do in the future?,What helps you to decide what you might do in the future (select all that apply):,Q26_13_TEXT,Have you changed your mind recently about what you might do in the future?,What made you change your mind?,What would help you to know more about STEM jobs or careers (select all that apply),Q89_8_TEXT,"What activities have you been involved in that relate to Science, Technology, Engineering, and Maths (STEM/ STEArtsM) (you can select more than one)?",Q9_8_TEXT,You have selected that you have participated in a competition. Why did you participate in this activity (you can select more than one option)?,Q31_6_TEXT,When did you participate in this activity?,What did you do in the activity (you can select more than one)?,Q33_11_TEXT,How long was the activity?,Q34_5_TEXT,Who was able to do the activity?,How much do you agree with these statements The activity helped me to be... - More knowledgable about STEM,How much do you agree with these statements The activity helped me to be... - More aware of a range of jobs in STEM,How much do you agree with these statements The activity helped me to be... - More interested about learning about STEM,How much do you agree with these statements The activity helped me to be... - More confident in solving STEM problems,"How much do you agree with these statements The activity helped me to be... - More comfortable with using tools, technology and equipment",How much do you agree with these statements The activity helped me to be... - More comfortable working in teams,How much do you agree with these statements The activity helped me to be... - More confident in communicating and sharing my ideas,How much do you agree with these statements The activity helped me to be... - More confident in being a leader,How much do you agree with these statements The activity helped me to be... - More like a STEM person,The activity helped me develop my skills in (you can select more than one)...,The activity helped me to feel that other people saw me as (you can select more than one)...,What did you enjoy most about this activity?,You have selected that you have participated in a tech school program. Why did you participate in this activity (you can select more than one option)?,Q40_6_TEXT,When did you participate in this activity?,What did you do in the activity (you can select more than one)?,Q42_11_TEXT,How long was the activity?,Q43_5_TEXT,Who was able to do the activity?,How much do you agree with these statements The activity helped me to be... - More knowledgable about STEM,How much do you agree with these statements The activity helped me to be... - More aware of a range of jobs in STEM,How much do you agree with these statements The activity helped me to be... - More interested about learning about STEM,How much do you agree with these statements The activity helped me to be... - More confident in solving STEM problems,"How much do you agree with these statements The activity helped me to be... - More comfortable with using tools, technology and equipment",How much do you agree with these statements The activity helped me to be... - More comfortable working in teams,How much do you agree with these statements The activity helped me to be... - More confident in communicating and sharing my ideas,How much do you agree with these statements The activity helped me to be... - More confident in being a leader,How much do you agree with these statements The activity helped me to be... - More like a STEM person,The activity helped me develop my skills in (select all that apply)...,The activity helped me to feel that other people saw me as (select all that apply)...,What did you enjoy most about the activity?,You have selected that you have participated in a university program. Why did you participate in this activity (you can select more than one option)?,Q49_6_TEXT,When did you participate in this activity?,What did you do in the activity (you can select more than one)?,Q51_11_TEXT,How long was the activity?,Q52_5_TEXT,Who was able to do the activity?,How much do you agree with the following statements? The activity helped me to be... - More knowledgable about STEM,How much do you agree with the following statements? The activity helped me to be... - More aware of a range of jobs in STEM,How much do you agree with the following statements? The activity helped me to be... - More interested about learning about STEM,How much do you agree with the following statements? The activity helped me to be... - More confident in solving STEM problems,"How much do you agree with the following statements? The activity helped me to be... - More comfortable with using tools, technology and equipment",How much do you agree with the following statements? The activity helped me to be... - More comfortable working in teams,How much do you agree with the following statements? The activity helped me to be... - More confident in communicating and sharing my ideas,How much do you agree with the following statements? The activity helped me to be... - More confident in being a leader,How much do you agree with the following statements? The activity helped me to be... - More like a STEM person,The activity helped me develop my skills in (select all that apply)...,The activity helped me to feel that other people saw me as (you can select more than one)...,What did you enjoy most about the activity?,You have selected that you participated in the Girls as Leaders in STEM program. Why did you participate in this activity (you can select more than one option)?,Q58_6_TEXT,When did you participate in this activity?,What did you do in the activity (you can select more than one)?,Q60_11_TEXT,How long was the activity?,Q61_5_TEXT,How much do you agree with the following statements? The activity helped me to be... - More knowledgable about STEM,How much do you agree with the following statements? The activity helped me to be... - More aware of a range of jobs in STEM,How much do you agree with the following statements? The activity helped me to be... - More interested about learning about STEM,How much do you agree with the following statements? The activity helped me to be... - More confident in solving STEM problems,"How much do you agree with the following statements? The activity helped me to be... - More comfortable with using tools, technology and equipment",How much do you agree with the following statements? The activity helped me to be... - More comfortable working in teams,How much do you agree with the following statements? The activity helped me to be... - More confident in communicating and sharing my ideas,How much do you agree with the following statements? The activity helped me to be... - More confident in being a leader,How much do you agree with the following statements? The activity helped me to be... - More like a STEM person,The activity helped me develop my skills in (you can select more than one)...,The activity helped me to feel that other people saw me as (you can select more than one)...,What did you enjoy most about the activity?,You have selected you have done online STEM activities. What did you do in the activity?,How much time did you spend doing the online activities,Q68_4_TEXT,How much do you agree with the following statements? The activity helped me to be... - More knowledgable about STEM,How much do you agree with the following statements? The activity helped me to be... - More aware of a range of jobs in STEM,How much do you agree with the following statements? The activity helped me to be... - More interested about learning about STEM,How much do you agree with the following statements? The activity helped me to be... - More confident in solving STEM problems,"How much do you agree with the following statements? The activity helped me to be... - More comfortable with using tools, technology and equipment",How much do you agree with the following statements? The activity helped me to be... - More comfortable working in teams,How much do you agree with the following statements? The activity helped me to be... - More confident in communicating and sharing my ideas,How much do you agree with the following statements? The activity helped me to be... - More confident in being a leader,How much do you agree with the following statements? The activity helped me to be... - More like a STEM person,You have selected you have gone on an excursion. What did you do in the activity?,How long did you spend there?,Q70_2_TEXT,How much do you agree with the following statements? The activity helped me to be... - More knowledgable about STEM,How much do you agree with the following statements? The activity helped me to be... - More aware of a range of jobs in STEM,How much do you agree with the following statements? The activity helped me to be... - More interested about learning about STEM,How much do you agree with the following statements? The activity helped me to be... - More confident in solving STEM problems,"How much do you agree with the following statements? The activity helped me to be... - More comfortable with using tools, technology and equipment",How much do you agree with the following statements? The activity helped me to be... - More comfortable working in teams,How much do you agree with the following statements? The activity helped me to be... - More confident in communicating and sharing my ideas,How much do you agree with the following statements? The activity helped me to be... - More confident in being a leader,How much do you agree with the following statements? The activity helped me to be... - More like a STEM person,You have selected you have done other STEM activities. What did you do in the activity?,How much time did you spend doing the activity?,Q72_4_TEXT,How much do you agree with the following statements? The activity helped me to be... - More knowledgable about STEM,How much do you agree with the following statements? The activity helped me to be... - More aware of a range of jobs in STEM,How much do you agree with the following statements? The activity helped me to be... - More interested about learning about STEM,How much do you agree with the following statements? The activity helped me to be... - More confident in solving STEM problems,"How much do you agree with the following statements? The activity helped me to be... - More comfortable with using tools, technology and equipment",How much do you agree with the following statements? The activity helped me to be... - More comfortable working in teams,How much do you agree with the following statements? The activity helped me to be... - More confident in communicating and sharing my ideas,How much do you agree with the following statements? The activity helped me to be... - More confident in being a leader,How much do you agree with the following statements? The activity helped me to be... - More like a STEM person,What is the name of your school?,Which school level are you currently in?,Which of the following is your main activity currently?,Q79_8_TEXT
"{""ImportId"": ""StartDate""}","{""ImportId"": ""EndDate""}","{""ImportId"": ""Status""}","{""ImportId"": ""IPAddress""}","{""ImportId"": ""Progress""}","{""ImportId"": ""Duration (in seconds)""}","{""ImportId"": ""Finished""}","{""ImportId"": ""RecordedDate""}","{""ImportId"": ""ResponseId""}","{""ImportId"": ""RecipientLastName""}","{""ImportId"": ""RecipientFirstName""}","{""ImportId"": ""RecipientEmail""}","{""ImportId"": ""ExternalReference""}","{""ImportId"": ""LocationLatitude""}","{""ImportId"": ""LocationLongitude""}","{""ImportId"": ""DistributionChannel""}","{""ImportId"": ""UserLanguage""}","{""ImportId"": ""Q1""}","{""ImportId"": ""Q2""}","{""ImportId"": ""Q7""}","{""ImportId"": ""Q100""}","{""ImportId"": ""Q100_8_TEXT""}","{""ImportId"": ""Q73""}","{""ImportId"": ""Q6""}","{""ImportId"": ""Q101""}","{""ImportId"": ""Q102""}","{""ImportId"": ""Q103""}","{""ImportId"": ""Q3""}","{""ImportId"": ""Q62""}","{""ImportId"": ""Q18""}","{""ImportId"": ""Q39""}","{""ImportId"": ""Q45""}","{""ImportId"": ""Q48""}","{""ImportId"": ""Q57""}","{""ImportId"": ""Q66""}","{""ImportId"": ""Q19""}","{""ImportId"": ""Q24""}","{""ImportId"": ""Q84""}","{""ImportId"": ""Q83""}","{""ImportId"": ""Q82""}","{""ImportId"": ""Q27""}","{""ImportId"": ""Q86""}","{""ImportId"": ""Q88""}","{""ImportId"": ""Q90""}","{""ImportId"": ""Q91""}","{""ImportId"": ""Q91_8_TEXT""}","{""ImportId"": ""Q87""}","{""ImportId"": ""Q92""}","{""ImportId"": ""Q93""}","{""ImportId"": ""Q96""}","{""ImportId"": ""Q97""}","{""ImportId"": ""Q98""}","{""ImportId"": ""Q99""}","{""ImportId"": ""Q30""}","{""ImportId"": ""Q29""}","{""ImportId"": ""Q111""}","{""ImportId"": ""Q8_4""}","{""ImportId"": ""Q8_5""}","{""ImportId"": ""Q8_6""}","{""ImportId"": ""Q8_7""}","{""ImportId"": ""Q8_8""}","{""ImportId"": ""Q8_9""}","{""ImportId"": ""Q8_10""}","{""ImportId"": ""Q8_11""}","{""ImportId"": ""Q8_12""}","{""ImportId"": ""Q8_13""}","{""ImportId"": ""Q8_14""}","{""ImportId"": ""Q8_15""}","{""ImportId"": ""Q10""}","{""ImportId"": ""Q10_6_TEXT""}","{""ImportId"": ""Q11""}","{""ImportId"": ""Q12""}","{""ImportId"": ""Q12_11_TEXT""}","{""ImportId"": ""Q13""}","{""ImportId"": ""Q13_5_TEXT""}","{""ImportId"": ""Q14""}","{""ImportId"": ""Q15_1""}","{""ImportId"": ""Q15_2""}","{""ImportId"": ""Q15_3""}","{""ImportId"": ""Q15_4""}","{""ImportId"": ""Q15_5""}","{""ImportId"": ""Q15_11""}","{""ImportId"": ""Q15_12""}","{""ImportId"": ""Q15_13""}","{""ImportId"": ""Q15_14""}","{""ImportId"": ""Q16""}","{""ImportId"": ""Q74""}","{""ImportId"": ""Q17""}","{""ImportId"": ""Q20""}","{""ImportId"": ""Q20_12_TEXT""}","{""ImportId"": ""Q21""}","{""ImportId"": ""Q21_10_TEXT""}","{""ImportId"": ""Q23""}","{""ImportId"": ""Q22""}","{""ImportId"": ""Q22_8_TEXT""}","{""ImportId"": ""Q108""}","{""ImportId"": ""Q108_6_TEXT""}","{""ImportId"": ""Q80""}","{""ImportId"": ""Q81""}","{""ImportId"": ""Q110""}","{""ImportId"": ""Q110_8_TEXT""}","{""ImportId"": ""Q109""}","{""ImportId"": ""Q109_6_TEXT""}","{""ImportId"": ""Q25_1""}","{""ImportId"": ""Q25_2""}","{""ImportId"": ""Q25_3""}","{""ImportId"": ""Q25_4""}","{""ImportId"": ""Q25_5""}","{""ImportId"": ""Q25_6""}","{""ImportId"": ""Q25_7""}","{""ImportId"": ""Q25_8""}","{""ImportId"": ""Q25_9""}","{""ImportId"": ""Q25_10""}","{""ImportId"": ""Q28""}","{""ImportId"": ""Q26""}","{""ImportId"": ""Q26_13_TEXT""}","{""ImportId"": ""Q94""}","{""ImportId"": ""Q95""}","{""ImportId"": ""Q89""}","{""ImportId"": ""Q89_8_TEXT""}","{""ImportId"": ""Q9""}","{""ImportId"": ""Q9_8_TEXT""}","{""ImportId"": ""Q31""}","{""ImportId"": ""Q31_6_TEXT""}","{""ImportId"": ""Q32""}","{""ImportId"": ""Q33""}","{""ImportId"": ""Q33_11_TEXT""}","{""ImportId"": ""Q34""}","{""ImportId"": ""Q34_5_TEXT""}","{""ImportId"": ""Q35""}","{""ImportId"": ""Q36_1""}","{""ImportId"": ""Q36_2""}","{""ImportId"": ""Q36_3""}","{""ImportId"": ""Q36_4""}","{""ImportId"": ""Q36_5""}","{""ImportId"": ""Q36_6""}","{""ImportId"": ""Q36_7""}","{""ImportId"": ""Q36_8""}","{""ImportId"": ""Q36_9""}","{""ImportId"": ""Q37""}","{""ImportId"": ""Q75""}","{""ImportId"": ""Q38""}","{""ImportId"": ""Q40""}","{""ImportId"": ""Q40_6_TEXT""}","{""ImportId"": ""Q41""}","{""ImportId"": ""Q42""}","{""ImportId"": ""Q42_11_TEXT""}","{""ImportId"": ""Q43""}","{""ImportId"": ""Q43_5_TEXT""}","{""ImportId"": ""Q44""}","{""ImportId"": ""Q104_1""}","{""ImportId"": ""Q104_2""}","{""ImportId"": ""Q104_3""}","{""ImportId"": ""Q104_4""}","{""ImportId"": ""Q104_5""}","{""ImportId"": ""Q104_6""}","{""ImportId"": ""Q104_7""}","{""ImportId"": ""Q104_8""}","{""ImportId"": ""Q104_9""}","{""ImportId"": ""Q46""}","{""ImportId"": ""Q76""}","{""ImportId"": ""Q47""}","{""ImportId"": ""Q49""}","{""ImportId"": ""Q49_6_TEXT""}","{""ImportId"": ""Q50""}","{""ImportId"": ""Q51""}","{""ImportId"": ""Q51_11_TEXT""}","{""ImportId"": ""Q52""}","{""ImportId"": ""Q52_5_TEXT""}","{""ImportId"": ""Q53""}","{""ImportId"": ""Q54_1""}","{""ImportId"": ""Q54_2""}","{""ImportId"": ""Q54_3""}","{""ImportId"": ""Q54_4""}","{""ImportId"": ""Q54_5""}","{""ImportId"": ""Q54_6""}","{""ImportId"": ""Q54_7""}","{""ImportId"": ""Q54_8""}","{""ImportId"": ""Q54_9""}","{""ImportId"": ""Q55""}","{""ImportId"": ""Q77""}","{""ImportId"": ""Q56""}","{""ImportId"": ""Q58""}","{""ImportId"": ""Q58_6_TEXT""}","{""ImportId"": ""Q59""}","{""ImportId"": ""Q60""}","{""ImportId"": ""Q60_11_TEXT""}","{""ImportId"": ""Q61""}","{""ImportId"": ""Q61_5_TEXT""}","{""ImportId"": ""Q63_1""}","{""ImportId"": ""Q63_2""}","{""ImportId"": ""Q63_3""}","{""ImportId"": ""Q63_4""}","{""ImportId"": ""Q63_5""}","{""ImportId"": ""Q63_6""}","{""ImportId"": ""Q63_7""}","{""ImportId"": ""Q63_8""}","{""ImportId"": ""Q63_9""}","{""ImportId"": ""Q64""}","{""ImportId"": ""Q78""}","{""ImportId"": ""Q65""}","{""ImportId"": ""Q67""}","{""ImportId"": ""Q68""}","{""ImportId"": ""Q68_4_TEXT""}","{""ImportId"": ""Q105_1""}","{""ImportId"": ""Q105_2""}","{""ImportId"": ""Q105_3""}","{""ImportId"": ""Q105_4""}","{""ImportId"": ""Q105_5""}","{""ImportId"": ""Q105_6""}","{""ImportId"": ""Q105_7""}","{""ImportId"": ""Q105_8""}","{""ImportId"": ""Q105_9""}","{""ImportId"": ""Q69""}","{""ImportId"": ""Q70""}","{""ImportId"": ""Q70_2_TEXT""}","{""ImportId"": ""Q106_1""}","{""ImportId"": ""Q106_2""}","{""ImportId"": ""Q106_3""}","{""ImportId"": ""Q106_4""}","{""ImportId"": ""Q106_5""}","{""ImportId"": ""Q106_6""}","{""ImportId"": ""Q106_7""}","{""ImportId"": ""Q106_8""}","{""ImportId"": ""Q106_9""}","{""ImportId"": ""Q71""}","{""ImportId"": ""Q72""}","{""ImportId"": ""Q72_4_TEXT""}","{""ImportId"": ""Q107_1""}","{""ImportId"": ""Q107_2""}","{""ImportId"": ""Q107_3""}","{""ImportId"": ""Q107_4""}","{""ImportId"": ""Q107_5""}","{""ImportId"": ""Q107_6""}","{""ImportId"": ""Q107_7""}","{""ImportId"": ""Q107_8""}","{""ImportId"": ""Q107_9""}","{""ImportId"": ""Q4""}","{""ImportId"": ""Q5""}","{""ImportId"": ""Q79""}","{""ImportId"": ""Q79_8_TEXT""}"
2026-10-04 15:21:00,2026-10-04 15:39:49,IP Address,,100,1129,True,2026-10-04 15:39:53,R_MK0000365,,,,,,,anonymous,EN,3,2,2,,,27,17,,6,,1,3,,,,,"More equipment, we had to share one set.","Better internet, ours dropped out during the online session.",,,,,,The video call with the scientist who works with livestock.,2,,1,"2,4",,,The video call with the scientist who works with livestock.,A vet,3,1,,,,1,11,2,4,2,1,1,1,1,1,2,3,2,4,,,,,,,,,,,,,,,,,,,,,,,,,,"4,5,6,7",,2,,,,,,,,2,1,1,1,2,1,4,2,2,4,Something with animals and science,,,,,"1,7",,"4,5,6",,,,,,,,,,,,,,,,,,,,,,,,,,,,,,,,,,,,,,,,,,3,,12,"5,9",,4,,2,3,3,1,2,2,2,1,1,3,"22,25,28","5,6","Learning the science behind farming, which is what my family does.",3,,13,"4,7,8",,3,,2,2,3,2,1,2,3,2,1,"20,21,23","1,3,4,6","Learning the science behind farming, which is what my family does.",Getting to do it here instead of travelling to the city.,3,,1,2,2,3,2,3,1,1,3,,,,,,,,,,,,,,,,3,1,2,1,1,1,1,3,3,Kangaroo Flat PS,4,,
2026-10-03 10:18:00,2026-10-03 10:35:23,IP Address,,100,1043,True,2026-10-03 10:35:27,R_MK0001641,,,,,,,anonymous,EN,5,2,2,,,23,5,,9,,1,1,,,,,,More of the design side and less coding.,,,,,,Finding out design is part of engineering too.,2,,4,7,,,"Designing how our project looked, not just how it worked.",An architect,3,,,,,2,19,1,1,2,3,2,1,1,2,2,1,2,1,,,,,,,,,,,,,,,,,,,,,,,,,,"2,6",,,,,,,,,,3,2,1,2,1,1,1,1,4,2,Design and technology together,,,2,,"1,3",,5,,,,,,,,,,,,,,,,,,,,,,,,,,,,,,,,,,,,,,,,,,,,,,,,,,,,,,,,,,,,,,"4,5",,7,"2,3,8,10",,2,,1,2,1,3,1,3,1,1,3,"20,23,27",2,Finding out design is part of engineering too.,,,,,,,,,,,,,,,,,,,,,,,,,,,,1,2,2,1,2,2,5,2,1,Moe South PS,2,,
2026-09-23 12:49:00,2026-09-23 13:13:42,IP Address,,100,1482,True,2026-09-23 13:13:46,R_MK0002963,,,,,,,anonymous,EN,6,2,2,7,,27,8,,,,1,3,More choice about what we do.,"Shorter instructions, they were too long.",,,"Shorter instructions, they were too long.",More choice about what we do.,"It wasn't like normal school, we chose what our project was about.","It wasn't like normal school, we chose what our project was about.","It wasn't like normal school, we chose what our project was about.","1,9",6,The teachers actually listened to our ideas.,1,"It wasn't like normal school, we chose what our project was about.",,3,,"It wasn't like normal school, we chose what our project was about.",The teachers actually listened to our ideas.,I didn't think about it before but maybe IT,3,2,"Making a game, I didn't know you could learn that at school.","Making a game, I didn't know you could learn that at school.",More choice about what we do.,2,10,2,2,1,4,2,2,2,3,2,3,3,3,"2,3",,15,"4,5,8",,2,,1,1,5,2,5,2,4,5,1,5,"27,28",1,The teachers actually listened to our ideas.,,,,,,"1,3,4,5,6",,2,,,1,"3,4",,4,,,,,,,,,,,,Something with computers,7,,1,Let us pick our own groups.,4,,"1,2,4,5",,3,,6,"2,7,8,9",,4,,3,3,3,1,3,3,2,2,3,3,"21,28","3,5","It wasn't like normal school, we chose what our project was about.",,,,,,,,,,,,,,,,,,,,,3,,18,"1,3,6",,1,,3,2,4,4,4,2,4,4,4,1,"20,26,27","3,4,5","It wasn't like normal school, we chose what our project was about.","1,2",,11,"3,8",,3,,1,3,2,4,1,3,3,3,4,"25,27,28","1,4,6","It wasn't like normal school, we chose what our project was about.",,,,,,,,,,,,,,,,,,,,,,,,,,,,,,,,,,,,,Pyrenees PS,3,6,
2026-10-10 14:04:00,2026-10-10 14:20:46,IP Address,,100,1006,True,2026-10-10 14:20:50,R_MK0003503,,,,,,,anonymous,EN,1,2,2,,,21,4,,,,2,1,,Smaller steps for the graphs.,,,Smaller steps for the graphs.,I would keep it the same but add more group work.,,,"Finding out health jobs are STEM jobs, I thought STEM was just computers.",6,,,2,"Presenting our project, I liked explaining it to the parents.",2,3,,,"Presenting our project, I liked explaining it to the parents.","Something in health, I didn't know that was STEM",3,1,,"Presenting our project, I liked explaining it to the parents.",,2,,1,3,2,5,2,5,3,3,2,2,2,4,,,,,,,,,,,,,,,,,,,,,,,,,,"3,4",,4,,,2,"4,6",,,,4,3,1,2,2,1,2,3,1,3,,,,2,,"1,3,4",,"2,4,5,7",,2,,12,"2,5,9",,4,,3,4,1,1,3,1,3,3,1,4,"26,27",6,"Presenting our project, I liked explaining it to the parents.",,,,,,,,,,,,,,,,,,,,,3,,4,"3,4,9",,4,,3,5,3,1,5,2,3,3,3,5,21,"4,6","Presenting our project, I liked explaining it to the parents.","1,4,5",,8,"2,3,9",,2,,3,1,4,2,4,4,1,3,3,23,"3,5",Organising my group and working out who did what.,,,,,,,,,,,,,"Finding out health jobs are STEM jobs, I thought STEM was just computers.",1,,3,2,3,3,3,3,1,1,1,,,,2,1,1,1,2,1,1,2,3,,,4,
2026-10-04 15:49:00,2026-10-04 16:07:06,IP Address,,100,1086,True,2026-10-04 16:07:10,R_MK0004346,,,,,,,anonymous,EN,6,2,2,5,,24,14,,22,,1,3,I would add more art into it.,I would add more art into it.,,,,Better materials for the making part.,Making the poster and the model together.,"Designing how our project looked, not just how it worked.",Finding out design is part of engineering too.,"5,6,7,8","3,4,9","Designing how our project looked, not just how it worked.",3,Making the poster and the model together.,2,"5,6",,"Designing how our project looked, not just how it worked.",Finding out design is part of engineering too.,An architect,3,,Finding out design is part of engineering too.,Finding out design is part of engineering too.,More of the design side and less coding.,1,18,1,1,1,2,2,1,3,2,1,2,2,2,4,,9,"3,6,7,8",,1,,2,2,3,2,1,1,2,2,1,2,"22,25,26","3,6",Making the poster and the model together.,,,,,,5,,,,,1,"6,7",,3,,3,2,2,1,1,2,2,2,3,2,Design and technology together,"7,11",,2,I would add more art into it.,4,,"1,2,5",,3,,7,"3,4,7,9",,2,,3,1,4,1,4,2,1,3,4,1,"21,22,24,28","4,6","Designing how our project looked, not just how it worked.",,,,,,,,,,,,,,,,,,,,,,,,,,,,,,,,,,,,,,,,,"2,4",,9,"3,4,6,10",,1,,2,3,2,2,1,2,2,2,4,"20,22,25","2,3,6",Making the poster and the model together.,,,,,,,,,,,,,,,,,,,,,,,,,,,,1,2,3,1,2,1,1,1,1,Pyrenees PS,6,3,
2026-09-27 11:08:00,2026-09-27 11:26:54,IP Address,,100,1134,True,2026-09-27 11:26:58,R_MK0005993,,,,,,,anonymous,EN,1,2,2,,,28,22,,17,,1,3,,,,,,I would keep it the same but add more group work.,,,,,,"Presenting our project, I liked explaining it to the parents.",1,,,,,,"Presenting our project, I liked explaining it to the parents.","Something in health, I didn't know that was STEM",,2,,,,1,12,3,2,4,3,4,4,3,4,4,2,2,2,,,,,,,,,,,,,,,,,,,,,,,,,,5,,,,,,,,,,4,4,1,3,2,3,1,4,2,1,A paramedic,,,2,,2,,"5,6",,,,,,,,,,,,,,,,,,,,,,,,,,,,,,,,,,,,,,,,,,,,,,,,,,,,,,,,,,,,,,"2,5",,6,"2,6,7",,4,,2,2,1,2,4,1,3,2,2,"21,27",1,"Finding out health jobs are STEM jobs, I thought STEM was just computers.","Presenting our project, I liked explaining it to the parents.",2,,5,2,1,1,1,3,2,2,3,,,,,,,,,,,,,,,,,,,,,,,,,Corio North PS,5,,
2026-10-04 15:54:00,2026-10-04 16:24:58,IP Address,,100,1858,True,2026-10-04 16:25:02,R_MK0006320,,,,,,,anonymous,EN,1,2,2,,,31,16,,21,,1,3,,More choice about what we do.,,,Let us pick our own groups.,More choice about what we do.,,,"Making a game, I didn't know you could learn that at school.",6,,"It wasn't like normal school, we chose what our project was about.",2,"Making a game, I didn't know you could learn that at school.",2,"1,6",,,"It wasn't like normal school, we chose what our project was about.",,3,3,,"It wasn't like normal school, we chose what our project was about.",,2,8,3,4,2,3,3,4,3,1,2,1,4,2,,,,,,,,,,,,,,,,,,,,,,,,,,6,,5,,,1,2,,,,4,1,2,4,2,5,1,1,3,2,Maybe game design,,,1,,"6,7",,"2,4,5,6",,"1,4,5",,6,"3,4,5,9",,4,,1,2,3,4,3,3,3,4,3,4,"21,26",3,The teachers actually listened to our ideas.,,,,,,,,,,,,,,,,,,,,,2,,18,6,,1,,1,1,5,5,2,3,3,4,1,1,"25,28","1,3","Making a game, I didn't know you could learn that at school.","3,4",,13,"2,3,4,9",,3,,2,2,1,4,1,2,3,2,2,23,"1,2,4,6","It wasn't like normal school, we chose what our project was about.","It wasn't like normal school, we chose what our project was about.",3,,1,2,1,3,4,4,2,5,3,,,,,,,,,,,,,,,,2,1,4,1,2,2,3,3,2,Bellarine PS,4,4,
2026-09-21 15:36:00,2026-09-21 15:54:02,IP Address,,71,1082,False,2026-09-21 15:54:06,R_MK0007894,,,,,,,anonymous,EN,1,2,2,,,26,11,,16,,1,3,,,,,,Make it harder. Some of it we already knew.,,,,,,"Getting to build something that actually worked, not just learn about it.",1,,1,"1,3,5,7",,,"Getting to build something that actually worked, not just learn about it.",,,,,,,1,10,2,1,1,1,2,2,2,2,2,2,2,2,,,,,,,,,,,,,,,,,,,,,,,,,,6,,,,,,,,,,1,2,2,2,1,1,2,2,1,2,A game developer,,,,,"1,2,3,4,5,6",,5,,,,,,,,,,,,,,,,,,,,,,,,,,,,,,,,,,,,,,,,,,,,,,,,,,,,,,,,,,,,,,"2,4,5",,11,"1,3,5,6,8,9",,1,,2,5,1,2,2,2,2,1,2,"21,23,26,27,28","1,2,3",The coding part. I do a bit at home but this was harder.,,,,,,,,,,,,,,,,,,,,,,,,,,,,,,,,,,,,,Bellarine PS,1,,
2026-09-18 10:12:00,2026-09-18 10:21:36,IP Address,,100,576,True,2026-09-18 10:21:40,R_MK0008973,,,,,,,anonymous,EN,6,2,2,,,27,13,,15,,1,2,,,21,More of the design side and less coding.,,More of the design side and less coding.,,,,,,Making the poster and the model together.,3,,1,"1,2,4",,,Finding out design is part of engineering too.,"A designer, maybe for apps",3,,,,,1,14,2,2,3,2,5,1,1,2,2,2,3,3,,,,,,,,,,,,,,,,,,,,,,,,,,"2,6",,,,"Designing how our project looked, not just how it worked.",,,,,,2,2,2,2,5,3,1,1,4,1,Design and technology together,,,2,,,,"3,5,6",,,,,,,,,,,,,,,,,,,,,,1,,19,"2,7,9,10",,1,,2,1,2,5,1,4,2,1,1,3,"21,23,25",2,Finding out design is part of engineering too.,,,,,,,,,,,,,,,,,,,,,"1,2,3,4,5",,10,4,,4,,1,1,4,2,4,4,3,3,2,"23,24","2,3",Finding out design is part of engineering too.,Finding out design is part of engineering too.,1,,5,1,3,1,1,2,2,1,4,,,,,,,,,,,,,,,,2,1,2,3,1,1,2,4,1,Pyrenees PS,3,,
2026-09-14 09:13:00,2026-09-14 09:22:16,IP Address,,100,556,True,2026-09-14 09:22:20,R_MK0009828,,,,,,,anonymous,EN,5,2,2,,,25,8,,12,,2,,,"More tools, we had to share.",19,"More tools, we had to share.",Less sitting down at the start before we got to build.,"Nothing, I liked the making part.",,,"Using the 3D printer, I didn't know our school had one.","2,5,7,8,9",,Making the model with real tools. It felt like proper work.,3,Making the model with real tools. It felt like proper work.,,"2,4,6",,,"Using the 3D printer, I didn't know our school had one.",A carpenter or an engineer,2,3,,We made something for our town that people could actually use.,,2,10,1,3,1,2,2,1,1,1,2,2,1,3,,,,,,,,,,,,,,,,,,,,,,,,,,"3,4",,4,,We made something for our town that people could actually use.,1,"2,4",,,,2,2,2,1,1,5,2,4,2,1,Something where I build things,,,2,,"2,4",,"2,3,4,5",,2,,12,"1,3,4,9",,2,,2,4,4,2,1,3,3,3,1,2,22,"1,6","Using the 3D printer, I didn't know our school had one.","2,4",,20,"2,4,7,9",,3,,2,4,3,2,2,4,1,1,2,2,"22,24,25","1,3,5,6",We made something for our town that people could actually use.,"3,5",,14,"1,4,7,9",,3,,1,2,3,1,1,5,4,4,2,3,26,"1,4",Making the model with real tools. It felt like proper work.,1,,13,"1,3,6",,2,,2,5,1,2,2,1,1,3,1,"23,27",4,Making the model with real tools. It felt like proper work.,,,,,,,,,,,,,,,,,,,,,,,,,,,,4,1,3,3,2,2,1,3,5,,,1,
2026-09-30 12:32:00,2026-09-30 12:47:04,IP Address,,100,904,True,2026-09-30 12:47:08,R_MK0010598,,,,,,,anonymous,EN,4,2,2,,,22,17,,12,,1,3,,,20,More help with the maths parts.,,I would keep it the same but add more group work.,,,,,,"Presenting our project, I liked explaining it to the parents.",2,,4,"3,5",,,"Presenting our project, I liked explaining it to the parents.","Something in health, I didn't know that was STEM",2,,,,,2,18,3,2,3,5,3,5,1,1,4,3,3,2,,,,,,,,,,,,,,,,,,,,,,,,,,6,,,,"Presenting our project, I liked explaining it to the parents.",,,,,,5,3,3,4,1,2,3,5,1,3,A nurse or maybe a doctor,,,1,,"1,7",,"3,5,7",,,,,,,,,,,,,,,,,,,,,,2,,24,"4,7",,3,,1,4,2,4,2,3,1,2,1,3,26,"1,3","Presenting our project, I liked explaining it to the parents.",,,,,,,,,,,,,,,,,,,,,5,,6,"2,8,9",,1,,2,3,3,4,3,2,1,3,1,"24,27",2,"Presenting our project, I liked explaining it to the parents.",,,,,,,,,,,,,Organising my group and working out who did what.,1,,2,3,2,5,3,2,5,3,3,,,,4,2,3,4,4,1,2,1,3,Emmanuel SC,3,,
2026-10-03 12:29:00,2026-10-03 12:58:26,IP Address,,100,1766,True,2026-10-03 12:58:30,R_MK0011863,,,,,,,anonymous,EN,1,2,2,,,22,7,,12,,1,3,,,,,,"Explain things more at the start, I didn't understand the words.",,,,,,"Programming the robot to move on its own, I'd never done that.",2,,3,,,,The mentor said she was first in her family to go to uni too.,"I want to go to uni now, maybe engineering",2,3,,,,1,8,1,2,1,3,2,2,1,1,4,1,3,1,,,,,,,,,,,,,,,,,,,,,,,,,,"2,4",,,,,,,,,,,,,,,,,,,,"I want to go to uni now, maybe engineering",,,1,,5,,"5,6",,,,,,,,,,,,,,,,,,,,,,,,,,,,,,,,,,,,,,,,,,,,,,,,,,,,,,,,,,,,,,1,,11,10,,3,,3,2,2,5,2,1,1,1,2,28,"5,6","Going to the university campus, I'd never been to one.","Going to the university campus, I'd never been to one.",1,,4,2,2,3,4,3,3,2,3,,,,,,,,,,,,,,,,,,,,,,,,,Corio North PS,1,,
2026-09-28 14:12:00,2026-09-28 14:35:38,IP Address,,100,1418,True,2026-09-28 14:35:42,R_MK0012624,,,,,,,anonymous,EN,3,2,2,,,21,7,,11,,1,3,,,,,,Make it harder. Some of it we already knew.,,,,,,,1,,1,"3,4,7",,,"Getting to build something that actually worked, not just learn about it.",A software engineer,2,3,,,,2,8,1,1,2,2,3,1,1,2,2,1,1,2,,,,,,,,,,,,,,,,,,,,,,,,,,"1,4,5,6,7",,,,,,,,,,1,2,1,1,1,4,1,2,1,1,,,,1,,"2,4,6",,5,,,,,,,,,,,,,,,,,,,,,,,,,,,,,,,,,,,,,,,,,,,,,,,,,,,,,,,,,,,,,,"1,4",,13,"1,4,5,6,10",,2,,1,1,2,1,4,2,1,2,1,"20,23,25,26","1,5","Getting to build something that actually worked, not just learn about it.",,,,,,,,,,,,,,,,,,,,,,,,,,,,1,2,2,2,1,2,4,1,5,Kangaroo Flat PS,5,,
2026-10-06 15:31:00,2026-10-06 15:42:38,IP Address,,100,698,True,2026-10-06 15:42:42,R_MK0013673,,,,,,,anonymous,EN,4,2,2,"1,2,7",,26,10,,,,1,2,More time to write up what we found.,,,,,More time to write up what we found.,I liked that we could test our own ideas even when they didn't work.,Being in a small group where I wasn't scared to say the wrong thing.,,,"2,3,6,8",Doing the experiments myself instead of watching the teacher do it.,2,,2,"2,5,6",,Doing the experiments myself instead of watching the teacher do it.,,A scientist,3,,Doing the experiments myself instead of watching the teacher do it.,,"Longer, and less talking in front of everyone at the end.",,16,3,2,3,3,3,2,4,5,2,3,1,5,"1,2,4",,23,4,,2,,2,2,2,1,4,3,1,1,1,3,"25,26","4,6",Being in a small group where I wasn't scared to say the wrong thing.,,,,,,2,,,,,,,,3,,2,4,2,4,1,3,4,2,3,4,A vet maybe,"1,4,5,7,10",,1,"Maybe explain the words at the start, I didn't know some of them.","2,7",,"1,5,7",,,,,,,,,,,,,,,,,,,,,,,,,,,,,,,,,,,,,,,,,,,,,,,,,,,,,,,,,,,,,,"1,4",,7,"3,6,7,10",,3,,1,3,3,2,2,3,1,2,2,"20,22,23,24","4,6",Being in a small group where I wasn't scared to say the wrong thing.,,,,,,,,,,,,,I liked that we could test our own ideas even when they didn't work.,1,,3,2,3,4,1,1,3,2,4,,,,1,1,1,1,1,1,4,3,2,Warrnambool West PS,5,,
2026-09-18 10:54:00,2026-09-18 11:06:29,IP Address,,100,749,True,2026-09-18 11:06:33,R_MK0014689,,,,,,,anonymous,EN,1,2,2,,,21,9,,6,,1,,,,,,,More of the design side and less coding.,,,,,,Finding out design is part of engineering too.,3,,3,"1,5,6",,,Finding out design is part of engineering too.,An architect,1,2,,,,1,5,3,1,1,3,3,1,1,4,1,2,1,2,,,,,,,,,,,,,,,,,,,,,,,,,,"1,2,5,6",,,,,,,,,,1,2,1,3,3,2,2,1,2,2,An architect,,,2,,"1,3,5",,5,,,,,,,,,,,,,,,,,,,,,,,,,,,,,,,,,,,,,,,,,,,,,,,,,,,,,,,,,,,,,,"1,2,3",,12,"1,3,4,6",,1,,4,4,1,1,4,2,3,3,3,"20,22,24","1,2","Designing how our project looked, not just how it worked.",,,,,,,,,,,,,,,,,,,,,,,,,,,,,,,,,,,,,Corio North PS,1,,
2026-09-25 13:40:00,2026-09-25 13:47:09,IP Address,,100,429,True,2026-09-25 13:47:13,R_MK0015389,,,,,,,anonymous,EN,1,2,2,"1,4,5,6,7",,27,16,,8,,1,,The data tables at the start were confusing.,,21,Longer so we could finish properly.,,More field trips instead of classroom parts.,Testing the water in the creek near us and finding what was in it.,Learning science can fix real problems in our own town.,,,"5,6,9",The excursion where we surveyed the wetlands.,2,,1,"5,6",,Testing the water in the creek near us and finding what was in it.,Testing the water in the creek near us and finding what was in it.,An environmental scientist,2,3,Learning science can fix real problems in our own town.,,More field trips instead of classroom parts.,1,9,1,2,2,2,2,1,1,1,2,3,1,2,"4,5",,22,"3,4,5,6,7,8,10",,3,,2,1,1,4,2,2,5,1,2,5,"20,22,23,26",5,Learning science can fix real problems in our own town.,,,,,,"2,3,6",,,,Learning science can fix real problems in our own town.,,,,"1,4",,1,3,2,1,1,3,1,1,3,1,An environmental scientist,"1,12",,1,The data tables at the start were confusing.,"1,2,5,7",,"1,3,5,6",,,,,,,,,,,,,,,,,,,,,,"2,4",,18,"2,3,4,8,9",,1,,1,3,2,5,4,2,1,1,1,1,"23,24,25,27","1,2,4,5",Testing the water in the creek near us and finding what was in it.,,,,,,,,,,,,,,,,,,,,,5,,5,"2,4,6,8,9",,2,,3,2,1,1,2,3,1,1,2,"20,26,28","1,2,4",Learning science can fix real problems in our own town.,Learning science can fix real problems in our own town.,1,,1,1,1,1,2,2,2,3,1,,,,,,,,,,,,,,,,3,2,3,1,1,1,2,1,1,Waurn Ponds PS,2,,
2026-09-22 09:32:00,2026-09-22 09:50:36,IP Address,,100,1116,True,2026-09-22 09:50:40,R_MK0016346,,,,,,,anonymous,EN,3,2,2,,,24,8,,7,,1,1,,"More tools, we had to share.",20,Less sitting down at the start before we got to build.,,Less sitting down at the start before we got to build.,,,"Using the 3D printer, I didn't know our school had one.","1,5,8,9",,We made something for our town that people could actually use.,3,"Using the 3D printer, I didn't know our school had one.",,"2,5",,,We made something for our town that people could actually use.,Something where I build things,3,2,,Making the model with real tools. It felt like proper work.,,2,22,3,1,3,2,2,2,2,3,2,2,1,2,,,,,,,,,,,,,,,,,,,,,,,,,,4,,,,We made something for our town that people could actually use.,2,"3,6",,,,3,2,2,1,1,1,4,2,1,4,A carpenter or an engineer,,,2,,"1,4",,"2,3,5",,5,,5,"1,2,3,7,8,10",,4,,2,3,1,1,4,3,3,2,1,1,"20,22,23",1,"Using the 3D printer, I didn't know our school had one.",1,,17,6,,4,,2,1,2,2,1,2,1,1,1,3,"20,21,25,28","3,4,6",We made something for our town that people could actually use.,,,,,,,,,,,,,,,,,,,,,4,,6,"4,5,6",,3,,2,2,1,1,2,2,1,2,2,"20,21,24,25,27","1,6","Using the 3D printer, I didn't know our school had one.",,,,,,,,,,,,,,,,,,,,,,,,,,,,3,1,2,1,2,4,1,2,2,Eaglehawk PS,5,5,
2026-10-07 15:00:00,2026-10-07 15:15:25,IP Address,,100,925,True,2026-10-07 15:15:29,R_MK0017874,,,,,,,anonymous,EN,2,2,2,5,,22,11,,22,,1,1,"Nothing, it was good.",,,,More visits to the university.,More visits to the university.,"Going to the university campus, I'd never been to one.","Programming the robot to move on its own, I'd never done that.",,,"2,4,6","Programming the robot to move on its own, I'd never done that.",2,,2,"4,6,7",,"Going to the university campus, I'd never been to one.",,,2,1,"Programming the robot to move on its own, I'd never done that.",,"Nothing, it was good.",1,12,1,2,4,2,2,3,4,1,1,2,3,2,"2,5",,18,"2,3,7,9",,4,,1,5,2,2,2,2,4,4,1,2,27,3,"Going to the university campus, I'd never been to one.",,,,,,"1,5,6",,"4,5",,,,,,3,,3,4,2,1,3,2,1,4,3,2,"I want to go to uni now, maybe engineering","1,4,7",,2,"Explain things more at the start, I didn't understand the words.","3,5,6",,"1,4,5,7",,,,,,,,,,,,,,,,,,,,,,,,,,,,,,,,,,,,,,,,,,5,,15,"1,5,10",,2,,3,3,2,3,3,2,1,3,1,4,"23,27","1,2","Going to the university campus, I'd never been to one.","2,3",,9,"1,4,7,10",,4,,5,2,3,4,3,4,3,3,4,"20,21","3,6","Programming the robot to move on its own, I'd never done that.",,,,,,,,,,,,,"Programming the robot to move on its own, I'd never done that.",1,,2,3,1,2,2,4,5,5,2,,,,2,1,2,1,5,3,2,1,1,Wendouree PS,5,,
2026-09-24 15:42:00,2026-09-24 16:12:53,IP Address,,100,1853,True,2026-09-24 16:12:57,R_MK0018632,,,,,,,anonymous,EN,2,2,2,,,29,4,,8,,1,,,,,,More help with the maths parts.,Smaller steps for the graphs.,,,,,,"Presenting our project, I liked explaining it to the parents.",3,,3,,,,"Finding out health jobs are STEM jobs, I thought STEM was just computers.",A paramedic,,2,,,,2,15,1,3,3,2,5,1,3,2,1,2,3,4,,,,,,,,,,,,,,,,,,,,,,,,,,1,,"2,3",,,,,,,,1,2,3,3,4,1,4,2,1,3,"Something in health, I didn't know that was STEM",,,1,,"2,5",,"4,5",,,,,,,,,,,,,,,,,,,,,,,,,,,,,,,,,,,,,,,,,,3,,10,"2,4,7,10",,4,,1,1,4,1,4,2,2,1,4,3,"27,28",4,"Presenting our project, I liked explaining it to the parents.",2,,8,3,,4,,2,3,3,2,1,2,4,5,2,"21,24,25,28","1,2,6","Finding out health jobs are STEM jobs, I thought STEM was just computers.",,,,,,,,,,,,,,,,,,,,,,,,,,,,3,3,1,2,2,1,3,1,1,Sebastopol PS,4,,
2026-09-30 09:04:00,2026-09-30 09:16:51,IP Address,,100,771,True,2026-09-30 09:16:55,R_MK0019649,,,,,,,anonymous,EN,5,2,2,,,30,14,,14,,1,1,,"More time on the analysis, we rushed that bit.",,,,Harder content for people who want it.,,,Going deeper than we do in normal class.,"5,6,7,8,9",,Going deeper than we do in normal class.,3,The research part where we had to find real evidence.,3,"1,2,3,4,5,7",,,Talking to the women in STEM about their actual day to day jobs.,A biomedical scientist,2,,,The research part where we had to find real evidence.,,2,9,1,1,1,1,1,1,1,1,1,2,1,1,,,,,,,,,,,,,,,,,,,,,,,,,,"1,3,4,6",,,,,1,"2,3,4,5,6,7",,,,1,2,2,1,1,2,1,2,1,1,Medicine or research,,,,,"1,5,7",,"2,5,6,7",,"1,2,5",,9,"2,4,6,7,8,9",,3,,3,2,1,2,2,2,1,1,1,5,"20,21,26,27","1,2,4,5,6",Going deeper than we do in normal class.,,,,,,,,,,,,,,,,,,,,,,,,,,,,,,,,,,,,,,,,,"2,5",,12,"3,5,6,8,9",,4,,1,1,2,2,2,2,1,1,2,"24,26","1,3",Talking to the women in STEM about their actual day to day jobs.,Talking to the women in STEM about their actual day to day jobs.,1,,2,2,2,2,2,1,3,2,1,Going deeper than we do in normal class.,1,,2,1,1,1,1,2,2,2,1,,,,1,1,5,1,1,2,4,1,1,Latrobe Valley SC,4,5,
2026-10-11 15:18:00,2026-10-11 15:37:22,IP Address,,100,1162,True,2026-10-11 15:37:26,R_MK0020219,,,,,,,anonymous,EN,3,2,2,,,21,21,,13,,1,1,,,18,I would keep it the same but add more group work.,,More help with the maths parts.,,,,,,,,,3,2,,,Organising my group and working out who did what.,"Something in health, I didn't know that was STEM",1,,,,,1,12,3,3,3,3,3,2,3,2,1,1,3,3,,,,,,,,,,,,,,,,,,,,,,,,,,"1,5",,,,Organising my group and working out who did what.,,,,,,,,,,,,,,,,"Something in health, I didn't know that was STEM",,,1,,"1,5,6",,"3,5",,,,,,,,,,,,,,,,,,,,,,4,,20,"1,5,9",,2,,1,3,4,3,3,1,2,3,3,3,"24,26",4,"Presenting our project, I liked explaining it to the parents.",,,,,,,,,,,,,,,,,,,,,"2,4",,8,2,,4,,1,2,2,3,2,1,2,3,2,"22,24,28",2,"Finding out health jobs are STEM jobs, I thought STEM was just computers.",,,,,,,,,,,,,,,,,,,,,,,,,,,,2,1,3,2,3,4,2,3,3,Bendigo South SC,4,,
2026-09-16 15:50:00,2026-09-16 16:06:19,IP Address,,71,979,False,2026-09-16 16:06:23,R_MK0021392,,,,,,,anonymous,EN,4,2,2,,,22,21,,19,,1,1,,,,,,"Nothing, I liked the making part.",,,,,,Making the model with real tools. It felt like proper work.,2,,3,3,,,"Using the 3D printer, I didn't know our school had one.",Something where I build things,1,2,,,,1,13,1,2,2,3,2,4,2,2,2,1,2,1,,,,,,,,,,,,,,,,,,,,,,,,,,"2,3,5",,,,,,,,,,1,1,2,2,3,1,3,3,4,3,Maybe an engineer,,,2,,"1,6",,5,,,,,,,,,,,,,,,,,,,,,,,,,,,,,,,,,,,,,,,,,,,,,,,,,,,,,,,,,,,,,,1,,10,"2,5,7,10",,1,,3,2,1,3,1,2,1,2,2,"21,24,28","4,5,6","Using the 3D printer, I didn't know our school had one.",,,,,,,,,,,,,,,,,,,,,,,,,,,,1,2,1,3,2,5,1,3,2,Emmanuel SC,5,,
2026-09-22 15:25:00,2026-09-22 15:49:30,IP Address,,100,1470,True,2026-09-22 15:49:34,R_MK0022964,,,,,,,anonymous,EN,4,2,2,,,22,13,,10,,2,1,,,,,,"Longer, and less talking in front of everyone at the end.",,,,,,Doing the experiments myself instead of watching the teacher do it.,1,,3,"1,3",,,Doing the experiments myself instead of watching the teacher do it.,A vet maybe,,1,,,,2,4,3,2,3,2,2,2,3,2,3,1,3,1,,,,,,,,,,,,,,,,,,,,,,,,,,"4,7",,,,,,,,,,2,2,3,3,1,4,2,4,4,3,,,,2,,"3,7",,"5,6,7",,,,,,,,,,,,,,,,,,,,,,,,,,,,,,,,,,,,,,,,,,,,,,,,,,,,,,,,,,,,,,"1,2,4",,10,"5,6,8,10",,4,,1,1,4,4,4,2,1,2,3,"26,28","4,6",Being in a small group where I wasn't scared to say the wrong thing.,I liked that we could test our own ideas even when they didn't work.,1,,2,4,2,2,3,3,2,3,1,Doing the experiments myself instead of watching the teacher do it.,1,,2,2,3,1,2,4,3,2,3,,,,2,5,3,1,2,1,2,1,1,,,7,
2026-10-03 10:42:00,2026-10-03 11:08:22,IP Address,,100,1582,True,2026-10-03 11:08:26,R_MK0023150,,,,,,,anonymous,EN,3,2,1,,,25,6,,,,1,1,,,,,,More choice about what we do.,,,,,,"Making a game, I didn't know you could learn that at school.",2,,1,"2,5,7",,,,Maybe game design,3,2,,,,,8,5,1,4,3,3,2,2,4,2,2,4,1,,,,,,,,,,,,,,,,,,,,,,,,,,"4,5",,,,,,,,,,4,2,2,1,3,4,5,1,2,2,I didn't think about it before but maybe IT,,,1,,"2,3,4",,5,,,,,,,,,,,,,,,,,,,,,,,,,,,,,,,,,,,,,,,,,,,,,,,,,,,,,,,,,,,,,,5,,10,"8,9",,4,,2,4,3,2,1,4,3,3,2,25,"1,3","It wasn't like normal school, we chose what our project was about.",,,,,,,,,,,,,,,,,,,,,,,,,,,,,,,,,,,,,Eaglehawk PS,1,,
2026-09-24 13:36:00,2026-09-24 13:49:58,IP Address,,100,838,True,2026-09-24 13:50:02,R_MK0024319,,,,,,,anonymous,EN,4,2,2,,,31,19,,4,,1,2,,I would keep it the same but add more group work.,,,,More help with the maths parts.,,,Organising my group and working out who did what.,"2,4,7,9",,Organising my group and working out who did what.,1,Organising my group and working out who did what.,2,5,,,"Finding out health jobs are STEM jobs, I thought STEM was just computers.",A paramedic,1,2,,"Presenting our project, I liked explaining it to the parents.",,,17,4,3,2,3,5,4,2,3,3,2,3,3,,,,,,,,,,,,,,,,,,,,,,,,,,"3,5",,,,,2,"2,4,6",,,,1,3,2,1,1,3,3,1,1,2,A nurse or maybe a doctor,,,1,,"1,2,6",,"2,5,6",,"2,3,5",,14,"2,4,8,10",,4,,3,4,3,4,2,1,2,3,5,4,"20,22,24,27,28","1,4",Organising my group and working out who did what.,,,,,,,,,,,,,,,,,,,,,,,,,,,,,,,,,,,,,,,,,1,,8,"1,5,10",,3,,4,2,2,1,3,4,2,3,1,"20,24,26,27",3,Organising my group and working out who did what.,Organising my group and working out who did what.,2,,2,3,3,4,2,4,4,5,1,,,,,,,,,,,,,,,,3,5,2,3,2,4,3,4,2,Merri River PS,5,1,
2026-10-05 12:31:00,2026-10-05 12:58:43,IP Address,,100,1663,True,2026-10-05 12:58:47,R_MK0025610,,,,,,,anonymous,EN,1,2,2,,,29,7,,17,,2,1,,,,,,"Nothing, it was good.",,,,,,The mentor said she was first in her family to go to uni too.,2,,3,"2,3",,,"Going to the university campus, I'd never been to one.","I want to go to uni now, maybe engineering",2,1,,,,1,11,3,4,1,2,1,1,2,1,2,3,3,4,,,,,,,,,,,,,,,,,,,,,,,,,,"2,3,4",,,,,,,,,,4,2,2,2,4,2,5,3,3,3,Something with robots,,,1,,"2,6",,"5,6",,,,,,,,,,,,,,,,,,,,,,,,,,,,,,,,,,,,,,,,,,,,,,,,,,,,,,,,,,,,,,"1,3,5",,5,"2,5,8,9",,1,,2,2,1,3,5,1,1,2,2,"22,25,27","2,3,4","Programming the robot to move on its own, I'd never done that.",The mentor said she was first in her family to go to uni too.,3,,1,3,2,2,3,3,2,2,2,,,,,,,,,,,,,,,,3,1,3,2,3,1,1,1,5,,,7,
2026-10-10 09:12:00,2026-10-10 09:20:09,IP Address,,100,489,True,2026-10-10 09:20:13,R_MK0026669,,,,,,,anonymous,EN,2,2,2,,,30,18,,20,,2,3,,,,,,More choice about what we do.,,,,,,The teachers actually listened to our ideas.,2,,2,,,,"Making a game, I didn't know you could learn that at school.",Maybe game design,1,1,,,,2,5,3,1,3,2,3,5,5,1,4,2,3,3,,,,,,,,,,,,,,,,,,,,,,,,,,5,,,,,,,,,,1,2,1,3,1,3,2,2,2,4,Something with computers,,,1,,5,,"5,7",,,,,,,,,,,,,,,,,,,,,,,,,,,,,,,,,,,,,,,,,,,,,,,,,,,,,,,,,,,,,,"2,3",,7,4,,1,,1,1,2,2,3,4,2,4,3,"20,23,24,26,28","3,4,5",The teachers actually listened to our ideas.,,,,,,,,,,,,,"It wasn't like normal school, we chose what our project was about.",1,,1,4,3,3,5,2,4,4,2,,,,2,3,2,2,4,3,4,4,3,,,2,
2026-09-22 14:00:00,2026-09-22 14:28:40,IP Address,,100,1720,True,2026-09-22 14:28:44,R_MK0027703,,,,,,,anonymous,EN,5,2,2,,,31,9,,10,,1,3,,,,,,Better materials for the making part.,,,,,,Making the poster and the model together.,,,2,1,,,Making the poster and the model together.,Design and technology together,2,2,,,,1,16,2,2,2,3,4,1,1,1,1,4,1,3,,,,,,,,,,,,,,,,,,,,,,,,,,"3,5",,,,,,,,,,1,1,1,2,4,1,4,4,4,1,Design and technology together,,,1,,"2,4",,5,,,,,,,,,,,,,,,,,,,,,,,,,,,,,,,,,,,,,,,,,,,,,,,,,,,,,,,,,,,,,,"2,5",,8,"1,3,6,7,8",,4,,1,1,4,2,1,1,1,1,2,"20,23,25,27,28",2,Finding out design is part of engineering too.,,,,,,,,,,,,,,,,,,,,,,,,,,,,2,2,2,2,2,1,2,2,2,Moe South PS,2,,
2026-10-02 09:40:00,2026-10-02 09:58:34,IP Address,,100,1114,True,2026-10-02 09:58:38,R_MK0028459,,,,,,,anonymous,EN,5,2,2,"6,7",,29,13,,22,,1,1,Better materials for the making part.,,,,,I would add more art into it.,Finding out design is part of engineering too.,"Designing how our project looked, not just how it worked.",,,4,Making the poster and the model together.,3,,3,"1,3",,Making the poster and the model together.,Making the poster and the model together.,An architect,2,3,Making the poster and the model together.,,I would add more art into it.,,20,2,1,3,2,4,5,3,2,3,2,1,3,"3,4,5",,21,"5,8,9",,4,,3,1,2,3,2,2,1,2,2,1,"20,21","3,4",Finding out design is part of engineering too.,,,,,,7,,,,,,,,"1,3",,2,2,1,3,1,2,2,2,2,2,An architect,"4,5,8",,2,Better materials for the making part.,"6,7",,"1,5",,,,,,,,,,,,,,,,,,,,,,,,,,,,,,,,,,,,,,,,,,,,,,,,,,,,,,,,,,,,,,4,,8,"2,3,4,5,10",,4,,2,2,3,2,3,3,2,2,2,"20,22,24,25",4,Making the poster and the model together.,,,,,,,,,,,,,,,,,,,,,,,,,,,,1,2,1,1,1,2,1,3,1,Traralgon East PS,1,,
2026-09-26 14:45:00,2026-09-26 15:12:10,IP Address,,100,1630,True,2026-09-26 15:12:14,R_MK0029995,,,,,,,anonymous,EN,1,2,2,,,30,14,,14,,1,3,,,,,,Better materials for the making part.,,,,,,Making the poster and the model together.,1,,3,"2,3,4,7",,,Making the poster and the model together.,"A designer, maybe for apps",2,2,,,,1,14,1,1,4,4,3,2,1,2,3,1,1,2,,,,,,,,,,,,,,,,,,,,,,,,,,"3,5,7",,,,,,,,,,1,1,3,2,1,1,1,3,4,2,"A designer, maybe for apps",,,2,,,,5,,,,,,,,,,,,,,,,,,,,,,,,,,,,,,,,,,,,,,,,,,,,,,,,,,,,,,,,,,,,,,1,,4,"1,3,4,9",,3,,2,3,1,1,4,5,1,2,2,"20,21,24,26","1,2,5",Finding out design is part of engineering too.,,,,,,,,,,,,,,,,,,,,,,,,,,,,2,4,2,1,2,2,3,2,1,Corio North PS,4,,
2026-10-04 10:16:00,2026-10-04 10:36:49,IP Address,,100,1249,True,2026-10-04 10:36:53,R_MK0030141,,,,,,,anonymous,EN,5,2,2,,,23,13,,9,,2,3,,,,,,"Nothing, I liked the making part.",,,,,,Making the model with real tools. It felt like proper work.,1,,1,,,,"Using the 3D printer, I didn't know our school had one.",A carpenter or an engineer,3,2,,,,1,5,3,2,1,1,2,4,1,4,3,4,1,2,,,,,,,,,,,,,,,,,,,,,,,,,,"1,3,4,6,7",,,,,,,,,,1,3,2,1,1,2,2,3,2,5,A carpenter or an engineer,,,1,,"2,3,6,7",,5,,,,,,,,,,,,,,,,,,,,,,,,,,,,,,,,,,,,,,,,,,,,,,,,,,,,,,,,,,,,,,"1,2,3,4",,13,"2,7",,3,,2,1,2,2,1,2,1,2,1,"20,23,26,28","4,5,6",Making the model with real tools. It felt like proper work.,,,,,,,,,,,,,,,,,,,,,,,,,,,,1,1,3,2,1,3,2,1,1,,,5,
2026-10-10 13:11:00,2026-10-10 13:41:04,IP Address,,100,1804,True,2026-10-10 13:41:08,R_MK0031806,,,,,,,anonymous,EN,1,2,2,"1,2,3,7",,29,18,,,,2,1,"More time on the building, less on the planning.",,,,,Make it harder. Some of it we already knew.,"Meeting the mentor who works in tech, I asked her heaps of questions.","Meeting the mentor who works in tech, I asked her heaps of questions.",,,"1,4,7,8","Meeting the mentor who works in tech, I asked her heaps of questions.",3,,3,"2,4,6",,The coding part. I do a bit at home but this was harder.,"Getting to build something that actually worked, not just learn about it.",,3,2,"Getting to build something that actually worked, not just learn about it.",,"Nothing really, but it went too fast.",2,5,1,2,4,1,1,1,2,1,1,2,1,2,"2,3,4,5",,23,"1,2,3,8,10",,4,,1,2,1,2,4,2,2,2,1,2,22,3,"Meeting the mentor who works in tech, I asked her heaps of questions.",,,,,,"1,2,3,4,5,7",,,,,,,,"1,2,4",,1,3,5,1,2,2,1,3,1,2,A software engineer,"1,3,4,8,10,12",,1,"Nothing really, but it went too fast.","1,2,7",,"1,5,7",,,,,,,,,,,,,,,,,,,,,,,,,,,,,,,,,,,,,,,,,,,,,,,,,,,,,,,,,,,,,,"3,4",,8,"2,6,9",,4,,1,2,2,1,3,1,2,2,3,"22,23,24,27","4,6",The coding part. I do a bit at home but this was harder.,,,,,,,,,,,,,"Getting to build something that actually worked, not just learn about it.",1,,1,2,2,1,5,2,2,2,1,,,,1,1,2,1,1,2,2,1,2,"Getting to build something that actually worked, not just learn about it.",3,7,
2026-10-12 14:23:00,2026-10-12 14:48:42,IP Address,,100,1542,True,2026-10-12 14:48:46,R_MK0032727,,,,,,,anonymous,EN,3,2,2,,,26,8,,15,,1,3,,,,,,"Explain things more at the start, I didn't understand the words.",,,,,,"Going to the university campus, I'd never been to one.",1,,2,7,,,,Something with robots,2,1,,,,,13,2,2,1,1,3,1,1,5,3,2,3,1,,,,,,,,,,,,,,,,,,,,,,,,,,"3,5,6,7",,,,,,,,,,1,2,2,4,3,1,2,5,2,2,"I want to go to uni now, maybe engineering",,,2,,1,,5,,,,,,,,,,,,,,,,,,,,,,,,,,,,,,,,,,,,,,,,,,,,,,,,,,,,,,,,,,,,,,"1,4",,8,"1,2,7,8,10",,1,,3,1,1,3,4,1,1,3,2,"20,22,25,26,27,28",5,The mentor said she was first in her family to go to uni too.,,,,,,,,,,,,,,,,,,,,,,,,,,,,1,1,2,2,2,1,2,3,2,Kangaroo Flat PS,6,,
2026-10-07 14:41:00,2026-10-07 14:52:00,IP Address,,100,660,True,2026-10-07 14:52:04,R_MK0033931,,,,,,,anonymous,EN,2,2,2,"3,5,9",,22,10,,,,1,3,"Nothing, I liked the making part.",,,,,Less sitting down at the start before we got to build.,Making the model with real tools. It felt like proper work.,Making the model with real tools. It felt like proper work.,,,"7,8",Making the model with real tools. It felt like proper work.,1,,3,"3,4",,We made something for our town that people could actually use.,Making the model with real tools. It felt like proper work.,A carpenter or an engineer,1,1,"Using the 3D printer, I didn't know our school had one.",,"More tools, we had to share.",1,11,4,2,2,2,1,2,1,2,5,2,4,2,"2,3",,28,"3,10",,1,,3,2,3,2,2,1,1,1,2,5,"20,27","1,2,4",We made something for our town that people could actually use.,,,,,,1,,,,,,,,"1,3,5",,3,2,1,2,2,1,1,2,2,1,Maybe an engineer,"4,6,7,8,9",,2,"Nothing, I liked the making part.","2,3",,"1,5",,,,,,,,,,,,,,,,,,,,,,,,,,,,,,,,,,,,,,,,,,,,,,,,,,,,,,,,,,,,,,2,,12,"3,4,10",,2,,1,2,2,2,2,1,5,1,3,"22,23,24,26,28","2,3,4",We made something for our town that people could actually use.,,,,,,,,,,,,,,,,,,,,,,,,,,,,1,2,2,1,1,1,2,3,3,Wendouree PS,4,,
2026-09-30 10:59:00,2026-09-30 11:09:10,IP Address,,100,610,True,2026-09-30 11:09:14,R_MK0034246,,,,,,,anonymous,EN,1,2,2,,,22,8,,17,,1,3,,"Nothing much, it was well run.",,,,"Nothing much, it was well run.",,,Talking to the women in STEM about their actual day to day jobs.,"1,8",,Going deeper than we do in normal class.,3,Talking to the women in STEM about their actual day to day jobs.,1,"1,5,6",,,Going deeper than we do in normal class.,,2,2,,Talking to the women in STEM about their actual day to day jobs.,,1,18,1,2,1,1,1,1,2,1,1,2,1,2,,,,,,,,,,,,,,,,,,,,,,,,,,"3,4,5,6,7",,,,,2,"1,5,6,7",,,,1,2,1,2,2,1,2,5,1,2,A doctor,,,,,"4,5,6,7",,"2,5",,2,,9,"1,3,5,7,9,10",,2,,1,2,1,1,1,1,2,1,3,1,"20,22,24,25,26,27,28","1,2,3,5,6",Going deeper than we do in normal class.,,,,,,,,,,,,,,,,,,,,,,,,,,,,,,,,,,,,,,,,,"1,3,4,5",,11,"3,6,8",,3,,1,2,2,1,1,1,1,2,1,"22,23,24,25,28","1,5",The research part where we had to find real evidence.,,,,,,,,,,,,,,,,,,,,,,,,,,,,,,,,,,,,,Corio North PS,2,3,
2026-10-10 12:54:00,2026-10-10 13:06:36,IP Address,,100,756,True,2026-10-10 13:06:40,R_MK0035979,,,,,,,anonymous,EN,3,2,2,,,22,18,,20,,2,3,,,,,,Let us pick our own groups.,,,,,,"It wasn't like normal school, we chose what our project was about.",1,,1,3,,,The teachers actually listened to our ideas.,Maybe game design,3,2,,,,1,18,2,3,2,4,1,4,3,2,2,2,2,4,,,,,,,,,,,,,,,,,,,,,,,,,,"2,4,6",,,,,,,,,,3,4,3,2,3,2,3,2,1,1,Maybe game design,,,,,5,,5,,,,,,,,,,,,,,,,,,,,,,,,,,,,,,,,,,,,,,,,,,,,,,,,,,,,,,,,,,,,,,"1,3,4",,8,"9,10",,3,,4,2,2,4,4,4,1,2,2,23,"1,2,5","Making a game, I didn't know you could learn that at school.",,,,,,,,,,,,,,,,,,,,,,,,,,,,2,3,3,4,4,3,1,2,1,,,4,
2026-10-06 10:11:00,2026-10-06 10:30:57,IP Address,,100,1197,True,2026-10-06 10:31:01,R_MK0036284,,,,,,,anonymous,EN,1,2,2,"1,2",,31,18,,,,1,,"More tools, we had to share.",,,,,"Nothing, I liked the making part.",Making the model with real tools. It felt like proper work.,"Using the 3D printer, I didn't know our school had one.",,,"2,6",Making the model with real tools. It felt like proper work.,3,,3,"3,7",,"Using the 3D printer, I didn't know our school had one.","Using the 3D printer, I didn't know our school had one.",,1,2,Making the model with real tools. It felt like proper work.,,"Nothing, I liked the making part.",1,13,5,2,2,1,3,1,2,3,3,1,2,1,4,,28,"1,3,4,6,7",,3,,2,2,1,1,1,2,4,3,2,2,"22,25,26,28","1,3,4,5","Using the 3D printer, I didn't know our school had one.",,,,,,7,,,,,,,,5,,,,,,,,,,,,A carpenter or an engineer,"1,4,5,6,8",,2,"More tools, we had to share.",,,"1,5",,,,,,,,,,,,,,,,,,,,,,,,,,,,,,,,,,,,,,,,,,,,,,,,,,,,,,,,,,,,,,1,,7,"1,4,8,9",,4,,5,3,2,3,2,1,2,3,2,"21,22,27,28",4,Making the model with real tools. It felt like proper work.,,,,,,,,,,,,,,,,,,,,,,,,,,,,,,,,,,,,,Corio North PS,3,,
2026-09-19 12:30:00,2026-09-19 12:35:37,IP Address,,100,337,True,2026-09-19 12:35:41,R_MK0037814,,,,,,,anonymous,EN,2,2,2,,,29,21,,19,,1,2,,"Explain things more at the start, I didn't understand the words.",,,,"Nothing, it was good.",,,"Programming the robot to move on its own, I'd never done that.","2,4",,The mentor said she was first in her family to go to uni too.,1,"Going to the university campus, I'd never been to one.",4,"3,7",,,"Going to the university campus, I'd never been to one.",Something with robots,,1,,"Going to the university campus, I'd never been to one.",,1,8,3,1,3,2,4,2,3,3,1,1,3,3,,,,,,,,,,,,,,,,,,,,,,,,,,"3,4,5,7",,,,,2,"2,4,7",,,,1,2,4,1,2,4,2,2,2,4,"I want to go to uni now, maybe engineering",,,2,,3,,"2,5",,"3,4",,10,"2,4,6",,4,,2,2,4,2,5,2,1,4,3,1,"22,27,28","2,3,6","Programming the robot to move on its own, I'd never done that.",,,,,,,,,,,,,,,,,,,,,,,,,,,,,,,,,,,,,,,,,"1,4",,11,"7,10",,1,,2,4,2,2,1,2,3,2,3,"22,23","1,3,4",The mentor said she was first in her family to go to uni too.,,,,,,,,,,,,,,,,,,,,,,,,,,,,3,2,2,3,3,3,1,1,1,Ballarat East SC,1,1,
2026-09-14 11:00:00,2026-09-14 11:11:42,IP Address,,100,702,True,2026-09-14 11:11:46,R_MK0038212,,,,,,,anonymous,EN,3,2,2,"1,4,5",,24,18,,22,,1,3,"Nothing really, but it went too fast.",,21,Make it harder. Some of it we already knew.,,"More time on the building, less on the planning.","Getting to build something that actually worked, not just learn about it.","Meeting the mentor who works in tech, I asked her heaps of questions.",,,"1,2,3,7,8,9",,3,,4,"4,5",,"Meeting the mentor who works in tech, I asked her heaps of questions.","Meeting the mentor who works in tech, I asked her heaps of questions.",A game developer,2,3,The coding part. I do a bit at home but this was harder.,,"More time on the building, less on the planning.",,6,1,2,2,3,1,2,2,1,3,5,5,1,5,,19,"3,4,5,6,9",,3,,1,2,2,2,1,2,2,1,5,2,"20,23,24","1,3","Getting to build something that actually worked, not just learn about it.",,,,,,"1,2,4,5,6,7",,,,"Getting to build something that actually worked, not just learn about it.",,,,"3,5",,3,1,2,2,1,2,2,1,1,2,A computer scientist,"10,11,12",,1,"More time on the building, less on the planning.","4,5,7",,"1,3,5,7",,,,,,,,,,,,,,,,,,,,,,1,,15,"1,2,3,5,6,7,9",,1,,2,2,5,5,2,1,2,2,1,2,"20,22,25,28","2,3,5,6",The coding part. I do a bit at home but this was harder.,,,,,,,,,,,,,,,,,,,,,3,,4,"2,3,6,9,10",,1,,2,1,2,1,1,2,2,2,2,"21,24,25,28","1,3,4","Getting to build something that actually worked, not just learn about it.",,,,,,,,,,,,,"Meeting the mentor who works in tech, I asked her heaps of questions.",1,,2,1,1,5,2,1,2,1,1,,,,2,1,2,1,3,2,1,2,2,Eaglehawk PS,3,,
2026-10-12 14:48:00,2026-10-12 15:15:41,IP Address,,100,1661,True,2026-10-12 15:15:45,R_MK0039899,,,,,,,anonymous,EN,2,2,2,,,31,15,,16,,1,3,,,,,,Longer so we could finish properly.,,,,,,Learning science can fix real problems in our own town.,3,,4,1,,,The excursion where we surveyed the wetlands.,An environmental scientist,3,1,,,,2,22,3,1,5,2,2,2,1,1,2,2,2,2,,,,,,,,,,,,,,,,,,,,,,,,,,"3,4,7",,,,,,,,,,4,1,3,2,2,3,1,5,1,2,Something protecting rivers,,,2,,"1,3,5,6",,"5,7",,,,,,,,,,,,,,,,,,,,,,,,,,,,,,,,,,,,,,,,,,,,,,,,,,,,,,,,,,,,,,"1,3",,12,"2,4,5,8",,3,,1,1,2,2,4,2,1,2,3,"20,21,22,28","3,5",Testing the water in the creek near us and finding what was in it.,,,,,,,,,,,,,Testing the water in the creek near us and finding what was in it.,1,,1,2,1,2,2,2,5,2,3,,,,2,1,2,1,1,1,2,1,1,Sebastopol PS,4,,
2026-09-19 12:35:00,2026-09-19 12:43:29,IP Address,,100,509,True,2026-09-19 12:43:33,R_MK0040285,,,,,,,anonymous,EN,1,2,2,,,22,5,,7,,1,,,,,,,More of the design side and less coding.,,,,,,Making the poster and the model together.,2,,1,,,,Finding out design is part of engineering too.,An architect,,3,,,,1,8,3,1,2,2,2,4,3,1,2,3,2,1,,,,,,,,,,,,,,,,,,,,,,,,,,"1,5",,,,,,,,,,2,2,3,2,1,2,2,1,2,1,Design and technology together,,,1,,"1,3,5,6",,5,,,,,,,,,,,,,,,,,,,,,,,,,,,,,,,,,,,,,,,,,,,,,,,,,,,,,,,,,,,,,,"1,3,5",,6,"1,7,10",,4,,1,1,1,2,4,1,3,3,1,"21,25,26,27",6,"Designing how our project looked, not just how it worked.",,,,,,,,,,,,,,,,,,,,,,,,,,,,3,1,3,4,2,4,2,5,1,Bellarine PS,4,,
2026-10-01 12:35:00,2026-10-01 13:02:04,IP Address,,100,1624,True,2026-10-01 13:02:08,R_MK0041684,,,,,,,anonymous,EN,1,2,1,,,22,7,,11,,1,3,,Run it closer to us more often.,,,,"Better internet, ours dropped out during the online session.",,,Getting to do it here instead of travelling to the city.,"2,3,6,7,8",,"Learning the science behind farming, which is what my family does.",2,"Learning the science behind farming, which is what my family does.",1,"1,2,3,5,6",,,"Learning the science behind farming, which is what my family does.",Something with animals and science,2,2,,"Learning the science behind farming, which is what my family does.",,,7,1,1,1,3,1,2,2,1,2,4,2,2,,,,,,,,,,,,,,,,,,,,,,,,,,5,,,,,1,"1,4,6",,,,3,1,2,2,4,4,3,2,1,3,Something with animals and science,,,1,,"3,5,7",,"2,5,6,7",,"1,2,3,5",,13,"4,6",,2,,3,3,3,2,1,3,2,5,2,2,"22,23,24","3,5","Learning the science behind farming, which is what my family does.",,,,,,,,,,,,,,,,,,,,,,,,,,,,,,,,,,,,,,,,,"2,4,5",,8,"2,6,10",,1,,3,2,5,1,3,2,2,5,3,"25,26,27",4,The video call with the scientist who works with livestock.,Getting to do it here instead of travelling to the city.,2,,1,4,1,1,4,3,4,1,1,"Learning the science behind farming, which is what my family does.",1,,2,2,2,2,2,2,2,1,2,,,,2,1,1,1,2,1,4,1,5,Geelong West SC,5,6,
2026-09-19 15:01:00,2026-09-19 15:32:28,IP Address,,100,1888,True,2026-09-19 15:32:32,R_MK0042891,,,,,,,anonymous,EN,1,2,2,,,29,13,,12,,1,3,,,,,,"Explain things more at the start, I didn't understand the words.",,,,,,,1,,3,"2,3,4",,,The mentor said she was first in her family to go to uni too.,Maybe an engineer,3,1,,,,2,11,4,2,2,2,1,1,2,2,4,2,1,1,,,,,,,,,,,,,,,,,,,,,,,,,,4,,,,,,,,,,1,2,1,4,1,2,2,2,4,2,Maybe an engineer,,,1,,2,,"5,6",,,,,,,,,,,,,,,,,,,,,,,,,,,,,,,,,,,,,,,,,,,,,,,,,,,,,,,,,,,,,,"2,4",,13,"1,8,10",,3,,2,2,2,1,2,2,1,5,2,"20,22,26,27","2,5,6","Going to the university campus, I'd never been to one.","Programming the robot to move on its own, I'd never done that.",2,,3,2,4,2,1,1,1,1,1,,,,,,,,,,,,,,,,3,5,1,2,2,3,4,1,3,Corio North PS,4,,
2026-09-14 12:17:00,2026-09-14 12:31:35,IP Address,,100,875,True,2026-09-14 12:31:39,R_MK0043540,,,,,,,anonymous,EN,1,2,2,"2,3,4,7",,26,20,,14,,1,3,"Nothing, it was good.",,,,,More visits to the university.,The mentor said she was first in her family to go to uni too.,"Programming the robot to move on its own, I'd never done that.",,,8,,1,,2,"1,4",,"Going to the university campus, I'd never been to one.","Going to the university campus, I'd never been to one.","I want to go to uni now, maybe engineering",1,2,The mentor said she was first in her family to go to uni too.,,More visits to the university.,2,5,1,1,1,2,3,2,2,1,4,1,3,1,1,,10,9,,4,,1,3,4,3,1,2,2,2,1,1,"21,23,25","2,3",The mentor said she was first in her family to go to uni too.,,,,,,"1,4,7",,,,,,,,"1,3,5",,2,5,1,3,3,1,1,4,2,1,Maybe an engineer,"6,7,8",,1,"Explain things more at the start, I didn't understand the words.","4,6,7",,"1,5",,,,,,,,,,,,,,,,,,,,,,,,,,,,,,,,,,,,,,,,,,,,,,,,,,,,,,,,,,,,,,4,,13,"4,10",,3,,3,1,4,5,1,5,1,4,4,"20,24,26","1,3,4,6","Going to the university campus, I'd never been to one.",,,,,,,,,,,,,,,,,,,,,,,,,,,,2,2,5,2,2,2,1,3,2,Bellarine PS,4,,
2026-10-10 09:17:00,2026-10-10 09:27:59,IP Address,,71,659,False,2026-10-10 09:28:03,R_MK0044840,,,,,,,anonymous,EN,1,2,2,,,23,19,,15,,1,3,,,,,,Smaller steps for the graphs.,,,,,,"Finding out health jobs are STEM jobs, I thought STEM was just computers.",,,1,5,,,"Presenting our project, I liked explaining it to the parents.","Something in health, I didn't know that was STEM",2,2,,,,1,19,2,4,2,1,2,4,3,3,2,1,3,4,,,,,,,,,,,,,,,,,,,,,,,,,,2,,,,,,,,,,2,2,5,1,4,3,4,1,1,3,A paramedic,,,1,,4,,"5,6",,,,,,,,,,,,,,,,,,,,,,,,,,,,,,,,,,,,,,,,,,,,,,,,,,,,,,,,,,,,,,"1,2,5",,9,"3,4,6",,2,,3,2,3,3,2,4,3,2,4,"20,21,23,25,28","3,4,6","Finding out health jobs are STEM jobs, I thought STEM was just computers.","Finding out health jobs are STEM jobs, I thought STEM was just computers.",2,,2,2,4,2,3,1,4,2,2,,,,,,,,,,,,,,,,3,2,2,4,2,1,3,3,1,Geelong West SC,4,,
2026-10-06 11:13:00,2026-10-06 11:42:10,IP Address,,100,1750,True,2026-10-06 11:42:14,R_MK0045193,,,,,,,anonymous,EN,1,2,2,,,21,20,,6,,1,,,,,,Run it closer to us more often.,Run it closer to us more often.,,,,,,"Learning the science behind farming, which is what my family does.",,,4,"2,3,5",,,"Learning the science behind farming, which is what my family does.",Something with animals and science,3,1,,,,2,12,2,3,3,1,3,3,1,2,2,3,1,3,,,,,,,,,,,,,,,,,,,,,,,,,,"2,3,4,6,7",,"1,3,4",,,,,,,,2,3,3,3,2,4,1,2,2,1,Something with animals and science,,,1,,3,,"4,5",,,,,,,,,,,,,,,,,,,,,,,,,,,,,,,,,,,,,,,,,,2,,13,"1,2,3,4,5,6,7,9",,2,,3,2,2,2,2,2,1,2,1,3,"23,25,27",3,Getting to do it here instead of travelling to the city.,5,,5,"6,9,10",,2,,3,2,2,1,1,2,1,2,2,"24,25,27,28","1,3",The video call with the scientist who works with livestock.,,,,,,,,,,,,,,,,,,,,,,,,,,,,1,2,3,3,2,2,1,2,1,Waurn Ponds PS,3,,
2026-09-22 13:51:00,2026-09-22 14:14:44,IP Address,,100,1424,True,2026-09-22 14:14:48,R_MK0046876,,,,,,,anonymous,EN,4,2,2,,,24,13,,10,,2,2,,,21,More choice about what we do.,,More choice about what we do.,,,,,,"Making a game, I didn't know you could learn that at school.",3,,2,2,,,The teachers actually listened to our ideas.,I didn't think about it before but maybe IT,1,1,,,,1,8,2,3,2,3,4,5,2,2,1,2,5,2,,,,,,,,,,,,,,,,,,,,,,,,,,"2,3,5",,,,The teachers actually listened to our ideas.,,,,,,3,2,2,2,1,1,2,3,4,3,Something with computers,,,1,,4,,"3,5,6",,,,,,,,,,,,,,,,,,,,,,"1,4",,18,"8,9",,1,,1,2,4,4,3,2,1,5,1,4,"20,22",4,The teachers actually listened to our ideas.,,,,,,,,,,,,,,,,,,,,,"1,2",,14,"1,4,8",,3,,2,4,2,2,5,3,2,4,3,"25,27",3,"Making a game, I didn't know you could learn that at school.","It wasn't like normal school, we chose what our project was about.",1,,1,3,5,2,1,2,1,4,1,,,,,,,,,,,,,,,,4,3,3,3,2,3,3,1,1,,,5,
2026-09-23 15:24:00,2026-09-23 15:55:34,IP Address,,100,1894,True,2026-09-23 15:55:38,R_MK0047381,,,,,,,anonymous,EN,6,2,2,5,,22,15,,5,,2,2,Let us pick our own groups.,,,,More choice about what we do.,Let us pick our own groups.,"It wasn't like normal school, we chose what our project was about.",The teachers actually listened to our ideas.,,,1,"Making a game, I didn't know you could learn that at school.",1,,2,3,,"It wasn't like normal school, we chose what our project was about.",The teachers actually listened to our ideas.,I didn't think about it before but maybe IT,1,2,The teachers actually listened to our ideas.,,More choice about what we do.,1,20,1,3,3,3,4,2,3,5,3,5,4,2,2,,30,"3,6,8",,2,,1,3,1,4,3,3,3,1,4,2,27,"1,6","It wasn't like normal school, we chose what our project was about.",,,,,,"1,7",,"2,4",,,,,,"1,3",,1,3,4,5,3,1,4,2,3,4,Maybe game design,"1,7,11",,2,More choice about what we do.,4,,"1,4,5",,,,,,,,,,,,,,,,,,,,,,,,,,,,,,,,,,,,,,,,,,"2,5",,12,"6,7",,2,,3,2,3,4,4,2,2,2,2,3,"20,26",1,"It wasn't like normal school, we chose what our project was about.","3,5",,9,10,,2,,1,2,3,3,1,5,3,2,3,"22,25,27",5,The teachers actually listened to our ideas.,,,,,,,,,,,,,,,,,,,,,,,,,,,,3,2,4,2,1,1,3,1,2,"It wasn't like normal school, we chose what our project was about.",4,7,
2026-10-01 13:43:00,2026-10-01 14:09:24,IP Address,,100,1584,True,2026-10-01 14:09:28,R_MK0048442,,,,,,,anonymous,EN,3,2,2,,,28,12,,20,,1,1,,"More time on the analysis, we rushed that bit.",,,"Nothing much, it was well run.",Harder content for people who want it.,,,Going deeper than we do in normal class.,"1,3,4,7",,Talking to the women in STEM about their actual day to day jobs.,2,Going deeper than we do in normal class.,4,"2,6",,,Talking to the women in STEM about their actual day to day jobs.,,2,1,,Going deeper than we do in normal class.,,1,17,2,1,1,1,1,2,1,1,2,2,1,1,,,,,,,,,,,,,,,,,,,,,,,,,,"1,3",,"1,3",,,2,"1,5,6,7",,,,,,,,,,,,,,A doctor,,,2,,,,"2,4,5,6",,5,,9,"1,3,4,9",,3,,1,2,2,3,1,3,1,1,1,1,"21,24,26,27,28","1,4,5",Talking to the women in STEM about their actual day to day jobs.,,,,,,,,,,,,,,,,,,,,,"1,3,5",,12,"1,5,6,10",,4,,3,2,1,2,1,1,5,2,2,5,"25,26","1,2,3,4,6",Going deeper than we do in normal class.,"1,3",,8,"1,3,6,7,8",,2,,2,3,2,2,2,1,2,1,1,"20,22,24,26,27","2,3,4,6",Going deeper than we do in normal class.,The research part where we had to find real evidence.,1,,1,1,1,1,1,1,1,1,2,,,,,,,,,,,,,,,,1,1,1,1,2,2,2,1,1,Eaglehawk PS,6,2,
2026-09-30 14:26:00,2026-09-30 14:32:29,IP Address,,100,389,True,2026-09-30 14:32:33,R_MK0049143,,,,,,,anonymous,EN,1,2,2,,,27,9,,4,,1,3,,,20,The data tables at the start were confusing.,,The data tables at the start were confusing.,,,,,,,,,2,"1,3,4,5,6,7",,,Learning science can fix real problems in our own town.,An environmental scientist,1,1,,,,1,,5,1,1,3,1,3,5,1,1,1,5,2,,,,,,,,,,,,,,,,,,,,,,,,,,"1,3,4,5,7",,,,Learning science can fix real problems in our own town.,,,,,,2,2,2,2,1,1,1,2,1,2,An environmental scientist,,,2,,2,,"3,5,7",,,,,,,,,,,,,,,,,,,,,,"3,5",,24,"5,7,9,10",,3,,1,2,1,3,4,1,2,2,2,5,"20,21,22,23","1,3,4,5",Testing the water in the creek near us and finding what was in it.,,,,,,,,,,,,,,,,,,,,,4,,8,"2,4,6,9",,1,,2,2,1,2,2,1,2,1,2,"20,21,22,24,27",1,Learning science can fix real problems in our own town.,,,,,,,,,,,,,Learning science can fix real problems in our own town.,1,,2,1,1,2,2,4,1,4,5,,,,2,2,2,2,2,2,1,1,1,Geelong West SC,5,,
2026-09-20 10:47:00,2026-09-20 10:57:49,IP Address,,100,649,True,2026-09-20 10:57:53,R_MK0050456,,,,,,,anonymous,EN,4,2,2,,,30,12,,20,,1,1,,,,,,I would add more art into it.,,,,,,Making the poster and the model together.,,,,,,,,"A designer, maybe for apps",3,3,,,,1,6,1,4,2,2,4,3,2,2,2,2,2,2,,,,,,,,,,,,,,,,,,,,,,,,,,3,,,,,,,,,,,,,,,,,,,,An architect,,,2,,"1,6",,5,,,,,,,,,,,,,,,,,,,,,,,,,,,,,,,,,,,,,,,,,,,,,,,,,,,,,,,,,,,,,,"1,3,5",,11,"4,7,8",,1,,1,4,3,2,3,4,2,2,2,"22,26,27,28",5,"Designing how our project looked, not just how it worked.",,,,,,,,,,,,,,,,,,,,,,,,,,,,2,2,1,2,1,1,5,3,1,Merri River PS,4,,
2026-09-23 14:18:00,2026-09-23 14:48:40,IP Address,,71,1840,False,2026-09-23 14:48:44,R_MK0051328,,,,,,,anonymous,EN,2,2,2,,,23,18,,4,,1,1,,,,,,Let us pick our own groups.,,,,,,,,,2,"1,6",,,,I didn't think about it before but maybe IT,,2,,,,,10,1,2,3,3,1,2,4,4,3,4,2,2,,,,,,,,,,,,,,,,,,,,,,,,,,6,,,,,,,,,,2,2,3,3,1,3,3,4,3,3,Something with computers,,,2,,3,,5,,,,,,,,,,,,,,,,,,,,,,,,,,,,,,,,,,,,,,,,,,,,,,,,,,,,,,,,,,,,,,"1,2,3",,11,"9,10",,4,,3,1,2,2,2,3,5,4,4,24,1,The teachers actually listened to our ideas.,,,,,,,,,,,,,,,,,,,,,,,,,,,,2,1,3,3,1,4,4,3,4,Wendouree PS,6,,
2026-10-01 12:56:00,2026-10-01 13:15:13,IP Address,,100,1153,True,2026-10-01 13:15:17,R_MK0052426,,,,,,,anonymous,EN,3,2,2,,,28,7,,10,,1,2,,,,,,More help with the maths parts.,,,,,,"Presenting our project, I liked explaining it to the parents.",,,3,1,,,Organising my group and working out who did what.,A paramedic,1,2,,,,2,12,3,2,2,3,3,2,3,3,4,1,3,1,,,,,,,,,,,,,,,,,,,,,,,,,,"2,6",,,,,,,,,,2,1,3,1,4,2,4,1,5,1,A paramedic,,,1,,,,"5,6,7",,,,,,,,,,,,,,,,,,,,,,,,,,,,,,,,,,,,,,,,,,,,,,,,,,,,,,,,,,,,,,1,,8,"2,6,7,9,10",,3,,3,3,2,3,3,2,4,1,3,"20,25,27,28","2,3,4,6","Finding out health jobs are STEM jobs, I thought STEM was just computers.",Organising my group and working out who did what.,1,,1,2,1,4,3,3,2,1,1,Organising my group and working out who did what.,1,,2,4,2,3,5,2,2,1,2,,,,1,4,4,4,2,3,3,3,3,Kangaroo Flat PS,4,,
2026-09-25 10:17:00,2026-09-25 10:42:32,IP Address,,100,1532,True,2026-09-25 10:42:36,R_MK0053282,,,,,,,anonymous,EN,1,2,2,"2,6,9",,27,22,,10,,1,3,More of the design side and less coding.,,19,I would add more art into it.,,More of the design side and less coding.,"Designing how our project looked, not just how it worked.",Making the poster and the model together.,,,"5,7,9",Making the poster and the model together.,3,,2,"3,5,7",,"Designing how our project looked, not just how it worked.",Making the poster and the model together.,An architect,1,3,Finding out design is part of engineering too.,,More of the design side and less coding.,2,19,3,2,2,2,3,2,3,1,1,1,1,1,2,,16,"6,8,9",,3,,2,2,2,3,3,2,2,1,2,4,"20,22,26,27,28","3,4","Designing how our project looked, not just how it worked.",,,,,,4,,,,Making the poster and the model together.,,,,"1,4,5",,,,,,,,,,,,An architect,"4,12",,,More of the design side and less coding.,"2,3,4",,"1,3,5,7",,,,,,,,,,,,,,,,,,,,,,3,,15,3,,4,,3,5,2,2,1,3,1,2,1,2,"21,23,26,28","1,2,4,6",Finding out design is part of engineering too.,,,,,,,,,,,,,,,,,,,,,3,,8,"5,9,10",,3,,2,2,2,1,1,2,4,2,2,"21,23,24,27","2,3,4","Designing how our project looked, not just how it worked.",,,,,,,,,,,,,"Designing how our project looked, not just how it worked.",1,,3,1,2,1,2,4,1,2,3,,,,,,,,,,,,,Waurn Ponds PS,1,,
2026-10-11 09:28:00,2026-10-11 09:37:54,IP Address,,100,594,True,2026-10-11 09:37:58,R_MK0054470,,,,,,,anonymous,EN,1,2,2,"1,2,3,4,6",,29,10,,13,,1,1,"Nothing much, it was well run.",,,,Harder content for people who want it.,"More time on the analysis, we rushed that bit.",The research part where we had to find real evidence.,The research part where we had to find real evidence.,,,"6,8",Talking to the women in STEM about their actual day to day jobs.,2,,1,"1,2,3,6,7",,The research part where we had to find real evidence.,Talking to the women in STEM about their actual day to day jobs.,A doctor,1,2,Going deeper than we do in normal class.,,"Nothing much, it was well run.",1,14,1,2,2,1,5,2,1,3,2,1,1,1,"1,2,3,5",,29,"1,2,4,6,8",,2,,1,1,1,2,5,1,2,2,1,5,"22,23,24,26,27,28","1,2,3,4,5",The research part where we had to find real evidence.,,,,,,"2,7",,"1,4",,,,,,"1,3,4,5",,2,1,1,2,2,1,2,1,1,1,A doctor,"1,3,4,5,6,7,8,11",,2,"Nothing much, it was well run.","3,6",,"1,4,5",,,,,,,,,,,,,,,,,,,,,,,,,,,,,,,,,,,,,,,,,,"1,2,4",,9,"3,4,8,9,10",,1,,1,2,1,2,1,1,1,1,5,2,"20,21,22,25,27",5,The research part where we had to find real evidence.,"3,4",,11,"3,5,6,8,10",,3,,2,1,1,2,2,2,1,1,1,"20,25,26,27","1,3,4,6",The research part where we had to find real evidence.,,,,,,,,,,,,,,,,,,,,,,,,,,,,,,,,,,,,,Bellarine PS,1,,
2026-10-05 09:43:00,2026-10-05 09:51:01,IP Address,,100,481,True,2026-10-05 09:51:05,R_MK0055592,,,,,,,anonymous,EN,2,2,2,,,24,13,,13,,1,1,,,,,,"More tools, we had to share.",,,,,,We made something for our town that people could actually use.,1,,1,"1,3,6",,,"Using the 3D printer, I didn't know our school had one.",,2,2,,,,2,4,2,2,2,2,1,3,2,1,2,2,4,4,,,,,,,,,,,,,,,,,,,,,,,,,,"5,6",,,,,,,,,,2,2,1,1,2,3,1,2,4,1,Maybe an engineer,,,2,,7,,5,,,,,,,,,,,,,,,,,,,,,,,,,,,,,,,,,,,,,,,,,,,,,,,,,,,,,,,,,,,,,,"1,3,4",,7,"1,7,9,10",,4,,2,4,1,1,1,1,3,2,3,"21,22,23,26","2,3,4",Making the model with real tools. It felt like proper work.,,,,,,,,,,,,,,,,,,,,,,,,,,,,2,2,2,3,2,4,1,1,1,Sebastopol PS,5,,
2026-09-20 13:23:00,2026-09-20 13:53:45,IP Address,,100,1845,True,2026-09-20 13:53:49,R_MK0056272,,,,,,,anonymous,EN,1,2,2,"3,4,5,6,7",,31,5,,16,,1,1,Make it harder. Some of it we already knew.,,,,,"More time on the building, less on the planning.","Getting to build something that actually worked, not just learn about it.",The coding part. I do a bit at home but this was harder.,,,"1,2,3,4,5",The coding part. I do a bit at home but this was harder.,3,,,3,,"Getting to build something that actually worked, not just learn about it.","Getting to build something that actually worked, not just learn about it.",,2,1,"Getting to build something that actually worked, not just learn about it.",,Make it harder. Some of it we already knew.,1,9,1,1,1,2,2,1,1,2,2,1,2,1,1,,23,"2,9",,4,,1,1,1,1,2,1,1,1,1,1,"21,23,24,25","1,2,3","Getting to build something that actually worked, not just learn about it.",,,,,,"1,3,4,5",,,,,,,,"2,5",,,,,,,,,,,,A computer scientist,"3,8,9,10,11,12",,2,"More time on the building, less on the planning.",3,,"1,5",,,,,,,,,,,,,,,,,,,,,,,,,,,,,,,,,,,,,,,,,,,,,,,,,,,,,,,,,,,,,,"2,3,4",,13,"1,7,8",,2,,2,1,1,1,1,1,2,2,1,"24,25,26,28","1,2",The coding part. I do a bit at home but this was harder.,,,,,,,,,,,,,,,,,,,,,,,,,,,,1,1,2,1,2,1,1,2,2,Geelong West SC,2,,
2026-09-26 12:11:00,2026-09-26 12:29:13,IP Address,,100,1093,True,2026-09-26 12:29:17,R_MK0057338,,,,,,,anonymous,EN,5,2,1,,,26,4,,8,,1,2,,,,,The data tables at the start were confusing.,More field trips instead of classroom parts.,,,,,,,3,,3,"1,3,4,6",,,Learning science can fix real problems in our own town.,Something protecting rivers,3,1,,,,1,14,1,3,1,2,2,1,2,4,4,2,2,2,,,,,,,,,,,,,,,,,,,,,,,,,,"2,4,5,6",,"1,2,3,4,5",,,,,,,,2,2,3,2,1,3,2,3,3,1,,,,1,,3,,"4,5",,,,,,,,,,,,,,,,,,,,,,,,,,,,,,,,,,,,,,,,,,"1,3",,16,"3,4,8,10",,1,,1,1,1,2,1,2,4,3,1,5,"20,21,22,25,28",5,Testing the water in the creek near us and finding what was in it.,3,,10,"2,10",,1,,1,2,1,1,1,3,2,4,1,"20,21,22","1,3",The excursion where we surveyed the wetlands.,,,,,,,,,,,,,,,,,,,,,,,,,,,,2,3,4,2,2,1,2,1,1,Latrobe Valley SC,3,,
2026-10-08 13:59:00,2026-10-08 14:11:44,IP Address,,100,764,True,2026-10-08 14:11:48,R_MK0058193,,,,,,,anonymous,EN,2,2,1,,,26,7,,21,,1,,,Harder content for people who want it.,,,,"More time on the analysis, we rushed that bit.",,,Talking to the women in STEM about their actual day to day jobs.,"2,3,5,8",,Going deeper than we do in normal class.,1,Going deeper than we do in normal class.,4,7,,,The research part where we had to find real evidence.,A doctor,,3,,The research part where we had to find real evidence.,,1,19,1,1,1,1,1,5,1,1,2,5,1,2,,,,,,,,,,,,,,,,,,,,,,,,,,"2,3",,,,,2,"4,5,6,7",,,,2,1,1,1,1,2,1,2,1,2,A biomedical scientist,,,2,,"1,4,5",,"2,5",,"3,4",,9,"2,5,7,8,9,10",,3,,1,1,2,2,1,1,1,1,2,2,"23,24,27,28","1,2,3,4,5,6",Talking to the women in STEM about their actual day to day jobs.,,,,,,,,,,,,,,,,,,,,,,,,,,,,,,,,,,,,,,,,,"3,4,5",,13,"2,6,7,9",,3,,1,3,2,1,2,1,1,1,2,"20,22,26,27","2,3,5,6",The research part where we had to find real evidence.,,,,,,,,,,,,,,,,,,,,,,,,,,,,2,1,5,2,1,2,2,1,1,Ballarat East SC,6,1,
2026-10-07 13:06:00,2026-10-07 13:20:52,IP Address,,100,892,True,2026-10-07 13:20:56,R_MK0059608,,,,,,,anonymous,EN,1,2,2,,,30,5,,4,,1,1,,,,,,"Nothing, it was good.",,,,,,"Programming the robot to move on its own, I'd never done that.",3,,3,"1,2,5",,,"Going to the university campus, I'd never been to one.",Something with robots,,2,,,,,17,1,2,1,3,4,4,3,3,1,1,2,1,,,,,,,,,,,,,,,,,,,,,,,,,,"3,6",,,,,,,,,,2,1,1,2,1,1,3,3,2,1,"I want to go to uni now, maybe engineering",,,2,,,,5,,,,,,,,,,,,,,,,,,,,,,,,,,,,,,,,,,,,,,,,,,,,,,,,,,,,,,,,,,,,,,3,,8,"4,8,10",,1,,2,2,1,2,3,2,1,2,1,"22,26,28",6,"Programming the robot to move on its own, I'd never done that.",,,,,,,,,,,,,,,,,,,,,,,,,,,,1,1,2,3,2,3,2,1,1,Geelong West SC,3,,
2026-09-23 10:57:00,2026-09-23 11:05:12,IP Address,,100,492,True,2026-09-23 11:05:16,R_MK0060840,,,,,,,anonymous,EN,6,2,2,5,,24,8,,7,,1,1,"Explain things more at the start, I didn't understand the words.",,22,More visits to the university.,,"Nothing, it was good.","Going to the university campus, I'd never been to one.",The mentor said she was first in her family to go to uni too.,,,"1,3,4",The mentor said she was first in her family to go to uni too.,2,,1,"5,6",,"Programming the robot to move on its own, I'd never done that.","Programming the robot to move on its own, I'd never done that.",Maybe an engineer,3,1,"Going to the university campus, I'd never been to one.",,"Nothing, it was good.",1,6,3,1,1,2,2,3,2,3,3,3,2,4,4,,27,"4,6,9,10",,3,,2,2,1,2,2,1,2,1,2,1,25,"1,2",The mentor said she was first in her family to go to uni too.,,,,,,"1,2,3",,,,The mentor said she was first in her family to go to uni too.,,,,2,,2,1,4,2,1,3,1,2,2,1,Maybe an engineer,"1,4,7,8,11",,2,"Nothing, it was good.","5,6,7",,"1,3,5",,,,,,,,,,,,,,,,,,,,,,"2,3,4",,17,10,,2,,1,4,2,2,4,1,1,3,3,3,"20,21,22","1,3,4","Going to the university campus, I'd never been to one.",,,,,,,,,,,,,,,,,,,,,"2,5",,10,"3,8",,2,,2,1,3,2,2,3,4,3,3,"21,22,27","2,4,5,6","Programming the robot to move on its own, I'd never done that.",,,,,,,,,,,,,,,,,,,,,,,,,,,,2,1,3,2,4,1,1,2,2,Ararat West PS,2,,
2026-10-08 13:49:00,2026-10-08 13:57:18,IP Address,,100,498,True,2026-10-08 13:57:22,R_MK0061509,,,,,,,anonymous,EN,4,2,2,,,25,19,,6,,1,3,,"More tools, we had to share.",,,,"Nothing, I liked the making part.",,,"Using the 3D printer, I didn't know our school had one.","3,4,5",,Making the model with real tools. It felt like proper work.,1,"Using the 3D printer, I didn't know our school had one.",,"1,2,4,5,7",,,Making the model with real tools. It felt like proper work.,Something where I build things,3,1,,"Using the 3D printer, I didn't know our school had one.",,,9,5,3,2,2,3,4,2,2,1,1,4,2,,,,,,,,,,,,,,,,,,,,,,,,,,5,,,,,2,2,,,,1,2,2,1,2,2,4,3,5,1,Something where I build things,,,1,,,,"2,5,7",,5,,13,"1,2",,1,,2,3,5,1,3,3,3,2,1,2,23,"2,6",Making the model with real tools. It felt like proper work.,,,,,,,,,,,,,,,,,,,,,,,,,,,,,,,,,,,,,,,,,"1,2,3,5",,6,"1,3,6,8",,2,,4,1,1,2,3,2,1,2,2,"22,24,25,26,27","1,2,5",We made something for our town that people could actually use.,,,,,,,,,,,,,We made something for our town that people could actually use.,1,,2,1,2,3,3,1,2,5,2,,,,2,2,3,2,1,5,2,1,3,Emmanuel SC,3,3,
2026-09-22 14:32:00,2026-09-22 14:48:09,IP Address,,100,969,True,2026-09-22 14:48:13,R_MK0062276,,,,,,,anonymous,EN,1,2,2,,,22,20,,8,,1,,,,,,,Harder content for people who want it.,,,,,,Talking to the women in STEM about their actual day to day jobs.,3,,3,"1,2,3,4,5",,,Talking to the women in STEM about their actual day to day jobs.,Medicine or research,1,3,,,,1,21,2,2,1,1,2,2,2,2,1,1,1,2,,,,,,,,,,,,,,,,,,,,,,,,,,"1,3,4",,,,,,,,,,1,1,1,2,2,1,1,1,2,1,,,,2,,"2,3,4,5,6,7",,5,,,,,,,,,,,,,,,,,,,,,,,,,,,,,,,,,,,,,,,,,,,,,,,,,,,,,,,,,,,,,,1,,4,"1,2,3,9",,3,,3,2,2,2,1,2,2,1,1,"20,21,22,24,28","2,6",Talking to the women in STEM about their actual day to day jobs.,,,,,,,,,,,,,,,,,,,,,,,,,,,,1,2,2,2,1,2,2,1,1,Corio North PS,2,,
2026-09-16 15:29:00,2026-09-16 15:53:40,IP Address,,100,1480,True,2026-09-16 15:53:44,R_MK0063134,,,,,,,anonymous,EN,4,2,2,,,26,15,,,,1,1,,,19,"Nothing, I liked the making part.",Less sitting down at the start before we got to build.,Less sitting down at the start before we got to build.,,,,,,,3,,2,"2,6,7",,,Making the model with real tools. It felt like proper work.,A carpenter or an engineer,1,2,,,,1,14,2,4,2,2,1,3,3,2,3,2,2,2,,,,,,,,,,,,,,,,,,,,,,,,,,4,,"3,4",,We made something for our town that people could actually use.,,,,,,1,2,2,2,2,2,4,1,1,2,Something where I build things,,,2,,"4,5",,"3,4,5,6",,,,,,,,,,,,,,,,,,,,,,"2,3",,20,"4,6,9",,3,,2,1,2,1,2,4,3,2,2,5,"21,23,28",6,Making the model with real tools. It felt like proper work.,5,,16,3,,2,,1,2,1,1,1,3,1,4,4,1,"21,23,27","1,3,4",Making the model with real tools. It felt like proper work.,"1,3",,10,"6,10",,3,,2,2,5,4,3,2,1,4,4,"21,22,24",1,We made something for our town that people could actually use.,"Using the 3D printer, I didn't know our school had one.",1,,2,3,1,4,2,2,1,5,3,,,,,,,,,,,,,,,,1,5,2,2,1,1,2,2,4,Emmanuel SC,3,,
2026-09-26 10:15:00,2026-09-26 10:40:42,IP Address,,100,1542,True,2026-09-26 10:40:46,R_MK0064403,,,,,,,anonymous,EN,3,2,2,,,26,4,,4,,1,1,,,21,"Explain things more at the start, I didn't understand the words.","Nothing, it was good.","Nothing, it was good.",,,,,,"Going to the university campus, I'd never been to one.",3,,2,"2,5,6",,,"Going to the university campus, I'd never been to one.","I want to go to uni now, maybe engineering",,3,,,,1,5,2,3,2,3,1,1,3,2,2,2,2,2,,,,,,,,,,,,,,,,,,,,,,,,,,2,,4,,The mentor said she was first in her family to go to uni too.,,,,,,1,5,3,2,1,1,3,3,3,2,"I want to go to uni now, maybe engineering",,,1,,"3,4",,"3,4,5,7",,,,,,,,,,,,,,,,,,,,,,2,,17,"2,5,7,10",,4,,1,3,1,1,2,3,5,1,1,4,"21,27","2,4",The mentor said she was first in her family to go to uni too.,"1,5",,9,"1,4,8",,2,,3,4,3,2,2,2,1,4,2,4,"20,23,25",3,"Programming the robot to move on its own, I'd never done that.","3,5",,12,"4,6,8",,3,,1,3,2,3,2,4,4,1,2,"23,25,26","2,3,5","Going to the university campus, I'd never been to one.",,,,,,,,,,,,,"Going to the university campus, I'd never been to one.",1,,1,2,2,5,4,1,3,2,2,,,,1,4,2,4,4,3,2,1,3,Eaglehawk PS,5,,
2026-10-03 11:21:00,2026-10-03 11:36:13,IP Address,,100,913,True,2026-10-03 11:36:17,R_MK0065904,,,,,,,anonymous,EN,3,2,2,"1,2,9",,30,6,,9,,1,,"More time on the building, less on the planning.",,21,"More time on the building, less on the planning.",,"Nothing really, but it went too fast.","Meeting the mentor who works in tech, I asked her heaps of questions.","Getting to build something that actually worked, not just learn about it.",,,"2,3,4,5,8,9","Getting to build something that actually worked, not just learn about it.",1,,3,,,The coding part. I do a bit at home but this was harder.,The coding part. I do a bit at home but this was harder.,A computer scientist,2,,"Getting to build something that actually worked, not just learn about it.",,"Nothing really, but it went too fast.",2,18,1,1,1,1,2,5,1,4,1,2,1,1,"2,4",,19,"2,7,10",,2,,1,2,1,1,2,1,2,1,1,2,"22,23,25",1,The coding part. I do a bit at home but this was harder.,,,,,,"3,4,6",,,,The coding part. I do a bit at home but this was harder.,,,,3,,1,1,2,1,1,1,1,2,2,1,A computer scientist,"1,6,7,8,9,11,12",,2,"Nothing really, but it went too fast.","3,5",,"1,3,5,6",,,,,,,,,,,,,,,,,,,,,,"1,3,4",,22,"3,5,9,10",,4,,1,2,2,1,1,1,2,1,1,1,23,"2,4,6","Getting to build something that actually worked, not just learn about it.",,,,,,,,,,,,,,,,,,,,,"1,4,5",,10,"3,5,7",,3,,3,3,1,1,2,1,1,1,2,"22,26","1,3","Meeting the mentor who works in tech, I asked her heaps of questions.","Getting to build something that actually worked, not just learn about it.",2,,2,1,2,2,1,2,1,3,5,,,,,,,,,,,,,,,,2,5,2,1,4,2,1,2,2,Bendigo South SC,2,,
2026-10-01 10:51:00,2026-10-01 11:22:37,IP Address,,100,1897,True,2026-10-01 11:22:41,R_MK0066718,,,,,,,anonymous,EN,1,2,2,,,29,6,,8,,1,1,,"Nothing, I liked the making part.",,,"Nothing, I liked the making part.","More tools, we had to share.",,,"Using the 3D printer, I didn't know our school had one.","2,4,7",,"Using the 3D printer, I didn't know our school had one.",3,Making the model with real tools. It felt like proper work.,4,5,,,Making the model with real tools. It felt like proper work.,A carpenter or an engineer,1,3,,"Using the 3D printer, I didn't know our school had one.",,1,21,5,1,1,2,2,4,5,4,2,3,2,1,,,,,,,,,,,,,,,,,,,,,,,,,,"1,3,7",,1,,,1,"4,5,6",,,,3,5,2,1,3,2,4,1,4,2,Something where I build things,,,2,,"1,6",,"2,4,5",,4,,12,"1,6,9,10",,2,,3,5,1,3,3,2,4,4,1,2,"21,26,27","3,5",Making the model with real tools. It felt like proper work.,,,,,,,,,,,,,,,,,,,,,3,,14,"3,5,7",,4,,3,1,3,2,2,4,2,1,2,2,"26,27","5,6",We made something for our town that people could actually use.,3,,9,"4,7,8",,4,,1,1,3,1,5,1,2,3,5,"22,23,24","3,4,5,6",Making the model with real tools. It felt like proper work.,,,,,,,,,,,,,,,,,,,,,,,,,,,,1,1,4,1,1,1,2,1,3,Waurn Ponds PS,1,4,
2026-09-19 10:37:00,2026-09-19 11:07:25,IP Address,,100,1825,True,2026-09-19 11:07:29,R_MK0067980,,,,,,,anonymous,EN,3,2,2,,,22,8,,,,1,1,,,,,"Nothing, I liked the making part.",Less sitting down at the start before we got to build.,,,,,,,2,,1,"1,4,5",,,We made something for our town that people could actually use.,Something where I build things,1,2,,,,2,21,1,1,2,3,3,2,3,4,2,1,2,2,,,,,,,,,,,,,,,,,,,,,,,,,,"1,2,3,4,6",,"2,3,4",,,,,,,,1,3,2,1,3,1,5,1,2,3,A carpenter or an engineer,,,2,,"1,5",,"4,5",,,,,,,,,,,,,,,,,,,,,,,,,,,,,,,,,,,,,,,,,,4,,12,"3,4",,1,,2,1,3,3,1,4,1,1,4,2,"25,26,27","2,4,6",We made something for our town that people could actually use.,"1,4,5",,13,"1,5,9",,4,,4,1,1,4,2,4,2,3,3,"21,23",1,We made something for our town that people could actually use.,,,,,,,,,,,,,,,,,,,,,,,,,,,,1,2,3,1,2,2,2,2,1,Bendigo South SC,5,,
2026-09-19 10:11:00,2026-09-19 10:18:33,IP Address,,100,453,True,2026-09-19 10:18:37,R_MK0068543,,,,,,,anonymous,EN,1,2,2,,,23,18,,,,1,1,,,,,"Explain things more at the start, I didn't understand the words.","Nothing, it was good.",,,,,,"Programming the robot to move on its own, I'd never done that.",3,,3,"2,4,7",,,"Going to the university campus, I'd never been to one.",Maybe an engineer,3,,,,,2,14,4,2,1,1,3,1,2,2,2,3,3,2,,,,,,,,,,,,,,,,,,,,,,,,,,"1,4,6,7",,1,,,,,,,,2,2,1,1,2,2,1,1,2,1,Maybe an engineer,,,,,"1,7",,"4,5",,,,,,,,,,,,,,,,,,,,,,,,,,,,,,,,,,,,,,,,,,2,,17,"1,2,5,6,10",,2,,3,3,3,5,2,3,3,4,3,5,"20,24,25,26",3,The mentor said she was first in her family to go to uni too.,4,,5,5,,2,,2,1,2,4,1,2,1,2,2,"21,24,28",2,"Programming the robot to move on its own, I'd never done that.",,,,,,,,,,,,,,,,,,,,,,,,,,,,4,4,2,2,1,2,1,2,1,Waurn Ponds PS,3,,
2026-09-24 14:56:00,2026-09-24 15:22:35,IP Address,,71,1595,False,2026-09-24 15:22:39,R_MK0069573,,,,,,,anonymous,EN,1,2,2,,,29,14,,5,,2,1,,More time to write up what we found.,,,"Maybe explain the words at the start, I didn't know some of them.",More time to write up what we found.,,,Doing the experiments myself instead of watching the teacher do it.,"1,5,8",,,2,Being in a small group where I wasn't scared to say the wrong thing.,3,"2,3,4,6",,,,Maybe a teacher,1,1,,Doing the experiments myself instead of watching the teacher do it.,,1,12,4,2,1,3,2,2,1,4,1,1,4,3,,,,,,,,,,,,,,,,,,,,,,,,,,"3,5",,3,,,1,"4,5",,,,2,4,3,3,1,1,1,2,2,3,Not sure yet,,,1,,"2,7",,"2,4,5,7",,3,,4,"4,8",,3,,1,3,5,3,2,2,1,3,1,5,"20,21,23",2,I liked that we could test our own ideas even when they didn't work.,,,,,,,,,,,,,,,,,,,,,"2,4,5",,12,"2,7",,4,,1,3,1,2,2,1,2,4,3,1,"20,24,25,26","1,5",Doing the experiments myself instead of watching the teacher do it.,"3,4",,4,"4,7,10",,3,,4,3,2,4,4,5,1,4,2,"20,24","1,4",Doing the experiments myself instead of watching the teacher do it.,,,,,,,,,,,,,Being in a small group where I wasn't scared to say the wrong thing.,1,,1,3,2,1,4,2,5,2,5,,,,,,,,,,,,,,,5,
2026-09-21 11:36:00,2026-09-21 11:50:37,IP Address,,100,877,True,2026-09-21 11:50:41,R_MK0070284,,,,,,,anonymous,EN,1,2,2,"4,9",,30,16,,16,,1,1,The data tables at the start were confusing.,Longer so we could finish properly.,,,Longer so we could finish properly.,More field trips instead of classroom parts.,The excursion where we surveyed the wetlands.,The excursion where we surveyed the wetlands.,The excursion where we surveyed the wetlands.,"2,3,4","1,2,4,9",The excursion where we surveyed the wetlands.,1,Testing the water in the creek near us and finding what was in it.,1,"1,2,5,7",,Testing the water in the creek near us and finding what was in it.,Testing the water in the creek near us and finding what was in it.,Something protecting rivers,,3,The excursion where we surveyed the wetlands.,Learning science can fix real problems in our own town.,More field trips instead of classroom parts.,1,18,1,2,1,2,1,1,1,2,1,2,1,1,"3,4,5",,20,"1,5,9",,2,,3,1,3,1,2,2,3,2,1,2,"20,22,26,27","1,4,5",Learning science can fix real problems in our own town.,,,,,,"3,6",,"1,4,5",,,1,"1,4,5,6",,1,,2,2,3,2,1,2,3,3,2,1,A marine scientist,"3,4",,2,The data tables at the start were confusing.,"1,2,7",,"1,2,4,5",,"2,3",,9,"2,8,9",,2,,1,1,2,2,1,3,1,1,2,2,"22,27","2,4",The excursion where we surveyed the wetlands.,,,,,,,,,,,,,,,,,,,,,2,,9,"2,4,5,8,10",,2,,2,1,5,3,2,2,1,1,1,3,"21,22,26","2,6",Testing the water in the creek near us and finding what was in it.,3,,8,"3,4,7,8,9",,2,,4,1,1,2,2,1,5,1,1,"20,24,28","4,5",Learning science can fix real problems in our own town.,,,,,,,,,,,,,,,,,,,,,,,,,,,,2,1,2,1,4,3,2,1,2,Geelong West SC,2,1,
2026-09-20 10:18:00,2026-09-20 10:47:25,IP Address,,100,1765,True,2026-09-20 10:47:29,R_MK0071271,,,,,,,anonymous,EN,5,2,2,,,23,4,,11,,2,3,,"Nothing really, but it went too fast.",18,"More time on the building, less on the planning.",,Make it harder. Some of it we already knew.,,,"Meeting the mentor who works in tech, I asked her heaps of questions.","2,6,7,8",,The coding part. I do a bit at home but this was harder.,2,"Getting to build something that actually worked, not just learn about it.",3,,,,"Meeting the mentor who works in tech, I asked her heaps of questions.",A software engineer,1,2,,The coding part. I do a bit at home but this was harder.,,1,8,2,2,1,1,2,1,2,5,1,1,2,2,,,,,,,,,,,,,,,,,,,,,,,,,,"2,3,4,5",,,,"Getting to build something that actually worked, not just learn about it.",2,"1,4,7",,,,1,2,2,2,3,5,1,2,2,1,A game developer,,,,,"1,2,3,4,5",,"2,3,5,6",,1,,14,"1,6,9",,2,,3,1,2,1,1,5,2,2,1,3,"21,23,24,27","1,2,5","Getting to build something that actually worked, not just learn about it.","2,4",,23,"5,6,7,8,9,10",,2,,3,1,2,1,3,2,1,2,1,2,"20,23,25,26","3,4","Meeting the mentor who works in tech, I asked her heaps of questions.",,,,,,,,,,,,,,,,,,,,,"4,5",,6,"3,5,10",,3,,1,1,1,1,1,2,1,2,1,"20,21,23,24,25","1,3",The coding part. I do a bit at home but this was harder.,"Meeting the mentor who works in tech, I asked her heaps of questions.",2,,2,2,2,1,1,2,1,1,1,,,,,,,,,,,,,,,,5,2,2,2,1,2,1,1,2,,,7,
2026-09-21 11:12:00,2026-09-21 11:36:03,IP Address,,100,1443,True,2026-09-21 11:36:07,R_MK0072827,,,,,,,anonymous,EN,5,2,2,"3,4,5,7",,30,18,,5,,1,1,Less sitting down at the start before we got to build.,,,,,"Nothing, I liked the making part.",Making the model with real tools. It felt like proper work.,"Using the 3D printer, I didn't know our school had one.",,,"2,5,9","Using the 3D printer, I didn't know our school had one.",3,,1,"5,6",,Making the model with real tools. It felt like proper work.,We made something for our town that people could actually use.,Maybe an engineer,3,3,We made something for our town that people could actually use.,,Less sitting down at the start before we got to build.,2,15,2,1,1,5,3,2,1,4,2,1,5,1,"2,3",,17,2,,3,,3,2,4,2,5,1,2,2,1,2,"26,28",2,"Using the 3D printer, I didn't know our school had one.",,,,,,1,,,,,,,,2,,1,2,3,3,3,2,2,1,4,1,Something where I build things,"1,6,7,8,10",,1,"More tools, we had to share.","1,2,5,7",,"1,5,6",,,,,,,,,,,,,,,,,,,,,,,,,,,,,,,,,,,,,,,,,,,,,,,,,,,,,,,,,,,,,,"1,4",,7,"2,7,8",,1,,3,3,1,1,2,2,2,2,2,"20,21,22,23,28",5,"Using the 3D printer, I didn't know our school had one.",Making the model with real tools. It felt like proper work.,2,,3,3,4,1,2,2,4,1,2,,,,,,,,,,,,,,,,2,4,1,2,1,1,3,3,3,Latrobe Valley SC,2,,
2026-10-09 12:13:00,2026-10-09 12:33:54,IP Address,,100,1254,True,2026-10-09 12:33:58,R_MK0073957,,,,,,,anonymous,EN,4,2,2,,,30,18,,10,,1,1,,,,,Longer so we could finish properly.,The data tables at the start were confusing.,,,,,,Testing the water in the creek near us and finding what was in it.,1,,,"2,5,6,7",,,,An environmental scientist,3,2,,,,1,21,2,1,3,2,2,2,2,3,2,2,1,3,,,,,,,,,,,,,,,,,,,,,,,,,,"1,5",,2,,,,,,,,2,1,1,2,2,1,2,2,1,3,An environmental scientist,,,,,,,"4,5,6",,,,,,,,,,,,,,,,,,,,,,,,,,,,,,,,,,,,,,,,,,1,,4,"2,3,5,8",,4,,2,3,1,1,2,1,4,1,1,2,"23,26,27,28",2,The excursion where we surveyed the wetlands.,"2,3,5",,6,"3,4,5,6,7",,4,,3,4,2,1,2,2,5,3,1,"20,21,25","3,4,5",The excursion where we surveyed the wetlands.,Learning science can fix real problems in our own town.,2,,2,1,2,4,3,2,1,2,2,,,,,,,,,,,,,,,,2,1,1,2,2,2,3,1,2,Warrnambool West PS,3,,
2026-10-12 10:21:00,2026-10-12 10:42:19,IP Address,,100,1279,True,2026-10-12 10:42:23,R_MK0074166,,,,,,,anonymous,EN,6,2,2,,,29,19,,7,,1,2,,More field trips instead of classroom parts.,,,,More field trips instead of classroom parts.,,,Testing the water in the creek near us and finding what was in it.,"1,3",,The excursion where we surveyed the wetlands.,1,Testing the water in the creek near us and finding what was in it.,3,"4,5,7",,,Testing the water in the creek near us and finding what was in it.,An environmental scientist,3,1,,Testing the water in the creek near us and finding what was in it.,,1,5,2,2,1,1,1,1,2,1,1,3,2,1,,,,,,,,,,,,,,,,,,,,,,,,,,"2,5,7",,,,,1,"1,2,4,5,6",,,,1,2,3,1,2,2,3,2,2,2,A marine scientist,,,1,,"1,3,6,7",,"2,5,6",,"2,3,4",,4,"1,3,4,6,7",,3,,2,3,2,2,2,3,2,2,2,3,"20,23,25,27","2,4,5,6",Testing the water in the creek near us and finding what was in it.,,,,,,,,,,,,,,,,,,,,,,,,,,,,,,,,,,,,,,,,,"2,4",,11,"3,9",,2,,3,1,1,2,1,1,2,1,2,"21,27,28","1,6",Testing the water in the creek near us and finding what was in it.,Learning science can fix real problems in our own town.,1,,1,2,2,2,1,1,3,1,1,,,,,,,,,,,,,,,,1,2,1,1,2,2,1,2,2,Ararat SC,3,2,
2026-09-22 13:35:00,2026-09-22 13:43:49,IP Address,,100,529,True,2026-09-22 13:43:53,R_MK0075610,,,,,,,anonymous,EN,4,2,2,"1,2,3,4,5,6",,23,4,,,,2,1,Make it harder. Some of it we already knew.,,,,,Make it harder. Some of it we already knew.,"Getting to build something that actually worked, not just learn about it.","Getting to build something that actually worked, not just learn about it.",,,"1,2,5,6",,2,,4,"2,4,6",,The coding part. I do a bit at home but this was harder.,The coding part. I do a bit at home but this was harder.,A computer scientist,3,3,"Meeting the mentor who works in tech, I asked her heaps of questions.",,Make it harder. Some of it we already knew.,2,20,1,1,5,1,2,3,2,1,1,1,1,3,"3,5",,22,"4,5,9,10",,4,,1,1,2,2,1,5,1,1,1,2,"23,27","3,4,6","Meeting the mentor who works in tech, I asked her heaps of questions.",,,,,,"1,4,5,7",,,,,,,,"4,5",,1,2,1,2,1,2,1,2,1,1,A game developer,"1,4,6,8,9,11",,1,"Nothing really, but it went too fast.","2,6,7",,"1,5,6",,,,,,,,,,,,,,,,,,,,,,,,,,,,,,,,,,,,,,,,,,,,,,,,,,,,,,,,,,,,,,"1,2,5",,8,"4,6,7,9",,1,,1,1,5,2,2,1,2,1,2,"20,22,24,26","1,2,3,6",The coding part. I do a bit at home but this was harder.,"Meeting the mentor who works in tech, I asked her heaps of questions.",2,,1,2,1,1,1,2,3,1,3,,,,,,,,,,,,,,,,2,1,2,1,1,2,3,3,1,The coding part. I do a bit at home but this was harder.,7,1,
2026-10-01 10:33:00,2026-10-01 10:41:18,IP Address,,100,498,True,2026-10-01 10:41:22,R_MK0076339,,,,,,,anonymous,EN,3,2,2,1,,27,7,,20,,1,,"More time on the building, less on the planning.",,,,Make it harder. Some of it we already knew.,"Nothing really, but it went too fast.","Meeting the mentor who works in tech, I asked her heaps of questions.",The coding part. I do a bit at home but this was harder.,,,"1,2,5","Getting to build something that actually worked, not just learn about it.",2,,3,4,,"Getting to build something that actually worked, not just learn about it.","Meeting the mentor who works in tech, I asked her heaps of questions.",A computer scientist,3,2,"Meeting the mentor who works in tech, I asked her heaps of questions.",,"Nothing really, but it went too fast.",2,13,2,1,1,1,1,1,2,2,5,1,5,2,"3,4,5",,29,"1,2,4,5,6,10",,4,,2,2,2,2,1,1,2,1,2,1,"21,23,26,27","1,4,6","Getting to build something that actually worked, not just learn about it.",,,,,,"1,5,6",,"1,2,5",,,,,,"1,2,3,4",,2,5,1,4,2,2,2,5,2,1,A software engineer,"1,3,5,10",,,"Nothing really, but it went too fast.","2,5,7",,"1,4,5",,,,,,,,,,,,,,,,,,,,,,,,,,,,,,,,,,,,,,,,,,"2,3,4,5",,12,"2,6,7,8,9",,4,,3,1,2,2,2,3,3,1,1,1,"22,28","4,5,6","Meeting the mentor who works in tech, I asked her heaps of questions.","3,4",,9,"2,3,10",,4,,1,2,1,2,1,2,1,5,2,"21,23,24,25",4,"Meeting the mentor who works in tech, I asked her heaps of questions.",,,,,,,,,,,,,,,,,,,,,,,,,,,,2,5,1,1,5,1,1,1,1,Kangaroo Flat PS,1,,
2026-09-14 13:42:00,2026-09-14 14:07:38,IP Address,,100,1538,True,2026-09-14 14:07:42,R_MK0077852,,,,,,,anonymous,EN,6,2,2,,,22,9,,12,,2,2,,,,,,Longer so we could finish properly.,,,,,,Testing the water in the creek near us and finding what was in it.,2,,4,"2,5",,,,An environmental scientist,2,,,,,1,9,2,2,2,3,3,1,3,4,2,4,2,3,,,,,,,,,,,,,,,,,,,,,,,,,,"3,5,6",,,,,,,,,,,,,,,,,,,,Something protecting rivers,,,2,,"2,5,7",,5,,,,,,,,,,,,,,,,,,,,,,,,,,,,,,,,,,,,,,,,,,,,,,,,,,,,,,,,,,,,,,1,,5,"2,3,6,8,9",,4,,1,1,1,1,2,3,1,2,5,"20,21,22",3,The excursion where we surveyed the wetlands.,,,,,,,,,,,,,,,,,,,,,,,,,,,,1,2,4,1,5,3,1,1,2,,,2,
2026-09-29 15:15:00,2026-09-29 15:20:41,IP Address,,100,341,True,2026-09-29 15:20:45,R_MK0078416,,,,,,,anonymous,EN,4,2,2,,,25,9,,,,1,2,,,,,,More visits to the university.,,,,,,The mentor said she was first in her family to go to uni too.,3,,2,"1,6,7",,,"Going to the university campus, I'd never been to one.",Maybe an engineer,,3,,,,2,6,1,3,2,4,5,3,3,3,1,1,3,1,,,,,,,,,,,,,,,,,,,,,,,,,,"5,6",,,,,,,,,,2,5,3,1,1,1,2,1,3,2,Something with robots,,,1,,,,5,,,,,,,,,,,,,,,,,,,,,,,,,,,,,,,,,,,,,,,,,,,,,,,,,,,,,,,,,,,,,,3,,7,"1,3,5,8",,4,,1,3,2,2,3,2,4,1,2,"25,26,27",2,The mentor said she was first in her family to go to uni too.,,,,,,,,,,,,,,,,,,,,,,,,,,,,1,1,4,5,2,3,1,3,2,Emmanuel SC,4,,
2026-10-12 13:13:00,2026-10-12 13:44:34,IP Address,,100,1894,True,2026-10-12 13:44:38,R_MK0079495,,,,,,,anonymous,EN,1,2,2,,,26,4,,12,,1,2,,"Longer, and less talking in front of everyone at the end.",20,"Maybe explain the words at the start, I didn't know some of them.",,"Maybe explain the words at the start, I didn't know some of them.",,,Being in a small group where I wasn't scared to say the wrong thing.,"3,4,5,9",,I liked that we could test our own ideas even when they didn't work.,3,I liked that we could test our own ideas even when they didn't work.,,4,,,I liked that we could test our own ideas even when they didn't work.,A vet maybe,,2,,Doing the experiments myself instead of watching the teacher do it.,,,20,3,2,4,1,4,3,2,3,4,5,3,4,,,,,,,,,,,,,,,,,,,,,,,,,,"1,6,7",,,,Being in a small group where I wasn't scared to say the wrong thing.,2,"6,7",,,,2,2,4,1,2,2,1,1,1,4,A vet maybe,,,2,,2,,"2,3,5",,"2,3,5",,4,"3,6",,3,,3,2,2,1,3,3,3,2,5,2,"22,25",3,Doing the experiments myself instead of watching the teacher do it.,4,,18,"4,7",,3,,3,4,1,3,4,3,4,4,2,2,"23,28","1,2",Being in a small group where I wasn't scared to say the wrong thing.,,,,,,,,,,,,,,,,,,,,,5,,5,"1,2,6,10",,1,,2,2,2,1,2,2,1,1,3,"20,22,23,28","3,4,5,6",Being in a small group where I wasn't scared to say the wrong thing.,,,,,,,,,,,,,,,,,,,,,,,,,,,,4,3,3,3,1,1,5,3,2,Waurn Ponds PS,6,3,
2026-09-24 11:09:00,2026-09-24 11:15:36,IP Address,,71,396,False,2026-09-24 11:15:40,R_MK0080303,,,,,,,anonymous,EN,1,2,2,,,26,11,,5,,1,2,,More help with the maths parts.,,,,I would keep it the same but add more group work.,,,"Presenting our project, I liked explaining it to the parents.","1,7,8",,"Presenting our project, I liked explaining it to the parents.",2,"Presenting our project, I liked explaining it to the parents.",,5,,,"Finding out health jobs are STEM jobs, I thought STEM was just computers.",A nurse or maybe a doctor,,,,"Finding out health jobs are STEM jobs, I thought STEM was just computers.",,1,4,2,2,2,1,2,1,1,1,3,2,1,2,,,,,,,,,,,,,,,,,,,,,,,,,,"2,4,6",,,,,2,"5,6",,,,3,2,3,3,3,5,4,4,4,2,A nurse or maybe a doctor,,,2,,"2,3,4",,"2,5,6",,"2,5",,5,"4,5",,3,,1,4,1,2,1,4,2,2,4,2,20,"2,3,6","Finding out health jobs are STEM jobs, I thought STEM was just computers.",,,,,,,,,,,,,,,,,,,,,,,,,,,,,,,,,,,,,,,,,3,,13,"1,4,7",,2,,3,2,1,1,1,4,1,3,3,27,"2,4,6",Organising my group and working out who did what.,"Finding out health jobs are STEM jobs, I thought STEM was just computers.",1,,2,3,3,2,1,1,1,2,2,,,,,,,,,,,,,,,,2,2,2,2,3,4,3,2,1,Waurn Ponds PS,2,7,
2026-10-02 15:43:00,2026-10-02 15:53:00,IP Address,,100,600,True,2026-10-02 15:53:04,R_MK0081147,,,,,,,anonymous,EN,1,2,2,,,24,15,,,,1,3,,,22,More visits to the university.,"Nothing, it was good.","Explain things more at the start, I didn't understand the words.",,,,,,"Programming the robot to move on its own, I'd never done that.",3,,1,"4,6",,,The mentor said she was first in her family to go to uni too.,"I want to go to uni now, maybe engineering",1,3,,,,,17,4,2,3,2,1,1,3,2,1,2,5,1,,,,,,,,,,,,,,,,,,,,,,,,,,"3,6,7",,2,,The mentor said she was first in her family to go to uni too.,,,,,,2,2,1,2,2,3,2,3,2,3,Something with robots,,,2,,"5,6",,"3,4,5,6",,,,,,,,,,,,,,,,,,,,,,"1,3,5",,16,"2,4,7",,4,,2,3,2,5,3,3,3,2,2,2,"21,24,25","1,4,5","Going to the university campus, I'd never been to one.",4,,13,"3,4",,1,,2,2,2,1,2,2,2,2,1,2,"23,25,27",5,"Programming the robot to move on its own, I'd never done that.","4,5",,7,"1,2,3,5,9",,1,,1,1,1,3,3,1,3,5,1,"22,25,28",5,"Going to the university campus, I'd never been to one.","Programming the robot to move on its own, I'd never done that.",3,,4,4,2,1,2,1,5,2,1,,,,,,,,,,,,,,,,,,,,,,,,,Geelong West SC,1,,
2026-09-16 13:32:00,2026-09-16 13:47:50,IP Address,,100,950,True,2026-09-16 13:47:54,R_MK0082353,,,,,,,anonymous,EN,5,2,2,"2,3,4,5",,23,20,,5,,1,3,"More time on the building, less on the planning.",,,,,"More time on the building, less on the planning.","Meeting the mentor who works in tech, I asked her heaps of questions.","Meeting the mentor who works in tech, I asked her heaps of questions.",,,"2,3,5,6,7,9","Getting to build something that actually worked, not just learn about it.",1,,1,"1,4,5,6,7",,The coding part. I do a bit at home but this was harder.,,,3,2,The coding part. I do a bit at home but this was harder.,,"Nothing really, but it went too fast.",2,16,2,3,1,2,2,1,2,5,2,1,2,2,"1,2",,15,"1,2,3,8",,4,,1,5,1,2,2,2,2,1,1,1,"20,21,23,25,27,28","1,2,3","Meeting the mentor who works in tech, I asked her heaps of questions.",,,,,,"1,3,4",,,,,,,,"1,2,3,5",,2,2,1,3,3,2,1,2,1,1,,"1,4,11,12",,,"More time on the building, less on the planning.","3,5,7",,"1,5,6",,,,,,,,,,,,,,,,,,,,,,,,,,,,,,,,,,,,,,,,,,,,,,,,,,,,,,,,,,,,,,"1,2,3",,11,"1,2,3,9,10",,1,,1,2,2,1,1,1,1,3,2,"20,21,24,25,28","2,3,4,5,6",The coding part. I do a bit at home but this was harder.,The coding part. I do a bit at home but this was harder.,1,,1,2,2,1,3,2,1,2,2,,,,,,,,,,,,,,,,1,1,2,1,2,2,5,1,1,Traralgon East PS,6,,
2026-10-02 10:28:00,2026-10-02 10:45:26,IP Address,,100,1046,True,2026-10-02 10:45:30,R_MK0083978,,,,,,,anonymous,EN,1,2,2,"1,4",,28,11,,6,,1,2,More help with the maths parts.,,,,,Smaller steps for the graphs.,"Presenting our project, I liked explaining it to the parents.","Presenting our project, I liked explaining it to the parents.",,,6,"Finding out health jobs are STEM jobs, I thought STEM was just computers.",2,,3,"2,3,5",,"Finding out health jobs are STEM jobs, I thought STEM was just computers.","Finding out health jobs are STEM jobs, I thought STEM was just computers.","Something in health, I didn't know that was STEM",1,1,Organising my group and working out who did what.,,Smaller steps for the graphs.,1,7,3,2,2,1,1,3,3,2,4,2,1,2,"2,3",,16,"3,6,10",,3,,2,4,5,2,1,1,4,3,1,2,"20,22,23,28","2,3","Finding out health jobs are STEM jobs, I thought STEM was just computers.",,,,,,7,,,,,,,,"3,5",,3,2,2,2,4,3,4,3,3,1,"Something in health, I didn't know that was STEM","4,8,10",,,Smaller steps for the graphs.,3,,"1,5",,,,,,,,,,,,,,,,,,,,,,,,,,,,,,,,,,,,,,,,,,,,,,,,,,,,,,,,,,,,,,3,,8,"6,8,9",,3,,2,2,5,2,3,2,3,4,1,"20,25,26,27",5,Organising my group and working out who did what.,,,,,,,,,,,,,,,,,,,,,,,,,,,,1,3,5,2,2,3,1,1,4,Waurn Ponds PS,1,,
2026-09-15 09:59:00,2026-09-15 10:28:16,IP Address,,100,1756,True,2026-09-15 10:28:20,R_MK0084696,,,,,,,anonymous,EN,2,2,2,,,31,9,,7,,1,2,,,,,,"More tools, we had to share.",,,,,,We made something for our town that people could actually use.,1,,3,"1,2",,,Making the model with real tools. It felt like proper work.,Maybe an engineer,1,3,,,,1,22,1,2,1,2,3,2,3,2,1,1,5,2,,,,,,,,,,,,,,,,,,,,,,,,,,"3,6",,,,,,,,,,2,4,5,2,3,4,2,2,1,2,,,,2,,"3,5",,5,,,,,,,,,,,,,,,,,,,,,,,,,,,,,,,,,,,,,,,,,,,,,,,,,,,,,,,,,,,,,,"2,3,4,5",,10,"4,7,8,10",,1,,2,2,4,1,2,1,3,1,1,"23,26",3,"Using the 3D printer, I didn't know our school had one.",,,,,,,,,,,,,,,,,,,,,,,,,,,,2,1,2,1,3,2,2,1,1,Sebastopol PS,2,,
2026-10-07 15:29:00,2026-10-07 15:50:44,IP Address,,100,1304,True,2026-10-07 15:50:48,R_MK0085621,,,,,,,anonymous,EN,1,2,2,,,27,15,,20,,1,1,,,,,,More of the design side and less coding.,,,,,,"Designing how our project looked, not just how it worked.",1,,3,"2,7",,,Making the poster and the model together.,"A designer, maybe for apps",3,2,,,,1,,2,2,1,1,2,4,2,2,1,3,1,2,,,,,,,,,,,,,,,,,,,,,,,,,,"1,4,6",,,,,,,,,,3,1,1,4,5,1,3,1,1,4,An architect,,,1,,"3,7",,"5,7",,,,,,,,,,,,,,,,,,,,,,,,,,,,,,,,,,,,,,,,,,,,,,,,,,,,,,,,,,,,,,"2,4,5",,4,4,,2,,2,3,4,5,2,1,1,2,5,"23,26,28","2,5",Making the poster and the model together.,,,,,,,,,,,,,"Designing how our project looked, not just how it worked.",1,,2,1,1,1,2,5,1,2,3,,,,4,3,3,1,3,2,3,4,1,Bellarine PS,3,,
2026-10-08 09:44:00,2026-10-08 09:50:39,IP Address,,100,399,True,2026-10-08 09:50:43,R_MK0086215,,,,,,,anonymous,EN,1,2,2,,,25,11,,19,,1,1,,,,,,"More time on the building, less on the planning.",,,,,,"Getting to build something that actually worked, not just learn about it.",1,,3,"2,5,6",,,"Meeting the mentor who works in tech, I asked her heaps of questions.",A computer scientist,,2,,,,,10,1,2,2,2,1,2,1,3,2,4,2,1,,,,,,,,,,,,,,,,,,,,,,,,,,"2,4,5,7",,,,,,,,,,2,5,3,1,2,4,1,1,1,2,A game developer,,,1,,"1,2,5,6",,5,,,,,,,,,,,,,,,,,,,,,,,,,,,,,,,,,,,,,,,,,,,,,,,,,,,,,,,,,,,,,,"1,5",,14,"1,6,7,8,9",,4,,1,2,2,4,1,1,5,1,1,"20,21,23","1,3,6","Getting to build something that actually worked, not just learn about it.",,,,,,,,,,,,,,,,,,,,,,,,,,,,5,2,1,1,1,1,3,2,2,Waurn Ponds PS,2,,
2026-10-02 15:51:00,2026-10-02 16:19:36,IP Address,,100,1716,True,2026-10-02 16:19:40,R_MK0087910,,,,,,,anonymous,EN,2,2,2,"3,6,9",,24,15,,14,,1,3,More time to write up what we found.,,,,"Longer, and less talking in front of everyone at the end.","Longer, and less talking in front of everyone at the end.",I liked that we could test our own ideas even when they didn't work.,Being in a small group where I wasn't scared to say the wrong thing.,,,"2,4",I liked that we could test our own ideas even when they didn't work.,3,,,"2,3,4,5",,Being in a small group where I wasn't scared to say the wrong thing.,,A scientist,1,2,Being in a small group where I wasn't scared to say the wrong thing.,,"Longer, and less talking in front of everyone at the end.",2,19,3,4,1,2,3,1,1,3,2,1,2,3,"2,4",,23,"1,4,7",,1,,1,2,4,2,1,3,1,1,2,2,"22,26","1,2,3,6",I liked that we could test our own ideas even when they didn't work.,,,,,,5,,"1,2,4",,,,,,"4,5",,2,4,3,3,3,4,3,2,5,2,A vet maybe,"9,10",,2,More time to write up what we found.,7,,"1,4,5",,,,,,,,,,,,,,,,,,,,,,,,,,,,,,,,,,,,,,,,,,"4,5",,17,"2,5,7,9",,3,,2,1,3,4,2,1,3,4,1,1,24,4,I liked that we could test our own ideas even when they didn't work.,3,,11,"5,7,10",,4,,5,2,1,4,2,4,1,3,5,23,2,Being in a small group where I wasn't scared to say the wrong thing.,,,,,,,,,,,,,,,,,,,,,,,,,,,,,,,,,,,,,Sebastopol PS,3,,
2026-09-28 14:26:00,2026-09-28 14:50:35,IP Address,,100,1475,True,2026-09-28 14:50:39,R_MK0088956,,,,,,,anonymous,EN,5,2,2,"1,5,6,7",,30,11,,10,,1,3,"Explain things more at the start, I didn't understand the words.",,,,"Explain things more at the start, I didn't understand the words.","Nothing, it was good.","Programming the robot to move on its own, I'd never done that.","Programming the robot to move on its own, I'd never done that.",,,"4,5,6","Programming the robot to move on its own, I'd never done that.",2,,,"1,2,6,7",,"Programming the robot to move on its own, I'd never done that.",The mentor said she was first in her family to go to uni too.,"I want to go to uni now, maybe engineering",1,1,"Going to the university campus, I'd never been to one.",,"Nothing, it was good.",2,14,4,3,3,2,1,4,3,2,2,3,3,2,4,,24,"3,8,10",,4,,1,4,1,1,2,4,5,1,4,2,"22,25,27","1,2,4,5,6",The mentor said she was first in her family to go to uni too.,,,,,,"2,6",,"2,3",,,,,,5,,5,4,1,3,3,1,3,2,1,3,Maybe an engineer,"3,5,7,9,11",,2,"Explain things more at the start, I didn't understand the words.","2,4",,"1,4,5,7",,,,,,,,,,,,,,,,,,,,,,,,,,,,,,,,,,,,,,,,,,"3,4",,18,"2,6",,2,,1,2,5,1,1,2,1,2,2,4,"21,28",3,"Programming the robot to move on its own, I'd never done that.",3,,12,"1,4,6",,1,,4,2,1,2,1,2,2,4,2,"21,22,23,25",2,"Going to the university campus, I'd never been to one.",,,,,,,,,,,,,"Programming the robot to move on its own, I'd never done that.",1,,2,1,2,1,2,3,1,3,1,,,,2,1,2,1,2,3,1,1,3,Traralgon East PS,4,,
2026-09-16 09:32:00,2026-09-16 10:03:35,IP Address,,100,1895,True,2026-09-16 10:03:39,R_MK0089580,,,,,,,anonymous,EN,3,2,2,,,29,5,,9,,2,1,,,,,,I would add more art into it.,,,,,,"Designing how our project looked, not just how it worked.",2,,2,"2,3,6,7",,,,An architect,2,1,,,,,9,3,2,1,3,1,1,2,1,1,2,2,2,,,,,,,,,,,,,,,,,,,,,,,,,,3,,,,,,,,,,3,1,2,1,2,2,2,2,2,2,"A designer, maybe for apps",,,2,,"2,3,4",,5,,,,,,,,,,,,,,,,,,,,,,,,,,,,,,,,,,,,,,,,,,,,,,,,,,,,,,,,,,,,,,2,,10,"1,2,5,6",,2,,1,1,2,1,4,1,1,2,1,"25,28",1,"Designing how our project looked, not just how it worked.",,,,,,,,,,,,,,,,,,,,,,,,,,,,4,2,2,2,2,2,2,4,2,,,2,
2026-10-01 12:19:00,2026-10-01 12:32:23,IP Address,,100,803,True,2026-10-01 12:32:27,R_MK0090137,,,,,,,anonymous,EN,1,2,2,,,26,13,,19,,1,1,,,,,"More time on the building, less on the planning.","Nothing really, but it went too fast.",,,,,,The coding part. I do a bit at home but this was harder.,3,,,"5,6",,,The coding part. I do a bit at home but this was harder.,,2,1,,,,1,15,1,4,3,1,2,1,2,2,2,2,2,1,,,,,,,,,,,,,,,,,,,,,,,,,,"3,4,6,7",,3,,,,,,,,2,1,2,3,2,1,2,2,2,5,A software engineer,,,2,,"1,3,4,7",,"4,5",,,,,,,,,,,,,,,,,,,,,,,,,,,,,,,,,,,,,,,,,,"2,3,5",,12,"2,6,7,8,10",,3,,2,2,2,2,1,5,1,1,1,1,"21,22,23,26",5,"Meeting the mentor who works in tech, I asked her heaps of questions.",4,,6,"3,6,7,8,10",,4,,1,2,1,1,1,2,2,2,1,"22,28","1,5,6",The coding part. I do a bit at home but this was harder.,,,,,,,,,,,,,,,,,,,,,,,,,,,,1,2,4,2,1,2,2,2,5,Geelong West SC,1,,
2026-09-28 13:55:00,2026-09-28 14:19:31,IP Address,,24,1471,False,2026-09-28 14:19:35,R_MK0091311,,,,,,,anonymous,EN,1,2,2,,,28,19,,5,,1,1,,,20,"More time on the analysis, we rushed that bit.","Nothing much, it was well run.","Nothing much, it was well run.",,,,,,The research part where we had to find real evidence.,3,,3,"3,4,6,7",,,The research part where we had to find real evidence.,Medicine or research,1,1,,,,1,21,1,1,1,1,5,1,2,1,1,2,1,1,,,,,,,,,,,,,,,,,,,,,,,,,,5,,"1,2,3,5",,The research part where we had to find real evidence.,,,,,,3,1,2,5,1,2,2,1,2,2,Medicine or research,,,1,,"3,4,5,6",,"3,4,5,6",,,,,,,,,,,,,,,,,,,,,,"1,2,4,5",,15,"4,5,6,8",,3,,2,1,2,1,1,2,2,2,2,1,"20,22,24,26,27",3,Talking to the women in STEM about their actual day to day jobs.,4,,4,"2,3,5,6,7,8,9,10",,4,,2,1,1,1,1,1,1,2,1,1,"21,25,27","1,2,3,5",The research part where we had to find real evidence.,3,,11,"1,2,3,6,8,9,10",,1,,3,1,2,2,1,2,2,2,2,"20,23,26,28","1,2,3,4,6",Going deeper than we do in normal class.,Going deeper than we do in normal class.,2,,2,2,2,2,2,1,2,1,2,,,,,,,,,,,,,,,,1,2,1,3,1,2,2,1,2,Geelong West SC,2,,
2026-09-15 10:36:00,2026-09-15 10:59:14,IP Address,,100,1394,True,2026-09-15 10:59:18,R_MK0092763,,,,,,,anonymous,EN,1,2,2,,,25,13,,,,2,3,,,18,"Nothing much, it was well run.","Nothing much, it was well run.",Harder content for people who want it.,,,,,,The research part where we had to find real evidence.,2,,1,"1,2,4,5,6,7",,,The research part where we had to find real evidence.,A biomedical scientist,1,2,,,,,19,1,1,1,1,2,1,1,2,2,2,2,1,,,,,,,,,,,,,,,,,,,,,,,,,,"1,3,4,6",,"1,2,3,4",,The research part where we had to find real evidence.,,,,,,2,2,5,3,2,2,2,2,2,1,A biomedical scientist,,,1,,"1,2,3,4,5,6",,"3,4,5,6",,,,,,,,,,,,,,,,,,,,,,"2,3,4,5",,15,"3,4,9,10",,3,,1,1,1,1,1,1,1,1,1,2,"21,22,24,25,26","4,6",Talking to the women in STEM about their actual day to day jobs.,"1,3,4,5",,12,"2,4",,2,,3,1,1,2,2,1,1,1,1,2,"21,24,25,28","2,3,4,5",The research part where we had to find real evidence.,"3,4",,5,"3,7,8",,4,,1,2,2,2,1,1,2,5,1,"20,22,23,26,27,28",5,Going deeper than we do in normal class.,The research part where we had to find real evidence.,1,,2,2,2,1,2,1,2,1,1,,,,,,,,,,,,,,,,1,2,1,1,2,1,1,1,1,,,7,
2026-09-24 12:10:00,2026-09-24 12:19:15,IP Address,,100,555,True,2026-09-24 12:19:19,R_MK0093453,,,,,,,anonymous,EN,2,2,2,3,,23,5,,22,,1,1,"More equipment, we had to share one set.",Run it closer to us more often.,,,,"Better internet, ours dropped out during the online session.",Getting to do it here instead of travelling to the city.,The video call with the scientist who works with livestock.,The video call with the scientist who works with livestock.,2,"1,2,6",The video call with the scientist who works with livestock.,2,The video call with the scientist who works with livestock.,2,"5,7",,"Learning the science behind farming, which is what my family does.",,An agricultural scientist,1,1,Getting to do it here instead of travelling to the city.,Getting to do it here instead of travelling to the city.,"Better internet, ours dropped out during the online session.",1,17,3,1,2,2,3,2,1,2,2,3,3,2,2,,26,"1,2,5,8",,3,,1,1,3,2,1,1,1,1,1,2,"22,24,25,28","1,2,5","Learning the science behind farming, which is what my family does.",,,,,,"1,2,7",,,,,2,"3,5",,3,,2,1,2,1,3,4,1,2,1,3,Something with animals and science,"3,4,7,10,11",,2,"More equipment, we had to share one set.",,,"1,2,5,7",,"1,5",,6,"3,4,7",,4,,1,2,1,1,2,3,1,3,2,1,"22,27","1,3,5,6",Getting to do it here instead of travelling to the city.,,,,,,,,,,,,,,,,,,,,,,,,,,,,,,,,,,,,,,,,,"2,5",,10,"1,2,3,6",,1,,3,2,2,2,2,4,3,3,2,"20,25,28","1,6",Getting to do it here instead of travelling to the city.,,,,,,,,,,,,,"Learning the science behind farming, which is what my family does.",1,,1,2,4,3,2,1,2,1,2,,,,2,1,3,1,3,1,4,3,2,Ballarat East SC,4,2,
2026-10-06 10:38:00,2026-10-06 10:55:53,IP Address,,100,1073,True,2026-10-06 10:55:57,R_MK0094919,,,,,,,anonymous,EN,6,2,2,,,24,17,,8,,1,1,,,,,,More visits to the university.,,,,,,The mentor said she was first in her family to go to uni too.,3,,4,7,,,"Going to the university campus, I'd never been to one.",Maybe an engineer,,2,,,,2,4,2,3,3,1,4,3,3,4,5,2,2,4,,,,,,,,,,,,,,,,,,,,,,,,,,"3,5",,,,,,,,,,1,1,5,1,2,5,1,1,2,5,"I want to go to uni now, maybe engineering",,,2,,"1,3,4",,"5,7",,,,,,,,,,,,,,,,,,,,,,,,,,,,,,,,,,,,,,,,,,,,,,,,,,,,,,,,,,,,,,3,,9,"2,3,4,6",,1,,1,3,2,2,1,5,3,4,1,"21,23,26","3,4,5","Programming the robot to move on its own, I'd never done that.",,,,,,,,,,,,,"Programming the robot to move on its own, I'd never done that.",1,,5,5,2,1,1,2,1,1,5,,,,4,2,1,4,2,3,1,1,1,Ararat West PS,3,,
2026-09-14 14:52:00,2026-09-14 14:58:11,IP Address,,100,371,True,2026-09-14 14:58:15,R_MK0095964,,,,,,,anonymous,EN,2,2,2,7,,23,16,,5,,1,1,I would keep it the same but add more group work.,,,,,More help with the maths parts.,"Finding out health jobs are STEM jobs, I thought STEM was just computers.","Presenting our project, I liked explaining it to the parents.",,,"2,5","Finding out health jobs are STEM jobs, I thought STEM was just computers.",3,,2,,,"Presenting our project, I liked explaining it to the parents.","Presenting our project, I liked explaining it to the parents.",A nurse or maybe a doctor,3,,Organising my group and working out who did what.,,I would keep it the same but add more group work.,2,22,3,3,2,3,3,4,2,1,4,2,3,1,"2,3,5",,16,"4,5,7,8",,3,,2,4,5,1,4,1,2,2,4,3,22,"1,2,3,6",Organising my group and working out who did what.,,,,,,"1,2,3,6,7",,,,,,,,3,,3,1,3,3,3,4,1,4,4,1,A paramedic,"1,4,10,11",,2,I would keep it the same but add more group work.,4,,"1,5,6,7",,,,,,,,,,,,,,,,,,,,,,,,,,,,,,,,,,,,,,,,,,,,,,,,,,,,,,,,,,,,,,"3,5",,8,4,,2,,3,3,2,3,2,1,2,3,3,"21,25",3,"Presenting our project, I liked explaining it to the parents.","Presenting our project, I liked explaining it to the parents.",2,,4,2,2,3,3,1,4,1,2,Organising my group and working out who did what.,1,,4,1,5,1,3,2,2,1,1,,,,3,4,3,3,2,3,1,2,2,Wendouree PS,2,,
2026-09-27 15:58:00,2026-09-27 16:10:37,IP Address,,100,757,True,2026-09-27 16:10:41,R_MK0096937,,,,,,,anonymous,EN,3,2,2,4,,30,15,,17,,1,3,More field trips instead of classroom parts.,,21,The data tables at the start were confusing.,,Longer so we could finish properly.,The excursion where we surveyed the wetlands.,Learning science can fix real problems in our own town.,,,"1,8,9",,,,4,"1,4,5",,The excursion where we surveyed the wetlands.,Testing the water in the creek near us and finding what was in it.,A marine scientist,2,1,Learning science can fix real problems in our own town.,,Longer so we could finish properly.,,5,2,2,2,2,1,1,2,3,2,4,2,4,"1,4,5",,23,"3,5,10",,1,,3,1,2,1,2,1,2,1,1,5,"25,27,28","2,4,6",The excursion where we surveyed the wetlands.,,,,,,7,,,,Learning science can fix real problems in our own town.,,,,"3,5",,5,5,3,3,2,1,3,3,2,1,An environmental scientist,"1,3,6,11,12",,,The data tables at the start were confusing.,"1,6,7",,"1,3,5",,,,,,,,,,,,,,,,,,,,,,4,,22,"8,10",,3,,3,3,1,2,1,1,1,3,1,1,"22,23,24,25,26,28","1,3,4",Learning science can fix real problems in our own town.,,,,,,,,,,,,,,,,,,,,,"1,3,5",,11,"1,8,10",,2,,1,1,1,1,4,1,2,2,2,"21,22,25,26","1,4",The excursion where we surveyed the wetlands.,,,,,,,,,,,,,,,,,,,,,,,,,,,,1,3,1,2,3,5,2,2,1,Eaglehawk PS,5,,
2026-09-26 11:40:00,2026-09-26 12:11:09,IP Address,,100,1869,True,2026-09-26 12:11:13,R_MK0097752,,,,,,,anonymous,EN,1,2,2,,,28,8,,21,,1,,,,,,,"Maybe explain the words at the start, I didn't know some of them.",,,,,,I liked that we could test our own ideas even when they didn't work.,2,,1,"2,3",,,Being in a small group where I wasn't scared to say the wrong thing.,A scientist,3,3,,,,1,7,2,3,2,2,5,2,2,3,1,2,3,2,,,,,,,,,,,,,,,,,,,,,,,,,,"1,3,4,5",,,,,,,,,,4,3,2,3,3,2,5,2,1,3,Maybe a teacher,,,1,,,,5,,,,,,,,,,,,,,,,,,,,,,,,,,,,,,,,,,,,,,,,,,,,,,,,,,,,,,,,,,,,,,1,,5,"1,5,6",,1,,3,2,3,4,3,1,1,2,2,"23,26,28",4,I liked that we could test our own ideas even when they didn't work.,,,,,,,,,,,,,,,,,,,,,,,,,,,,,,,,,,,,,Geelong West SC,3,,
2026-09-27 09:53:00,2026-09-27 10:03:01,IP Address,,100,601,True,2026-09-27 10:03:05,R_MK0098943,,,,,,,anonymous,EN,1,4,2,,,27,7,,15,,2,3,,,20,More field trips instead of classroom parts.,,Longer so we could finish properly.,,,,,,The excursion where we surveyed the wetlands.,,,1,"1,2,6,7",,,Testing the water in the creek near us and finding what was in it.,Something protecting rivers,3,1,,,,1,20,2,3,1,1,1,1,2,2,1,1,2,3,,,,,,,,,,,,,,,,,,,,,,,,,,"1,2,3",,,,Learning science can fix real problems in our own town.,,,,,,1,2,1,1,1,2,1,3,2,1,A marine scientist,,,,,"1,5,7",,"3,5",,,,,,,,,,,,,,,,,,,,,,3,,23,"1,3,4,5,7,10",,4,,1,4,2,4,1,3,1,1,2,2,"20,22,24",6,The excursion where we surveyed the wetlands.,,,,,,,,,,,,,,,,,,,,,"1,3,4,5",,5,"1,2,3,5,8,9",,1,,2,2,2,1,1,2,2,2,1,"23,24,26","1,2,4,5",The excursion where we surveyed the wetlands.,,,,,,,,,,,,,,,,,,,,,,,,,,,,1,1,4,1,2,2,3,3,1,,,7,
2026-09-21 12:14:00,2026-09-21 12:28:17,IP Address,,100,857,True,2026-09-21 12:28:21,R_MK0099352,,,,,,,anonymous,EN,1,2,2,,,31,14,,6,,1,3,,,,,,"Better internet, ours dropped out during the online session.",,,,,,"Learning the science behind farming, which is what my family does.",,,,6,,,"Learning the science behind farming, which is what my family does.",Something with animals and science,2,3,,,,1,4,3,2,3,1,2,4,3,3,3,1,1,2,,,,,,,,,,,,,,,,,,,,,,,,,,"1,3,4,5,6",,,,,,,,,,2,3,3,1,1,1,2,1,2,2,An agricultural scientist,,,1,,"3,5",,5,,,,,,,,,,,,,,,,,,,,,,,,,,,,,,,,,,,,,,,,,,,,,,,,,,,,,,,,,,,,,,"3,5",,10,"3,6,8,10",,2,,1,2,4,2,5,1,2,1,4,"20,27,28","3,6",Getting to do it here instead of travelling to the city.,,,,,,,,,,,,,,,,,,,,,,,,,,,,1,3,2,4,2,3,2,1,3,Bellarine PS,3,,
2026-10-12 12:06:00,2026-10-12 12:32:50,IP Address,,100,1610,True,2026-10-12 12:32:54,R_MK0100283,,,,,,,anonymous,EN,2,2,2,"2,3,7,9",,24,16,,11,,1,3,"More tools, we had to share.",,,,,Less sitting down at the start before we got to build.,We made something for our town that people could actually use.,"Using the 3D printer, I didn't know our school had one.",,,"1,4,5,7",We made something for our town that people could actually use.,,,2,4,,"Using the 3D printer, I didn't know our school had one.",We made something for our town that people could actually use.,A carpenter or an engineer,1,3,We made something for our town that people could actually use.,,"More tools, we had to share.",2,22,2,2,2,3,4,3,3,4,3,2,4,3,4,,25,"7,10",,2,,2,3,1,4,2,3,2,3,3,2,"20,21,22,25,27","1,3,4,6","Using the 3D printer, I didn't know our school had one.",,,,,,3,,,,,,,,"1,5",,2,2,2,2,2,3,2,3,1,2,Something where I build things,"1,5,6,11,12",,2,"More tools, we had to share.","5,6,7",,"1,5,6",,,,,,,,,,,,,,,,,,,,,,,,,,,,,,,,,,,,,,,,,,,,,,,,,,,,,,,,,,,,,,5,,14,"1,3,4,7",,2,,2,2,2,1,1,2,5,1,2,"24,25,27",2,Making the model with real tools. It felt like proper work.,"Using the 3D printer, I didn't know our school had one.",2,,2,3,4,5,3,3,3,2,1,,,,,,,,,,,,,,,,2,3,2,1,2,3,3,3,2,Sebastopol PS,6,,
2026-09-14 15:33:00,2026-09-14 15:56:41,IP Address,,100,1421,True,2026-09-14 15:56:45,R_MK0101149,,,,,,,anonymous,EN,4,2,2,,,28,17,,15,,1,2,,Let us pick our own groups.,20,Let us pick our own groups.,"Shorter instructions, they were too long.",More choice about what we do.,,,"Making a game, I didn't know you could learn that at school.","1,8",,"Making a game, I didn't know you could learn that at school.",2,"It wasn't like normal school, we chose what our project was about.",4,"1,3,4",,,"Making a game, I didn't know you could learn that at school.",Something with computers,1,,,"Making a game, I didn't know you could learn that at school.",,1,6,2,4,4,3,4,1,5,2,2,3,2,3,,,,,,,,,,,,,,,,,,,,,,,,,,6,,2,,"It wasn't like normal school, we chose what our project was about.",1,"2,7",,,,2,2,3,4,2,2,3,4,3,2,I didn't think about it before but maybe IT,,,2,,"1,2,3",,"2,3,4,5",,"2,4",,11,9,,3,,2,3,1,2,3,2,2,3,3,4,"20,22","1,4,5,6",The teachers actually listened to our ideas.,3,,15,"6,10",,1,,2,3,3,3,2,4,1,1,2,3,"20,21,26","2,3,6",The teachers actually listened to our ideas.,5,,9,"3,4,5,7,8",,4,,1,4,1,1,2,2,3,2,2,4,21,3,"Making a game, I didn't know you could learn that at school.",4,,11,"4,5,10",,2,,2,3,2,2,1,2,2,2,2,"20,23,24",1,"It wasn't like normal school, we chose what our project was about.",,,,,,,,,,,,,,,,,,,,,,,,,,,,1,3,2,2,2,4,3,2,2,Emmanuel SC,1,7,
2026-10-08 10:29:00,2026-10-08 10:49:23,IP Address,,100,1223,True,2026-10-08 10:49:27,R_MK0102812,,,,,,,anonymous,EN,1,2,2,,,31,4,,14,,1,,,,19,Run it closer to us more often.,,"More equipment, we had to share one set.",,,,,,Getting to do it here instead of travelling to the city.,1,,3,"4,7",,,Getting to do it here instead of travelling to the city.,An agricultural scientist,2,1,,,,2,17,2,2,2,2,1,3,1,3,3,1,1,3,,,,,,,,,,,,,,,,,,,,,,,,,,"1,6",,,,"Learning the science behind farming, which is what my family does.",,,,,,2,2,1,2,2,1,4,2,2,3,An agricultural scientist,,,1,,"1,4,6",,"3,5,6,7",,,,,,,,,,,,,,,,,,,,,,4,,22,"1,2,3,7,9",,4,,3,1,1,2,2,1,1,2,1,3,"21,22,24,25","2,3,5,6","Learning the science behind farming, which is what my family does.",,,,,,,,,,,,,,,,,,,,,"4,5",,8,"3,5,7,10",,1,,2,2,2,5,3,2,2,1,3,"21,22,23,26,27",4,The video call with the scientist who works with livestock.,The video call with the scientist who works with livestock.,2,,1,2,2,3,1,1,2,1,2,"Learning the science behind farming, which is what my family does.",1,,1,3,2,5,1,1,2,1,1,,,,2,2,2,2,1,3,1,2,4,Waurn Ponds PS,1,,
2026-09-17 14:12:00,2026-09-17 14:27:40,IP Address,,100,940,True,2026-09-17 14:27:44,R_MK0103239,,,,,,,anonymous,EN,1,2,2,,,21,11,,17,,1,1,,,20,Harder content for people who want it.,,"Nothing much, it was well run.",,,,,,The research part where we had to find real evidence.,1,,4,,,,Going deeper than we do in normal class.,Medicine or research,1,3,,,,2,22,2,1,5,2,2,1,2,1,1,1,1,2,,,,,,,,,,,,,,,,,,,,,,,,,,"2,5,6",,,,Talking to the women in STEM about their actual day to day jobs.,,,,,,3,2,1,5,2,2,2,2,5,1,A biomedical scientist,,,1,,"2,6,7",,"3,5",,,,,,,,,,,,,,,,,,,,,,"1,2,3,4",,4,"4,5,8",,2,,1,1,2,2,1,1,1,1,1,4,"21,22,23,25,26,27,28","1,3,6",Talking to the women in STEM about their actual day to day jobs.,,,,,,,,,,,,,,,,,,,,,"1,2,3,4,5",,14,"4,5,6,10",,1,,2,1,1,3,2,1,1,2,1,"21,22,25","1,2,4,6",Talking to the women in STEM about their actual day to day jobs.,,,,,,,,,,,,,,,,,,,,,,,,,,,,1,1,1,2,1,2,1,5,2,Waurn Ponds PS,2,,
2026-09-20 11:32:00,2026-09-20 11:45:33,IP Address,,47,813,False,2026-09-20 11:45:37,R_MK0104576,,,,,,,anonymous,EN,1,2,2,,,29,14,,12,,2,3,,,,,,More visits to the university.,,,,,,The mentor said she was first in her family to go to uni too.,3,,4,2,,,,Something with robots,3,2,,,,1,20,2,2,2,3,3,1,1,2,3,5,1,3,,,,,,,,,,,,,,,,,,,,,,,,,,"2,5,7",,,,,,,,,,3,1,4,2,3,1,2,2,4,3,Something with robots,,,1,,"1,2",,"5,6",,,,,,,,,,,,,,,,,,,,,,,,,,,,,,,,,,,,,,,,,,,,,,,,,,,,,,,,,,,,,,1,,7,"2,3,6,7,10",,2,,5,4,3,2,1,2,3,1,4,"21,22,25,27",2,"Going to the university campus, I'd never been to one.",The mentor said she was first in her family to go to uni too.,1,,2,5,4,5,1,2,3,2,3,,,,,,,,,,,,,,,,1,3,3,4,1,4,2,1,1,,,3,
2026-10-01 10:38:00,2026-10-01 11:03:16,IP Address,,100,1516,True,2026-10-01 11:03:20,R_MK0105158,,,,,,,anonymous,EN,1,2,2,,,25,18,,22,,1,1,,,,,,"More time on the building, less on the planning.",,,,,,"Meeting the mentor who works in tech, I asked her heaps of questions.",2,,4,"3,4,7",,,"Meeting the mentor who works in tech, I asked her heaps of questions.",A software engineer,2,3,,,,1,14,2,2,1,1,1,1,1,1,1,1,5,2,,,,,,,,,,,,,,,,,,,,,,,,,,"1,6",,,,,,,,,,2,2,2,1,2,1,1,2,3,2,A software engineer,,,2,,"3,6",,5,,,,,,,,,,,,,,,,,,,,,,,,,,,,,,,,,,,,,,,,,,,,,,,,,,,,,,,,,,,,,,2,,7,"4,7,8,10",,1,,2,1,1,2,1,5,1,2,2,"21,23,25,26","2,3,4,5,6","Getting to build something that actually worked, not just learn about it.",,,,,,,,,,,,,,,,,,,,,,,,,,,,2,2,2,1,2,2,2,2,1,Corio North PS,2,,
2026-09-25 15:10:00,2026-09-25 15:24:06,IP Address,,100,846,True,2026-09-25 15:24:10,R_MK0106246,,,,,,,anonymous,EN,3,2,2,,,27,16,,14,,2,1,,,,,,More choice about what we do.,,,,,,"Making a game, I didn't know you could learn that at school.",3,,1,"2,7",,,The teachers actually listened to our ideas.,I didn't think about it before but maybe IT,,3,,,,1,9,2,2,3,4,3,5,4,4,2,3,3,2,,,,,,,,,,,,,,,,,,,,,,,,,,5,,,,,,,,,,3,2,2,4,4,4,1,3,2,4,Something with computers,,,2,,7,,5,,,,,,,,,,,,,,,,,,,,,,,,,,,,,,,,,,,,,,,,,,,,,,,,,,,,,,,,,,,,,,"1,2,4",,14,"1,4,6,7",,2,,3,4,4,1,4,4,1,3,3,"22,26","2,3","It wasn't like normal school, we chose what our project was about.",,,,,,,,,,,,,,,,,,,,,,,,,,,,1,5,3,2,3,2,1,4,4,,,7,
2026-10-10 12:09:00,2026-10-10 12:14:51,IP Address,,100,351,True,2026-10-10 12:14:55,R_MK0107225,,,,,,,anonymous,EN,1,2,2,,,23,19,,20,,1,,,,,,,"Nothing really, but it went too fast.",,,,,,"Getting to build something that actually worked, not just learn about it.",3,,3,"2,3,7",,,The coding part. I do a bit at home but this was harder.,A game developer,2,2,,,,,12,1,1,2,1,2,1,2,2,1,1,1,5,,,,,,,,,,,,,,,,,,,,,,,,,,"6,7",,,,,,,,,,2,1,1,1,1,2,1,2,5,1,A software engineer,,,1,,"2,3,6,7",,"5,6",,,,,,,,,,,,,,,,,,,,,,,,,,,,,,,,,,,,,,,,,,,,,,,,,,,,,,,,,,,,,,"1,3,4",,5,"1,3,6,7,10",,4,,2,2,1,1,2,1,2,2,4,"20,23,24,28","1,2,3,4,5","Meeting the mentor who works in tech, I asked her heaps of questions.","Getting to build something that actually worked, not just learn about it.",3,,5,1,5,1,2,3,1,1,2,,,,,,,,,,,,,,,,1,2,2,2,1,1,2,3,1,Bellarine PS,1,,
2026-09-24 10:40:00,2026-09-24 10:45:23,IP Address,,100,323,True,2026-09-24 10:45:27,R_MK0108104,,,,,,,anonymous,EN,4,2,2,,,25,5,,19,,2,1,,,,,,"More tools, we had to share.",,,,,,We made something for our town that people could actually use.,,,4,"2,3,4",,,We made something for our town that people could actually use.,Maybe an engineer,3,2,,,,,4,5,2,2,2,2,2,4,4,3,2,2,1,,,,,,,,,,,,,,,,,,,,,,,,,,2,,,,,,,,,,2,2,4,1,3,1,2,3,2,2,,,,2,,"3,4,5,6,7",,"5,6",,,,,,,,,,,,,,,,,,,,,,,,,,,,,,,,,,,,,,,,,,,,,,,,,,,,,,,,,,,,,,5,,6,"1,4,7,9",,2,,2,5,1,1,2,3,1,4,3,"21,27","2,4,5","Using the 3D printer, I didn't know our school had one.","Using the 3D printer, I didn't know our school had one.",1,,3,4,2,4,3,2,1,1,1,,,,,,,,,,,,,,,,,,,,,,,,,,,4,
2026-09-25 12:23:00,2026-09-25 12:51:07,IP Address,,100,1687,True,2026-09-25 12:51:11,R_MK0109331,,,,,,,anonymous,EN,1,2,2,,,21,6,,,,2,2,,"Nothing much, it was well run.",,,,Harder content for people who want it.,,,Going deeper than we do in normal class.,"1,7",,Going deeper than we do in normal class.,1,Talking to the women in STEM about their actual day to day jobs.,2,"3,6,7",,,The research part where we had to find real evidence.,A doctor,2,2,,Talking to the women in STEM about their actual day to day jobs.,,2,13,1,2,1,2,1,5,1,2,2,2,1,1,,,,,,,,,,,,,,,,,,,,,,,,,,7,,,,,2,"3,5,6",,,,2,2,2,2,3,3,1,2,5,3,A doctor,,,1,,"1,2,4",,"2,5,7",,"2,3",,14,"3,6,9",,3,,3,2,1,1,2,2,2,2,1,2,"21,23,25,27,28","3,5",The research part where we had to find real evidence.,,,,,,,,,,,,,,,,,,,,,,,,,,,,,,,,,,,,,,,,,"1,4,5",,9,"1,4,5,6,8,9",,2,,1,1,1,1,1,1,1,3,2,"20,25,26,28","1,5,6",Talking to the women in STEM about their actual day to day jobs.,,,,,,,,,,,,,The research part where we had to find real evidence.,1,,1,1,1,2,2,1,2,2,3,,,,1,1,2,1,2,2,1,2,1,,,3,
2026-09-20 12:16:00,2026-09-20 12:34:13,IP Address,,100,1093,True,2026-09-20 12:34:17,R_MK0110459,,,,,,,anonymous,EN,6,2,2,,,23,17,,6,,2,3,,,22,"Longer, and less talking in front of everyone at the end.",,More time to write up what we found.,,,,,,I liked that we could test our own ideas even when they didn't work.,1,,2,"2,3",,,Being in a small group where I wasn't scared to say the wrong thing.,A scientist,3,3,,,,2,20,1,4,5,3,5,4,1,2,3,2,1,3,,,,,,,,,,,,,,,,,,,,,,,,,,"1,6",,,,I liked that we could test our own ideas even when they didn't work.,,,,,,1,2,4,2,1,3,3,1,3,4,,,,2,,"1,3,7",,"3,5",,,,,,,,,,,,,,,,,,,,,,"1,3,4,5",,22,"2,3,9,10",,2,,3,2,2,2,2,2,3,3,1,3,23,"3,6",Being in a small group where I wasn't scared to say the wrong thing.,,,,,,,,,,,,,,,,,,,,,"2,3,5",,5,10,,1,,5,1,3,1,2,2,3,3,4,"22,23,24",1,I liked that we could test our own ideas even when they didn't work.,,,,,,,,,,,,,,,,,,,,,,,,,,,,1,1,2,3,4,1,2,3,1,,,6,
2026-09-25 09:43:00,2026-09-25 09:59:01,IP Address,,100,961,True,2026-09-25 09:59:05,R_MK0111949,,,,,,,anonymous,EN,5,2,2,,,29,13,,7,,1,,,,,,,Let us pick our own groups.,,,,,,"Making a game, I didn't know you could learn that at school.",1,,1,7,,,The teachers actually listened to our ideas.,Something with computers,1,3,,,,2,18,3,4,4,4,2,3,3,4,2,3,4,2,,,,,,,,,,,,,,,,,,,,,,,,,,3,,,,,,,,,,2,1,5,2,2,2,5,5,2,1,,,,,,4,,"5,6,7",,,,,,,,,,,,,,,,,,,,,,,,,,,,,,,,,,,,,,,,,,,,,,,,,,,,,,,,,,,,,,"2,5",,7,3,,3,,3,2,2,4,2,4,2,3,1,"22,28","1,2,3,5,6","It wasn't like normal school, we chose what our project was about.","Making a game, I didn't know you could learn that at school.",2,,4,3,4,1,4,3,3,4,2,The teachers actually listened to our ideas.,1,,3,3,4,5,3,4,3,4,2,,,,4,1,3,2,2,2,5,2,1,Latrobe Valley SC,3,,
2026-10-12 12:34:00,2026-10-12 12:42:58,IP Address,,100,538,True,2026-10-12 12:43:02,R_MK0112469,,,,,,,anonymous,EN,2,2,2,,,22,18,,9,,1,3,,"Longer, and less talking in front of everyone at the end.",,,,"Longer, and less talking in front of everyone at the end.",,,Being in a small group where I wasn't scared to say the wrong thing.,"6,8",,I liked that we could test our own ideas even when they didn't work.,1,Doing the experiments myself instead of watching the teacher do it.,3,,,,I liked that we could test our own ideas even when they didn't work.,Maybe a teacher,1,1,,I liked that we could test our own ideas even when they didn't work.,,2,18,1,4,4,2,1,3,3,1,2,3,2,4,,,,,,,,,,,,,,,,,,,,,,,,,,7,,,,,2,"3,4",,,,,,,,,,,,,,Maybe a teacher,,,2,,"2,4,7",,"2,5,7",,"1,2",,7,5,,2,,2,1,3,1,4,5,1,1,3,1,"20,26",4,Being in a small group where I wasn't scared to say the wrong thing.,,,,,,,,,,,,,,,,,,,,,,,,,,,,,,,,,,,,,,,,,"2,4",,14,"2,9",,2,,2,2,4,3,3,1,2,1,2,"21,25","3,5,6",Doing the experiments myself instead of watching the teacher do it.,,,,,,,,,,,,,I liked that we could test our own ideas even when they didn't work.,1,,2,2,2,2,2,2,3,2,3,,,,,,,,,,,,,Ballarat East SC,1,4,
2026-09-27 10:48:00,2026-09-27 11:00:51,IP Address,,100,771,True,2026-09-27 11:00:55,R_MK0113272,,,,,,,anonymous,EN,5,2,2,,,23,5,,,,1,2,,"More time on the building, less on the planning.",,,,"Nothing really, but it went too fast.",,,The coding part. I do a bit at home but this was harder.,"3,4,5,8",,"Getting to build something that actually worked, not just learn about it.",2,The coding part. I do a bit at home but this was harder.,2,"1,2,5,6",,,The coding part. I do a bit at home but this was harder.,A game developer,3,1,,The coding part. I do a bit at home but this was harder.,,2,19,3,2,2,2,2,5,3,1,2,2,3,1,,,,,,,,,,,,,,,,,,,,,,,,,,"1,2,3,4,5,7",,,,,1,"1,2,3",,,,1,2,3,1,1,2,2,5,2,1,A computer scientist,,,2,,"3,5,6",,"2,5,6,7",,"3,4,5",,14,"4,7,8,9,10",,1,,3,1,1,1,2,1,2,1,1,1,"20,21,24,25,28","1,4,6","Getting to build something that actually worked, not just learn about it.",,,,,,,,,,,,,,,,,,,,,,,,,,,,,,,,,,,,,,,,,"3,4,5",,13,"1,2,3,4,7,8",,4,,1,1,2,2,2,2,1,1,2,"20,24,25,28","2,5,6","Getting to build something that actually worked, not just learn about it.","Getting to build something that actually worked, not just learn about it.",2,,1,2,1,5,2,1,1,1,1,"Getting to build something that actually worked, not just learn about it.",1,,1,1,1,1,1,1,2,3,1,,,,1,2,1,1,2,2,1,1,1,Traralgon East PS,3,7,
2026-10-06 15:52:00,2026-10-06 16:00:45,IP Address,,100,525,True,2026-10-06 16:00:49,R_MK0114454,,,,,,,anonymous,EN,1,2,2,,,31,8,,19,,1,1,,,18,Run it closer to us more often.,,Run it closer to us more often.,,,,,,The video call with the scientist who works with livestock.,1,,4,"2,3",,,,Something with animals and science,3,1,,,,2,5,5,3,1,1,3,1,3,2,2,1,1,1,,,,,,,,,,,,,,,,,,,,,,,,,,4,,,,The video call with the scientist who works with livestock.,,,,,,1,1,2,3,2,3,3,2,1,3,A vet,,,2,,,,"3,5,6",,,,,,,,,,,,,,,,,,,,,,"2,4",,21,"3,5",,4,,2,1,5,1,3,3,2,3,2,2,"20,21,24,25","1,2,6",The video call with the scientist who works with livestock.,,,,,,,,,,,,,,,,,,,,,5,,9,"6,7,8,10",,3,,1,2,2,2,4,2,1,2,2,"21,23","2,3,5,6","Learning the science behind farming, which is what my family does.",Getting to do it here instead of travelling to the city.,2,,1,2,2,1,1,1,3,2,2,,,,,,,,,,,,,,,,1,1,5,3,1,1,2,1,1,Geelong West SC,3,,
2026-09-18 14:16:00,2026-09-18 14:43:48,IP Address,,100,1668,True,2026-09-18 14:43:52,R_MK0115604,,,,,,,anonymous,EN,1,2,2,,,22,7,,,,1,2,,,,,,Harder content for people who want it.,,,,,,Going deeper than we do in normal class.,1,,2,"3,5,6,7",,,Going deeper than we do in normal class.,Medicine or research,2,,,,,2,,1,1,2,2,2,2,1,2,2,2,1,1,,,,,,,,,,,,,,,,,,,,,,,,,,"1,3,5",,,,,,,,,,1,2,2,5,2,2,2,5,2,1,A biomedical scientist,,,2,,"1,6,7",,5,,,,,,,,,,,,,,,,,,,,,,,,,,,,,,,,,,,,,,,,,,,,,,,,,,,,,,,,,,,,,,"1,2,3",,13,"4,5,7",,4,,2,2,1,1,1,5,2,1,1,"20,22,25,26,27,28","1,2,4,5,6",Talking to the women in STEM about their actual day to day jobs.,,,,,,,,,,,,,,,,,,,,,,,,,,,,2,1,1,5,1,2,1,2,1,Corio North PS,1,,
2026-09-27 13:01:00,2026-09-27 13:29:57,IP Address,,100,1737,True,2026-09-27 13:30:01,R_MK0116613,,,,,,,anonymous,EN,1,2,2,,,27,18,,19,,1,2,,,,,,"More time on the building, less on the planning.",,,,,,"Getting to build something that actually worked, not just learn about it.",3,,1,"1,2,4,5,6,7",,,"Getting to build something that actually worked, not just learn about it.",,1,1,,,,1,15,2,1,1,2,1,2,2,2,2,3,2,1,,,,,,,,,,,,,,,,,,,,,,,,,,"1,3,4",,,,,,,,,,2,2,1,3,2,1,1,3,2,2,A game developer,,,2,,,,5,,,,,,,,,,,,,,,,,,,,,,,,,,,,,,,,,,,,,,,,,,,,,,,,,,,,,,,,,,,,,,"1,5",,6,"3,6,9,10",,4,,1,2,2,2,2,1,1,2,1,"21,22,25,27,28","1,2,3,4,5,6","Getting to build something that actually worked, not just learn about it.",,,,,,,,,,,,,,,,,,,,,,,,,,,,2,2,2,2,2,1,1,1,1,Bellarine PS,1,,
2026-09-21 13:28:00,2026-09-21 13:59:39,IP Address,,24,1899,False,2026-09-21 13:59:43,R_MK0117837,,,,,,,anonymous,EN,6,2,2,,,25,15,,11,,1,2,,"Explain things more at the start, I didn't understand the words.",,,,"Nothing, it was good.",,,The mentor said she was first in her family to go to uni too.,"2,4,8,9",,"Going to the university campus, I'd never been to one.",1,"Programming the robot to move on its own, I'd never done that.",2,"1,3,6",,,,Maybe an engineer,2,1,,"Going to the university campus, I'd never been to one.",,1,19,4,2,3,3,4,3,3,5,4,2,2,1,,,,,,,,,,,,,,,,,,,,,,,,,,1,,,,,2,"4,5,6",,,,2,1,5,4,2,2,3,3,3,2,Something with robots,,,2,,"2,5",,"2,5",,"1,4",,12,"1,2,6,7",,1,,2,5,2,3,1,2,4,1,3,3,"23,28",5,"Programming the robot to move on its own, I'd never done that.",,,,,,,,,,,,,,,,,,,,,,,,,,,,,,,,,,,,,,,,,"1,3,4",,10,"4,6",,1,,1,3,3,4,4,1,1,4,4,"21,22",1,The mentor said she was first in her family to go to uni too.,,,,,,,,,,,,,,,,,,,,,,,,,,,,2,2,3,2,1,2,2,3,1,Pyrenees PS,3,5,
2026-09-18 10:24:00,2026-09-18 10:42:17,IP Address,,100,1097,True,2026-09-18 10:42:21,R_MK0118679,,,,,,,anonymous,EN,1,2,2,,,23,17,,7,,1,3,,,,,,More time to write up what we found.,,,,,,Being in a small group where I wasn't scared to say the wrong thing.,3,,3,,,,Being in a small group where I wasn't scared to say the wrong thing.,,2,3,,,,,4,2,3,3,2,4,4,1,3,3,1,3,3,,,,,,,,,,,,,,,,,,,,,,,,,,"1,7",,,,,,,,,,3,1,5,4,3,1,3,5,3,1,Maybe a teacher,,,2,,"2,5",,5,,,,,,,,,,,,,,,,,,,,,,,,,,,,,,,,,,,,,,,,,,,,,,,,,,,,,,,,,,,,,,"3,4,5",,9,"1,4,8,10",,2,,1,4,3,3,2,4,4,4,3,"20,23,27",4,Doing the experiments myself instead of watching the teacher do it.,,,,,,,,,,,,,,,,,,,,,,,,,,,,,,,,,,,,,Corio North PS,2,,
2026-09-14 11:33:00,2026-09-14 11:50:37,IP Address,,100,1057,True,2026-09-14 11:50:41,R_MK0119428,,,,,,,anonymous,EN,1,2,2,2,,29,9,,6,,1,1,"Shorter instructions, they were too long.",,19,"Shorter instructions, they were too long.",,More choice about what we do.,The teachers actually listened to our ideas.,The teachers actually listened to our ideas.,,,6,"It wasn't like normal school, we chose what our project was about.",,,1,"1,3,5",,"It wasn't like normal school, we chose what our project was about.","It wasn't like normal school, we chose what our project was about.",I didn't think about it before but maybe IT,3,3,The teachers actually listened to our ideas.,,Let us pick our own groups.,2,4,4,3,2,4,2,2,3,2,1,3,4,4,"1,4",,24,"1,4,8",,4,,3,5,2,3,2,3,4,1,4,3,27,"1,3",The teachers actually listened to our ideas.,,,,,,"5,6",,,,"Making a game, I didn't know you could learn that at school.",,,,"1,4",,4,1,3,4,3,3,5,1,4,2,I didn't think about it before but maybe IT,12,,,More choice about what we do.,"1,4",,"1,3,5,7",,,,,,,,,,,,,,,,,,,,,,"1,5",,20,"1,4,6",,3,,3,3,2,3,4,5,3,3,2,1,21,"4,5,6","Making a game, I didn't know you could learn that at school.",,,,,,,,,,,,,,,,,,,,,3,,10,7,,4,,2,2,1,4,3,1,4,2,2,23,"1,2,6","Making a game, I didn't know you could learn that at school.",,,,,,,,,,,,,"Making a game, I didn't know you could learn that at school.",1,,3,3,2,3,5,4,1,3,3,,,,,,,,,,,,,Geelong West SC,1,,
2026-09-22 13:19:00,2026-09-22 13:26:16,IP Address,,100,436,True,2026-09-22 13:26:20,R_MK0120513,,,,,,,anonymous,EN,1,2,2,"1,5,6,7",,30,8,,22,,1,1,"Nothing, it was good.",,,,,More visits to the university.,"Programming the robot to move on its own, I'd never done that.","Going to the university campus, I'd never been to one.",,,"3,5,7","Going to the university campus, I'd never been to one.",1,,3,"2,3,4,6",,"Going to the university campus, I'd never been to one.",The mentor said she was first in her family to go to uni too.,,1,,"Going to the university campus, I'd never been to one.",,"Nothing, it was good.",1,12,1,1,2,2,2,1,3,3,5,1,1,2,3,,24,"1,2,7,8",,2,,1,2,1,2,2,1,1,2,1,2,"21,23,24,28","4,6","Going to the university campus, I'd never been to one.",,,,,,"6,7",,,,,,,,"1,3",,4,4,2,1,1,2,2,2,1,1,"I want to go to uni now, maybe engineering","4,5,6,10",,2,"Explain things more at the start, I didn't understand the words.","2,4,7",,"1,5,6",,,,,,,,,,,,,,,,,,,,,,,,,,,,,,,,,,,,,,,,,,,,,,,,,,,,,,,,,,,,,,5,,6,"3,6,9",,2,,2,3,1,3,3,1,2,2,2,22,"4,5","Programming the robot to move on its own, I'd never done that.","Going to the university campus, I'd never been to one.",1,,2,1,2,3,2,1,1,1,3,,,,,,,,,,,,,,,,1,4,3,2,1,2,3,2,1,Geelong West SC,1,,
2026-09-29 14:24:00,2026-09-29 14:29:58,IP Address,,100,358,True,2026-09-29 14:30:02,R_MK0121233,,,,,,,anonymous,EN,1,2,2,,,27,17,,9,,1,2,,,22,"Nothing, it was good.",,More visits to the university.,,,,,,The mentor said she was first in her family to go to uni too.,3,,2,2,,,The mentor said she was first in her family to go to uni too.,"I want to go to uni now, maybe engineering",3,,,,,2,17,1,2,3,2,1,4,1,3,2,4,2,4,,,,,,,,,,,,,,,,,,,,,,,,,,"1,3,7",,,,The mentor said she was first in her family to go to uni too.,,,,,,2,2,2,2,4,4,1,2,1,4,Something with robots,,,2,,"4,5",,"3,5,6",,,,,,,,,,,,,,,,,,,,,,"1,2,4,5",,16,"2,6,9",,4,,3,2,5,3,2,2,5,1,3,1,28,"2,4,6","Going to the university campus, I'd never been to one.",,,,,,,,,,,,,,,,,,,,,3,,4,"1,2,10",,2,,1,2,3,1,2,1,2,4,4,"20,28","1,4","Programming the robot to move on its own, I'd never done that.","Going to the university campus, I'd never been to one.",2,,4,2,4,1,1,4,3,3,4,,,,,,,,,,,,,,,,2,1,2,2,3,4,2,2,3,Bellarine PS,3,,
2026-09-22 15:19:00,2026-09-22 15:42:32,IP Address,,100,1412,True,2026-09-22 15:42:36,R_MK0122636,,,,,,,anonymous,EN,5,2,2,,,26,22,,15,,1,3,,,20,"Shorter instructions, they were too long.",,Let us pick our own groups.,,,,,,The teachers actually listened to our ideas.,1,,2,,,,,I didn't think about it before but maybe IT,2,,,,,2,21,1,2,2,4,4,2,1,3,2,3,3,4,,,,,,,,,,,,,,,,,,,,,,,,,,5,,,,The teachers actually listened to our ideas.,,,,,,3,4,2,3,1,2,4,2,3,3,I didn't think about it before but maybe IT,,,1,,"1,3",,"3,5,6,7",,,,,,,,,,,,,,,,,,,,,,1,,19,"1,2",,4,,3,2,2,4,4,1,4,5,2,3,"20,21,23","4,5","Making a game, I didn't know you could learn that at school.",,,,,,,,,,,,,,,,,,,,,2,,13,6,,4,,3,3,2,2,3,3,1,4,3,21,"1,3,6","Making a game, I didn't know you could learn that at school.",The teachers actually listened to our ideas.,3,,2,1,4,3,4,3,3,3,3,The teachers actually listened to our ideas.,1,,3,2,2,5,3,2,4,3,3,,,,1,1,4,1,3,3,2,4,4,Latrobe Valley SC,6,,
2026-09-26 13:26:00,2026-09-26 13:43:24,IP Address,,100,1044,True,2026-09-26 13:43:28,R_MK0123402,,,,,,,anonymous,EN,6,2,2,,,24,12,,22,,2,3,,,20,Longer so we could finish properly.,More field trips instead of classroom parts.,Longer so we could finish properly.,,,,,,Testing the water in the creek near us and finding what was in it.,3,,3,"1,2,4,7",,,Learning science can fix real problems in our own town.,Something protecting rivers,,3,,,,1,13,2,1,2,1,1,3,3,1,2,1,2,1,,,,,,,,,,,,,,,,,,,,,,,,,,"1,4,6,7",,"2,3,5",,The excursion where we surveyed the wetlands.,,,,,,1,1,3,2,1,5,2,2,1,2,,,,1,,,,"3,4,5,6",,,,,,,,,,,,,,,,,,,,,,"1,3",,15,"1,4,6,8,9",,1,,1,1,2,1,2,2,1,2,1,1,"23,25,26","2,3,6",Testing the water in the creek near us and finding what was in it.,"2,3,5",,18,"5,6,7",,2,,1,2,1,2,2,2,4,2,3,1,"20,21,25,27","3,4,5",Testing the water in the creek near us and finding what was in it.,"4,5",,14,"5,6,10",,2,,1,1,2,1,1,2,1,2,3,"23,24,25,28","1,3,6",Testing the water in the creek near us and finding what was in it.,Learning science can fix real problems in our own town.,1,,2,2,2,3,2,1,2,1,1,,,,,,,,,,,,,,,,1,2,1,2,2,1,2,1,3,,,1,
2026-10-10 09:49:00,2026-10-10 09:59:35,IP Address,,100,635,True,2026-10-10 09:59:39,R_MK0124835,,,,,,,anonymous,EN,4,2,2,,,28,8,,13,,2,3,,More time to write up what we found.,,,,"Maybe explain the words at the start, I didn't know some of them.",,,Doing the experiments myself instead of watching the teacher do it.,"2,4,5,7,8,9",,Doing the experiments myself instead of watching the teacher do it.,2,Doing the experiments myself instead of watching the teacher do it.,2,"2,5,7",,,I liked that we could test our own ideas even when they didn't work.,,2,1,,I liked that we could test our own ideas even when they didn't work.,,,17,2,5,2,2,3,3,1,3,2,2,1,1,,,,,,,,,,,,,,,,,,,,,,,,,,"2,4,6",,,,,1,5,,,,3,3,2,3,1,2,1,3,3,2,Maybe a teacher,,,,,1,,"2,5,7",,"2,3",,10,"1,4,6,7",,1,,1,3,1,2,1,3,2,2,4,1,"21,26,27,28","2,5",Doing the experiments myself instead of watching the teacher do it.,,,,,,,,,,,,,,,,,,,,,,,,,,,,,,,,,,,,,,,,,1,,9,"2,3,4,5,8,10",,1,,2,3,3,1,5,4,1,4,5,"21,27",6,Being in a small group where I wasn't scared to say the wrong thing.,,,,,,,,,,,,,I liked that we could test our own ideas even when they didn't work.,1,,2,2,5,2,2,3,5,1,3,,,,1,3,1,3,1,1,2,3,2,,,2,
2026-09-22 12:22:00,2026-09-22 12:27:52,IP Address,,100,352,True,2026-09-22 12:27:56,R_MK0125102,,,,,,,anonymous,EN,4,2,2,,,24,16,,5,,1,1,,,,,,More of the design side and less coding.,,,,,,Making the poster and the model together.,,,4,"1,2,3,4",,,"Designing how our project looked, not just how it worked.","A designer, maybe for apps",3,2,,,,1,,1,5,2,1,3,1,4,1,2,2,5,1,,,,,,,,,,,,,,,,,,,,,,,,,,4,,,,,,,,,,1,1,5,1,2,1,2,2,1,5,Design and technology together,,,1,,"2,4,7",,5,,,,,,,,,,,,,,,,,,,,,,,,,,,,,,,,,,,,,,,,,,,,,,,,,,,,,,,,,,,,,,"1,3,5",,9,"1,2,3,5,7,9",,3,,4,2,3,1,4,2,1,1,2,"21,23,28",3,Making the poster and the model together.,,,,,,,,,,,,,,,,,,,,,,,,,,,,2,1,2,2,4,1,4,2,3,Emmanuel SC,2,,
2026-10-02 15:03:00,2026-10-02 15:18:23,IP Address,,100,923,True,2026-10-02 15:18:27,R_MK0126928,,,,,,,anonymous,EN,1,2,2,,,31,19,,21,,1,2,,Run it closer to us more often.,,,,Run it closer to us more often.,,,The video call with the scientist who works with livestock.,"3,4,9",,Getting to do it here instead of travelling to the city.,2,The video call with the scientist who works with livestock.,2,"5,7",,,Getting to do it here instead of travelling to the city.,An agricultural scientist,,1,,The video call with the scientist who works with livestock.,,2,5,1,5,1,1,1,2,2,1,2,5,2,1,,,,,,,,,,,,,,,,,,,,,,,,,,"1,2,4",,,,,1,2,,,,3,1,3,2,2,3,3,3,1,2,Something with animals and science,,,2,,"2,3,4,5",,"2,5",,2,,6,"3,9",,2,,1,1,3,2,2,2,1,5,3,1,23,"2,6","Learning the science behind farming, which is what my family does.",,,,,,,,,,,,,,,,,,,,,,,,,,,,,,,,,,,,,,,,,2,,13,"5,7,8",,3,,2,2,2,2,3,2,1,2,1,"22,26,28",3,"Learning the science behind farming, which is what my family does.",,,,,,,,,,,,,,,,,,,,,,,,,,,,1,3,2,2,3,3,5,1,2,Geelong West SC,4,4,
2026-09-25 09:52:00,2026-09-25 10:17:50,IP Address,,100,1550,True,2026-09-25 10:17:54,R_MK0127293,,,,,,,anonymous,EN,6,2,2,3,,21,5,,20,,2,1,"Nothing really, but it went too fast.",,19,Make it harder. Some of it we already knew.,,"More time on the building, less on the planning.","Getting to build something that actually worked, not just learn about it.","Getting to build something that actually worked, not just learn about it.",,,"1,4,7,8","Getting to build something that actually worked, not just learn about it.",1,,3,"2,5,7",,The coding part. I do a bit at home but this was harder.,"Meeting the mentor who works in tech, I asked her heaps of questions.",A game developer,1,2,The coding part. I do a bit at home but this was harder.,,"More time on the building, less on the planning.",1,22,2,1,1,1,1,1,1,3,1,2,1,1,"1,2,4",,22,"4,6,8,9",,4,,3,1,1,1,2,2,1,1,1,2,"20,23,24","1,2,4","Getting to build something that actually worked, not just learn about it.",,,,,,"1,5,7",,,,"Getting to build something that actually worked, not just learn about it.",,,,"2,5",,5,1,2,1,1,2,2,4,2,2,,"1,3,6,8,9,10",,2,"More time on the building, less on the planning.","3,4,7",,"1,3,5",,,,,,,,,,,,,,,,,,,,,,"1,3,4,5",,22,"1,10",,4,,2,1,2,1,1,1,2,1,5,2,"22,23,24,25,28","1,2,6","Getting to build something that actually worked, not just learn about it.",,,,,,,,,,,,,,,,,,,,,"1,4,5",,5,"4,7,10",,3,,2,2,2,5,1,1,1,1,2,"21,23,25,26","1,2,3,4","Meeting the mentor who works in tech, I asked her heaps of questions.",,,,,,,,,,,,,,,,,,,,,,,,,,,,1,1,1,1,1,1,1,2,1,"Meeting the mentor who works in tech, I asked her heaps of questions.",5,4,
2026-10-12 14:29:00,2026-10-12 14:40:46,IP Address,,24,706,False,2026-10-12 14:40:50,R_MK0128918,,,,,,,anonymous,EN,1,1,2,,,24,8,,15,,2,3,,,,,,"Longer, and less talking in front of everyone at the end.",,,,,,I liked that we could test our own ideas even when they didn't work.,,,3,"1,3",,,Being in a small group where I wasn't scared to say the wrong thing.,A vet maybe,3,3,,,,1,19,3,1,4,5,1,1,3,4,3,2,2,3,,,,,,,,,,,,,,,,,,,,,,,,,,"1,3,6",,,,,,,,,,3,3,2,2,3,3,3,2,1,1,A vet maybe,,,1,,"3,4,5",,5,,,,,,,,,,,,,,,,,,,,,,,,,,,,,,,,,,,,,,,,,,,,,,,,,,,,,,,,,,,,,,"2,3",,4,"2,7,9",,4,,2,2,2,4,1,3,2,1,2,27,5,I liked that we could test our own ideas even when they didn't work.,,,,,,,,,,,,,,,,,,,,,,,,,,,,,,,,,,,,,,,2,
2026-09-15 12:22:00,2026-09-15 12:32:07,IP Address,,100,607,True,2026-09-15 12:32:11,R_MK0129599,,,,,,,anonymous,EN,5,2,2,"1,4,9",,31,16,,18,,1,1,More visits to the university.,,19,"Nothing, it was good.",,"Nothing, it was good.",The mentor said she was first in her family to go to uni too.,The mentor said she was first in her family to go to uni too.,,,"2,6,8",The mentor said she was first in her family to go to uni too.,2,,2,6,,"Programming the robot to move on its own, I'd never done that.","Going to the university campus, I'd never been to one.",Maybe an engineer,2,1,"Programming the robot to move on its own, I'd never done that.",,"Explain things more at the start, I didn't understand the words.",2,15,5,1,1,2,2,3,1,3,1,4,4,4,1,,31,"1,6",,2,,3,2,3,2,1,2,3,2,2,3,"21,28",4,"Programming the robot to move on its own, I'd never done that.",,,,,,"2,4,5",,,,The mentor said she was first in her family to go to uni too.,,,,"3,4,5",,,,,,,,,,,,"I want to go to uni now, maybe engineering","1,4,5",,,"Nothing, it was good.","6,7",,"1,3,5,6",,,,,,,,,,,,,,,,,,,,,,"1,3",,24,"4,5,8,10",,1,,3,2,1,3,3,3,3,1,5,1,28,"1,2,6",The mentor said she was first in her family to go to uni too.,,,,,,,,,,,,,,,,,,,,,"1,4",,7,"2,4,8",,1,,2,3,4,2,2,2,5,5,2,22,"1,3,5",The mentor said she was first in her family to go to uni too.,"Going to the university campus, I'd never been to one.",2,,2,2,1,3,2,1,2,4,3,,,,,,,,,,,,,,,,1,1,1,3,2,4,1,1,1,Moe South PS,1,,
2026-10-09 11:15:00,2026-10-09 11:30:47,IP Address,,100,947,True,2026-10-09 11:30:51,R_MK0130818,,,,,,,anonymous,EN,4,2,2,,,25,4,,11,,1,,,,,,,"More tools, we had to share.",,,,,,Making the model with real tools. It felt like proper work.,1,,1,"1,2,4,6",,,Making the model with real tools. It felt like proper work.,Maybe an engineer,1,3,,,,1,13,2,2,1,2,1,2,3,1,5,3,5,1,,,,,,,,,,,,,,,,,,,,,,,,,,"1,3",,,,,,,,,,2,1,1,1,2,1,3,1,1,2,,,,2,,"3,4,5,6",,5,,,,,,,,,,,,,,,,,,,,,,,,,,,,,,,,,,,,,,,,,,,,,,,,,,,,,,,,,,,,,,2,,8,"1,3,4,5,10",,3,,3,3,2,4,1,5,1,1,2,"21,24",1,We made something for our town that people could actually use.,,,,,,,,,,,,,,,,,,,,,,,,,,,,,,,,,,,,,Merri River PS,3,,
2026-09-22 13:26:00,2026-09-22 13:39:17,IP Address,,100,797,True,2026-09-22 13:39:21,R_MK0131720,,,,,,,anonymous,EN,2,2,2,"5,6",,29,8,,18,,1,,More time to write up what we found.,"Longer, and less talking in front of everyone at the end.",,,,More time to write up what we found.,Being in a small group where I wasn't scared to say the wrong thing.,I liked that we could test our own ideas even when they didn't work.,I liked that we could test our own ideas even when they didn't work.,"5,9",3,,2,Being in a small group where I wasn't scared to say the wrong thing.,1,,,Being in a small group where I wasn't scared to say the wrong thing.,Being in a small group where I wasn't scared to say the wrong thing.,Not sure yet,2,1,I liked that we could test our own ideas even when they didn't work.,Being in a small group where I wasn't scared to say the wrong thing.,"Maybe explain the words at the start, I didn't know some of them.",1,16,2,3,3,3,3,4,2,4,1,2,2,3,"1,3,4",,19,"7,8,9,10",,1,,3,2,2,4,3,3,2,2,1,2,"21,24","2,3,6",Being in a small group where I wasn't scared to say the wrong thing.,,,,,,"3,6",,,,,1,6,,"1,2,4,5",,2,4,3,2,1,1,4,2,3,2,A scientist,"3,4,5,12",,2,"Maybe explain the words at the start, I didn't know some of them.",5,,"1,2,5,6",,"3,4,5",,10,"2,3,4,8",,4,,1,3,3,1,3,5,3,3,4,3,"23,24,27",5,Doing the experiments myself instead of watching the teacher do it.,,,,,,,,,,,,,,,,,,,,,,,,,,,,,,,,,,,,,,,,,3,,11,"3,7",,2,,2,4,2,2,3,3,2,3,2,20,3,Being in a small group where I wasn't scared to say the wrong thing.,I liked that we could test our own ideas even when they didn't work.,3,,3,3,3,2,2,2,2,3,3,,,,,,,,,,,,,,,,5,4,1,1,2,1,1,3,2,Ballarat East SC,1,4,
2026-09-25 15:39:00,2026-09-25 16:01:31,IP Address,,100,1351,True,2026-09-25 16:01:35,R_MK0132631,,,,,,,anonymous,EN,5,2,2,,,29,9,,20,,1,2,,"Nothing, it was good.",,,,"Nothing, it was good.",,,The mentor said she was first in her family to go to uni too.,"1,4,7",,The mentor said she was first in her family to go to uni too.,3,The mentor said she was first in her family to go to uni too.,2,"1,3,4",,,The mentor said she was first in her family to go to uni too.,Maybe an engineer,2,3,,The mentor said she was first in her family to go to uni too.,,,21,4,2,2,1,2,2,2,5,2,3,2,2,,,,,,,,,,,,,,,,,,,,,,,,,,"2,5,6",,,,,2,"1,6,7",,,,,,,,,,,,,,Maybe an engineer,,,2,,3,,"2,5,6",,"1,3,5",,10,"1,2,3,4,8,10",,1,,1,5,2,2,1,2,1,3,3,1,"22,26,27","4,6","Going to the university campus, I'd never been to one.",,,,,,,,,,,,,,,,,,,,,,,,,,,,,,,,,,,,,,,,,5,,14,"1,3,6,10",,3,,2,3,2,1,2,4,4,1,2,25,1,The mentor said she was first in her family to go to uni too.,"Going to the university campus, I'd never been to one.",3,,3,1,2,4,1,4,1,2,1,,,,,,,,,,,,,,,,3,2,1,5,3,1,4,2,2,Traralgon East PS,5,1,
2026-10-12 09:15:00,2026-10-12 09:30:37,IP Address,,100,937,True,2026-10-12 09:30:41,R_MK0133946,,,,,,,anonymous,EN,2,2,2,"1,3",,29,10,,17,,1,1,"Explain things more at the start, I didn't understand the words.",,,,,More visits to the university.,"Programming the robot to move on its own, I'd never done that.",The mentor said she was first in her family to go to uni too.,,,"1,5,9","Going to the university campus, I'd never been to one.",3,,1,6,,The mentor said she was first in her family to go to uni too.,,,2,,The mentor said she was first in her family to go to uni too.,,More visits to the university.,2,17,3,1,3,2,3,1,2,2,1,1,2,1,5,,27,"1,2,8,9",,3,,2,3,1,4,2,1,1,4,1,1,28,"1,4,6","Programming the robot to move on its own, I'd never done that.",,,,,,"1,2,3,4",,,,,,,,"1,2,4",,3,3,2,2,2,5,1,2,1,2,Something with robots,"1,7,9,12",,,More visits to the university.,"2,3,5",,"1,5",,,,,,,,,,,,,,,,,,,,,,,,,,,,,,,,,,,,,,,,,,,,,,,,,,,,,,,,,,,,,,3,,5,"5,9",,4,,1,3,2,3,4,1,3,3,1,"21,23,25,26,28",4,"Programming the robot to move on its own, I'd never done that.",,,,,,,,,,,,,,,,,,,,,,,,,,,,,,,,,,,,,Sebastopol PS,2,,
2026-09-20 12:22:00,2026-09-20 12:42:26,IP Address,,100,1226,True,2026-09-20 12:42:30,R_MK0134639,,,,,,,anonymous,EN,2,2,2,,,24,21,,12,,1,3,,,,,,More time to write up what we found.,,,,,,Doing the experiments myself instead of watching the teacher do it.,3,,1,"1,3",,,I liked that we could test our own ideas even when they didn't work.,A vet maybe,1,1,,,,,14,4,2,2,2,4,2,2,1,4,4,3,2,,,,,,,,,,,,,,,,,,,,,,,,,,"2,5,6",,,,,,,,,,2,2,2,1,3,4,4,1,2,1,A vet maybe,,,1,,"4,5,6",,5,,,,,,,,,,,,,,,,,,,,,,,,,,,,,,,,,,,,,,,,,,,,,,,,,,,,,,,,,,,,,,"2,3,4",,5,"1,7,10",,2,,2,1,3,3,2,2,4,4,2,"21,24,26,28","1,5",Doing the experiments myself instead of watching the teacher do it.,,,,,,,,,,,,,,,,,,,,,,,,,,,,1,2,2,2,1,3,2,2,5,Ballarat East SC,3,,
2026-10-09 13:14:00,2026-10-09 13:32:38,IP Address,,100,1118,True,2026-10-09 13:32:42,R_MK0135271,,,,,,,anonymous,EN,3,2,2,,,23,11,,12,,1,1,,,,,,"Maybe explain the words at the start, I didn't know some of them.",,,,,,Being in a small group where I wasn't scared to say the wrong thing.,2,,1,"4,5",,,I liked that we could test our own ideas even when they didn't work.,,3,2,,,,2,21,3,2,4,1,4,2,3,1,1,4,2,4,,,,,,,,,,,,,,,,,,,,,,,,,,2,,,,,,,,,,,,,,,,,,,,A vet maybe,,,2,,"3,4,6",,"5,7",,,,,,,,,,,,,,,,,,,,,,,,,,,,,,,,,,,,,,,,,,,,,,,,,,,,,,,,,,,,,,"2,3",,4,"2,4,6,8",,3,,2,4,2,2,3,1,1,3,1,"22,23","4,6",Doing the experiments myself instead of watching the teacher do it.,,,,,,,,,,,,,Doing the experiments myself instead of watching the teacher do it.,1,,1,2,4,3,5,1,2,2,2,,,,1,1,4,1,4,1,3,3,1,Eaglehawk PS,4,,
2026-10-04 13:23:00,2026-10-04 13:36:11,IP Address,,100,791,True,2026-10-04 13:36:15,R_MK0136537,,,,,,,anonymous,EN,1,2,2,,,25,14,,9,,1,,,,,,,I would add more art into it.,,,,,,"Designing how our project looked, not just how it worked.",3,,4,,,,"Designing how our project looked, not just how it worked.",,,,,,,1,6,3,4,4,3,2,3,1,1,2,4,2,2,,,,,,,,,,,,,,,,,,,,,,,,,,"1,4",,,,,,,,,,,,,,,,,,,,Design and technology together,,,2,,"1,2",,5,,,,,,,,,,,,,,,,,,,,,,,,,,,,,,,,,,,,,,,,,,,,,,,,,,,,,,,,,,,,,,1,,13,"1,3,4,7",,4,,2,1,3,1,1,3,1,1,2,"22,23,24",4,Making the poster and the model together.,,,,,,,,,,,,,,,,,,,,,,,,,,,,3,2,3,3,5,2,2,2,2,Corio North PS,5,,
2026-10-04 10:40:00,2026-10-04 10:57:20,IP Address,,100,1040,True,2026-10-04 10:57:24,R_MK0137382,,,,,,,anonymous,EN,2,2,2,,,27,11,,17,,1,2,,,,,,"Shorter instructions, they were too long.",,,,,,The teachers actually listened to our ideas.,2,,4,,,,The teachers actually listened to our ideas.,Something with computers,2,,,,,1,15,2,3,3,3,1,5,3,2,2,4,4,1,,,,,,,,,,,,,,,,,,,,,,,,,,"3,5",,,,,,,,,,2,1,3,2,4,2,3,3,3,1,Something with computers,,,,,7,,5,,,,,,,,,,,,,,,,,,,,,,,,,,,,,,,,,,,,,,,,,,,,,,,,,,,,,,,,,,,,,,5,,8,9,,4,,2,3,1,1,4,2,4,3,3,26,1,"It wasn't like normal school, we chose what our project was about.",,,,,,,,,,,,,,,,,,,,,,,,,,,,,,,,,,,,,Wendouree PS,5,,
2026-09-17 10:08:00,2026-09-17 10:18:36,IP Address,,47,636,False,2026-09-17 10:18:40,R_MK0138972,,,,,,,anonymous,EN,4,4,2,,,21,18,,18,,2,1,,,,,,"More equipment, we had to share one set.",,,,,,Getting to do it here instead of travelling to the city.,2,,2,,,,,,2,2,,,,2,14,4,3,4,2,1,1,2,3,1,3,3,4,,,,,,,,,,,,,,,,,,,,,,,,,,"1,2,3,6,7",,,,,,,,,,4,4,3,2,2,1,1,5,1,2,,,,2,,"2,5,7",,5,,,,,,,,,,,,,,,,,,,,,,,,,,,,,,,,,,,,,,,,,,,,,,,,,,,,,,,,,,,,,,2,,5,"8,10",,1,,1,3,5,2,1,3,4,2,3,"20,22,26,27,28",2,"Learning the science behind farming, which is what my family does.",,,,,,,,,,,,,,,,,,,,,,,,,,,,,,,,,,,,,,,4,
2026-09-30 11:52:00,2026-09-30 12:09:50,IP Address,,100,1070,True,2026-09-30 12:09:54,R_MK0139809,,,,,,,anonymous,EN,4,2,2,,,24,10,,13,,1,2,,,,,,More of the design side and less coding.,,,,,,Finding out design is part of engineering too.,1,,1,"2,7",,,Making the poster and the model together.,"A designer, maybe for apps",2,2,,,,1,21,2,2,2,2,1,2,2,1,4,4,2,2,,,,,,,,,,,,,,,,,,,,,,,,,,"1,3,7",,,,,,,,,,3,2,3,3,3,1,1,4,1,2,"A designer, maybe for apps",,,2,,"2,3,6",,"5,6",,,,,,,,,,,,,,,,,,,,,,,,,,,,,,,,,,,,,,,,,,,,,,,,,,,,,,,,,,,,,,"2,5",,12,"1,3,4,6,7",,4,,2,5,1,2,2,3,2,2,1,"21,23","1,5",Making the poster and the model together.,Making the poster and the model together.,3,,3,1,1,2,2,1,1,2,1,,,,,,,,,,,,,,,,3,3,2,2,1,4,5,2,1,Warrnambool West PS,4,,
2026-10-04 11:50:00,2026-10-04 11:56:22,IP Address,,47,382,False,2026-10-04 11:56:26,R_MK0140387,,,,,,,anonymous,EN,3,2,2,,,23,5,,,,2,2,,,,,,"More time on the analysis, we rushed that bit.",,,,,,The research part where we had to find real evidence.,3,,1,"2,3,4,7",,,Talking to the women in STEM about their actual day to day jobs.,A doctor,3,,,,,1,12,1,1,3,1,2,1,1,1,2,1,1,2,,,,,,,,,,,,,,,,,,,,,,,,,,"1,4,5,7",,,,,,,,,,2,5,2,2,1,1,1,1,1,1,A doctor,,,2,,"1,3,4,5,6",,5,,,,,,,,,,,,,,,,,,,,,,,,,,,,,,,,,,,,,,,,,,,,,,,,,,,,,,,,,,,,,,"1,5",,11,"4,5,9,10",,3,,1,1,5,2,2,1,1,3,1,"21,22,24,26,27,28","1,3,6",Going deeper than we do in normal class.,,,,,,,,,,,,,,,,,,,,,,,,,,,,3,2,3,2,1,2,2,1,1,,,3,
2026-09-15 13:44:00,2026-09-15 14:02:26,IP Address,,71,1106,False,2026-09-15 14:02:30,R_MK0141398,,,,,,,anonymous,EN,5,2,2,,,28,8,,9,,1,1,,Better materials for the making part.,20,Better materials for the making part.,,More of the design side and less coding.,,,"Designing how our project looked, not just how it worked.","2,4,6",,,2,"Designing how our project looked, not just how it worked.",2,"1,7",,,Making the poster and the model together.,An architect,3,2,,Finding out design is part of engineering too.,,2,17,1,1,2,2,2,2,1,4,4,2,4,2,,,,,,,,,,,,,,,,,,,,,,,,,,"1,3,6",,,,Finding out design is part of engineering too.,1,"1,2,3",,,,3,3,1,2,3,5,1,1,1,2,An architect,,,2,,1,,"2,3,5,6",,4,,6,"2,3,4,6",,3,,2,2,4,1,3,3,1,3,1,4,"20,26","2,3,4,5,6",Finding out design is part of engineering too.,5,,17,"5,7,9,10",,3,,2,2,2,1,1,1,2,4,1,1,"21,22,28",3,Making the poster and the model together.,,,,,,,,,,,,,,,,,,,,,1,,4,"2,3",,3,,3,1,2,3,4,1,3,2,2,"21,22,23","4,6","Designing how our project looked, not just how it worked.",Making the poster and the model together.,1,,3,1,5,4,2,2,2,2,4,,,,,,,,,,,,,,,,2,2,3,3,3,2,5,2,3,Latrobe Valley SC,4,2,
2026-09-20 09:16:00,2026-09-20 09:31:13,IP Address,,100,913,True,2026-09-20 09:31:17,R_MK0142844,,,,,,,anonymous,EN,1,2,2,,,23,16,,7,,1,3,,,,,,More of the design side and less coding.,,,,,,Finding out design is part of engineering too.,1,,1,7,,,,Design and technology together,,1,,,,1,9,3,2,3,2,4,3,4,1,3,1,4,1,,,,,,,,,,,,,,,,,,,,,,,,,,"2,3,5",,,,,,,,,,3,2,3,3,1,4,2,2,2,2,,,,2,,,,"5,6",,,,,,,,,,,,,,,,,,,,,,,,,,,,,,,,,,,,,,,,,,,,,,,,,,,,,,,,,,,,,,"2,3,4",,11,"1,4,7,8",,2,,5,3,4,3,1,2,1,3,1,"20,23","1,2,5,6",Making the poster and the model together.,"Designing how our project looked, not just how it worked.",2,,1,2,3,2,1,1,2,3,2,,,,,,,,,,,,,,,,2,5,2,1,2,2,2,1,4,Bellarine PS,1,,
2026-09-27 15:29:00,2026-09-27 15:46:32,IP Address,,100,1052,True,2026-09-27 15:46:36,R_MK0143516,,,,,,,anonymous,EN,2,2,2,,,31,17,,20,,1,3,,,,,,Let us pick our own groups.,,,,,,"Making a game, I didn't know you could learn that at school.",1,,3,3,,,"It wasn't like normal school, we chose what our project was about.",,,,,,,2,13,3,3,3,1,2,2,2,2,5,2,2,2,,,,,,,,,,,,,,,,,,,,,,,,,,3,,,,,,,,,,3,5,2,2,3,3,5,4,4,3,Something with computers,,,,,2,,"5,6",,,,,,,,,,,,,,,,,,,,,,,,,,,,,,,,,,,,,,,,,,,,,,,,,,,,,,,,,,,,,,4,,12,3,,1,,2,3,2,3,3,2,2,3,1,"21,28","3,5","It wasn't like normal school, we chose what our project was about.","Making a game, I didn't know you could learn that at school.",1,,5,4,2,1,4,2,4,3,4,,,,,,,,,,,,,,,,1,4,3,5,2,4,3,2,1,Sebastopol PS,1,,
2026-09-15 15:54:00,2026-09-15 16:14:34,IP Address,,100,1234,True,2026-09-15 16:14:38,R_MK0144207,,,,,,,anonymous,EN,1,2,2,,,30,16,,16,,1,2,,Run it closer to us more often.,,,,Run it closer to us more often.,,,The video call with the scientist who works with livestock.,"1,2,3,5,6,8,9",,Getting to do it here instead of travelling to the city.,3,Getting to do it here instead of travelling to the city.,2,1,,,"Learning the science behind farming, which is what my family does.",A vet,3,3,,Getting to do it here instead of travelling to the city.,,2,16,2,2,5,2,3,1,2,1,2,1,2,1,,,,,,,,,,,,,,,,,,,,,,,,,,"3,7",,,,,2,"3,4",,,,4,2,1,2,3,1,1,3,1,1,An agricultural scientist,,,1,,"1,3,5,6,7",,"2,5,6,7",,"1,2,4",,9,"5,6,7,8",,3,,3,1,2,2,2,2,1,2,1,2,"22,23,25,28","3,4",Getting to do it here instead of travelling to the city.,,,,,,,,,,,,,,,,,,,,,,,,,,,,,,,,,,,,,,,,,5,,9,"3,4,10",,2,,4,2,2,1,3,2,2,4,3,"21,22,24,25,26,27",2,Getting to do it here instead of travelling to the city.,"Learning the science behind farming, which is what my family does.",3,,1,1,4,3,2,3,2,2,1,The video call with the scientist who works with livestock.,1,,1,2,2,2,2,1,3,1,2,,,,3,1,3,2,2,2,2,2,2,Waurn Ponds PS,1,2,
2026-09-30 11:49:00,2026-09-30 11:54:43,IP Address,,100,343,True,2026-09-30 11:54:47,R_MK0145198,,,,,,,anonymous,EN,1,2,2,,,22,14,,15,,1,3,,,,,,"More equipment, we had to share one set.",,,,,,Getting to do it here instead of travelling to the city.,,,4,"1,6,7",,,The video call with the scientist who works with livestock.,An agricultural scientist,2,1,,,,1,20,1,4,2,2,2,2,2,1,3,1,2,2,,,,,,,,,,,,,,,,,,,,,,,,,,"1,3,4,5,7",,,,,,,,,,2,3,1,2,3,1,2,3,3,2,A vet,,,2,,"1,2,4,5,7",,5,,,,,,,,,,,,,,,,,,,,,,,,,,,,,,,,,,,,,,,,,,,,,,,,,,,,,,,,,,,,,,"1,3",,14,"2,3,8",,1,,2,1,2,1,2,2,4,3,5,"20,23,25,28","1,3,5","Learning the science behind farming, which is what my family does.",,,,,,,,,,,,,,,,,,,,,,,,,,,,2,1,2,2,2,1,2,4,3,Bellarine PS,3,,
2026-09-23 13:09:00,2026-09-23 13:22:38,IP Address,,100,818,True,2026-09-23 13:22:42,R_MK0146203,,,,,,,anonymous,EN,4,2,2,7,,31,17,,17,,1,2,"Maybe explain the words at the start, I didn't know some of them.",,,,"Maybe explain the words at the start, I didn't know some of them.","Longer, and less talking in front of everyone at the end.",Being in a small group where I wasn't scared to say the wrong thing.,I liked that we could test our own ideas even when they didn't work.,,,8,Doing the experiments myself instead of watching the teacher do it.,3,,1,2,,I liked that we could test our own ideas even when they didn't work.,,Not sure yet,2,1,I liked that we could test our own ideas even when they didn't work.,,More time to write up what we found.,2,16,2,1,3,4,3,2,5,2,5,1,3,1,2,,24,"4,6,7,8",,1,,3,2,5,1,1,2,1,5,2,2,"22,24",6,Being in a small group where I wasn't scared to say the wrong thing.,,,,,,4,,2,,,,,,2,,1,2,3,1,2,1,2,2,1,2,A vet maybe,"1,6,11",,2,"Longer, and less talking in front of everyone at the end.",3,,"1,4,5,6",,,,,,,,,,,,,,,,,,,,,,,,,,,,,,,,,,,,,,,,,,1,,16,7,,2,,3,3,1,4,2,2,2,4,2,3,"20,23,24,25,27","2,3,6",Doing the experiments myself instead of watching the teacher do it.,3,,11,"1,6",,2,,2,1,4,3,4,2,2,1,1,"23,24,26","1,5,6",Doing the experiments myself instead of watching the teacher do it.,Doing the experiments myself instead of watching the teacher do it.,1,,2,1,2,1,1,1,1,2,5,,,,,,,,,,,,,,,,3,3,3,2,3,5,3,2,1,Warrnambool West PS,1,,
2026-09-30 10:17:00,2026-09-30 10:45:31,IP Address,,100,1711,True,2026-09-30 10:45:35,R_MK0147687,,,,,,,anonymous,EN,3,2,2,,,29,4,,7,,1,2,,Harder content for people who want it.,19,"Nothing much, it was well run.",,"Nothing much, it was well run.",,,Talking to the women in STEM about their actual day to day jobs.,"2,5,8,9",,Talking to the women in STEM about their actual day to day jobs.,2,The research part where we had to find real evidence.,1,3,,,Going deeper than we do in normal class.,A biomedical scientist,2,1,,The research part where we had to find real evidence.,,1,6,1,1,2,1,1,1,1,1,2,2,1,2,,,,,,,,,,,,,,,,,,,,,,,,,,"1,3,5,6",,,,Going deeper than we do in normal class.,2,"2,3",,,,4,1,1,2,2,2,2,1,1,2,A biomedical scientist,,,2,,"2,3,6,7",,"2,3,5,6",,"2,5",,5,"1,3,5,6,7,8",,1,,1,1,4,5,1,5,2,2,2,2,"22,26,28","2,3,4",Going deeper than we do in normal class.,"2,4",,15,"1,3,4,6,7,8",,1,,3,3,2,2,2,2,1,5,1,1,"20,24","1,5,6",Talking to the women in STEM about their actual day to day jobs.,,,,,,,,,,,,,,,,,,,,,"1,5",,10,"2,3,4,6",,1,,1,1,5,3,5,1,2,1,2,"20,21,23,24,25","1,3",Talking to the women in STEM about their actual day to day jobs.,Going deeper than we do in normal class.,3,,1,4,1,2,2,1,1,1,2,,,,,,,,,,,,,,,,1,2,1,5,2,2,1,2,2,Eaglehawk PS,2,2,
2026-09-30 14:06:00,2026-09-30 14:26:05,IP Address,,100,1205,True,2026-09-30 14:26:09,R_MK0148999,,,,,,,anonymous,EN,1,2,2,,,21,22,,6,,2,3,,,,,,More time to write up what we found.,,,,,,Being in a small group where I wasn't scared to say the wrong thing.,3,,1,5,,,I liked that we could test our own ideas even when they didn't work.,A scientist,,1,,,,1,20,5,2,4,2,1,1,2,1,2,1,4,1,,,,,,,,,,,,,,,,,,,,,,,,,,"1,2,6",,,,,,,,,,2,2,3,2,2,2,2,3,2,5,,,,2,,"1,2",,5,,,,,,,,,,,,,,,,,,,,,,,,,,,,,,,,,,,,,,,,,,,,,,,,,,,,,,,,,,,,,,4,,10,10,,1,,1,1,4,3,5,4,5,1,3,"21,22,24","3,4,5",Doing the experiments myself instead of watching the teacher do it.,,,,,,,,,,,,,,,,,,,,,,,,,,,,1,2,4,2,4,2,4,2,3,,,7,
2026-10-11 12:15:00,2026-10-11 12:45:40,IP Address,,100,1840,True,2026-10-11 12:45:44,R_MK0149531,,,,,,,anonymous,EN,1,2,2,,,26,11,,9,,1,2,,Make it harder. Some of it we already knew.,,,"More time on the building, less on the planning.",Make it harder. Some of it we already knew.,,,"Getting to build something that actually worked, not just learn about it.","2,3,4",,"Getting to build something that actually worked, not just learn about it.",3,"Getting to build something that actually worked, not just learn about it.",3,"1,4,7",,,"Meeting the mentor who works in tech, I asked her heaps of questions.",A computer scientist,3,2,,"Meeting the mentor who works in tech, I asked her heaps of questions.",,2,14,2,2,1,2,1,1,2,2,1,1,1,1,,,,,,,,,,,,,,,,,,,,,,,,,,"2,6,7",,5,,,1,5,,,,2,4,1,1,1,1,1,1,3,1,A software engineer,,,1,,,,"2,4,5,6",,4,,13,"1,2,4,7,8,9",,4,,1,1,1,1,1,5,1,1,2,3,"24,26,27,28","2,3,4,6","Meeting the mentor who works in tech, I asked her heaps of questions.",,,,,,,,,,,,,,,,,,,,,1,,13,"3,4,9,10",,2,,3,2,3,1,1,1,1,5,2,1,"20,21,22,24,25,26,28","1,3,4",The coding part. I do a bit at home but this was harder.,2,,4,"2,4,9,10",,3,,4,2,1,2,1,1,2,2,1,"20,21,22,24,28","2,3",The coding part. I do a bit at home but this was harder.,"Meeting the mentor who works in tech, I asked her heaps of questions.",3,,2,2,3,1,5,2,5,1,1,,,,,,,,,,,,,,,,1,2,2,2,1,1,1,1,2,Waurn Ponds PS,2,6,
2026-09-26 15:27:00,2026-09-26 15:55:32,IP Address,,100,1712,True,2026-09-26 15:55:36,R_MK0150193,,,,,,,anonymous,EN,1,2,2,,,21,8,,6,,1,,,I would keep it the same but add more group work.,,,More help with the maths parts.,I would keep it the same but add more group work.,,,"Finding out health jobs are STEM jobs, I thought STEM was just computers.","1,5,7,8",,"Finding out health jobs are STEM jobs, I thought STEM was just computers.",2,"Finding out health jobs are STEM jobs, I thought STEM was just computers.",,5,,,Organising my group and working out who did what.,A paramedic,1,3,,"Presenting our project, I liked explaining it to the parents.",,1,19,3,2,3,2,1,2,3,2,1,3,3,1,,,,,,,,,,,,,,,,,,,,,,,,,,"1,4,6",,"1,3,4",,,1,7,,,,3,4,3,1,2,2,3,4,4,3,A nurse or maybe a doctor,,,2,,"2,4,7",,"2,4,5",,4,,13,5,,4,,1,1,4,4,4,4,1,2,2,4,"20,25,28","2,6",Organising my group and working out who did what.,,,,,,,,,,,,,,,,,,,,,1,,18,"8,9",,2,,2,1,4,1,3,3,2,1,1,2,"22,23,24,26,28",3,Organising my group and working out who did what.,"2,5",,6,"1,3,4",,3,,1,3,1,1,3,1,1,1,3,"24,27",4,Organising my group and working out who did what.,,,,,,,,,,,,,,,,,,,,,,,,,,,,2,3,3,2,2,2,3,5,4,Waurn Ponds PS,3,5,
2026-09-23 14:22:00,2026-09-23 14:40:56,IP Address,,100,1136,True,2026-09-23 14:41:00,R_MK0151159,,,,,,,anonymous,EN,1,2,2,"1,3,4,5",,22,7,,22,,2,,"Better internet, ours dropped out during the online session.",,,,Run it closer to us more often.,"More equipment, we had to share one set.",Getting to do it here instead of travelling to the city.,"Learning the science behind farming, which is what my family does.",,,2,Getting to do it here instead of travelling to the city.,2,,1,"3,5",,The video call with the scientist who works with livestock.,The video call with the scientist who works with livestock.,An agricultural scientist,2,2,The video call with the scientist who works with livestock.,,"Better internet, ours dropped out during the online session.",,18,2,1,3,4,1,1,1,3,2,2,2,2,5,,11,"2,3,4,5,10",,2,,2,1,1,1,2,2,3,1,2,4,"21,23,27","1,2,5,6","Learning the science behind farming, which is what my family does.",,,,,,3,,"2,5",,,,,,"1,3",,2,1,2,2,3,2,1,3,1,2,An agricultural scientist,"1,3,4,11",,1,Run it closer to us more often.,"4,6",,"1,4,5",,,,,,,,,,,,,,,,,,,,,,,,,,,,,,,,,,,,,,,,,,"1,3,4",,18,"1,3,4,7,9",,1,,2,1,1,1,2,2,1,1,1,2,"24,27",6,The video call with the scientist who works with livestock.,"1,2,3,4",,6,"1,3,6,7,8,9",,1,,1,1,2,2,2,1,2,1,2,"20,22,25","1,2","Learning the science behind farming, which is what my family does.",,,,,,,,,,,,,,,,,,,,,,,,,,,,1,3,2,2,2,2,1,1,1,The video call with the scientist who works with livestock.,5,1,
2026-09-28 11:30:00,2026-09-28 11:39:54,IP Address,,100,594,True,2026-09-28 11:39:58,R_MK0152284,,,,,,,anonymous,EN,3,2,2,,,22,21,,7,,1,3,,,22,More of the design side and less coding.,,More of the design side and less coding.,,,,,,Making the poster and the model together.,1,,2,"1,3,4,7",,,Making the poster and the model together.,,1,1,,,,2,20,3,3,4,2,1,2,1,2,2,2,1,2,,,,,,,,,,,,,,,,,,,,,,,,,,2,,,,"Designing how our project looked, not just how it worked.",,,,,,5,2,2,3,2,2,2,3,1,1,An architect,,,2,,"4,7",,"3,5",,,,,,,,,,,,,,,,,,,,,,1,,17,"2,6,7,8",,1,,1,1,2,4,1,2,2,4,1,2,"23,25","2,6",Making the poster and the model together.,,,,,,,,,,,,,,,,,,,,,5,,11,"4,5,7",,1,,3,1,1,2,2,2,2,1,1,"21,22,24","2,3,6","Designing how our project looked, not just how it worked.",,,,,,,,,,,,,,,,,,,,,,,,,,,,3,3,1,5,2,5,1,2,2,Eaglehawk PS,1,,
2026-09-21 12:01:00,2026-09-21 12:13:56,IP Address,,100,776,True,2026-09-21 12:14:00,R_MK0153362,,,,,,,anonymous,EN,1,2,2,,,29,13,,7,,1,2,,,21,"More tools, we had to share.","Nothing, I liked the making part.","Nothing, I liked the making part.",,,,,,Making the model with real tools. It felt like proper work.,3,,2,"2,3,5",,,"Using the 3D printer, I didn't know our school had one.",Maybe an engineer,,2,,,,1,8,1,1,3,3,4,1,2,4,1,1,3,2,,,,,,,,,,,,,,,,,,,,,,,,,,"5,6",,"1,2",,Making the model with real tools. It felt like proper work.,,,,,,2,2,4,1,1,2,3,2,3,5,A carpenter or an engineer,,,1,,"3,5,6,7",,"3,4,5,7",,,,,,,,,,,,,,,,,,,,,,4,,15,"1,2,9",,4,,3,1,1,5,1,3,2,2,1,1,"20,22,23,24","3,5","Using the 3D printer, I didn't know our school had one.",1,,4,"4,8",,1,,2,1,1,1,4,1,1,3,2,5,"22,23","2,5",Making the model with real tools. It felt like proper work.,"4,5",,4,"4,7",,3,,2,2,1,3,2,3,1,2,2,"21,22",2,We made something for our town that people could actually use.,,,,,,,,,,,,,"Using the 3D printer, I didn't know our school had one.",1,,5,2,4,2,3,2,5,1,2,,,,2,1,2,1,3,1,1,5,2,Waurn Ponds PS,1,,
2026-09-27 12:53:00,2026-09-27 13:08:57,IP Address,,100,957,True,2026-09-27 13:09:01,R_MK0154549,,,,,,,anonymous,EN,2,2,2,,,21,19,,14,,2,2,,,,,,"Better internet, ours dropped out during the online session.",,,,,,Getting to do it here instead of travelling to the city.,1,,2,"1,5",,,Getting to do it here instead of travelling to the city.,Something with animals and science,3,1,,,,1,8,1,1,1,2,3,1,1,4,3,3,4,2,,,,,,,,,,,,,,,,,,,,,,,,,,"1,4",,,,,,,,,,3,5,3,3,5,2,2,3,5,2,An agricultural scientist,,,2,,2,,5,,,,,,,,,,,,,,,,,,,,,,,,,,,,,,,,,,,,,,,,,,,,,,,,,,,,,,,,,,,,,,"2,3",,4,"3,4,5,7,8",,3,,2,2,1,1,1,1,2,3,2,"20,24,27","1,2,4,5,6",Getting to do it here instead of travelling to the city.,,,,,,,,,,,,,,,,,,,,,,,,,,,,2,3,3,1,3,1,1,1,2,,,3,
2026-09-26 12:13:00,2026-09-26 12:29:14,IP Address,,100,974,True,2026-09-26 12:29:18,R_MK0155329,,,,,,,anonymous,EN,6,2,2,,,21,10,,18,,1,1,,,,,,Run it closer to us more often.,,,,,,"Learning the science behind farming, which is what my family does.",2,,4,"1,4,7",,,"Learning the science behind farming, which is what my family does.",Something with animals and science,3,,,,,2,22,3,2,1,2,4,2,2,4,2,1,1,5,,,,,,,,,,,,,,,,,,,,,,,,,,"3,4,6",,,,,,,,,,1,2,1,4,1,2,2,1,1,2,A vet,,,1,,6,,"5,6,7",,,,,,,,,,,,,,,,,,,,,,,,,,,,,,,,,,,,,,,,,,,,,,,,,,,,,,,,,,,,,,3,,12,"1,4,5,6,9",,4,,2,2,2,2,5,2,3,4,1,"21,22,24,25,26","3,5,6","Learning the science behind farming, which is what my family does.","Learning the science behind farming, which is what my family does.",3,,5,1,2,2,2,3,2,2,2,Getting to do it here instead of travelling to the city.,1,,3,3,2,3,4,3,1,2,3,,,,1,3,1,1,2,2,1,3,1,Ararat SC,4,,
2026-09-17 15:59:00,2026-09-17 16:19:42,IP Address,,100,1242,True,2026-09-17 16:19:46,R_MK0156331,,,,,,,anonymous,EN,1,2,2,,,24,11,,,,1,,,,18,More visits to the university.,,"Nothing, it was good.",,,,,,"Programming the robot to move on its own, I'd never done that.",2,,,"1,4,6",,,"Going to the university campus, I'd never been to one.","I want to go to uni now, maybe engineering",3,1,,,,1,4,3,1,1,2,1,4,2,3,2,2,1,3,,,,,,,,,,,,,,,,,,,,,,,,,,1,,,,The mentor said she was first in her family to go to uni too.,,,,,,2,2,1,1,2,2,2,2,1,4,Something with robots,,,1,,"1,6",,"3,5",,,,,,,,,,,,,,,,,,,,,,3,,17,"2,4,7,8",,3,,2,4,1,3,3,1,3,1,1,1,25,2,"Programming the robot to move on its own, I'd never done that.",,,,,,,,,,,,,,,,,,,,,"1,5",,11,"1,2,4,9,10",,4,,4,1,2,3,1,3,1,2,4,"20,21,25,27","3,4,5,6",The mentor said she was first in her family to go to uni too.,,,,,,,,,,,,,,,,,,,,,,,,,,,,,,,,,,,,,Corio North PS,1,,
2026-09-15 13:59:00,2026-09-15 14:07:53,IP Address,,100,533,True,2026-09-15 14:07:57,R_MK0157641,,,,,,,anonymous,EN,5,2,2,,,27,16,,8,,2,3,,"Shorter instructions, they were too long.",,,,Let us pick our own groups.,,,"It wasn't like normal school, we chose what our project was about.","2,8,9",,The teachers actually listened to our ideas.,1,"Making a game, I didn't know you could learn that at school.",,5,,,"Making a game, I didn't know you could learn that at school.",Something with computers,1,2,,The teachers actually listened to our ideas.,,,19,2,2,3,3,2,3,2,1,4,1,2,3,,,,,,,,,,,,,,,,,,,,,,,,,,5,,,,,1,3,,,,3,3,4,2,3,2,2,1,2,3,Something with computers,,,2,,"2,3",,"2,5",,"1,4",,12,"2,5",,2,,2,4,4,3,2,2,3,2,2,3,"21,23","3,4","Making a game, I didn't know you could learn that at school.",,,,,,,,,,,,,,,,,,,,,,,,,,,,,,,,,,,,,,,,,3,,5,"6,8,10",,3,,5,2,4,5,2,3,2,4,3,20,6,"Making a game, I didn't know you could learn that at school.",,,,,,,,,,,,,,,,,,,,,,,,,,,,,,,,,,,,,,,3,
2026-10-09 14:29:00,2026-10-09 14:40:37,IP Address,,47,697,False,2026-10-09 14:40:41,R_MK0158917,,,,,,,anonymous,EN,1,2,2,,,22,16,,20,,1,3,,,,,,"Longer, and less talking in front of everyone at the end.",,,,,,Doing the experiments myself instead of watching the teacher do it.,,,,3,,,I liked that we could test our own ideas even when they didn't work.,Not sure yet,,3,,,,2,19,5,4,2,4,1,1,3,2,2,3,1,2,,,,,,,,,,,,,,,,,,,,,,,,,,"1,3,5,6",,,,,,,,,,1,3,2,4,4,2,2,2,2,3,Not sure yet,,,2,,"4,7",,"5,6,7",,,,,,,,,,,,,,,,,,,,,,,,,,,,,,,,,,,,,,,,,,,,,,,,,,,,,,,,,,,,,,3,,12,9,,4,,2,1,1,2,1,3,1,2,1,"23,25,28","1,2,4,5,6",Being in a small group where I wasn't scared to say the wrong thing.,I liked that we could test our own ideas even when they didn't work.,2,,3,4,1,4,1,2,3,5,2,Being in a small group where I wasn't scared to say the wrong thing.,1,,1,2,4,2,5,2,1,2,3,,,,1,1,2,4,3,2,4,4,2,Bellarine PS,4,,
2026-09-29 10:51:00,2026-09-29 10:57:04,IP Address,,100,364,True,2026-09-29 10:57:08,R_MK0159469,,,,,,,anonymous,EN,1,4,2,"1,5",,24,20,,6,,1,1,Better materials for the making part.,,19,More of the design side and less coding.,,More of the design side and less coding.,Finding out design is part of engineering too.,Making the poster and the model together.,,,"1,2,3,6,7,8",Making the poster and the model together.,1,,4,,,Making the poster and the model together.,Making the poster and the model together.,"A designer, maybe for apps",2,,Making the poster and the model together.,,More of the design side and less coding.,2,4,2,2,1,3,1,4,5,4,2,2,1,3,"1,2,4",,28,"3,6,9",,3,,1,1,2,1,1,2,4,1,1,1,"21,25",5,Finding out design is part of engineering too.,,,,,,"1,2,3,5,6,7",,,,"Designing how our project looked, not just how it worked.",,,,"2,5",,2,2,1,3,2,2,1,1,3,3,,"1,6,7,8,10",,1,Better materials for the making part.,,,"1,3,5",,,,,,,,,,,,,,,,,,,,,,2,,19,"1,2,5",,4,,2,1,1,2,1,2,1,1,2,2,"20,27,28",3,Making the poster and the model together.,,,,,,,,,,,,,,,,,,,,,5,,8,"2,3,4,6,7",,1,,2,2,2,2,3,1,1,2,1,"22,23,24,26",1,Finding out design is part of engineering too.,,,,,,,,,,,,,,,,,,,,,,,,,,,,,,,,,,,,,Bellarine PS,2,,
