ResponseId,question,source_column,response
R_MK0006588,What did you enjoy the most about the activity?,Q17,Being in a small group where I wasn't scared to say the wrong thing.
R_MK0009873,What did you enjoy the most about the activity?,Q17,I liked that we could test our own ideas even when they didn't work.
R_MK0010513,What did you enjoy the most about the activity?,Q17,"Making a game, I didn't know you could learn that at school."
R_MK0011479,What did you enjoy the most about the activity?,Q17,The teachers actually listened to our ideas.
R_MK0016269,What did you enjoy the most about the activity?,Q17,Being in a small group where I wasn't scared to say the wrong thing.
R_MK0020810,What did you enjoy the most about the activity?,Q17,Getting to do it here instead of travelling to the city.
R_MK0021392,What did you enjoy the most about the activity?,Q17,The teachers actually listened to our ideas.
R_MK0028706,What did you enjoy the most about the activity?,Q17,"Programming the robot to move on its own, I'd never done that."
R_MK0036376,What did you enjoy the most about the activity?,Q17,"Meeting the mentor who works in tech, I asked her heaps of questions."
R_MK0040482,What did you enjoy the most about the activity?,Q17,The mentor said she was first in her family to go to uni too.
R_MK0048618,What did you enjoy the most about the activity?,Q17,"Learning the science behind farming, which is what my family does."
R_MK0056243,What did you enjoy the most about the activity?,Q17,"Designing how our project looked, not just how it worked."
R_MK0059808,What did you enjoy the most about the activity?,Q17,Organising my group and working out who did what.
R_MK0061389,What did you enjoy the most about the activity?,Q17,The video call with the scientist who works with livestock.
R_MK0064312,What did you enjoy the most about the activity?,Q17,I liked that we could test our own ideas even when they didn't work.
R_MK0065971,What did you enjoy the most about the activity?,Q17,Making the poster and the model together.
R_MK0067782,What did you enjoy the most about the activity?,Q17,"Learning the science behind farming, which is what my family does."
R_MK0075610,What did you enjoy the most about the activity?,Q17,The coding part. I do a bit at home but this was harder.
R_MK0076859,What did you enjoy the most about the activity?,Q17,"Meeting the mentor who works in tech, I asked her heaps of questions."
R_MK0077148,What did you enjoy the most about the activity?,Q17,"Finding out health jobs are STEM jobs, I thought STEM was just computers."
R_MK0081775,What did you enjoy the most about the activity?,Q17,Being in a small group where I wasn't scared to say the wrong thing.
R_MK0085820,What did you enjoy the most about the activity?,Q17,The research part where we had to find real evidence.
R_MK0087342,What did you enjoy the most about the activity?,Q17,"Going to the university campus, I'd never been to one."
R_MK0091716,What did you enjoy the most about the activity?,Q17,Getting to do it here instead of travelling to the city.
R_MK0105543,What did you enjoy the most about the activity?,Q17,Organising my group and working out who did what.
R_MK0106136,What did you enjoy the most about the activity?,Q17,Finding out design is part of engineering too.
R_MK0112332,What did you enjoy the most about the activity?,Q17,"Getting to build something that actually worked, not just learn about it."
R_MK0116896,What did you enjoy the most about the activity?,Q17,"Designing how our project looked, not just how it worked."
R_MK0117597,What did you enjoy the most about the activity?,Q17,Doing the experiments myself instead of watching the teacher do it.
R_MK0120777,What did you enjoy the most about the activity?,Q17,The video call with the scientist who works with livestock.
R_MK0121824,What did you enjoy the most about the activity?,Q17,The coding part. I do a bit at home but this was harder.
R_MK0123377,What did you enjoy the most about the activity?,Q17,Talking to the women in STEM about their actual day to day jobs.
R_MK0124835,What did you enjoy the most about the activity?,Q17,"Programming the robot to move on its own, I'd never done that."
R_MK0126334,What did you enjoy the most about the activity?,Q17,The research part where we had to find real evidence.
R_MK0130102,What did you enjoy the most about the activity?,Q17,Learning science can fix real problems in our own town.
R_MK0133624,What did you enjoy the most about the activity?,Q17,The mentor said she was first in her family to go to uni too.
R_MK0134295,What did you enjoy the most about the activity?,Q17,Getting to do it here instead of travelling to the city.
R_MK0135330,What did you enjoy the most about the activity?,Q17,The mentor said she was first in her family to go to uni too.
R_MK0137222,What did you enjoy the most about the activity?,Q17,"Meeting the mentor who works in tech, I asked her heaps of questions."
R_MK0139904,What did you enjoy the most about the activity?,Q17,"Programming the robot to move on its own, I'd never done that."
R_MK0144860,What did you enjoy the most about the activity?,Q17,"Presenting our project, I liked explaining it to the parents."
R_MK0146961,What did you enjoy the most about the activity?,Q17,Making the poster and the model together.
R_MK0148593,What did you enjoy the most about the activity?,Q17,We made something for our town that people could actually use.
R_MK0149622,What did you enjoy the most about the activity?,Q17,Organising my group and working out who did what.
R_MK0150326,What did you enjoy the most about the activity?,Q17,The teachers actually listened to our ideas.
R_MK0151723,What did you enjoy the most about the activity?,Q17,The video call with the scientist who works with livestock.
R_MK0156575,What did you enjoy the most about the activity?,Q17,Learning science can fix real problems in our own town.
R_MK0159431,What did you enjoy the most about the activity?,Q17,"Finding out health jobs are STEM jobs, I thought STEM was just computers."
R_MK0160688,What did you enjoy the most about the activity?,Q17,The video call with the scientist who works with livestock.
R_MK0161479,What did you enjoy the most about the activity?,Q17,Getting to do it here instead of travelling to the city.
R_MK0163738,What did you enjoy the most about the activity?,Q17,The video call with the scientist who works with livestock.
R_MK0166521,What did you enjoy the most about the activity?,Q17,"Presenting our project, I liked explaining it to the parents."
R_MK0167936,What did you enjoy the most about the activity?,Q17,"It wasn't like normal school, we chose what our project was about."
R_MK0168112,What did you enjoy the most about the activity?,Q17,The research part where we had to find real evidence.
R_MK0169179,What did you enjoy the most about the activity?,Q17,Testing the water in the creek near us and finding what was in it.
R_MK0176592,What did you enjoy the most about the activity?,Q17,The mentor said she was first in her family to go to uni too.
R_MK0006588,What would you change about the activity?,Q18,More time to write up what we found.
R_MK0009873,What would you change about the activity?,Q18,More time to write up what we found.
R_MK0010513,What would you change about the activity?,Q18,Let us pick our own groups.
R_MK0011479,What would you change about the activity?,Q18,More choice about what we do.
R_MK0016269,What would you change about the activity?,Q18,More time to write up what we found.
R_MK0020810,What would you change about the activity?,Q18,Run it closer to us more often.
R_MK0021392,What would you change about the activity?,Q18,Let us pick our own groups.
R_MK0028706,What would you change about the activity?,Q18,"Explain things more at the start, I didn't understand the words."
R_MK0036376,What would you change about the activity?,Q18,"Nothing really, but it went too fast."
R_MK0040482,What would you change about the activity?,Q18,More visits to the university.
R_MK0048618,What would you change about the activity?,Q18,Run it closer to us more often.
R_MK0056243,What would you change about the activity?,Q18,More of the design side and less coding.
R_MK0059808,What would you change about the activity?,Q18,Smaller steps for the graphs.
R_MK0061389,What would you change about the activity?,Q18,"More equipment, we had to share one set."
R_MK0064312,What would you change about the activity?,Q18,More time to write up what we found.
R_MK0065971,What would you change about the activity?,Q18,I would add more art into it.
R_MK0067782,What would you change about the activity?,Q18,Run it closer to us more often.
R_MK0075610,What would you change about the activity?,Q18,Make it harder. Some of it we already knew.
R_MK0076859,What would you change about the activity?,Q18,"Nothing really, but it went too fast."
R_MK0077148,What would you change about the activity?,Q18,More help with the maths parts.
R_MK0081775,What would you change about the activity?,Q18,"Longer, and less talking in front of everyone at the end."
R_MK0085820,What would you change about the activity?,Q18,Harder content for people who want it.
R_MK0087342,What would you change about the activity?,Q18,More visits to the university.
R_MK0091716,What would you change about the activity?,Q18,"Better internet, ours dropped out during the online session."
R_MK0105543,What would you change about the activity?,Q18,More help with the maths parts.
R_MK0106136,What would you change about the activity?,Q18,Better materials for the making part.
R_MK0112332,What would you change about the activity?,Q18,"Nothing really, but it went too fast."
R_MK0116896,What would you change about the activity?,Q18,I would add more art into it.
R_MK0117597,What would you change about the activity?,Q18,"Maybe explain the words at the start, I didn't know some of them."
R_MK0120777,What would you change about the activity?,Q18,"More equipment, we had to share one set."
R_MK0121824,What would you change about the activity?,Q18,"More time on the building, less on the planning."
R_MK0123377,What would you change about the activity?,Q18,"More time on the analysis, we rushed that bit."
R_MK0124835,What would you change about the activity?,Q18,"Nothing, it was good."
R_MK0126334,What would you change about the activity?,Q18,"Nothing much, it was well run."
R_MK0130102,What would you change about the activity?,Q18,Longer so we could finish properly.
R_MK0133624,What would you change about the activity?,Q18,"Nothing, it was good."
R_MK0134295,What would you change about the activity?,Q18,"Better internet, ours dropped out during the online session."
R_MK0135330,What would you change about the activity?,Q18,More visits to the university.
R_MK0137222,What would you change about the activity?,Q18,Make it harder. Some of it we already knew.
R_MK0139904,What would you change about the activity?,Q18,"Nothing, it was good."
R_MK0144860,What would you change about the activity?,Q18,More help with the maths parts.
R_MK0146961,What would you change about the activity?,Q18,Better materials for the making part.
R_MK0148593,What would you change about the activity?,Q18,"Nothing, I liked the making part."
R_MK0149622,What would you change about the activity?,Q18,Smaller steps for the graphs.
R_MK0150326,What would you change about the activity?,Q18,"Shorter instructions, they were too long."
R_MK0151723,What would you change about the activity?,Q18,Run it closer to us more often.
R_MK0156575,What would you change about the activity?,Q18,The data tables at the start were confusing.
R_MK0159431,What would you change about the activity?,Q18,I would keep it the same but add more group work.
R_MK0160688,What would you change about the activity?,Q18,"Better internet, ours dropped out during the online session."
R_MK0161479,What would you change about the activity?,Q18,"Better internet, ours dropped out during the online session."
R_MK0163738,What would you change about the activity?,Q18,Run it closer to us more often.
R_MK0166521,What would you change about the activity?,Q18,I would keep it the same but add more group work.
R_MK0167936,What would you change about the activity?,Q18,"Shorter instructions, they were too long."
R_MK0168112,What would you change about the activity?,Q18,"More time on the analysis, we rushed that bit."
R_MK0169179,What would you change about the activity?,Q18,More field trips instead of classroom parts.
R_MK0176592,What would you change about the activity?,Q18,More visits to the university.
R_MK0006588,What are your favourite school subjects?,Q19,Being in a small group where I wasn't scared to say the wrong thing.
R_MK0009873,What are your favourite school subjects?,Q19,Doing the experiments myself instead of watching the teacher do it.
R_MK0010513,What are your favourite school subjects?,Q19,"Making a game, I didn't know you could learn that at school."
R_MK0011479,What are your favourite school subjects?,Q19,"Making a game, I didn't know you could learn that at school."
R_MK0016269,What are your favourite school subjects?,Q19,I liked that we could test our own ideas even when they didn't work.
R_MK0020810,What are your favourite school subjects?,Q19,"Learning the science behind farming, which is what my family does."
R_MK0021392,What are your favourite school subjects?,Q19,The teachers actually listened to our ideas.
R_MK0028706,What are your favourite school subjects?,Q19,"Going to the university campus, I'd never been to one."
R_MK0036376,What are your favourite school subjects?,Q19,"Meeting the mentor who works in tech, I asked her heaps of questions."
R_MK0040482,What are your favourite school subjects?,Q19,The mentor said she was first in her family to go to uni too.
R_MK0048618,What are your favourite school subjects?,Q19,"Learning the science behind farming, which is what my family does."
R_MK0056243,What are your favourite school subjects?,Q19,Finding out design is part of engineering too.
R_MK0059808,What are your favourite school subjects?,Q19,"Finding out health jobs are STEM jobs, I thought STEM was just computers."
R_MK0061389,What are your favourite school subjects?,Q19,Getting to do it here instead of travelling to the city.
R_MK0064312,What are your favourite school subjects?,Q19,I liked that we could test our own ideas even when they didn't work.
R_MK0065971,What are your favourite school subjects?,Q19,Finding out design is part of engineering too.
R_MK0067782,What are your favourite school subjects?,Q19,Getting to do it here instead of travelling to the city.
R_MK0075610,What are your favourite school subjects?,Q19,The coding part. I do a bit at home but this was harder.
R_MK0076859,What are your favourite school subjects?,Q19,The coding part. I do a bit at home but this was harder.
R_MK0077148,What are your favourite school subjects?,Q19,"Presenting our project, I liked explaining it to the parents."
R_MK0081775,What are your favourite school subjects?,Q19,Being in a small group where I wasn't scared to say the wrong thing.
R_MK0085820,What are your favourite school subjects?,Q19,The research part where we had to find real evidence.
R_MK0087342,What are your favourite school subjects?,Q19,The mentor said she was first in her family to go to uni too.
R_MK0091716,What are your favourite school subjects?,Q19,"Learning the science behind farming, which is what my family does."
R_MK0105543,What are your favourite school subjects?,Q19,"Finding out health jobs are STEM jobs, I thought STEM was just computers."
R_MK0106136,What are your favourite school subjects?,Q19,"Designing how our project looked, not just how it worked."
R_MK0112332,What are your favourite school subjects?,Q19,The coding part. I do a bit at home but this was harder.
R_MK0116896,What are your favourite school subjects?,Q19,Making the poster and the model together.
R_MK0117597,What are your favourite school subjects?,Q19,I liked that we could test our own ideas even when they didn't work.
R_MK0120777,What are your favourite school subjects?,Q19,"Learning the science behind farming, which is what my family does."
R_MK0121824,What are your favourite school subjects?,Q19,"Meeting the mentor who works in tech, I asked her heaps of questions."
R_MK0123377,What are your favourite school subjects?,Q19,The research part where we had to find real evidence.
R_MK0124835,What are your favourite school subjects?,Q19,The mentor said she was first in her family to go to uni too.
R_MK0126334,What are your favourite school subjects?,Q19,Talking to the women in STEM about their actual day to day jobs.
R_MK0130102,What are your favourite school subjects?,Q19,Testing the water in the creek near us and finding what was in it.
R_MK0133624,What are your favourite school subjects?,Q19,"Going to the university campus, I'd never been to one."
R_MK0134295,What are your favourite school subjects?,Q19,"Learning the science behind farming, which is what my family does."
R_MK0135330,What are your favourite school subjects?,Q19,"Going to the university campus, I'd never been to one."
R_MK0137222,What are your favourite school subjects?,Q19,The coding part. I do a bit at home but this was harder.
R_MK0139904,What are your favourite school subjects?,Q19,The mentor said she was first in her family to go to uni too.
R_MK0144860,What are your favourite school subjects?,Q19,"Finding out health jobs are STEM jobs, I thought STEM was just computers."
R_MK0146961,What are your favourite school subjects?,Q19,Finding out design is part of engineering too.
R_MK0148593,What are your favourite school subjects?,Q19,We made something for our town that people could actually use.
R_MK0149622,What are your favourite school subjects?,Q19,Organising my group and working out who did what.
R_MK0150326,What are your favourite school subjects?,Q19,"It wasn't like normal school, we chose what our project was about."
R_MK0151723,What are your favourite school subjects?,Q19,Getting to do it here instead of travelling to the city.
R_MK0156575,What are your favourite school subjects?,Q19,Learning science can fix real problems in our own town.
R_MK0159431,What are your favourite school subjects?,Q19,"Finding out health jobs are STEM jobs, I thought STEM was just computers."
R_MK0160688,What are your favourite school subjects?,Q19,Getting to do it here instead of travelling to the city.
R_MK0161479,What are your favourite school subjects?,Q19,Getting to do it here instead of travelling to the city.
R_MK0163738,What are your favourite school subjects?,Q19,"Learning the science behind farming, which is what my family does."
R_MK0166521,What are your favourite school subjects?,Q19,Organising my group and working out who did what.
R_MK0167936,What are your favourite school subjects?,Q19,The teachers actually listened to our ideas.
R_MK0168112,What are your favourite school subjects?,Q19,Going deeper than we do in normal class.
R_MK0169179,What are your favourite school subjects?,Q19,The excursion where we surveyed the wetlands.
R_MK0176592,What are your favourite school subjects?,Q19,The mentor said she was first in her family to go to uni too.
R_MK0006588,"What would help you feel more interested and confident in choosing maths, science or technology subjects in the future?",Q24,Doing the experiments myself instead of watching the teacher do it.
R_MK0009873,"What would help you feel more interested and confident in choosing maths, science or technology subjects in the future?",Q24,Doing the experiments myself instead of watching the teacher do it.
R_MK0010513,"What would help you feel more interested and confident in choosing maths, science or technology subjects in the future?",Q24,"It wasn't like normal school, we chose what our project was about."
R_MK0011479,"What would help you feel more interested and confident in choosing maths, science or technology subjects in the future?",Q24,"It wasn't like normal school, we chose what our project was about."
R_MK0016269,"What would help you feel more interested and confident in choosing maths, science or technology subjects in the future?",Q24,Being in a small group where I wasn't scared to say the wrong thing.
R_MK0020810,"What would help you feel more interested and confident in choosing maths, science or technology subjects in the future?",Q24,Getting to do it here instead of travelling to the city.
R_MK0021392,"What would help you feel more interested and confident in choosing maths, science or technology subjects in the future?",Q24,"Making a game, I didn't know you could learn that at school."
R_MK0028706,"What would help you feel more interested and confident in choosing maths, science or technology subjects in the future?",Q24,The mentor said she was first in her family to go to uni too.
R_MK0036376,"What would help you feel more interested and confident in choosing maths, science or technology subjects in the future?",Q24,The coding part. I do a bit at home but this was harder.
R_MK0040482,"What would help you feel more interested and confident in choosing maths, science or technology subjects in the future?",Q24,"Programming the robot to move on its own, I'd never done that."
R_MK0048618,"What would help you feel more interested and confident in choosing maths, science or technology subjects in the future?",Q24,Getting to do it here instead of travelling to the city.
R_MK0056243,"What would help you feel more interested and confident in choosing maths, science or technology subjects in the future?",Q24,Finding out design is part of engineering too.
R_MK0059808,"What would help you feel more interested and confident in choosing maths, science or technology subjects in the future?",Q24,"Presenting our project, I liked explaining it to the parents."
R_MK0061389,"What would help you feel more interested and confident in choosing maths, science or technology subjects in the future?",Q24,"Learning the science behind farming, which is what my family does."
R_MK0064312,"What would help you feel more interested and confident in choosing maths, science or technology subjects in the future?",Q24,Being in a small group where I wasn't scared to say the wrong thing.
R_MK0065971,"What would help you feel more interested and confident in choosing maths, science or technology subjects in the future?",Q24,Making the poster and the model together.
R_MK0067782,"What would help you feel more interested and confident in choosing maths, science or technology subjects in the future?",Q24,Getting to do it here instead of travelling to the city.
R_MK0075610,"What would help you feel more interested and confident in choosing maths, science or technology subjects in the future?",Q24,"Getting to build something that actually worked, not just learn about it."
R_MK0076859,"What would help you feel more interested and confident in choosing maths, science or technology subjects in the future?",Q24,"Meeting the mentor who works in tech, I asked her heaps of questions."
R_MK0077148,"What would help you feel more interested and confident in choosing maths, science or technology subjects in the future?",Q24,Organising my group and working out who did what.
R_MK0081775,"What would help you feel more interested and confident in choosing maths, science or technology subjects in the future?",Q24,Doing the experiments myself instead of watching the teacher do it.
R_MK0085820,"What would help you feel more interested and confident in choosing maths, science or technology subjects in the future?",Q24,Going deeper than we do in normal class.
R_MK0087342,"What would help you feel more interested and confident in choosing maths, science or technology subjects in the future?",Q24,"Going to the university campus, I'd never been to one."
R_MK0091716,"What would help you feel more interested and confident in choosing maths, science or technology subjects in the future?",Q24,"Learning the science behind farming, which is what my family does."
R_MK0105543,"What would help you feel more interested and confident in choosing maths, science or technology subjects in the future?",Q24,"Presenting our project, I liked explaining it to the parents."
R_MK0106136,"What would help you feel more interested and confident in choosing maths, science or technology subjects in the future?",Q24,"Designing how our project looked, not just how it worked."
R_MK0112332,"What would help you feel more interested and confident in choosing maths, science or technology subjects in the future?",Q24,"Getting to build something that actually worked, not just learn about it."
R_MK0116896,"What would help you feel more interested and confident in choosing maths, science or technology subjects in the future?",Q24,Finding out design is part of engineering too.
R_MK0117597,"What would help you feel more interested and confident in choosing maths, science or technology subjects in the future?",Q24,I liked that we could test our own ideas even when they didn't work.
R_MK0120777,"What would help you feel more interested and confident in choosing maths, science or technology subjects in the future?",Q24,"Learning the science behind farming, which is what my family does."
R_MK0121824,"What would help you feel more interested and confident in choosing maths, science or technology subjects in the future?",Q24,"Meeting the mentor who works in tech, I asked her heaps of questions."
R_MK0123377,"What would help you feel more interested and confident in choosing maths, science or technology subjects in the future?",Q24,The research part where we had to find real evidence.
R_MK0124835,"What would help you feel more interested and confident in choosing maths, science or technology subjects in the future?",Q24,"Programming the robot to move on its own, I'd never done that."
R_MK0126334,"What would help you feel more interested and confident in choosing maths, science or technology subjects in the future?",Q24,Going deeper than we do in normal class.
R_MK0130102,"What would help you feel more interested and confident in choosing maths, science or technology subjects in the future?",Q24,Testing the water in the creek near us and finding what was in it.
R_MK0133624,"What would help you feel more interested and confident in choosing maths, science or technology subjects in the future?",Q24,The mentor said she was first in her family to go to uni too.
R_MK0134295,"What would help you feel more interested and confident in choosing maths, science or technology subjects in the future?",Q24,The video call with the scientist who works with livestock.
R_MK0135330,"What would help you feel more interested and confident in choosing maths, science or technology subjects in the future?",Q24,"Going to the university campus, I'd never been to one."
R_MK0137222,"What would help you feel more interested and confident in choosing maths, science or technology subjects in the future?",Q24,The coding part. I do a bit at home but this was harder.
R_MK0139904,"What would help you feel more interested and confident in choosing maths, science or technology subjects in the future?",Q24,The mentor said she was first in her family to go to uni too.
R_MK0144860,"What would help you feel more interested and confident in choosing maths, science or technology subjects in the future?",Q24,"Presenting our project, I liked explaining it to the parents."
R_MK0146961,"What would help you feel more interested and confident in choosing maths, science or technology subjects in the future?",Q24,Making the poster and the model together.
R_MK0148593,"What would help you feel more interested and confident in choosing maths, science or technology subjects in the future?",Q24,Making the model with real tools. It felt like proper work.
R_MK0149622,"What would help you feel more interested and confident in choosing maths, science or technology subjects in the future?",Q24,"Presenting our project, I liked explaining it to the parents."
R_MK0150326,"What would help you feel more interested and confident in choosing maths, science or technology subjects in the future?",Q24,"Making a game, I didn't know you could learn that at school."
R_MK0151723,"What would help you feel more interested and confident in choosing maths, science or technology subjects in the future?",Q24,"Learning the science behind farming, which is what my family does."
R_MK0156575,"What would help you feel more interested and confident in choosing maths, science or technology subjects in the future?",Q24,Testing the water in the creek near us and finding what was in it.
R_MK0159431,"What would help you feel more interested and confident in choosing maths, science or technology subjects in the future?",Q24,Organising my group and working out who did what.
R_MK0160688,"What would help you feel more interested and confident in choosing maths, science or technology subjects in the future?",Q24,The video call with the scientist who works with livestock.
R_MK0161479,"What would help you feel more interested and confident in choosing maths, science or technology subjects in the future?",Q24,Getting to do it here instead of travelling to the city.
R_MK0163738,"What would help you feel more interested and confident in choosing maths, science or technology subjects in the future?",Q24,"Learning the science behind farming, which is what my family does."
R_MK0166521,"What would help you feel more interested and confident in choosing maths, science or technology subjects in the future?",Q24,Organising my group and working out who did what.
R_MK0167936,"What would help you feel more interested and confident in choosing maths, science or technology subjects in the future?",Q24,"Making a game, I didn't know you could learn that at school."
R_MK0168112,"What would help you feel more interested and confident in choosing maths, science or technology subjects in the future?",Q24,Going deeper than we do in normal class.
R_MK0169179,"What would help you feel more interested and confident in choosing maths, science or technology subjects in the future?",Q24,Testing the water in the creek near us and finding what was in it.
R_MK0176592,"What would help you feel more interested and confident in choosing maths, science or technology subjects in the future?",Q24,The mentor said she was first in her family to go to uni too.
R_MK0000490,How do they help you choose?,Q27,Getting to do it here instead of travelling to the city.
R_MK0001420,How do they help you choose?,Q27,"Going to the university campus, I'd never been to one."
R_MK0003799,How do they help you choose?,Q27,"Designing how our project looked, not just how it worked."
R_MK0004366,How do they help you choose?,Q27,Organising my group and working out who did what.
R_MK0005158,How do they help you choose?,Q27,"Programming the robot to move on its own, I'd never done that."
R_MK0006588,How do they help you choose?,Q27,Doing the experiments myself instead of watching the teacher do it.
R_MK0007455,How do they help you choose?,Q27,Being in a small group where I wasn't scared to say the wrong thing.
R_MK0009873,How do they help you choose?,Q27,I liked that we could test our own ideas even when they didn't work.
R_MK0011479,How do they help you choose?,Q27,"It wasn't like normal school, we chose what our project was about."
R_MK0012823,How do they help you choose?,Q27,Making the model with real tools. It felt like proper work.
R_MK0013558,How do they help you choose?,Q27,Testing the water in the creek near us and finding what was in it.
R_MK0014844,How do they help you choose?,Q27,"Getting to build something that actually worked, not just learn about it."
R_MK0015743,How do they help you choose?,Q27,"Getting to build something that actually worked, not just learn about it."
R_MK0016269,How do they help you choose?,Q27,I liked that we could test our own ideas even when they didn't work.
R_MK0017999,How do they help you choose?,Q27,"Designing how our project looked, not just how it worked."
R_MK0018956,How do they help you choose?,Q27,"Designing how our project looked, not just how it worked."
R_MK0019930,How do they help you choose?,Q27,"Presenting our project, I liked explaining it to the parents."
R_MK0020810,How do they help you choose?,Q27,The video call with the scientist who works with livestock.
R_MK0021392,How do they help you choose?,Q27,"It wasn't like normal school, we chose what our project was about."
R_MK0022179,How do they help you choose?,Q27,Doing the experiments myself instead of watching the teacher do it.
R_MK0023428,How do they help you choose?,Q27,"Going to the university campus, I'd never been to one."
R_MK0024716,How do they help you choose?,Q27,"Meeting the mentor who works in tech, I asked her heaps of questions."
R_MK0025998,How do they help you choose?,Q27,I liked that we could test our own ideas even when they didn't work.
R_MK0026424,How do they help you choose?,Q27,Getting to do it here instead of travelling to the city.
R_MK0027532,How do they help you choose?,Q27,The excursion where we surveyed the wetlands.
R_MK0028706,How do they help you choose?,Q27,"Going to the university campus, I'd never been to one."
R_MK0029613,How do they help you choose?,Q27,Doing the experiments myself instead of watching the teacher do it.
R_MK0030869,How do they help you choose?,Q27,Organising my group and working out who did what.
R_MK0031367,How do they help you choose?,Q27,"Finding out health jobs are STEM jobs, I thought STEM was just computers."
R_MK0032671,How do they help you choose?,Q27,"Designing how our project looked, not just how it worked."
R_MK0033904,How do they help you choose?,Q27,Talking to the women in STEM about their actual day to day jobs.
R_MK0035898,How do they help you choose?,Q27,"Getting to build something that actually worked, not just learn about it."
R_MK0036376,How do they help you choose?,Q27,"Getting to build something that actually worked, not just learn about it."
R_MK0037653,How do they help you choose?,Q27,Making the model with real tools. It felt like proper work.
R_MK0038667,How do they help you choose?,Q27,"It wasn't like normal school, we chose what our project was about."
R_MK0039680,How do they help you choose?,Q27,Doing the experiments myself instead of watching the teacher do it.
R_MK0040482,How do they help you choose?,Q27,"Programming the robot to move on its own, I'd never done that."
R_MK0041355,How do they help you choose?,Q27,"Programming the robot to move on its own, I'd never done that."
R_MK0042313,How do they help you choose?,Q27,"It wasn't like normal school, we chose what our project was about."
R_MK0044408,How do they help you choose?,Q27,Making the model with real tools. It felt like proper work.
R_MK0045275,How do they help you choose?,Q27,Being in a small group where I wasn't scared to say the wrong thing.
R_MK0048618,How do they help you choose?,Q27,The video call with the scientist who works with livestock.
R_MK0050485,How do they help you choose?,Q27,"Programming the robot to move on its own, I'd never done that."
R_MK0051316,How do they help you choose?,Q27,The mentor said she was first in her family to go to uni too.
R_MK0052507,How do they help you choose?,Q27,We made something for our town that people could actually use.
R_MK0053554,How do they help you choose?,Q27,We made something for our town that people could actually use.
R_MK0054491,How do they help you choose?,Q27,Being in a small group where I wasn't scared to say the wrong thing.
R_MK0056243,How do they help you choose?,Q27,Making the poster and the model together.
R_MK0057652,How do they help you choose?,Q27,We made something for our town that people could actually use.
R_MK0058187,How do they help you choose?,Q27,"Presenting our project, I liked explaining it to the parents."
R_MK0059808,How do they help you choose?,Q27,"Presenting our project, I liked explaining it to the parents."
R_MK0060337,How do they help you choose?,Q27,"Meeting the mentor who works in tech, I asked her heaps of questions."
R_MK0061389,How do they help you choose?,Q27,Getting to do it here instead of travelling to the city.
R_MK0062732,How do they help you choose?,Q27,The mentor said she was first in her family to go to uni too.
R_MK0063210,How do they help you choose?,Q27,"It wasn't like normal school, we chose what our project was about."
R_MK0064312,How do they help you choose?,Q27,Doing the experiments myself instead of watching the teacher do it.
R_MK0065971,How do they help you choose?,Q27,Making the poster and the model together.
R_MK0066794,How do they help you choose?,Q27,"Going to the university campus, I'd never been to one."
R_MK0069966,How do they help you choose?,Q27,We made something for our town that people could actually use.
R_MK0070349,How do they help you choose?,Q27,"Using the 3D printer, I didn't know our school had one."
R_MK0071164,How do they help you choose?,Q27,"Using the 3D printer, I didn't know our school had one."
R_MK0072647,How do they help you choose?,Q27,I liked that we could test our own ideas even when they didn't work.
R_MK0074166,How do they help you choose?,Q27,The excursion where we surveyed the wetlands.
R_MK0075610,How do they help you choose?,Q27,"Getting to build something that actually worked, not just learn about it."
R_MK0076859,How do they help you choose?,Q27,The coding part. I do a bit at home but this was harder.
R_MK0077148,How do they help you choose?,Q27,"Finding out health jobs are STEM jobs, I thought STEM was just computers."
R_MK0078823,How do they help you choose?,Q27,We made something for our town that people could actually use.
R_MK0079985,How do they help you choose?,Q27,"Presenting our project, I liked explaining it to the parents."
R_MK0081775,How do they help you choose?,Q27,Doing the experiments myself instead of watching the teacher do it.
R_MK0082895,How do they help you choose?,Q27,The excursion where we surveyed the wetlands.
R_MK0083877,How do they help you choose?,Q27,"Going to the university campus, I'd never been to one."
R_MK0084645,How do they help you choose?,Q27,"Programming the robot to move on its own, I'd never done that."
R_MK0086561,How do they help you choose?,Q27,Finding out design is part of engineering too.
R_MK0087342,How do they help you choose?,Q27,The mentor said she was first in her family to go to uni too.
R_MK0088710,How do they help you choose?,Q27,"Using the 3D printer, I didn't know our school had one."
R_MK0089583,How do they help you choose?,Q27,The video call with the scientist who works with livestock.
R_MK0090307,How do they help you choose?,Q27,"Programming the robot to move on its own, I'd never done that."
R_MK0091716,How do they help you choose?,Q27,"Learning the science behind farming, which is what my family does."
R_MK0092349,How do they help you choose?,Q27,"Using the 3D printer, I didn't know our school had one."
R_MK0093864,How do they help you choose?,Q27,"Getting to build something that actually worked, not just learn about it."
R_MK0094190,How do they help you choose?,Q27,Finding out design is part of engineering too.
R_MK0095545,How do they help you choose?,Q27,"Finding out health jobs are STEM jobs, I thought STEM was just computers."
R_MK0096137,How do they help you choose?,Q27,Getting to do it here instead of travelling to the city.
R_MK0097211,How do they help you choose?,Q27,Organising my group and working out who did what.
R_MK0098826,How do they help you choose?,Q27,"Presenting our project, I liked explaining it to the parents."
R_MK0099981,How do they help you choose?,Q27,The video call with the scientist who works with livestock.
R_MK0100924,How do they help you choose?,Q27,"Using the 3D printer, I didn't know our school had one."
R_MK0101840,How do they help you choose?,Q27,The teachers actually listened to our ideas.
R_MK0102464,How do they help you choose?,Q27,Making the model with real tools. It felt like proper work.
R_MK0104887,How do they help you choose?,Q27,Testing the water in the creek near us and finding what was in it.
R_MK0105543,How do they help you choose?,Q27,Organising my group and working out who did what.
R_MK0106136,How do they help you choose?,Q27,Finding out design is part of engineering too.
R_MK0108204,How do they help you choose?,Q27,Testing the water in the creek near us and finding what was in it.
R_MK0109259,How do they help you choose?,Q27,"Getting to build something that actually worked, not just learn about it."
R_MK0110205,How do they help you choose?,Q27,"Finding out health jobs are STEM jobs, I thought STEM was just computers."
R_MK0111911,How do they help you choose?,Q27,"Programming the robot to move on its own, I'd never done that."
R_MK0113534,How do they help you choose?,Q27,"Making a game, I didn't know you could learn that at school."
R_MK0115101,How do they help you choose?,Q27,Learning science can fix real problems in our own town.
R_MK0116896,How do they help you choose?,Q27,"Designing how our project looked, not just how it worked."
R_MK0117597,How do they help you choose?,Q27,I liked that we could test our own ideas even when they didn't work.
R_MK0118236,How do they help you choose?,Q27,"Finding out health jobs are STEM jobs, I thought STEM was just computers."
R_MK0119937,How do they help you choose?,Q27,Learning science can fix real problems in our own town.
R_MK0120777,How do they help you choose?,Q27,The video call with the scientist who works with livestock.
R_MK0121824,How do they help you choose?,Q27,"Meeting the mentor who works in tech, I asked her heaps of questions."
R_MK0122299,How do they help you choose?,Q27,"Designing how our project looked, not just how it worked."
R_MK0123377,How do they help you choose?,Q27,Talking to the women in STEM about their actual day to day jobs.
R_MK0124835,How do they help you choose?,Q27,The mentor said she was first in her family to go to uni too.
R_MK0125986,How do they help you choose?,Q27,Finding out design is part of engineering too.
R_MK0126334,How do they help you choose?,Q27,Going deeper than we do in normal class.
R_MK0127356,How do they help you choose?,Q27,"Finding out health jobs are STEM jobs, I thought STEM was just computers."
R_MK0128763,How do they help you choose?,Q27,The research part where we had to find real evidence.
R_MK0129148,How do they help you choose?,Q27,"Getting to build something that actually worked, not just learn about it."
R_MK0130102,How do they help you choose?,Q27,Learning science can fix real problems in our own town.
R_MK0133624,How do they help you choose?,Q27,The mentor said she was first in her family to go to uni too.
R_MK0134295,How do they help you choose?,Q27,Getting to do it here instead of travelling to the city.
R_MK0135330,How do they help you choose?,Q27,The mentor said she was first in her family to go to uni too.
R_MK0136736,How do they help you choose?,Q27,"Meeting the mentor who works in tech, I asked her heaps of questions."
R_MK0137222,How do they help you choose?,Q27,The coding part. I do a bit at home but this was harder.
R_MK0138361,How do they help you choose?,Q27,The coding part. I do a bit at home but this was harder.
R_MK0139904,How do they help you choose?,Q27,"Going to the university campus, I'd never been to one."
R_MK0141468,How do they help you choose?,Q27,"Programming the robot to move on its own, I'd never done that."
R_MK0142343,How do they help you choose?,Q27,I liked that we could test our own ideas even when they didn't work.
R_MK0143612,How do they help you choose?,Q27,Going deeper than we do in normal class.
R_MK0144860,How do they help you choose?,Q27,"Finding out health jobs are STEM jobs, I thought STEM was just computers."
R_MK0146961,How do they help you choose?,Q27,"Designing how our project looked, not just how it worked."
R_MK0147145,How do they help you choose?,Q27,Making the model with real tools. It felt like proper work.
R_MK0148593,How do they help you choose?,Q27,We made something for our town that people could actually use.
R_MK0149622,How do they help you choose?,Q27,"Presenting our project, I liked explaining it to the parents."
R_MK0150326,How do they help you choose?,Q27,The teachers actually listened to our ideas.
R_MK0151723,How do they help you choose?,Q27,The video call with the scientist who works with livestock.
R_MK0152162,How do they help you choose?,Q27,The teachers actually listened to our ideas.
R_MK0153706,How do they help you choose?,Q27,Finding out design is part of engineering too.
R_MK0154144,How do they help you choose?,Q27,Finding out design is part of engineering too.
R_MK0155495,How do they help you choose?,Q27,I liked that we could test our own ideas even when they didn't work.
R_MK0156575,How do they help you choose?,Q27,Testing the water in the creek near us and finding what was in it.
R_MK0158689,How do they help you choose?,Q27,"Learning the science behind farming, which is what my family does."
R_MK0159431,How do they help you choose?,Q27,"Presenting our project, I liked explaining it to the parents."
R_MK0160688,How do they help you choose?,Q27,The video call with the scientist who works with livestock.
R_MK0162960,How do they help you choose?,Q27,I liked that we could test our own ideas even when they didn't work.
R_MK0163738,How do they help you choose?,Q27,The video call with the scientist who works with livestock.
R_MK0164642,How do they help you choose?,Q27,"Presenting our project, I liked explaining it to the parents."
R_MK0165992,How do they help you choose?,Q27,"It wasn't like normal school, we chose what our project was about."
R_MK0166521,How do they help you choose?,Q27,"Finding out health jobs are STEM jobs, I thought STEM was just computers."
R_MK0167936,How do they help you choose?,Q27,"It wasn't like normal school, we chose what our project was about."
R_MK0170452,How do they help you choose?,Q27,The excursion where we surveyed the wetlands.
R_MK0171638,How do they help you choose?,Q27,The mentor said she was first in her family to go to uni too.
R_MK0172581,How do they help you choose?,Q27,"Using the 3D printer, I didn't know our school had one."
R_MK0173433,How do they help you choose?,Q27,Testing the water in the creek near us and finding what was in it.
R_MK0174555,How do they help you choose?,Q27,Being in a small group where I wasn't scared to say the wrong thing.
R_MK0175827,How do they help you choose?,Q27,Getting to do it here instead of travelling to the city.
R_MK0177728,How do they help you choose?,Q27,"Getting to build something that actually worked, not just learn about it."
R_MK0178683,How do they help you choose?,Q27,Getting to do it here instead of travelling to the city.
R_MK0179259,How do they help you choose?,Q27,"Programming the robot to move on its own, I'd never done that."
R_MK0000490,What kind of jobs do you imagine you might do in the future?,Q28,An agricultural scientist
R_MK0001420,What kind of jobs do you imagine you might do in the future?,Q28,Maybe an engineer
R_MK0002929,What kind of jobs do you imagine you might do in the future?,Q28,A game developer
R_MK0003799,What kind of jobs do you imagine you might do in the future?,Q28,"A designer, maybe for apps"
R_MK0004366,What kind of jobs do you imagine you might do in the future?,Q28,"Something in health, I didn't know that was STEM"
R_MK0005158,What kind of jobs do you imagine you might do in the future?,Q28,Maybe an engineer
R_MK0006588,What kind of jobs do you imagine you might do in the future?,Q28,Maybe a teacher
R_MK0007455,What kind of jobs do you imagine you might do in the future?,Q28,Maybe a teacher
R_MK0008438,What kind of jobs do you imagine you might do in the future?,Q28,A vet maybe
R_MK0009873,What kind of jobs do you imagine you might do in the future?,Q28,A scientist
R_MK0010513,What kind of jobs do you imagine you might do in the future?,Q28,I didn't think about it before but maybe IT
R_MK0012823,What kind of jobs do you imagine you might do in the future?,Q28,Maybe an engineer
R_MK0013558,What kind of jobs do you imagine you might do in the future?,Q28,Something protecting rivers
R_MK0014844,What kind of jobs do you imagine you might do in the future?,Q28,A software engineer
R_MK0015743,What kind of jobs do you imagine you might do in the future?,Q28,A software engineer
R_MK0016269,What kind of jobs do you imagine you might do in the future?,Q28,Maybe a teacher
R_MK0018956,What kind of jobs do you imagine you might do in the future?,Q28,Design and technology together
R_MK0019930,What kind of jobs do you imagine you might do in the future?,Q28,A nurse or maybe a doctor
R_MK0020810,What kind of jobs do you imagine you might do in the future?,Q28,An agricultural scientist
R_MK0021392,What kind of jobs do you imagine you might do in the future?,Q28,Maybe game design
R_MK0024716,What kind of jobs do you imagine you might do in the future?,Q28,A game developer
R_MK0025998,What kind of jobs do you imagine you might do in the future?,Q28,A vet maybe
R_MK0026424,What kind of jobs do you imagine you might do in the future?,Q28,An agricultural scientist
R_MK0027532,What kind of jobs do you imagine you might do in the future?,Q28,Something protecting rivers
R_MK0029613,What kind of jobs do you imagine you might do in the future?,Q28,A vet maybe
R_MK0031367,What kind of jobs do you imagine you might do in the future?,Q28,"Something in health, I didn't know that was STEM"
R_MK0032671,What kind of jobs do you imagine you might do in the future?,Q28,An architect
R_MK0033904,What kind of jobs do you imagine you might do in the future?,Q28,A doctor
R_MK0034746,What kind of jobs do you imagine you might do in the future?,Q28,A scientist
R_MK0035898,What kind of jobs do you imagine you might do in the future?,Q28,A software engineer
R_MK0036376,What kind of jobs do you imagine you might do in the future?,Q28,A software engineer
R_MK0037653,What kind of jobs do you imagine you might do in the future?,Q28,A carpenter or an engineer
R_MK0038667,What kind of jobs do you imagine you might do in the future?,Q28,Maybe game design
R_MK0039680,What kind of jobs do you imagine you might do in the future?,Q28,A scientist
R_MK0040482,What kind of jobs do you imagine you might do in the future?,Q28,Something with robots
R_MK0041355,What kind of jobs do you imagine you might do in the future?,Q28,"I want to go to uni now, maybe engineering"
R_MK0042313,What kind of jobs do you imagine you might do in the future?,Q28,I didn't think about it before but maybe IT
R_MK0043999,What kind of jobs do you imagine you might do in the future?,Q28,Something with robots
R_MK0044408,What kind of jobs do you imagine you might do in the future?,Q28,Something where I build things
R_MK0045275,What kind of jobs do you imagine you might do in the future?,Q28,Maybe a teacher
R_MK0046739,What kind of jobs do you imagine you might do in the future?,Q28,A game developer
R_MK0047565,What kind of jobs do you imagine you might do in the future?,Q28,Medicine or research
R_MK0048618,What kind of jobs do you imagine you might do in the future?,Q28,Something with animals and science
R_MK0049670,What kind of jobs do you imagine you might do in the future?,Q28,A scientist
R_MK0050485,What kind of jobs do you imagine you might do in the future?,Q28,"I want to go to uni now, maybe engineering"
R_MK0051316,What kind of jobs do you imagine you might do in the future?,Q28,Something with robots
R_MK0052507,What kind of jobs do you imagine you might do in the future?,Q28,Something where I build things
R_MK0053554,What kind of jobs do you imagine you might do in the future?,Q28,Something where I build things
R_MK0054491,What kind of jobs do you imagine you might do in the future?,Q28,A scientist
R_MK0055575,What kind of jobs do you imagine you might do in the future?,Q28,A carpenter or an engineer
R_MK0056243,What kind of jobs do you imagine you might do in the future?,Q28,Design and technology together
R_MK0057652,What kind of jobs do you imagine you might do in the future?,Q28,Maybe an engineer
R_MK0058187,What kind of jobs do you imagine you might do in the future?,Q28,A paramedic
R_MK0059808,What kind of jobs do you imagine you might do in the future?,Q28,"Something in health, I didn't know that was STEM"
R_MK0060337,What kind of jobs do you imagine you might do in the future?,Q28,A computer scientist
R_MK0061389,What kind of jobs do you imagine you might do in the future?,Q28,Something with animals and science
R_MK0062732,What kind of jobs do you imagine you might do in the future?,Q28,Maybe an engineer
R_MK0063210,What kind of jobs do you imagine you might do in the future?,Q28,Maybe game design
R_MK0064312,What kind of jobs do you imagine you might do in the future?,Q28,Maybe a teacher
R_MK0066794,What kind of jobs do you imagine you might do in the future?,Q28,Maybe an engineer
R_MK0067782,What kind of jobs do you imagine you might do in the future?,Q28,A vet
R_MK0068468,What kind of jobs do you imagine you might do in the future?,Q28,A nurse or maybe a doctor
R_MK0069966,What kind of jobs do you imagine you might do in the future?,Q28,A carpenter or an engineer
R_MK0070349,What kind of jobs do you imagine you might do in the future?,Q28,Something where I build things
R_MK0071164,What kind of jobs do you imagine you might do in the future?,Q28,Maybe an engineer
R_MK0072647,What kind of jobs do you imagine you might do in the future?,Q28,Maybe a teacher
R_MK0073957,What kind of jobs do you imagine you might do in the future?,Q28,A nurse or maybe a doctor
R_MK0074166,What kind of jobs do you imagine you might do in the future?,Q28,A marine scientist
R_MK0075610,What kind of jobs do you imagine you might do in the future?,Q28,A game developer
R_MK0076859,What kind of jobs do you imagine you might do in the future?,Q28,A computer scientist
R_MK0077148,What kind of jobs do you imagine you might do in the future?,Q28,A nurse or maybe a doctor
R_MK0079985,What kind of jobs do you imagine you might do in the future?,Q28,"Something in health, I didn't know that was STEM"
R_MK0081775,What kind of jobs do you imagine you might do in the future?,Q28,A vet maybe
R_MK0082895,What kind of jobs do you imagine you might do in the future?,Q28,An environmental scientist
R_MK0083877,What kind of jobs do you imagine you might do in the future?,Q28,Maybe an engineer
R_MK0084645,What kind of jobs do you imagine you might do in the future?,Q28,"I want to go to uni now, maybe engineering"
R_MK0085820,What kind of jobs do you imagine you might do in the future?,Q28,A doctor
R_MK0086561,What kind of jobs do you imagine you might do in the future?,Q28,An architect
R_MK0087342,What kind of jobs do you imagine you might do in the future?,Q28,Maybe an engineer
R_MK0088710,What kind of jobs do you imagine you might do in the future?,Q28,Maybe an engineer
R_MK0089583,What kind of jobs do you imagine you might do in the future?,Q28,A vet
R_MK0090307,What kind of jobs do you imagine you might do in the future?,Q28,"I want to go to uni now, maybe engineering"
R_MK0091716,What kind of jobs do you imagine you might do in the future?,Q28,Something with animals and science
R_MK0092349,What kind of jobs do you imagine you might do in the future?,Q28,Maybe an engineer
R_MK0093864,What kind of jobs do you imagine you might do in the future?,Q28,A computer scientist
R_MK0094190,What kind of jobs do you imagine you might do in the future?,Q28,An architect
R_MK0095545,What kind of jobs do you imagine you might do in the future?,Q28,A nurse or maybe a doctor
R_MK0096137,What kind of jobs do you imagine you might do in the future?,Q28,An agricultural scientist
R_MK0098826,What kind of jobs do you imagine you might do in the future?,Q28,A paramedic
R_MK0099981,What kind of jobs do you imagine you might do in the future?,Q28,Something with animals and science
R_MK0100924,What kind of jobs do you imagine you might do in the future?,Q28,A carpenter or an engineer
R_MK0101840,What kind of jobs do you imagine you might do in the future?,Q28,Something with computers
R_MK0102464,What kind of jobs do you imagine you might do in the future?,Q28,Maybe an engineer
R_MK0104887,What kind of jobs do you imagine you might do in the future?,Q28,Something protecting rivers
R_MK0106136,What kind of jobs do you imagine you might do in the future?,Q28,An architect
R_MK0107629,What kind of jobs do you imagine you might do in the future?,Q28,A carpenter or an engineer
R_MK0108204,What kind of jobs do you imagine you might do in the future?,Q28,Something protecting rivers
R_MK0109259,What kind of jobs do you imagine you might do in the future?,Q28,A software engineer
R_MK0110205,What kind of jobs do you imagine you might do in the future?,Q28,"Something in health, I didn't know that was STEM"
R_MK0111911,What kind of jobs do you imagine you might do in the future?,Q28,Something with robots
R_MK0112332,What kind of jobs do you imagine you might do in the future?,Q28,A game developer
R_MK0113534,What kind of jobs do you imagine you might do in the future?,Q28,Something with computers
R_MK0114340,What kind of jobs do you imagine you might do in the future?,Q28,Something with computers
R_MK0115101,What kind of jobs do you imagine you might do in the future?,Q28,Something protecting rivers
R_MK0116896,What kind of jobs do you imagine you might do in the future?,Q28,An architect
R_MK0117597,What kind of jobs do you imagine you might do in the future?,Q28,Maybe a teacher
R_MK0118236,What kind of jobs do you imagine you might do in the future?,Q28,A paramedic
R_MK0119937,What kind of jobs do you imagine you might do in the future?,Q28,A marine scientist
R_MK0120777,What kind of jobs do you imagine you might do in the future?,Q28,An agricultural scientist
R_MK0121824,What kind of jobs do you imagine you might do in the future?,Q28,A computer scientist
R_MK0122299,What kind of jobs do you imagine you might do in the future?,Q28,An architect
R_MK0123377,What kind of jobs do you imagine you might do in the future?,Q28,Medicine or research
R_MK0124835,What kind of jobs do you imagine you might do in the future?,Q28,Something with robots
R_MK0125986,What kind of jobs do you imagine you might do in the future?,Q28,Design and technology together
R_MK0126334,What kind of jobs do you imagine you might do in the future?,Q28,Medicine or research
R_MK0127356,What kind of jobs do you imagine you might do in the future?,Q28,A nurse or maybe a doctor
R_MK0128763,What kind of jobs do you imagine you might do in the future?,Q28,Medicine or research
R_MK0129148,What kind of jobs do you imagine you might do in the future?,Q28,A software engineer
R_MK0130102,What kind of jobs do you imagine you might do in the future?,Q28,A marine scientist
R_MK0132168,What kind of jobs do you imagine you might do in the future?,Q28,"Something in health, I didn't know that was STEM"
R_MK0133624,What kind of jobs do you imagine you might do in the future?,Q28,Something with robots
R_MK0134295,What kind of jobs do you imagine you might do in the future?,Q28,An agricultural scientist
R_MK0135330,What kind of jobs do you imagine you might do in the future?,Q28,"I want to go to uni now, maybe engineering"
R_MK0136736,What kind of jobs do you imagine you might do in the future?,Q28,A game developer
R_MK0137222,What kind of jobs do you imagine you might do in the future?,Q28,A software engineer
R_MK0138361,What kind of jobs do you imagine you might do in the future?,Q28,A game developer
R_MK0139904,What kind of jobs do you imagine you might do in the future?,Q28,"I want to go to uni now, maybe engineering"
R_MK0140966,What kind of jobs do you imagine you might do in the future?,Q28,A carpenter or an engineer
R_MK0141468,What kind of jobs do you imagine you might do in the future?,Q28,Maybe an engineer
R_MK0142343,What kind of jobs do you imagine you might do in the future?,Q28,A scientist
R_MK0144860,What kind of jobs do you imagine you might do in the future?,Q28,A nurse or maybe a doctor
R_MK0145650,What kind of jobs do you imagine you might do in the future?,Q28,Medicine or research
R_MK0146961,What kind of jobs do you imagine you might do in the future?,Q28,"A designer, maybe for apps"
R_MK0147145,What kind of jobs do you imagine you might do in the future?,Q28,A carpenter or an engineer
R_MK0149622,What kind of jobs do you imagine you might do in the future?,Q28,A nurse or maybe a doctor
R_MK0150326,What kind of jobs do you imagine you might do in the future?,Q28,I didn't think about it before but maybe IT
R_MK0152162,What kind of jobs do you imagine you might do in the future?,Q28,Maybe game design
R_MK0153706,What kind of jobs do you imagine you might do in the future?,Q28,"A designer, maybe for apps"
R_MK0155495,What kind of jobs do you imagine you might do in the future?,Q28,Maybe a teacher
R_MK0156575,What kind of jobs do you imagine you might do in the future?,Q28,An environmental scientist
R_MK0157486,What kind of jobs do you imagine you might do in the future?,Q28,Something protecting rivers
R_MK0158689,What kind of jobs do you imagine you might do in the future?,Q28,A vet
R_MK0159431,What kind of jobs do you imagine you might do in the future?,Q28,A nurse or maybe a doctor
R_MK0160688,What kind of jobs do you imagine you might do in the future?,Q28,A vet
R_MK0161479,What kind of jobs do you imagine you might do in the future?,Q28,An agricultural scientist
R_MK0162960,What kind of jobs do you imagine you might do in the future?,Q28,A scientist
R_MK0163738,What kind of jobs do you imagine you might do in the future?,Q28,An agricultural scientist
R_MK0165992,What kind of jobs do you imagine you might do in the future?,Q28,Maybe game design
R_MK0166521,What kind of jobs do you imagine you might do in the future?,Q28,A nurse or maybe a doctor
R_MK0167936,What kind of jobs do you imagine you might do in the future?,Q28,I didn't think about it before but maybe IT
R_MK0168112,What kind of jobs do you imagine you might do in the future?,Q28,A biomedical scientist
R_MK0169179,What kind of jobs do you imagine you might do in the future?,Q28,Something protecting rivers
R_MK0170452,What kind of jobs do you imagine you might do in the future?,Q28,Something protecting rivers
R_MK0172581,What kind of jobs do you imagine you might do in the future?,Q28,Something where I build things
R_MK0173433,What kind of jobs do you imagine you might do in the future?,Q28,A marine scientist
R_MK0174555,What kind of jobs do you imagine you might do in the future?,Q28,Maybe a teacher
R_MK0175827,What kind of jobs do you imagine you might do in the future?,Q28,A vet
R_MK0176592,What kind of jobs do you imagine you might do in the future?,Q28,"I want to go to uni now, maybe engineering"
R_MK0177728,What kind of jobs do you imagine you might do in the future?,Q28,A game developer
R_MK0178683,What kind of jobs do you imagine you might do in the future?,Q28,A vet
R_MK0179259,What kind of jobs do you imagine you might do in the future?,Q28,Something with robots
R_MK0006588,What made you change your mind?,Q30,"Maybe explain the words at the start, I didn't know some of them."
R_MK0009873,What made you change your mind?,Q30,More time to write up what we found.
R_MK0010513,What made you change your mind?,Q30,"Shorter instructions, they were too long."
R_MK0011479,What made you change your mind?,Q30,More choice about what we do.
R_MK0016269,What made you change your mind?,Q30,"Maybe explain the words at the start, I didn't know some of them."
R_MK0020810,What made you change your mind?,Q30,"More equipment, we had to share one set."
R_MK0021392,What made you change your mind?,Q30,"Shorter instructions, they were too long."
R_MK0028706,What made you change your mind?,Q30,More visits to the university.
R_MK0036376,What made you change your mind?,Q30,Make it harder. Some of it we already knew.
R_MK0040482,What made you change your mind?,Q30,More visits to the university.
R_MK0048618,What made you change your mind?,Q30,Run it closer to us more often.
R_MK0056243,What made you change your mind?,Q30,I would add more art into it.
R_MK0059808,What made you change your mind?,Q30,Smaller steps for the graphs.
R_MK0061389,What made you change your mind?,Q30,"More equipment, we had to share one set."
R_MK0064312,What made you change your mind?,Q30,"Longer, and less talking in front of everyone at the end."
R_MK0065971,What made you change your mind?,Q30,More of the design side and less coding.
R_MK0067782,What made you change your mind?,Q30,"Better internet, ours dropped out during the online session."
R_MK0075610,What made you change your mind?,Q30,"More time on the building, less on the planning."
R_MK0076859,What made you change your mind?,Q30,"More time on the building, less on the planning."
R_MK0077148,What made you change your mind?,Q30,Smaller steps for the graphs.
R_MK0081775,What made you change your mind?,Q30,"Longer, and less talking in front of everyone at the end."
R_MK0085820,What made you change your mind?,Q30,"Nothing much, it was well run."
R_MK0087342,What made you change your mind?,Q30,"Explain things more at the start, I didn't understand the words."
R_MK0091716,What made you change your mind?,Q30,Run it closer to us more often.
R_MK0105543,What made you change your mind?,Q30,I would keep it the same but add more group work.
R_MK0106136,What made you change your mind?,Q30,Better materials for the making part.
R_MK0112332,What made you change your mind?,Q30,"More time on the building, less on the planning."
R_MK0116896,What made you change your mind?,Q30,More of the design side and less coding.
R_MK0117597,What made you change your mind?,Q30,"Maybe explain the words at the start, I didn't know some of them."
R_MK0120777,What made you change your mind?,Q30,Run it closer to us more often.
R_MK0121824,What made you change your mind?,Q30,"Nothing really, but it went too fast."
R_MK0123377,What made you change your mind?,Q30,Harder content for people who want it.
R_MK0124835,What made you change your mind?,Q30,"Explain things more at the start, I didn't understand the words."
R_MK0126334,What made you change your mind?,Q30,Harder content for people who want it.
R_MK0130102,What made you change your mind?,Q30,More field trips instead of classroom parts.
R_MK0133624,What made you change your mind?,Q30,"Nothing, it was good."
R_MK0134295,What made you change your mind?,Q30,"More equipment, we had to share one set."
R_MK0135330,What made you change your mind?,Q30,More visits to the university.
R_MK0137222,What made you change your mind?,Q30,"Nothing really, but it went too fast."
R_MK0139904,What made you change your mind?,Q30,"Explain things more at the start, I didn't understand the words."
R_MK0144860,What made you change your mind?,Q30,More help with the maths parts.
R_MK0146961,What made you change your mind?,Q30,More of the design side and less coding.
R_MK0148593,What made you change your mind?,Q30,"Nothing, I liked the making part."
R_MK0149622,What made you change your mind?,Q30,More help with the maths parts.
R_MK0150326,What made you change your mind?,Q30,Let us pick our own groups.
R_MK0151723,What made you change your mind?,Q30,Run it closer to us more often.
R_MK0156575,What made you change your mind?,Q30,Longer so we could finish properly.
R_MK0159431,What made you change your mind?,Q30,I would keep it the same but add more group work.
R_MK0160688,What made you change your mind?,Q30,Run it closer to us more often.
R_MK0161479,What made you change your mind?,Q30,"Better internet, ours dropped out during the online session."
R_MK0163738,What made you change your mind?,Q30,"More equipment, we had to share one set."
R_MK0166521,What made you change your mind?,Q30,I would keep it the same but add more group work.
R_MK0167936,What made you change your mind?,Q30,More choice about what we do.
R_MK0168112,What made you change your mind?,Q30,Harder content for people who want it.
R_MK0169179,What made you change your mind?,Q30,The data tables at the start were confusing.
R_MK0176592,What made you change your mind?,Q30,"Nothing, it was good."
R_MK0003799,What did you enjoy most about this activity?,Q38,Making the poster and the model together.
R_MK0004366,What did you enjoy most about this activity?,Q38,Organising my group and working out who did what.
R_MK0008438,What did you enjoy most about this activity?,Q38,I liked that we could test our own ideas even when they didn't work.
R_MK0010513,What did you enjoy most about this activity?,Q38,The teachers actually listened to our ideas.
R_MK0019930,What did you enjoy most about this activity?,Q38,"Finding out health jobs are STEM jobs, I thought STEM was just computers."
R_MK0020810,What did you enjoy most about this activity?,Q38,Getting to do it here instead of travelling to the city.
R_MK0021392,What did you enjoy most about this activity?,Q38,The teachers actually listened to our ideas.
R_MK0024716,What did you enjoy most about this activity?,Q38,"Meeting the mentor who works in tech, I asked her heaps of questions."
R_MK0026424,What did you enjoy most about this activity?,Q38,Getting to do it here instead of travelling to the city.
R_MK0030869,What did you enjoy most about this activity?,Q38,Organising my group and working out who did what.
R_MK0034746,What did you enjoy most about this activity?,Q38,I liked that we could test our own ideas even when they didn't work.
R_MK0035898,What did you enjoy most about this activity?,Q38,"Getting to build something that actually worked, not just learn about it."
R_MK0036376,What did you enjoy most about this activity?,Q38,The coding part. I do a bit at home but this was harder.
R_MK0037653,What did you enjoy most about this activity?,Q38,"Using the 3D printer, I didn't know our school had one."
R_MK0038667,What did you enjoy most about this activity?,Q38,"It wasn't like normal school, we chose what our project was about."
R_MK0041355,What did you enjoy most about this activity?,Q38,"Going to the university campus, I'd never been to one."
R_MK0042313,What did you enjoy most about this activity?,Q38,"Making a game, I didn't know you could learn that at school."
R_MK0044408,What did you enjoy most about this activity?,Q38,"Using the 3D printer, I didn't know our school had one."
R_MK0045275,What did you enjoy most about this activity?,Q38,Doing the experiments myself instead of watching the teacher do it.
R_MK0049670,What did you enjoy most about this activity?,Q38,Being in a small group where I wasn't scared to say the wrong thing.
R_MK0055575,What did you enjoy most about this activity?,Q38,"Using the 3D printer, I didn't know our school had one."
R_MK0057652,What did you enjoy most about this activity?,Q38,Making the model with real tools. It felt like proper work.
R_MK0064312,What did you enjoy most about this activity?,Q38,Being in a small group where I wasn't scared to say the wrong thing.
R_MK0071164,What did you enjoy most about this activity?,Q38,We made something for our town that people could actually use.
R_MK0072647,What did you enjoy most about this activity?,Q38,Being in a small group where I wasn't scared to say the wrong thing.
R_MK0073957,What did you enjoy most about this activity?,Q38,Organising my group and working out who did what.
R_MK0074166,What did you enjoy most about this activity?,Q38,Learning science can fix real problems in our own town.
R_MK0092349,What did you enjoy most about this activity?,Q38,We made something for our town that people could actually use.
R_MK0101840,What did you enjoy most about this activity?,Q38,"It wasn't like normal school, we chose what our project was about."
R_MK0102464,What did you enjoy most about this activity?,Q38,"Using the 3D printer, I didn't know our school had one."
R_MK0106136,What did you enjoy most about this activity?,Q38,"Designing how our project looked, not just how it worked."
R_MK0109259,What did you enjoy most about this activity?,Q38,"Getting to build something that actually worked, not just learn about it."
R_MK0112332,What did you enjoy most about this activity?,Q38,"Meeting the mentor who works in tech, I asked her heaps of questions."
R_MK0114340,What did you enjoy most about this activity?,Q38,"Making a game, I didn't know you could learn that at school."
R_MK0115101,What did you enjoy most about this activity?,Q38,Learning science can fix real problems in our own town.
R_MK0117597,What did you enjoy most about this activity?,Q38,Being in a small group where I wasn't scared to say the wrong thing.
R_MK0118236,What did you enjoy most about this activity?,Q38,"Presenting our project, I liked explaining it to the parents."
R_MK0133624,What did you enjoy most about this activity?,Q38,"Going to the university campus, I'd never been to one."
R_MK0136736,What did you enjoy most about this activity?,Q38,The coding part. I do a bit at home but this was harder.
R_MK0137222,What did you enjoy most about this activity?,Q38,"Meeting the mentor who works in tech, I asked her heaps of questions."
R_MK0143612,What did you enjoy most about this activity?,Q38,Talking to the women in STEM about their actual day to day jobs.
R_MK0145650,What did you enjoy most about this activity?,Q38,The research part where we had to find real evidence.
R_MK0148593,What did you enjoy most about this activity?,Q38,We made something for our town that people could actually use.
R_MK0150326,What did you enjoy most about this activity?,Q38,"Making a game, I didn't know you could learn that at school."
R_MK0151723,What did you enjoy most about this activity?,Q38,The video call with the scientist who works with livestock.
R_MK0152162,What did you enjoy most about this activity?,Q38,"Making a game, I didn't know you could learn that at school."
R_MK0156575,What did you enjoy most about this activity?,Q38,Learning science can fix real problems in our own town.
R_MK0158689,What did you enjoy most about this activity?,Q38,Getting to do it here instead of travelling to the city.
R_MK0162960,What did you enjoy most about this activity?,Q38,Being in a small group where I wasn't scared to say the wrong thing.
R_MK0169179,What did you enjoy most about this activity?,Q38,Learning science can fix real problems in our own town.
R_MK0170452,What did you enjoy most about this activity?,Q38,The excursion where we surveyed the wetlands.
R_MK0172581,What did you enjoy most about this activity?,Q38,We made something for our town that people could actually use.
R_MK0173433,What did you enjoy most about this activity?,Q38,Learning science can fix real problems in our own town.
R_MK0175827,What did you enjoy most about this activity?,Q38,Getting to do it here instead of travelling to the city.
R_MK0003799,What would you change about the activity?,Q39,I would add more art into it.
R_MK0004366,What would you change about the activity?,Q39,More help with the maths parts.
R_MK0008438,What would you change about the activity?,Q39,"Maybe explain the words at the start, I didn't know some of them."
R_MK0010513,What would you change about the activity?,Q39,More choice about what we do.
R_MK0019930,What would you change about the activity?,Q39,I would keep it the same but add more group work.
R_MK0020810,What would you change about the activity?,Q39,Run it closer to us more often.
R_MK0021392,What would you change about the activity?,Q39,"Shorter instructions, they were too long."
R_MK0024716,What would you change about the activity?,Q39,Make it harder. Some of it we already knew.
R_MK0026424,What would you change about the activity?,Q39,"More equipment, we had to share one set."
R_MK0030869,What would you change about the activity?,Q39,Smaller steps for the graphs.
R_MK0034746,What would you change about the activity?,Q39,"Maybe explain the words at the start, I didn't know some of them."
R_MK0035898,What would you change about the activity?,Q39,"Nothing really, but it went too fast."
R_MK0036376,What would you change about the activity?,Q39,Make it harder. Some of it we already knew.
R_MK0037653,What would you change about the activity?,Q39,"Nothing, I liked the making part."
R_MK0038667,What would you change about the activity?,Q39,Let us pick our own groups.
R_MK0041355,What would you change about the activity?,Q39,More visits to the university.
R_MK0042313,What would you change about the activity?,Q39,More choice about what we do.
R_MK0044408,What would you change about the activity?,Q39,"More tools, we had to share."
R_MK0045275,What would you change about the activity?,Q39,More time to write up what we found.
R_MK0049670,What would you change about the activity?,Q39,"Maybe explain the words at the start, I didn't know some of them."
R_MK0055575,What would you change about the activity?,Q39,"More tools, we had to share."
R_MK0057652,What would you change about the activity?,Q39,"More tools, we had to share."
R_MK0064312,What would you change about the activity?,Q39,More time to write up what we found.
R_MK0071164,What would you change about the activity?,Q39,"Nothing, I liked the making part."
R_MK0072647,What would you change about the activity?,Q39,"Maybe explain the words at the start, I didn't know some of them."
R_MK0073957,What would you change about the activity?,Q39,Smaller steps for the graphs.
R_MK0074166,What would you change about the activity?,Q39,Longer so we could finish properly.
R_MK0092349,What would you change about the activity?,Q39,"Nothing, I liked the making part."
R_MK0101840,What would you change about the activity?,Q39,"Shorter instructions, they were too long."
R_MK0102464,What would you change about the activity?,Q39,"Nothing, I liked the making part."
R_MK0106136,What would you change about the activity?,Q39,I would add more art into it.
R_MK0109259,What would you change about the activity?,Q39,"More time on the building, less on the planning."
R_MK0112332,What would you change about the activity?,Q39,"More time on the building, less on the planning."
R_MK0114340,What would you change about the activity?,Q39,"Shorter instructions, they were too long."
R_MK0115101,What would you change about the activity?,Q39,More field trips instead of classroom parts.
R_MK0117597,What would you change about the activity?,Q39,"Longer, and less talking in front of everyone at the end."
R_MK0118236,What would you change about the activity?,Q39,I would keep it the same but add more group work.
R_MK0133624,What would you change about the activity?,Q39,"Nothing, it was good."
R_MK0136736,What would you change about the activity?,Q39,Make it harder. Some of it we already knew.
R_MK0137222,What would you change about the activity?,Q39,Make it harder. Some of it we already knew.
R_MK0143612,What would you change about the activity?,Q39,"More time on the analysis, we rushed that bit."
R_MK0145650,What would you change about the activity?,Q39,Harder content for people who want it.
R_MK0148593,What would you change about the activity?,Q39,"Nothing, I liked the making part."
R_MK0150326,What would you change about the activity?,Q39,Let us pick our own groups.
R_MK0151723,What would you change about the activity?,Q39,"More equipment, we had to share one set."
R_MK0152162,What would you change about the activity?,Q39,Let us pick our own groups.
R_MK0156575,What would you change about the activity?,Q39,More field trips instead of classroom parts.
R_MK0158689,What would you change about the activity?,Q39,"Better internet, ours dropped out during the online session."
R_MK0162960,What would you change about the activity?,Q39,"Maybe explain the words at the start, I didn't know some of them."
R_MK0169179,What would you change about the activity?,Q39,Longer so we could finish properly.
R_MK0170452,What would you change about the activity?,Q39,More field trips instead of classroom parts.
R_MK0172581,What would you change about the activity?,Q39,"Nothing, I liked the making part."
R_MK0173433,What would you change about the activity?,Q39,More field trips instead of classroom parts.
R_MK0175827,What would you change about the activity?,Q39,"Better internet, ours dropped out during the online session."
R_MK0000490,What is the name of your school?,Q4,Kangaroo Flat PS
R_MK0001420,What is the name of your school?,Q4,Waurn Ponds PS
R_MK0002929,What is the name of your school?,Q4,Bellarine PS
R_MK0003799,What is the name of your school?,Q4,Waurn Ponds PS
R_MK0004366,What is the name of your school?,Q4,Sebastopol PS
R_MK0006588,What is the name of your school?,Q4,Pyrenees PS
R_MK0008438,What is the name of your school?,Q4,Geelong West SC
R_MK0009873,What is the name of your school?,Q4,Bellarine PS
R_MK0010513,What is the name of your school?,Q4,Traralgon East PS
R_MK0011479,What is the name of your school?,Q4,Wendouree PS
R_MK0013558,What is the name of your school?,Q4,Corio North PS
R_MK0014844,What is the name of your school?,Q4,Waurn Ponds PS
R_MK0015743,What is the name of your school?,Q4,Merri River PS
R_MK0016269,What is the name of your school?,Q4,Geelong West SC
R_MK0017999,What is the name of your school?,Q4,Merri River PS
R_MK0018956,What is the name of your school?,Q4,Warrnambool West PS
R_MK0019930,What is the name of your school?,Q4,Sebastopol PS
R_MK0020810,What is the name of your school?,Q4,Geelong West SC
R_MK0021392,What is the name of your school?,Q4,Wendouree PS
R_MK0023428,What is the name of your school?,Q4,Bellarine PS
R_MK0024716,What is the name of your school?,Q4,Emmanuel SC
R_MK0025998,What is the name of your school?,Q4,Merri River PS
R_MK0026424,What is the name of your school?,Q4,Warrnambool West PS
R_MK0027532,What is the name of your school?,Q4,Ararat West PS
R_MK0028706,What is the name of your school?,Q4,Ballarat East SC
R_MK0031367,What is the name of your school?,Q4,Geelong West SC
R_MK0032671,What is the name of your school?,Q4,Ballarat East SC
R_MK0033904,What is the name of your school?,Q4,Warrnambool West PS
R_MK0034746,What is the name of your school?,Q4,Wendouree PS
R_MK0035898,What is the name of your school?,Q4,Geelong West SC
R_MK0036376,What is the name of your school?,Q4,"Meeting the mentor who works in tech, I asked her heaps of questions."
R_MK0037653,What is the name of your school?,Q4,Geelong West SC
R_MK0038667,What is the name of your school?,Q4,Moe South PS
R_MK0039680,What is the name of your school?,Q4,Kangaroo Flat PS
R_MK0040482,What is the name of your school?,Q4,Warrnambool West PS
R_MK0041355,What is the name of your school?,Q4,Ararat West PS
R_MK0042313,What is the name of your school?,Q4,Bellarine PS
R_MK0043999,What is the name of your school?,Q4,Ballarat East SC
R_MK0045275,What is the name of your school?,Q4,Wendouree PS
R_MK0046739,What is the name of your school?,Q4,Geelong West SC
R_MK0047565,What is the name of your school?,Q4,Sebastopol PS
R_MK0048618,What is the name of your school?,Q4,Geelong West SC
R_MK0049670,What is the name of your school?,Q4,Bellarine PS
R_MK0050485,What is the name of your school?,Q4,Latrobe Valley SC
R_MK0051316,What is the name of your school?,Q4,Sebastopol PS
R_MK0052507,What is the name of your school?,Q4,Wendouree PS
R_MK0053554,What is the name of your school?,Q4,Pyrenees PS
R_MK0055575,What is the name of your school?,Q4,Bellarine PS
R_MK0056243,What is the name of your school?,Q4,Sebastopol PS
R_MK0057652,What is the name of your school?,Q4,Bellarine PS
R_MK0058187,What is the name of your school?,Q4,Moe South PS
R_MK0059808,What is the name of your school?,Q4,Sebastopol PS
R_MK0060337,What is the name of your school?,Q4,Waurn Ponds PS
R_MK0061389,What is the name of your school?,Q4,Kangaroo Flat PS
R_MK0062732,What is the name of your school?,Q4,Pyrenees PS
R_MK0064312,What is the name of your school?,Q4,Doing the experiments myself instead of watching the teacher do it.
R_MK0065971,What is the name of your school?,Q4,Moe South PS
R_MK0067782,What is the name of your school?,Q4,Traralgon East PS
R_MK0068468,What is the name of your school?,Q4,Kangaroo Flat PS
R_MK0069966,What is the name of your school?,Q4,Wendouree PS
R_MK0070349,What is the name of your school?,Q4,Latrobe Valley SC
R_MK0071164,What is the name of your school?,Q4,Wendouree PS
R_MK0072647,What is the name of your school?,Q4,Ararat West PS
R_MK0073957,What is the name of your school?,Q4,Geelong West SC
R_MK0074166,What is the name of your school?,Q4,Ararat SC
R_MK0075610,What is the name of your school?,Q4,"Meeting the mentor who works in tech, I asked her heaps of questions."
R_MK0076859,What is the name of your school?,Q4,Bendigo South SC
R_MK0077148,What is the name of your school?,Q4,Bellarine PS
R_MK0079985,What is the name of your school?,Q4,Geelong West SC
R_MK0081775,What is the name of your school?,Q4,Wendouree PS
R_MK0082895,What is the name of your school?,Q4,Wendouree PS
R_MK0083877,What is the name of your school?,Q4,Pyrenees PS
R_MK0085820,What is the name of your school?,Q4,Merri River PS
R_MK0086561,What is the name of your school?,Q4,Ballarat East SC
R_MK0087342,What is the name of your school?,Q4,Bendigo South SC
R_MK0088710,What is the name of your school?,Q4,Bendigo South SC
R_MK0089583,What is the name of your school?,Q4,Corio North PS
R_MK0091716,What is the name of your school?,Q4,Ballarat East SC
R_MK0092349,What is the name of your school?,Q4,Waurn Ponds PS
R_MK0093864,What is the name of your school?,Q4,Emmanuel SC
R_MK0095545,What is the name of your school?,Q4,Geelong West SC
R_MK0098826,What is the name of your school?,Q4,Sebastopol PS
R_MK0099981,What is the name of your school?,Q4,Kangaroo Flat PS
R_MK0100924,What is the name of your school?,Q4,Ballarat East SC
R_MK0101840,What is the name of your school?,Q4,Latrobe Valley SC
R_MK0102464,What is the name of your school?,Q4,Merri River PS
R_MK0103297,What is the name of your school?,Q4,Waurn Ponds PS
R_MK0104887,What is the name of your school?,Q4,Ararat SC
R_MK0105543,What is the name of your school?,Q4,Ararat SC
R_MK0106136,What is the name of your school?,Q4,Warrnambool West PS
R_MK0107629,What is the name of your school?,Q4,Wendouree PS
R_MK0108204,What is the name of your school?,Q4,Kangaroo Flat PS
R_MK0109259,What is the name of your school?,Q4,Bendigo South SC
R_MK0110205,What is the name of your school?,Q4,Bellarine PS
R_MK0111911,What is the name of your school?,Q4,Ararat SC
R_MK0112332,What is the name of your school?,Q4,Ballarat East SC
R_MK0113534,What is the name of your school?,Q4,Eaglehawk PS
R_MK0114340,What is the name of your school?,Q4,Bellarine PS
R_MK0115101,What is the name of your school?,Q4,Warrnambool West PS
R_MK0116896,What is the name of your school?,Q4,Corio North PS
R_MK0117597,What is the name of your school?,Q4,Pyrenees PS
R_MK0118236,What is the name of your school?,Q4,Traralgon East PS
R_MK0119937,What is the name of your school?,Q4,Eaglehawk PS
R_MK0120777,What is the name of your school?,Q4,Moe South PS
R_MK0121824,What is the name of your school?,Q4,"Meeting the mentor who works in tech, I asked her heaps of questions."
R_MK0122299,What is the name of your school?,Q4,Bendigo South SC
R_MK0123377,What is the name of your school?,Q4,Merri River PS
R_MK0124835,What is the name of your school?,Q4,"Programming the robot to move on its own, I'd never done that."
R_MK0125986,What is the name of your school?,Q4,Emmanuel SC
R_MK0126334,What is the name of your school?,Q4,Talking to the women in STEM about their actual day to day jobs.
R_MK0127356,What is the name of your school?,Q4,Moe South PS
R_MK0128763,What is the name of your school?,Q4,Moe South PS
R_MK0130102,What is the name of your school?,Q4,Testing the water in the creek near us and finding what was in it.
R_MK0131540,What is the name of your school?,Q4,Latrobe Valley SC
R_MK0132168,What is the name of your school?,Q4,Ballarat East SC
R_MK0133624,What is the name of your school?,Q4,Waurn Ponds PS
R_MK0134295,What is the name of your school?,Q4,Ballarat East SC
R_MK0135330,What is the name of your school?,Q4,Warrnambool West PS
R_MK0137222,What is the name of your school?,Q4,Merri River PS
R_MK0138361,What is the name of your school?,Q4,Wendouree PS
R_MK0139904,What is the name of your school?,Q4,Kangaroo Flat PS
R_MK0140966,What is the name of your school?,Q4,Pyrenees PS
R_MK0141468,What is the name of your school?,Q4,Bendigo South SC
R_MK0142343,What is the name of your school?,Q4,Sebastopol PS
R_MK0144860,What is the name of your school?,Q4,Waurn Ponds PS
R_MK0145650,What is the name of your school?,Q4,Wendouree PS
R_MK0146961,What is the name of your school?,Q4,Geelong West SC
R_MK0148593,What is the name of your school?,Q4,Waurn Ponds PS
R_MK0149622,What is the name of your school?,Q4,Emmanuel SC
R_MK0150326,What is the name of your school?,Q4,Ballarat East SC
R_MK0151723,What is the name of your school?,Q4,Wendouree PS
R_MK0152162,What is the name of your school?,Q4,Waurn Ponds PS
R_MK0154144,What is the name of your school?,Q4,Bellarine PS
R_MK0155495,What is the name of your school?,Q4,Traralgon East PS
R_MK0156575,What is the name of your school?,Q4,Sebastopol PS
R_MK0158689,What is the name of your school?,Q4,Corio North PS
R_MK0159431,What is the name of your school?,Q4,Waurn Ponds PS
R_MK0160688,What is the name of your school?,Q4,Geelong West SC
R_MK0161479,What is the name of your school?,Q4,Sebastopol PS
R_MK0163738,What is the name of your school?,Q4,Latrobe Valley SC
R_MK0164642,What is the name of your school?,Q4,Bellarine PS
R_MK0165992,What is the name of your school?,Q4,Ararat West PS
R_MK0166521,What is the name of your school?,Q4,Geelong West SC
R_MK0167936,What is the name of your school?,Q4,Geelong West SC
R_MK0168112,What is the name of your school?,Q4,Wendouree PS
R_MK0169179,What is the name of your school?,Q4,Ballarat East SC
R_MK0171638,What is the name of your school?,Q4,Waurn Ponds PS
R_MK0172581,What is the name of your school?,Q4,Sebastopol PS
R_MK0174555,What is the name of your school?,Q4,Geelong West SC
R_MK0176592,What is the name of your school?,Q4,Bendigo South SC
R_MK0177728,What is the name of your school?,Q4,Merri River PS
R_MK0179259,What is the name of your school?,Q4,Wendouree PS
R_MK0000490,What did you enjoy most about the activity?,Q47,Getting to do it here instead of travelling to the city.
R_MK0003799,What did you enjoy most about the activity?,Q47,Making the poster and the model together.
R_MK0006588,What did you enjoy most about the activity?,Q47,Being in a small group where I wasn't scared to say the wrong thing.
R_MK0007455,What did you enjoy most about the activity?,Q47,Doing the experiments myself instead of watching the teacher do it.
R_MK0008438,What did you enjoy most about the activity?,Q47,Being in a small group where I wasn't scared to say the wrong thing.
R_MK0009873,What did you enjoy most about the activity?,Q47,I liked that we could test our own ideas even when they didn't work.
R_MK0014844,What did you enjoy most about the activity?,Q47,The coding part. I do a bit at home but this was harder.
R_MK0017999,What did you enjoy most about the activity?,Q47,"Designing how our project looked, not just how it worked."
R_MK0025998,What did you enjoy most about the activity?,Q47,Being in a small group where I wasn't scared to say the wrong thing.
R_MK0027532,What did you enjoy most about the activity?,Q47,Testing the water in the creek near us and finding what was in it.
R_MK0029613,What did you enjoy most about the activity?,Q47,Doing the experiments myself instead of watching the teacher do it.
R_MK0031367,What did you enjoy most about the activity?,Q47,"Finding out health jobs are STEM jobs, I thought STEM was just computers."
R_MK0033904,What did you enjoy most about the activity?,Q47,The research part where we had to find real evidence.
R_MK0035898,What did you enjoy most about the activity?,Q47,The coding part. I do a bit at home but this was harder.
R_MK0042313,What did you enjoy most about the activity?,Q47,The teachers actually listened to our ideas.
R_MK0046739,What did you enjoy most about the activity?,Q47,"Getting to build something that actually worked, not just learn about it."
R_MK0047565,What did you enjoy most about the activity?,Q47,The research part where we had to find real evidence.
R_MK0048618,What did you enjoy most about the activity?,Q47,"Learning the science behind farming, which is what my family does."
R_MK0050485,What did you enjoy most about the activity?,Q47,The mentor said she was first in her family to go to uni too.
R_MK0052507,What did you enjoy most about the activity?,Q47,We made something for our town that people could actually use.
R_MK0054491,What did you enjoy most about the activity?,Q47,Being in a small group where I wasn't scared to say the wrong thing.
R_MK0056243,What did you enjoy most about the activity?,Q47,Making the poster and the model together.
R_MK0058187,What did you enjoy most about the activity?,Q47,"Presenting our project, I liked explaining it to the parents."
R_MK0061389,What did you enjoy most about the activity?,Q47,The video call with the scientist who works with livestock.
R_MK0064312,What did you enjoy most about the activity?,Q47,I liked that we could test our own ideas even when they didn't work.
R_MK0065971,What did you enjoy most about the activity?,Q47,Making the poster and the model together.
R_MK0068468,What did you enjoy most about the activity?,Q47,"Presenting our project, I liked explaining it to the parents."
R_MK0069966,What did you enjoy most about the activity?,Q47,Making the model with real tools. It felt like proper work.
R_MK0070349,What did you enjoy most about the activity?,Q47,Making the model with real tools. It felt like proper work.
R_MK0078823,What did you enjoy most about the activity?,Q47,We made something for our town that people could actually use.
R_MK0080759,What did you enjoy most about the activity?,Q47,Going deeper than we do in normal class.
R_MK0083877,What did you enjoy most about the activity?,Q47,The mentor said she was first in her family to go to uni too.
R_MK0084645,What did you enjoy most about the activity?,Q47,"Going to the university campus, I'd never been to one."
R_MK0086561,What did you enjoy most about the activity?,Q47,Making the poster and the model together.
R_MK0088710,What did you enjoy most about the activity?,Q47,"Using the 3D printer, I didn't know our school had one."
R_MK0091716,What did you enjoy most about the activity?,Q47,The video call with the scientist who works with livestock.
R_MK0094190,What did you enjoy most about the activity?,Q47,"Designing how our project looked, not just how it worked."
R_MK0096137,What did you enjoy most about the activity?,Q47,Getting to do it here instead of travelling to the city.
R_MK0098826,What did you enjoy most about the activity?,Q47,"Presenting our project, I liked explaining it to the parents."
R_MK0099981,What did you enjoy most about the activity?,Q47,"Learning the science behind farming, which is what my family does."
R_MK0110205,What did you enjoy most about the activity?,Q47,"Finding out health jobs are STEM jobs, I thought STEM was just computers."
R_MK0111911,What did you enjoy most about the activity?,Q47,"Going to the university campus, I'd never been to one."
R_MK0115101,What did you enjoy most about the activity?,Q47,Learning science can fix real problems in our own town.
R_MK0116896,What did you enjoy most about the activity?,Q47,"Designing how our project looked, not just how it worked."
R_MK0117597,What did you enjoy most about the activity?,Q47,Doing the experiments myself instead of watching the teacher do it.
R_MK0120777,What did you enjoy most about the activity?,Q47,"Learning the science behind farming, which is what my family does."
R_MK0123377,What did you enjoy most about the activity?,Q47,Going deeper than we do in normal class.
R_MK0124835,What did you enjoy most about the activity?,Q47,"Going to the university campus, I'd never been to one."
R_MK0128763,What did you enjoy most about the activity?,Q47,The research part where we had to find real evidence.
R_MK0129148,What did you enjoy most about the activity?,Q47,"Getting to build something that actually worked, not just learn about it."
R_MK0130102,What did you enjoy most about the activity?,Q47,Testing the water in the creek near us and finding what was in it.
R_MK0132168,What did you enjoy most about the activity?,Q47,Organising my group and working out who did what.
R_MK0134295,What did you enjoy most about the activity?,Q47,"Learning the science behind farming, which is what my family does."
R_MK0137222,What did you enjoy most about the activity?,Q47,"Meeting the mentor who works in tech, I asked her heaps of questions."
R_MK0138361,What did you enjoy most about the activity?,Q47,"Getting to build something that actually worked, not just learn about it."
R_MK0140966,What did you enjoy most about the activity?,Q47,Making the model with real tools. It felt like proper work.
R_MK0141468,What did you enjoy most about the activity?,Q47,The mentor said she was first in her family to go to uni too.
R_MK0142343,What did you enjoy most about the activity?,Q47,Doing the experiments myself instead of watching the teacher do it.
R_MK0144860,What did you enjoy most about the activity?,Q47,"Finding out health jobs are STEM jobs, I thought STEM was just computers."
R_MK0147145,What did you enjoy most about the activity?,Q47,"Using the 3D printer, I didn't know our school had one."
R_MK0149622,What did you enjoy most about the activity?,Q47,Organising my group and working out who did what.
R_MK0154144,What did you enjoy most about the activity?,Q47,Making the poster and the model together.
R_MK0155495,What did you enjoy most about the activity?,Q47,Doing the experiments myself instead of watching the teacher do it.
R_MK0158689,What did you enjoy most about the activity?,Q47,The video call with the scientist who works with livestock.
R_MK0161479,What did you enjoy most about the activity?,Q47,The video call with the scientist who works with livestock.
R_MK0164642,What did you enjoy most about the activity?,Q47,"Presenting our project, I liked explaining it to the parents."
R_MK0165992,What did you enjoy most about the activity?,Q47,The teachers actually listened to our ideas.
R_MK0166521,What did you enjoy most about the activity?,Q47,"Presenting our project, I liked explaining it to the parents."
R_MK0168112,What did you enjoy most about the activity?,Q47,Talking to the women in STEM about their actual day to day jobs.
R_MK0171638,What did you enjoy most about the activity?,Q47,"Going to the university campus, I'd never been to one."
R_MK0179259,What did you enjoy most about the activity?,Q47,"Going to the university campus, I'd never been to one."
R_MK0000490,What would you change about the activity?,Q48,"Better internet, ours dropped out during the online session."
R_MK0003799,What would you change about the activity?,Q48,Better materials for the making part.
R_MK0006588,What would you change about the activity?,Q48,More time to write up what we found.
R_MK0007455,What would you change about the activity?,Q48,"Maybe explain the words at the start, I didn't know some of them."
R_MK0008438,What would you change about the activity?,Q48,More time to write up what we found.
R_MK0009873,What would you change about the activity?,Q48,"Maybe explain the words at the start, I didn't know some of them."
R_MK0014844,What would you change about the activity?,Q48,Make it harder. Some of it we already knew.
R_MK0017999,What would you change about the activity?,Q48,I would add more art into it.
R_MK0025998,What would you change about the activity?,Q48,"Longer, and less talking in front of everyone at the end."
R_MK0027532,What would you change about the activity?,Q48,The data tables at the start were confusing.
R_MK0029613,What would you change about the activity?,Q48,"Longer, and less talking in front of everyone at the end."
R_MK0031367,What would you change about the activity?,Q48,Smaller steps for the graphs.
R_MK0033904,What would you change about the activity?,Q48,Harder content for people who want it.
R_MK0035898,What would you change about the activity?,Q48,Make it harder. Some of it we already knew.
R_MK0042313,What would you change about the activity?,Q48,Let us pick our own groups.
R_MK0046739,What would you change about the activity?,Q48,"More time on the building, less on the planning."
R_MK0047565,What would you change about the activity?,Q48,"Nothing much, it was well run."
R_MK0048618,What would you change about the activity?,Q48,Run it closer to us more often.
R_MK0050485,What would you change about the activity?,Q48,More visits to the university.
R_MK0052507,What would you change about the activity?,Q48,Less sitting down at the start before we got to build.
R_MK0054491,What would you change about the activity?,Q48,More time to write up what we found.
R_MK0056243,What would you change about the activity?,Q48,I would add more art into it.
R_MK0058187,What would you change about the activity?,Q48,More help with the maths parts.
R_MK0061389,What would you change about the activity?,Q48,Run it closer to us more often.
R_MK0064312,What would you change about the activity?,Q48,More time to write up what we found.
R_MK0065971,What would you change about the activity?,Q48,I would add more art into it.
R_MK0068468,What would you change about the activity?,Q48,More help with the maths parts.
R_MK0069966,What would you change about the activity?,Q48,"Nothing, I liked the making part."
R_MK0070349,What would you change about the activity?,Q48,Less sitting down at the start before we got to build.
R_MK0078823,What would you change about the activity?,Q48,"Nothing, I liked the making part."
R_MK0080759,What would you change about the activity?,Q48,"Nothing much, it was well run."
R_MK0083877,What would you change about the activity?,Q48,"Nothing, it was good."
R_MK0084645,What would you change about the activity?,Q48,"Explain things more at the start, I didn't understand the words."
R_MK0086561,What would you change about the activity?,Q48,Better materials for the making part.
R_MK0088710,What would you change about the activity?,Q48,Less sitting down at the start before we got to build.
R_MK0091716,What would you change about the activity?,Q48,Run it closer to us more often.
R_MK0094190,What would you change about the activity?,Q48,More of the design side and less coding.
R_MK0096137,What would you change about the activity?,Q48,"More equipment, we had to share one set."
R_MK0098826,What would you change about the activity?,Q48,More help with the maths parts.
R_MK0099981,What would you change about the activity?,Q48,"Better internet, ours dropped out during the online session."
R_MK0110205,What would you change about the activity?,Q48,Smaller steps for the graphs.
R_MK0111911,What would you change about the activity?,Q48,"Explain things more at the start, I didn't understand the words."
R_MK0115101,What would you change about the activity?,Q48,The data tables at the start were confusing.
R_MK0116896,What would you change about the activity?,Q48,Better materials for the making part.
R_MK0117597,What would you change about the activity?,Q48,More time to write up what we found.
R_MK0120777,What would you change about the activity?,Q48,Run it closer to us more often.
R_MK0123377,What would you change about the activity?,Q48,"More time on the analysis, we rushed that bit."
R_MK0124835,What would you change about the activity?,Q48,"Nothing, it was good."
R_MK0128763,What would you change about the activity?,Q48,Harder content for people who want it.
R_MK0129148,What would you change about the activity?,Q48,"Nothing really, but it went too fast."
R_MK0130102,What would you change about the activity?,Q48,Longer so we could finish properly.
R_MK0132168,What would you change about the activity?,Q48,More help with the maths parts.
R_MK0134295,What would you change about the activity?,Q48,Run it closer to us more often.
R_MK0137222,What would you change about the activity?,Q48,Make it harder. Some of it we already knew.
R_MK0138361,What would you change about the activity?,Q48,"More time on the building, less on the planning."
R_MK0140966,What would you change about the activity?,Q48,"More tools, we had to share."
R_MK0141468,What would you change about the activity?,Q48,"Explain things more at the start, I didn't understand the words."
R_MK0142343,What would you change about the activity?,Q48,More time to write up what we found.
R_MK0144860,What would you change about the activity?,Q48,Smaller steps for the graphs.
R_MK0147145,What would you change about the activity?,Q48,"More tools, we had to share."
R_MK0149622,What would you change about the activity?,Q48,Smaller steps for the graphs.
R_MK0154144,What would you change about the activity?,Q48,More of the design side and less coding.
R_MK0155495,What would you change about the activity?,Q48,More time to write up what we found.
R_MK0158689,What would you change about the activity?,Q48,"More equipment, we had to share one set."
R_MK0161479,What would you change about the activity?,Q48,"Better internet, ours dropped out during the online session."
R_MK0164642,What would you change about the activity?,Q48,More help with the maths parts.
R_MK0165992,What would you change about the activity?,Q48,"Shorter instructions, they were too long."
R_MK0166521,What would you change about the activity?,Q48,Smaller steps for the graphs.
R_MK0168112,What would you change about the activity?,Q48,"Nothing much, it was well run."
R_MK0171638,What would you change about the activity?,Q48,"Nothing, it was good."
R_MK0179259,What would you change about the activity?,Q48,More visits to the university.
R_MK0000490,What did you enjoy most about the activity?,Q56,The video call with the scientist who works with livestock.
R_MK0001420,What did you enjoy most about the activity?,Q56,"Programming the robot to move on its own, I'd never done that."
R_MK0002929,What did you enjoy most about the activity?,Q56,The coding part. I do a bit at home but this was harder.
R_MK0007455,What did you enjoy most about the activity?,Q56,Being in a small group where I wasn't scared to say the wrong thing.
R_MK0011479,What did you enjoy most about the activity?,Q56,"Making a game, I didn't know you could learn that at school."
R_MK0012823,What did you enjoy most about the activity?,Q56,We made something for our town that people could actually use.
R_MK0013558,What did you enjoy most about the activity?,Q56,The excursion where we surveyed the wetlands.
R_MK0019930,What did you enjoy most about the activity?,Q56,"Presenting our project, I liked explaining it to the parents."
R_MK0026424,What did you enjoy most about the activity?,Q56,Getting to do it here instead of travelling to the city.
R_MK0029613,What did you enjoy most about the activity?,Q56,I liked that we could test our own ideas even when they didn't work.
R_MK0032671,What did you enjoy most about the activity?,Q56,Making the poster and the model together.
R_MK0034746,What did you enjoy most about the activity?,Q56,I liked that we could test our own ideas even when they didn't work.
R_MK0043999,What did you enjoy most about the activity?,Q56,"Going to the university campus, I'd never been to one."
R_MK0044408,What did you enjoy most about the activity?,Q56,"Using the 3D printer, I didn't know our school had one."
R_MK0045275,What did you enjoy most about the activity?,Q56,Being in a small group where I wasn't scared to say the wrong thing.
R_MK0046739,What did you enjoy most about the activity?,Q56,"Meeting the mentor who works in tech, I asked her heaps of questions."
R_MK0051316,What did you enjoy most about the activity?,Q56,The mentor said she was first in her family to go to uni too.
R_MK0053554,What did you enjoy most about the activity?,Q56,Making the model with real tools. It felt like proper work.
R_MK0054491,What did you enjoy most about the activity?,Q56,Being in a small group where I wasn't scared to say the wrong thing.
R_MK0055575,What did you enjoy most about the activity?,Q56,We made something for our town that people could actually use.
R_MK0068468,What did you enjoy most about the activity?,Q56,"Finding out health jobs are STEM jobs, I thought STEM was just computers."
R_MK0070349,What did you enjoy most about the activity?,Q56,"Using the 3D printer, I didn't know our school had one."
R_MK0071164,What did you enjoy most about the activity?,Q56,We made something for our town that people could actually use.
R_MK0073957,What did you enjoy most about the activity?,Q56,"Finding out health jobs are STEM jobs, I thought STEM was just computers."
R_MK0076859,What did you enjoy most about the activity?,Q56,"Meeting the mentor who works in tech, I asked her heaps of questions."
R_MK0077148,What did you enjoy most about the activity?,Q56,"Finding out health jobs are STEM jobs, I thought STEM was just computers."
R_MK0080759,What did you enjoy most about the activity?,Q56,The research part where we had to find real evidence.
R_MK0087342,What did you enjoy most about the activity?,Q56,"Programming the robot to move on its own, I'd never done that."
R_MK0088710,What did you enjoy most about the activity?,Q56,Making the model with real tools. It felt like proper work.
R_MK0089583,What did you enjoy most about the activity?,Q56,The video call with the scientist who works with livestock.
R_MK0090307,What did you enjoy most about the activity?,Q56,The mentor said she was first in her family to go to uni too.
R_MK0091716,What did you enjoy most about the activity?,Q56,The video call with the scientist who works with livestock.
R_MK0094190,What did you enjoy most about the activity?,Q56,Finding out design is part of engineering too.
R_MK0098826,What did you enjoy most about the activity?,Q56,"Presenting our project, I liked explaining it to the parents."
R_MK0100924,What did you enjoy most about the activity?,Q56,We made something for our town that people could actually use.
R_MK0101840,What did you enjoy most about the activity?,Q56,The teachers actually listened to our ideas.
R_MK0102464,What did you enjoy most about the activity?,Q56,We made something for our town that people could actually use.
R_MK0108204,What did you enjoy most about the activity?,Q56,Learning science can fix real problems in our own town.
R_MK0121824,What did you enjoy most about the activity?,Q56,"Getting to build something that actually worked, not just learn about it."
R_MK0122299,What did you enjoy most about the activity?,Q56,Making the poster and the model together.
R_MK0125986,What did you enjoy most about the activity?,Q56,"Designing how our project looked, not just how it worked."
R_MK0128763,What did you enjoy most about the activity?,Q56,The research part where we had to find real evidence.
R_MK0134295,What did you enjoy most about the activity?,Q56,The video call with the scientist who works with livestock.
R_MK0135330,What did you enjoy most about the activity?,Q56,"Programming the robot to move on its own, I'd never done that."
R_MK0139904,What did you enjoy most about the activity?,Q56,"Programming the robot to move on its own, I'd never done that."
R_MK0142343,What did you enjoy most about the activity?,Q56,Doing the experiments myself instead of watching the teacher do it.
R_MK0143612,What did you enjoy most about the activity?,Q56,Going deeper than we do in normal class.
R_MK0152162,What did you enjoy most about the activity?,Q56,"It wasn't like normal school, we chose what our project was about."
R_MK0155495,What did you enjoy most about the activity?,Q56,Being in a small group where I wasn't scared to say the wrong thing.
R_MK0157486,What did you enjoy most about the activity?,Q56,Testing the water in the creek near us and finding what was in it.
R_MK0163738,What did you enjoy most about the activity?,Q56,The video call with the scientist who works with livestock.
R_MK0167936,What did you enjoy most about the activity?,Q56,"Making a game, I didn't know you could learn that at school."
R_MK0168112,What did you enjoy most about the activity?,Q56,Talking to the women in STEM about their actual day to day jobs.
R_MK0169179,What did you enjoy most about the activity?,Q56,Learning science can fix real problems in our own town.
R_MK0176592,What did you enjoy most about the activity?,Q56,"Programming the robot to move on its own, I'd never done that."
R_MK0179259,What did you enjoy most about the activity?,Q56,"Going to the university campus, I'd never been to one."
R_MK0000490,What would you change about the activity?,Q57,Run it closer to us more often.
R_MK0001420,What would you change about the activity?,Q57,"Explain things more at the start, I didn't understand the words."
R_MK0002929,What would you change about the activity?,Q57,Make it harder. Some of it we already knew.
R_MK0007455,What would you change about the activity?,Q57,"Maybe explain the words at the start, I didn't know some of them."
R_MK0011479,What would you change about the activity?,Q57,Let us pick our own groups.
R_MK0012823,What would you change about the activity?,Q57,"More tools, we had to share."
R_MK0013558,What would you change about the activity?,Q57,More field trips instead of classroom parts.
R_MK0019930,What would you change about the activity?,Q57,More help with the maths parts.
R_MK0026424,What would you change about the activity?,Q57,"Better internet, ours dropped out during the online session."
R_MK0029613,What would you change about the activity?,Q57,"Maybe explain the words at the start, I didn't know some of them."
R_MK0032671,What would you change about the activity?,Q57,Better materials for the making part.
R_MK0034746,What would you change about the activity?,Q57,"Longer, and less talking in front of everyone at the end."
R_MK0043999,What would you change about the activity?,Q57,More visits to the university.
R_MK0044408,What would you change about the activity?,Q57,Less sitting down at the start before we got to build.
R_MK0045275,What would you change about the activity?,Q57,"Maybe explain the words at the start, I didn't know some of them."
R_MK0046739,What would you change about the activity?,Q57,"More time on the building, less on the planning."
R_MK0051316,What would you change about the activity?,Q57,More visits to the university.
R_MK0053554,What would you change about the activity?,Q57,Less sitting down at the start before we got to build.
R_MK0054491,What would you change about the activity?,Q57,More time to write up what we found.
R_MK0055575,What would you change about the activity?,Q57,"More tools, we had to share."
R_MK0068468,What would you change about the activity?,Q57,More help with the maths parts.
R_MK0070349,What would you change about the activity?,Q57,"Nothing, I liked the making part."
R_MK0071164,What would you change about the activity?,Q57,Less sitting down at the start before we got to build.
R_MK0073957,What would you change about the activity?,Q57,Smaller steps for the graphs.
R_MK0076859,What would you change about the activity?,Q57,"More time on the building, less on the planning."
R_MK0077148,What would you change about the activity?,Q57,More help with the maths parts.
R_MK0080759,What would you change about the activity?,Q57,Harder content for people who want it.
R_MK0087342,What would you change about the activity?,Q57,"Explain things more at the start, I didn't understand the words."
R_MK0088710,What would you change about the activity?,Q57,Less sitting down at the start before we got to build.
R_MK0089583,What would you change about the activity?,Q57,"Better internet, ours dropped out during the online session."
R_MK0090307,What would you change about the activity?,Q57,More visits to the university.
R_MK0091716,What would you change about the activity?,Q57,Run it closer to us more often.
R_MK0094190,What would you change about the activity?,Q57,Better materials for the making part.
R_MK0098826,What would you change about the activity?,Q57,Smaller steps for the graphs.
R_MK0100924,What would you change about the activity?,Q57,Less sitting down at the start before we got to build.
R_MK0101840,What would you change about the activity?,Q57,"Shorter instructions, they were too long."
R_MK0102464,What would you change about the activity?,Q57,Less sitting down at the start before we got to build.
R_MK0108204,What would you change about the activity?,Q57,More field trips instead of classroom parts.
R_MK0121824,What would you change about the activity?,Q57,Make it harder. Some of it we already knew.
R_MK0122299,What would you change about the activity?,Q57,More of the design side and less coding.
R_MK0125986,What would you change about the activity?,Q57,Better materials for the making part.
R_MK0128763,What would you change about the activity?,Q57,Harder content for people who want it.
R_MK0134295,What would you change about the activity?,Q57,"Better internet, ours dropped out during the online session."
R_MK0135330,What would you change about the activity?,Q57,"Explain things more at the start, I didn't understand the words."
R_MK0139904,What would you change about the activity?,Q57,"Explain things more at the start, I didn't understand the words."
R_MK0142343,What would you change about the activity?,Q57,More time to write up what we found.
R_MK0143612,What would you change about the activity?,Q57,"More time on the analysis, we rushed that bit."
R_MK0152162,What would you change about the activity?,Q57,More choice about what we do.
R_MK0155495,What would you change about the activity?,Q57,"Longer, and less talking in front of everyone at the end."
R_MK0157486,What would you change about the activity?,Q57,Longer so we could finish properly.
R_MK0163738,What would you change about the activity?,Q57,"More equipment, we had to share one set."
R_MK0167936,What would you change about the activity?,Q57,"Shorter instructions, they were too long."
R_MK0168112,What would you change about the activity?,Q57,"More time on the analysis, we rushed that bit."
R_MK0169179,What would you change about the activity?,Q57,Longer so we could finish properly.
R_MK0176592,What would you change about the activity?,Q57,"Explain things more at the start, I didn't understand the words."
R_MK0179259,What would you change about the activity?,Q57,"Nothing, it was good."
R_MK0001420,What did you enjoy most about the activity?,Q65,The mentor said she was first in her family to go to uni too.
R_MK0002929,What did you enjoy most about the activity?,Q65,The coding part. I do a bit at home but this was harder.
R_MK0005158,What did you enjoy most about the activity?,Q65,"Programming the robot to move on its own, I'd never done that."
R_MK0006588,What did you enjoy most about the activity?,Q65,I liked that we could test our own ideas even when they didn't work.
R_MK0010513,What did you enjoy most about the activity?,Q65,The teachers actually listened to our ideas.
R_MK0012823,What did you enjoy most about the activity?,Q65,Making the model with real tools. It felt like proper work.
R_MK0015743,What did you enjoy most about the activity?,Q65,The coding part. I do a bit at home but this was harder.
R_MK0017999,What did you enjoy most about the activity?,Q65,Making the poster and the model together.
R_MK0018956,What did you enjoy most about the activity?,Q65,Finding out design is part of engineering too.
R_MK0019930,What did you enjoy most about the activity?,Q65,"Finding out health jobs are STEM jobs, I thought STEM was just computers."
R_MK0020810,What did you enjoy most about the activity?,Q65,The video call with the scientist who works with livestock.
R_MK0021392,What did you enjoy most about the activity?,Q65,"It wasn't like normal school, we chose what our project was about."
R_MK0022179,What did you enjoy most about the activity?,Q65,Being in a small group where I wasn't scared to say the wrong thing.
R_MK0025998,What did you enjoy most about the activity?,Q65,Being in a small group where I wasn't scared to say the wrong thing.
R_MK0026424,What did you enjoy most about the activity?,Q65,The video call with the scientist who works with livestock.
R_MK0027532,What did you enjoy most about the activity?,Q65,Testing the water in the creek near us and finding what was in it.
R_MK0028706,What did you enjoy most about the activity?,Q65,"Programming the robot to move on its own, I'd never done that."
R_MK0029613,What did you enjoy most about the activity?,Q65,I liked that we could test our own ideas even when they didn't work.
R_MK0030869,What did you enjoy most about the activity?,Q65,Organising my group and working out who did what.
R_MK0031367,What did you enjoy most about the activity?,Q65,"Finding out health jobs are STEM jobs, I thought STEM was just computers."
R_MK0033904,What did you enjoy most about the activity?,Q65,Going deeper than we do in normal class.
R_MK0036376,What did you enjoy most about the activity?,Q65,"Getting to build something that actually worked, not just learn about it."
R_MK0041355,What did you enjoy most about the activity?,Q65,"Going to the university campus, I'd never been to one."
R_MK0048618,What did you enjoy most about the activity?,Q65,"Learning the science behind farming, which is what my family does."
R_MK0049670,What did you enjoy most about the activity?,Q65,I liked that we could test our own ideas even when they didn't work.
R_MK0050485,What did you enjoy most about the activity?,Q65,"Going to the university campus, I'd never been to one."
R_MK0051316,What did you enjoy most about the activity?,Q65,The mentor said she was first in her family to go to uni too.
R_MK0053554,What did you enjoy most about the activity?,Q65,We made something for our town that people could actually use.
R_MK0055575,What did you enjoy most about the activity?,Q65,Making the model with real tools. It felt like proper work.
R_MK0057652,What did you enjoy most about the activity?,Q65,We made something for our town that people could actually use.
R_MK0058187,What did you enjoy most about the activity?,Q65,"Presenting our project, I liked explaining it to the parents."
R_MK0059808,What did you enjoy most about the activity?,Q65,"Presenting our project, I liked explaining it to the parents."
R_MK0061389,What did you enjoy most about the activity?,Q65,"Learning the science behind farming, which is what my family does."
R_MK0062732,What did you enjoy most about the activity?,Q65,The mentor said she was first in her family to go to uni too.
R_MK0064312,What did you enjoy most about the activity?,Q65,I liked that we could test our own ideas even when they didn't work.
R_MK0067782,What did you enjoy most about the activity?,Q65,"Learning the science behind farming, which is what my family does."
R_MK0068468,What did you enjoy most about the activity?,Q65,"Finding out health jobs are STEM jobs, I thought STEM was just computers."
R_MK0069966,What did you enjoy most about the activity?,Q65,Making the model with real tools. It felt like proper work.
R_MK0070349,What did you enjoy most about the activity?,Q65,"Using the 3D printer, I didn't know our school had one."
R_MK0074166,What did you enjoy most about the activity?,Q65,Testing the water in the creek near us and finding what was in it.
R_MK0075610,What did you enjoy most about the activity?,Q65,"Getting to build something that actually worked, not just learn about it."
R_MK0079985,What did you enjoy most about the activity?,Q65,Organising my group and working out who did what.
R_MK0081775,What did you enjoy most about the activity?,Q65,I liked that we could test our own ideas even when they didn't work.
R_MK0082895,What did you enjoy most about the activity?,Q65,The excursion where we surveyed the wetlands.
R_MK0083877,What did you enjoy most about the activity?,Q65,The mentor said she was first in her family to go to uni too.
R_MK0084645,What did you enjoy most about the activity?,Q65,The mentor said she was first in her family to go to uni too.
R_MK0085820,What did you enjoy most about the activity?,Q65,Talking to the women in STEM about their actual day to day jobs.
R_MK0086561,What did you enjoy most about the activity?,Q65,Making the poster and the model together.
R_MK0088710,What did you enjoy most about the activity?,Q65,We made something for our town that people could actually use.
R_MK0089583,What did you enjoy most about the activity?,Q65,The video call with the scientist who works with livestock.
R_MK0091716,What did you enjoy most about the activity?,Q65,"Learning the science behind farming, which is what my family does."
R_MK0093864,What did you enjoy most about the activity?,Q65,"Meeting the mentor who works in tech, I asked her heaps of questions."
R_MK0094190,What did you enjoy most about the activity?,Q65,Finding out design is part of engineering too.
R_MK0095545,What did you enjoy most about the activity?,Q65,"Presenting our project, I liked explaining it to the parents."
R_MK0096137,What did you enjoy most about the activity?,Q65,"Learning the science behind farming, which is what my family does."
R_MK0097211,What did you enjoy most about the activity?,Q65,"Presenting our project, I liked explaining it to the parents."
R_MK0098826,What did you enjoy most about the activity?,Q65,Organising my group and working out who did what.
R_MK0099981,What did you enjoy most about the activity?,Q65,"Learning the science behind farming, which is what my family does."
R_MK0100924,What did you enjoy most about the activity?,Q65,Making the model with real tools. It felt like proper work.
R_MK0102464,What did you enjoy most about the activity?,Q65,We made something for our town that people could actually use.
R_MK0103297,What did you enjoy most about the activity?,Q65,The research part where we had to find real evidence.
R_MK0104887,What did you enjoy most about the activity?,Q65,Learning science can fix real problems in our own town.
R_MK0106136,What did you enjoy most about the activity?,Q65,"Designing how our project looked, not just how it worked."
R_MK0107629,What did you enjoy most about the activity?,Q65,We made something for our town that people could actually use.
R_MK0113534,What did you enjoy most about the activity?,Q65,"It wasn't like normal school, we chose what our project was about."
R_MK0114340,What did you enjoy most about the activity?,Q65,"It wasn't like normal school, we chose what our project was about."
R_MK0115101,What did you enjoy most about the activity?,Q65,The excursion where we surveyed the wetlands.
R_MK0117597,What did you enjoy most about the activity?,Q65,Doing the experiments myself instead of watching the teacher do it.
R_MK0119937,What did you enjoy most about the activity?,Q65,The excursion where we surveyed the wetlands.
R_MK0120777,What did you enjoy most about the activity?,Q65,"Learning the science behind farming, which is what my family does."
R_MK0121824,What did you enjoy most about the activity?,Q65,The coding part. I do a bit at home but this was harder.
R_MK0124835,What did you enjoy most about the activity?,Q65,"Going to the university campus, I'd never been to one."
R_MK0125986,What did you enjoy most about the activity?,Q65,Finding out design is part of engineering too.
R_MK0126334,What did you enjoy most about the activity?,Q65,Talking to the women in STEM about their actual day to day jobs.
R_MK0127356,What did you enjoy most about the activity?,Q65,"Presenting our project, I liked explaining it to the parents."
R_MK0129148,What did you enjoy most about the activity?,Q65,"Getting to build something that actually worked, not just learn about it."
R_MK0130102,What did you enjoy most about the activity?,Q65,Learning science can fix real problems in our own town.
R_MK0131540,What did you enjoy most about the activity?,Q65,"Making a game, I didn't know you could learn that at school."
R_MK0132168,What did you enjoy most about the activity?,Q65,Organising my group and working out who did what.
R_MK0133624,What did you enjoy most about the activity?,Q65,"Going to the university campus, I'd never been to one."
R_MK0134295,What did you enjoy most about the activity?,Q65,"Learning the science behind farming, which is what my family does."
R_MK0135330,What did you enjoy most about the activity?,Q65,"Programming the robot to move on its own, I'd never done that."
R_MK0137222,What did you enjoy most about the activity?,Q65,"Meeting the mentor who works in tech, I asked her heaps of questions."
R_MK0139904,What did you enjoy most about the activity?,Q65,The mentor said she was first in her family to go to uni too.
R_MK0140966,What did you enjoy most about the activity?,Q65,We made something for our town that people could actually use.
R_MK0141468,What did you enjoy most about the activity?,Q65,"Programming the robot to move on its own, I'd never done that."
R_MK0144860,What did you enjoy most about the activity?,Q65,Organising my group and working out who did what.
R_MK0145650,What did you enjoy most about the activity?,Q65,Going deeper than we do in normal class.
R_MK0146961,What did you enjoy most about the activity?,Q65,Finding out design is part of engineering too.
R_MK0147145,What did you enjoy most about the activity?,Q65,Making the model with real tools. It felt like proper work.
R_MK0149622,What did you enjoy most about the activity?,Q65,"Finding out health jobs are STEM jobs, I thought STEM was just computers."
R_MK0151723,What did you enjoy most about the activity?,Q65,The video call with the scientist who works with livestock.
R_MK0152162,What did you enjoy most about the activity?,Q65,The teachers actually listened to our ideas.
R_MK0154144,What did you enjoy most about the activity?,Q65,"Designing how our project looked, not just how it worked."
R_MK0155495,What did you enjoy most about the activity?,Q65,I liked that we could test our own ideas even when they didn't work.
R_MK0158689,What did you enjoy most about the activity?,Q65,The video call with the scientist who works with livestock.
R_MK0160688,What did you enjoy most about the activity?,Q65,Getting to do it here instead of travelling to the city.
R_MK0162960,What did you enjoy most about the activity?,Q65,Being in a small group where I wasn't scared to say the wrong thing.
R_MK0163738,What did you enjoy most about the activity?,Q65,"Learning the science behind farming, which is what my family does."
R_MK0164642,What did you enjoy most about the activity?,Q65,"Presenting our project, I liked explaining it to the parents."
R_MK0165992,What did you enjoy most about the activity?,Q65,"Making a game, I didn't know you could learn that at school."
R_MK0168112,What did you enjoy most about the activity?,Q65,Going deeper than we do in normal class.
R_MK0169179,What did you enjoy most about the activity?,Q65,Testing the water in the creek near us and finding what was in it.
R_MK0170452,What did you enjoy most about the activity?,Q65,Learning science can fix real problems in our own town.
R_MK0172581,What did you enjoy most about the activity?,Q65,We made something for our town that people could actually use.
R_MK0173433,What did you enjoy most about the activity?,Q65,Testing the water in the creek near us and finding what was in it.
R_MK0174555,What did you enjoy most about the activity?,Q65,Being in a small group where I wasn't scared to say the wrong thing.
R_MK0175827,What did you enjoy most about the activity?,Q65,The video call with the scientist who works with livestock.
R_MK0176592,What did you enjoy most about the activity?,Q65,"Programming the robot to move on its own, I'd never done that."
R_MK0177728,What did you enjoy most about the activity?,Q65,The coding part. I do a bit at home but this was harder.
R_MK0179259,What did you enjoy most about the activity?,Q65,"Programming the robot to move on its own, I'd never done that."
R_MK0001420,What would you change about the activity?,Q66,"Nothing, it was good."
R_MK0002929,What would you change about the activity?,Q66,"More time on the building, less on the planning."
R_MK0005158,What would you change about the activity?,Q66,"Nothing, it was good."
R_MK0006588,What would you change about the activity?,Q66,"Longer, and less talking in front of everyone at the end."
R_MK0010513,What would you change about the activity?,Q66,"Shorter instructions, they were too long."
R_MK0012823,What would you change about the activity?,Q66,"More tools, we had to share."
R_MK0015743,What would you change about the activity?,Q66,"More time on the building, less on the planning."
R_MK0017999,What would you change about the activity?,Q66,Better materials for the making part.
R_MK0018956,What would you change about the activity?,Q66,More of the design side and less coding.
R_MK0019930,What would you change about the activity?,Q66,I would keep it the same but add more group work.
R_MK0020810,What would you change about the activity?,Q66,"More equipment, we had to share one set."
R_MK0021392,What would you change about the activity?,Q66,More choice about what we do.
R_MK0022179,What would you change about the activity?,Q66,More time to write up what we found.
R_MK0025998,What would you change about the activity?,Q66,"Longer, and less talking in front of everyone at the end."
R_MK0026424,What would you change about the activity?,Q66,Run it closer to us more often.
R_MK0027532,What would you change about the activity?,Q66,Longer so we could finish properly.
R_MK0028706,What would you change about the activity?,Q66,"Nothing, it was good."
R_MK0029613,What would you change about the activity?,Q66,More time to write up what we found.
R_MK0030869,What would you change about the activity?,Q66,More help with the maths parts.
R_MK0031367,What would you change about the activity?,Q66,Smaller steps for the graphs.
R_MK0033904,What would you change about the activity?,Q66,"Nothing much, it was well run."
R_MK0036376,What would you change about the activity?,Q66,"Nothing really, but it went too fast."
R_MK0041355,What would you change about the activity?,Q66,"Explain things more at the start, I didn't understand the words."
R_MK0048618,What would you change about the activity?,Q66,"Better internet, ours dropped out during the online session."
R_MK0049670,What would you change about the activity?,Q66,More time to write up what we found.
R_MK0050485,What would you change about the activity?,Q66,More visits to the university.
R_MK0051316,What would you change about the activity?,Q66,"Explain things more at the start, I didn't understand the words."
R_MK0053554,What would you change about the activity?,Q66,Less sitting down at the start before we got to build.
R_MK0055575,What would you change about the activity?,Q66,Less sitting down at the start before we got to build.
R_MK0057652,What would you change about the activity?,Q66,"More tools, we had to share."
R_MK0058187,What would you change about the activity?,Q66,I would keep it the same but add more group work.
R_MK0059808,What would you change about the activity?,Q66,I would keep it the same but add more group work.
R_MK0061389,What would you change about the activity?,Q66,Run it closer to us more often.
R_MK0062732,What would you change about the activity?,Q66,"Nothing, it was good."
R_MK0064312,What would you change about the activity?,Q66,"Longer, and less talking in front of everyone at the end."
R_MK0067782,What would you change about the activity?,Q66,"Better internet, ours dropped out during the online session."
R_MK0068468,What would you change about the activity?,Q66,I would keep it the same but add more group work.
R_MK0069966,What would you change about the activity?,Q66,"More tools, we had to share."
R_MK0070349,What would you change about the activity?,Q66,Less sitting down at the start before we got to build.
R_MK0074166,What would you change about the activity?,Q66,More field trips instead of classroom parts.
R_MK0075610,What would you change about the activity?,Q66,"More time on the building, less on the planning."
R_MK0079985,What would you change about the activity?,Q66,I would keep it the same but add more group work.
R_MK0081775,What would you change about the activity?,Q66,"Maybe explain the words at the start, I didn't know some of them."
R_MK0082895,What would you change about the activity?,Q66,Longer so we could finish properly.
R_MK0083877,What would you change about the activity?,Q66,More visits to the university.
R_MK0084645,What would you change about the activity?,Q66,"Nothing, it was good."
R_MK0085820,What would you change about the activity?,Q66,Harder content for people who want it.
R_MK0086561,What would you change about the activity?,Q66,I would add more art into it.
R_MK0088710,What would you change about the activity?,Q66,"More tools, we had to share."
R_MK0089583,What would you change about the activity?,Q66,"More equipment, we had to share one set."
R_MK0091716,What would you change about the activity?,Q66,"Better internet, ours dropped out during the online session."
R_MK0093864,What would you change about the activity?,Q66,Make it harder. Some of it we already knew.
R_MK0094190,What would you change about the activity?,Q66,More of the design side and less coding.
R_MK0095545,What would you change about the activity?,Q66,I would keep it the same but add more group work.
R_MK0096137,What would you change about the activity?,Q66,"Better internet, ours dropped out during the online session."
R_MK0097211,What would you change about the activity?,Q66,I would keep it the same but add more group work.
R_MK0098826,What would you change about the activity?,Q66,More help with the maths parts.
R_MK0099981,What would you change about the activity?,Q66,"Better internet, ours dropped out during the online session."
R_MK0100924,What would you change about the activity?,Q66,"Nothing, I liked the making part."
R_MK0102464,What would you change about the activity?,Q66,Less sitting down at the start before we got to build.
R_MK0103297,What would you change about the activity?,Q66,Harder content for people who want it.
R_MK0104887,What would you change about the activity?,Q66,More field trips instead of classroom parts.
R_MK0106136,What would you change about the activity?,Q66,More of the design side and less coding.
R_MK0107629,What would you change about the activity?,Q66,"Nothing, I liked the making part."
R_MK0113534,What would you change about the activity?,Q66,Let us pick our own groups.
R_MK0114340,What would you change about the activity?,Q66,Let us pick our own groups.
R_MK0115101,What would you change about the activity?,Q66,The data tables at the start were confusing.
R_MK0117597,What would you change about the activity?,Q66,More time to write up what we found.
R_MK0119937,What would you change about the activity?,Q66,More field trips instead of classroom parts.
R_MK0120777,What would you change about the activity?,Q66,"More equipment, we had to share one set."
R_MK0121824,What would you change about the activity?,Q66,"Nothing really, but it went too fast."
R_MK0124835,What would you change about the activity?,Q66,"Nothing, it was good."
R_MK0125986,What would you change about the activity?,Q66,Better materials for the making part.
R_MK0126334,What would you change about the activity?,Q66,"Nothing much, it was well run."
R_MK0127356,What would you change about the activity?,Q66,I would keep it the same but add more group work.
R_MK0129148,What would you change about the activity?,Q66,"More time on the building, less on the planning."
R_MK0130102,What would you change about the activity?,Q66,The data tables at the start were confusing.
R_MK0131540,What would you change about the activity?,Q66,Let us pick our own groups.
R_MK0132168,What would you change about the activity?,Q66,I would keep it the same but add more group work.
R_MK0133624,What would you change about the activity?,Q66,"Explain things more at the start, I didn't understand the words."
R_MK0134295,What would you change about the activity?,Q66,Run it closer to us more often.
R_MK0135330,What would you change about the activity?,Q66,More visits to the university.
R_MK0137222,What would you change about the activity?,Q66,Make it harder. Some of it we already knew.
R_MK0139904,What would you change about the activity?,Q66,"Explain things more at the start, I didn't understand the words."
R_MK0140966,What would you change about the activity?,Q66,Less sitting down at the start before we got to build.
R_MK0141468,What would you change about the activity?,Q66,"Nothing, it was good."
R_MK0144860,What would you change about the activity?,Q66,More help with the maths parts.
R_MK0145650,What would you change about the activity?,Q66,"More time on the analysis, we rushed that bit."
R_MK0146961,What would you change about the activity?,Q66,I would add more art into it.
R_MK0147145,What would you change about the activity?,Q66,"More tools, we had to share."
R_MK0149622,What would you change about the activity?,Q66,I would keep it the same but add more group work.
R_MK0151723,What would you change about the activity?,Q66,"Better internet, ours dropped out during the online session."
R_MK0152162,What would you change about the activity?,Q66,More choice about what we do.
R_MK0154144,What would you change about the activity?,Q66,More of the design side and less coding.
R_MK0155495,What would you change about the activity?,Q66,More time to write up what we found.
R_MK0158689,What would you change about the activity?,Q66,"Better internet, ours dropped out during the online session."
R_MK0160688,What would you change about the activity?,Q66,"Better internet, ours dropped out during the online session."
R_MK0162960,What would you change about the activity?,Q66,More time to write up what we found.
R_MK0163738,What would you change about the activity?,Q66,"More equipment, we had to share one set."
R_MK0164642,What would you change about the activity?,Q66,Smaller steps for the graphs.
R_MK0165992,What would you change about the activity?,Q66,"Shorter instructions, they were too long."
R_MK0168112,What would you change about the activity?,Q66,Harder content for people who want it.
R_MK0169179,What would you change about the activity?,Q66,More field trips instead of classroom parts.
R_MK0170452,What would you change about the activity?,Q66,More field trips instead of classroom parts.
R_MK0172581,What would you change about the activity?,Q66,"More tools, we had to share."
R_MK0173433,What would you change about the activity?,Q66,The data tables at the start were confusing.
R_MK0174555,What would you change about the activity?,Q66,"Longer, and less talking in front of everyone at the end."
R_MK0175827,What would you change about the activity?,Q66,"Better internet, ours dropped out during the online session."
R_MK0176592,What would you change about the activity?,Q66,More visits to the university.
R_MK0177728,What would you change about the activity?,Q66,"Nothing really, but it went too fast."
R_MK0179259,What would you change about the activity?,Q66,More visits to the university.
R_MK0003799,You have selected you have done online STEM activities. What did you do in the activity?,Q67,Making the poster and the model together.
R_MK0005158,You have selected you have done online STEM activities. What did you do in the activity?,Q67,The mentor said she was first in her family to go to uni too.
R_MK0008438,You have selected you have done online STEM activities. What did you do in the activity?,Q67,I liked that we could test our own ideas even when they didn't work.
R_MK0010513,You have selected you have done online STEM activities. What did you do in the activity?,Q67,The teachers actually listened to our ideas.
R_MK0011479,You have selected you have done online STEM activities. What did you do in the activity?,Q67,"It wasn't like normal school, we chose what our project was about."
R_MK0015743,You have selected you have done online STEM activities. What did you do in the activity?,Q67,The coding part. I do a bit at home but this was harder.
R_MK0017999,You have selected you have done online STEM activities. What did you do in the activity?,Q67,Making the poster and the model together.
R_MK0018956,You have selected you have done online STEM activities. What did you do in the activity?,Q67,"Designing how our project looked, not just how it worked."
R_MK0022179,You have selected you have done online STEM activities. What did you do in the activity?,Q67,I liked that we could test our own ideas even when they didn't work.
R_MK0023428,You have selected you have done online STEM activities. What did you do in the activity?,Q67,The mentor said she was first in her family to go to uni too.
R_MK0025998,You have selected you have done online STEM activities. What did you do in the activity?,Q67,Doing the experiments myself instead of watching the teacher do it.
R_MK0028706,You have selected you have done online STEM activities. What did you do in the activity?,Q67,"Going to the university campus, I'd never been to one."
R_MK0029613,You have selected you have done online STEM activities. What did you do in the activity?,Q67,I liked that we could test our own ideas even when they didn't work.
R_MK0031367,You have selected you have done online STEM activities. What did you do in the activity?,Q67,"Presenting our project, I liked explaining it to the parents."
R_MK0039680,You have selected you have done online STEM activities. What did you do in the activity?,Q67,I liked that we could test our own ideas even when they didn't work.
R_MK0040482,You have selected you have done online STEM activities. What did you do in the activity?,Q67,The mentor said she was first in her family to go to uni too.
R_MK0044408,You have selected you have done online STEM activities. What did you do in the activity?,Q67,Making the model with real tools. It felt like proper work.
R_MK0045275,You have selected you have done online STEM activities. What did you do in the activity?,Q67,Doing the experiments myself instead of watching the teacher do it.
R_MK0046739,You have selected you have done online STEM activities. What did you do in the activity?,Q67,The coding part. I do a bit at home but this was harder.
R_MK0047565,You have selected you have done online STEM activities. What did you do in the activity?,Q67,Talking to the women in STEM about their actual day to day jobs.
R_MK0048618,You have selected you have done online STEM activities. What did you do in the activity?,Q67,"Learning the science behind farming, which is what my family does."
R_MK0060337,You have selected you have done online STEM activities. What did you do in the activity?,Q67,"Meeting the mentor who works in tech, I asked her heaps of questions."
R_MK0061389,You have selected you have done online STEM activities. What did you do in the activity?,Q67,"Learning the science behind farming, which is what my family does."
R_MK0062732,You have selected you have done online STEM activities. What did you do in the activity?,Q67,"Programming the robot to move on its own, I'd never done that."
R_MK0066794,You have selected you have done online STEM activities. What did you do in the activity?,Q67,The mentor said she was first in her family to go to uni too.
R_MK0067782,You have selected you have done online STEM activities. What did you do in the activity?,Q67,The video call with the scientist who works with livestock.
R_MK0069966,You have selected you have done online STEM activities. What did you do in the activity?,Q67,Making the model with real tools. It felt like proper work.
R_MK0072647,You have selected you have done online STEM activities. What did you do in the activity?,Q67,Being in a small group where I wasn't scared to say the wrong thing.
R_MK0074166,You have selected you have done online STEM activities. What did you do in the activity?,Q67,Learning science can fix real problems in our own town.
R_MK0075610,You have selected you have done online STEM activities. What did you do in the activity?,Q67,"Getting to build something that actually worked, not just learn about it."
R_MK0079985,You have selected you have done online STEM activities. What did you do in the activity?,Q67,Organising my group and working out who did what.
R_MK0080759,You have selected you have done online STEM activities. What did you do in the activity?,Q67,Going deeper than we do in normal class.
R_MK0082895,You have selected you have done online STEM activities. What did you do in the activity?,Q67,Testing the water in the creek near us and finding what was in it.
R_MK0083877,You have selected you have done online STEM activities. What did you do in the activity?,Q67,The mentor said she was first in her family to go to uni too.
R_MK0084645,You have selected you have done online STEM activities. What did you do in the activity?,Q67,"Going to the university campus, I'd never been to one."
R_MK0085820,You have selected you have done online STEM activities. What did you do in the activity?,Q67,Going deeper than we do in normal class.
R_MK0086561,You have selected you have done online STEM activities. What did you do in the activity?,Q67,"Designing how our project looked, not just how it worked."
R_MK0092349,You have selected you have done online STEM activities. What did you do in the activity?,Q67,Making the model with real tools. It felt like proper work.
R_MK0095545,You have selected you have done online STEM activities. What did you do in the activity?,Q67,Organising my group and working out who did what.
R_MK0096137,You have selected you have done online STEM activities. What did you do in the activity?,Q67,"Learning the science behind farming, which is what my family does."
R_MK0097211,You have selected you have done online STEM activities. What did you do in the activity?,Q67,"Finding out health jobs are STEM jobs, I thought STEM was just computers."
R_MK0100924,You have selected you have done online STEM activities. What did you do in the activity?,Q67,We made something for our town that people could actually use.
R_MK0101840,You have selected you have done online STEM activities. What did you do in the activity?,Q67,"Making a game, I didn't know you could learn that at school."
R_MK0103297,You have selected you have done online STEM activities. What did you do in the activity?,Q67,The research part where we had to find real evidence.
R_MK0105543,You have selected you have done online STEM activities. What did you do in the activity?,Q67,"Presenting our project, I liked explaining it to the parents."
R_MK0107629,You have selected you have done online STEM activities. What did you do in the activity?,Q67,We made something for our town that people could actually use.
R_MK0110205,You have selected you have done online STEM activities. What did you do in the activity?,Q67,"Finding out health jobs are STEM jobs, I thought STEM was just computers."
R_MK0112332,You have selected you have done online STEM activities. What did you do in the activity?,Q67,"Getting to build something that actually worked, not just learn about it."
R_MK0114340,You have selected you have done online STEM activities. What did you do in the activity?,Q67,"It wasn't like normal school, we chose what our project was about."
R_MK0119937,You have selected you have done online STEM activities. What did you do in the activity?,Q67,The excursion where we surveyed the wetlands.
R_MK0121824,You have selected you have done online STEM activities. What did you do in the activity?,Q67,"Meeting the mentor who works in tech, I asked her heaps of questions."
R_MK0127356,You have selected you have done online STEM activities. What did you do in the activity?,Q67,Organising my group and working out who did what.
R_MK0131540,You have selected you have done online STEM activities. What did you do in the activity?,Q67,"It wasn't like normal school, we chose what our project was about."
R_MK0132168,You have selected you have done online STEM activities. What did you do in the activity?,Q67,"Presenting our project, I liked explaining it to the parents."
R_MK0133624,You have selected you have done online STEM activities. What did you do in the activity?,Q67,The mentor said she was first in her family to go to uni too.
R_MK0139904,You have selected you have done online STEM activities. What did you do in the activity?,Q67,"Programming the robot to move on its own, I'd never done that."
R_MK0142343,You have selected you have done online STEM activities. What did you do in the activity?,Q67,I liked that we could test our own ideas even when they didn't work.
R_MK0148593,You have selected you have done online STEM activities. What did you do in the activity?,Q67,"Using the 3D printer, I didn't know our school had one."
R_MK0149622,You have selected you have done online STEM activities. What did you do in the activity?,Q67,Organising my group and working out who did what.
R_MK0151723,You have selected you have done online STEM activities. What did you do in the activity?,Q67,Getting to do it here instead of travelling to the city.
R_MK0153706,You have selected you have done online STEM activities. What did you do in the activity?,Q67,"Designing how our project looked, not just how it worked."
R_MK0155495,You have selected you have done online STEM activities. What did you do in the activity?,Q67,Doing the experiments myself instead of watching the teacher do it.
R_MK0157486,You have selected you have done online STEM activities. What did you do in the activity?,Q67,Learning science can fix real problems in our own town.
R_MK0162960,You have selected you have done online STEM activities. What did you do in the activity?,Q67,I liked that we could test our own ideas even when they didn't work.
R_MK0167936,You have selected you have done online STEM activities. What did you do in the activity?,Q67,The teachers actually listened to our ideas.
R_MK0174555,You have selected you have done online STEM activities. What did you do in the activity?,Q67,Being in a small group where I wasn't scared to say the wrong thing.
R_MK0177728,You have selected you have done online STEM activities. What did you do in the activity?,Q67,The coding part. I do a bit at home but this was harder.
R_MK0000490,You have selected you have gone on an excursion. What did you do in the activity?,Q69,"Learning the science behind farming, which is what my family does."
R_MK0004366,You have selected you have gone on an excursion. What did you do in the activity?,Q69,Organising my group and working out who did what.
R_MK0006588,You have selected you have gone on an excursion. What did you do in the activity?,Q69,I liked that we could test our own ideas even when they didn't work.
R_MK0009873,You have selected you have gone on an excursion. What did you do in the activity?,Q69,I liked that we could test our own ideas even when they didn't work.
R_MK0017999,You have selected you have gone on an excursion. What did you do in the activity?,Q69,Making the poster and the model together.
R_MK0019930,You have selected you have gone on an excursion. What did you do in the activity?,Q69,Organising my group and working out who did what.
R_MK0021392,You have selected you have gone on an excursion. What did you do in the activity?,Q69,"It wasn't like normal school, we chose what our project was about."
R_MK0022179,You have selected you have gone on an excursion. What did you do in the activity?,Q69,Doing the experiments myself instead of watching the teacher do it.
R_MK0024716,You have selected you have gone on an excursion. What did you do in the activity?,Q69,"Getting to build something that actually worked, not just learn about it."
R_MK0026424,You have selected you have gone on an excursion. What did you do in the activity?,Q69,"Learning the science behind farming, which is what my family does."
R_MK0028706,You have selected you have gone on an excursion. What did you do in the activity?,Q69,The mentor said she was first in her family to go to uni too.
R_MK0030869,You have selected you have gone on an excursion. What did you do in the activity?,Q69,"Finding out health jobs are STEM jobs, I thought STEM was just computers."
R_MK0037653,You have selected you have gone on an excursion. What did you do in the activity?,Q69,"Using the 3D printer, I didn't know our school had one."
R_MK0038667,You have selected you have gone on an excursion. What did you do in the activity?,Q69,The teachers actually listened to our ideas.
R_MK0042313,You have selected you have gone on an excursion. What did you do in the activity?,Q69,"It wasn't like normal school, we chose what our project was about."
R_MK0043999,You have selected you have gone on an excursion. What did you do in the activity?,Q69,"Going to the university campus, I'd never been to one."
R_MK0054491,You have selected you have gone on an excursion. What did you do in the activity?,Q69,Doing the experiments myself instead of watching the teacher do it.
R_MK0055575,You have selected you have gone on an excursion. What did you do in the activity?,Q69,"Using the 3D printer, I didn't know our school had one."
R_MK0059808,You have selected you have gone on an excursion. What did you do in the activity?,Q69,Organising my group and working out who did what.
R_MK0063210,You have selected you have gone on an excursion. What did you do in the activity?,Q69,The teachers actually listened to our ideas.
R_MK0065971,You have selected you have gone on an excursion. What did you do in the activity?,Q69,"Designing how our project looked, not just how it worked."
R_MK0068468,You have selected you have gone on an excursion. What did you do in the activity?,Q69,Organising my group and working out who did what.
R_MK0070349,You have selected you have gone on an excursion. What did you do in the activity?,Q69,"Using the 3D printer, I didn't know our school had one."
R_MK0071164,You have selected you have gone on an excursion. What did you do in the activity?,Q69,"Using the 3D printer, I didn't know our school had one."
R_MK0077148,You have selected you have gone on an excursion. What did you do in the activity?,Q69,"Presenting our project, I liked explaining it to the parents."
R_MK0084645,You have selected you have gone on an excursion. What did you do in the activity?,Q69,"Going to the university campus, I'd never been to one."
R_MK0087342,You have selected you have gone on an excursion. What did you do in the activity?,Q69,"Going to the university campus, I'd never been to one."
R_MK0088710,You have selected you have gone on an excursion. What did you do in the activity?,Q69,Making the model with real tools. It felt like proper work.
R_MK0092349,You have selected you have gone on an excursion. What did you do in the activity?,Q69,"Using the 3D printer, I didn't know our school had one."
R_MK0093864,You have selected you have gone on an excursion. What did you do in the activity?,Q69,"Meeting the mentor who works in tech, I asked her heaps of questions."
R_MK0095545,You have selected you have gone on an excursion. What did you do in the activity?,Q69,Organising my group and working out who did what.
R_MK0098826,You have selected you have gone on an excursion. What did you do in the activity?,Q69,"Finding out health jobs are STEM jobs, I thought STEM was just computers."
R_MK0104887,You have selected you have gone on an excursion. What did you do in the activity?,Q69,The excursion where we surveyed the wetlands.
R_MK0113534,You have selected you have gone on an excursion. What did you do in the activity?,Q69,The teachers actually listened to our ideas.
R_MK0115101,You have selected you have gone on an excursion. What did you do in the activity?,Q69,The excursion where we surveyed the wetlands.
R_MK0120777,You have selected you have gone on an excursion. What did you do in the activity?,Q69,The video call with the scientist who works with livestock.
R_MK0135330,You have selected you have gone on an excursion. What did you do in the activity?,Q69,"Going to the university campus, I'd never been to one."
R_MK0140966,You have selected you have gone on an excursion. What did you do in the activity?,Q69,"Using the 3D printer, I didn't know our school had one."
R_MK0143612,You have selected you have gone on an excursion. What did you do in the activity?,Q69,Going deeper than we do in normal class.
R_MK0147145,You have selected you have gone on an excursion. What did you do in the activity?,Q69,We made something for our town that people could actually use.
R_MK0152162,You have selected you have gone on an excursion. What did you do in the activity?,Q69,The teachers actually listened to our ideas.
R_MK0158689,You have selected you have gone on an excursion. What did you do in the activity?,Q69,Getting to do it here instead of travelling to the city.
R_MK0161479,You have selected you have gone on an excursion. What did you do in the activity?,Q69,Getting to do it here instead of travelling to the city.
R_MK0162960,You have selected you have gone on an excursion. What did you do in the activity?,Q69,Doing the experiments myself instead of watching the teacher do it.
R_MK0164642,You have selected you have gone on an excursion. What did you do in the activity?,Q69,"Presenting our project, I liked explaining it to the parents."
R_MK0165992,You have selected you have gone on an excursion. What did you do in the activity?,Q69,"It wasn't like normal school, we chose what our project was about."
R_MK0172581,You have selected you have gone on an excursion. What did you do in the activity?,Q69,Making the model with real tools. It felt like proper work.
R_MK0173433,You have selected you have gone on an excursion. What did you do in the activity?,Q69,Learning science can fix real problems in our own town.
R_MK0174555,You have selected you have gone on an excursion. What did you do in the activity?,Q69,Doing the experiments myself instead of watching the teacher do it.
R_MK0177728,You have selected you have gone on an excursion. What did you do in the activity?,Q69,"Getting to build something that actually worked, not just learn about it."
R_MK0178683,You have selected you have gone on an excursion. What did you do in the activity?,Q69,"Learning the science behind farming, which is what my family does."
R_MK0179259,You have selected you have gone on an excursion. What did you do in the activity?,Q69,"Going to the university campus, I'd never been to one."
R_MK0000490,Which course have you chosen and why?,Q80,The video call with the scientist who works with livestock.
R_MK0003799,Which course have you chosen and why?,Q80,Making the poster and the model together.
R_MK0006588,Which course have you chosen and why?,Q80,I liked that we could test our own ideas even when they didn't work.
R_MK0007455,Which course have you chosen and why?,Q80,Doing the experiments myself instead of watching the teacher do it.
R_MK0008438,Which course have you chosen and why?,Q80,Doing the experiments myself instead of watching the teacher do it.
R_MK0009873,Which course have you chosen and why?,Q80,Being in a small group where I wasn't scared to say the wrong thing.
R_MK0014844,Which course have you chosen and why?,Q80,The coding part. I do a bit at home but this was harder.
R_MK0017999,Which course have you chosen and why?,Q80,"Designing how our project looked, not just how it worked."
R_MK0025998,Which course have you chosen and why?,Q80,I liked that we could test our own ideas even when they didn't work.
R_MK0027532,Which course have you chosen and why?,Q80,Testing the water in the creek near us and finding what was in it.
R_MK0029613,Which course have you chosen and why?,Q80,I liked that we could test our own ideas even when they didn't work.
R_MK0031367,Which course have you chosen and why?,Q80,Organising my group and working out who did what.
R_MK0033904,Which course have you chosen and why?,Q80,Talking to the women in STEM about their actual day to day jobs.
R_MK0035898,Which course have you chosen and why?,Q80,"Getting to build something that actually worked, not just learn about it."
R_MK0042313,Which course have you chosen and why?,Q80,The teachers actually listened to our ideas.
R_MK0046739,Which course have you chosen and why?,Q80,The coding part. I do a bit at home but this was harder.
R_MK0047565,Which course have you chosen and why?,Q80,Going deeper than we do in normal class.
R_MK0048618,Which course have you chosen and why?,Q80,The video call with the scientist who works with livestock.
R_MK0050485,Which course have you chosen and why?,Q80,"Programming the robot to move on its own, I'd never done that."
R_MK0052507,Which course have you chosen and why?,Q80,Making the model with real tools. It felt like proper work.
R_MK0054491,Which course have you chosen and why?,Q80,I liked that we could test our own ideas even when they didn't work.
R_MK0056243,Which course have you chosen and why?,Q80,Finding out design is part of engineering too.
R_MK0058187,Which course have you chosen and why?,Q80,Organising my group and working out who did what.
R_MK0061389,Which course have you chosen and why?,Q80,"Learning the science behind farming, which is what my family does."
R_MK0064312,Which course have you chosen and why?,Q80,Being in a small group where I wasn't scared to say the wrong thing.
R_MK0065971,Which course have you chosen and why?,Q80,Making the poster and the model together.
R_MK0068468,Which course have you chosen and why?,Q80,Organising my group and working out who did what.
R_MK0069966,Which course have you chosen and why?,Q80,"Using the 3D printer, I didn't know our school had one."
R_MK0070349,Which course have you chosen and why?,Q80,We made something for our town that people could actually use.
R_MK0078823,Which course have you chosen and why?,Q80,We made something for our town that people could actually use.
R_MK0080759,Which course have you chosen and why?,Q80,Talking to the women in STEM about their actual day to day jobs.
R_MK0083877,Which course have you chosen and why?,Q80,"Programming the robot to move on its own, I'd never done that."
R_MK0084645,Which course have you chosen and why?,Q80,"Going to the university campus, I'd never been to one."
R_MK0086561,Which course have you chosen and why?,Q80,Finding out design is part of engineering too.
R_MK0088710,Which course have you chosen and why?,Q80,Making the model with real tools. It felt like proper work.
R_MK0091716,Which course have you chosen and why?,Q80,Getting to do it here instead of travelling to the city.
R_MK0094190,Which course have you chosen and why?,Q80,Making the poster and the model together.
R_MK0096137,Which course have you chosen and why?,Q80,Getting to do it here instead of travelling to the city.
R_MK0098826,Which course have you chosen and why?,Q80,"Finding out health jobs are STEM jobs, I thought STEM was just computers."
R_MK0099981,Which course have you chosen and why?,Q80,"Learning the science behind farming, which is what my family does."
R_MK0110205,Which course have you chosen and why?,Q80,"Presenting our project, I liked explaining it to the parents."
R_MK0111911,Which course have you chosen and why?,Q80,"Programming the robot to move on its own, I'd never done that."
R_MK0115101,Which course have you chosen and why?,Q80,Testing the water in the creek near us and finding what was in it.
R_MK0116896,Which course have you chosen and why?,Q80,"Designing how our project looked, not just how it worked."
R_MK0117597,Which course have you chosen and why?,Q80,Being in a small group where I wasn't scared to say the wrong thing.
R_MK0120777,Which course have you chosen and why?,Q80,Getting to do it here instead of travelling to the city.
R_MK0123377,Which course have you chosen and why?,Q80,Talking to the women in STEM about their actual day to day jobs.
R_MK0124835,Which course have you chosen and why?,Q80,The mentor said she was first in her family to go to uni too.
R_MK0128763,Which course have you chosen and why?,Q80,Talking to the women in STEM about their actual day to day jobs.
R_MK0129148,Which course have you chosen and why?,Q80,The coding part. I do a bit at home but this was harder.
R_MK0130102,Which course have you chosen and why?,Q80,Testing the water in the creek near us and finding what was in it.
R_MK0132168,Which course have you chosen and why?,Q80,Organising my group and working out who did what.
R_MK0134295,Which course have you chosen and why?,Q80,The video call with the scientist who works with livestock.
R_MK0137222,Which course have you chosen and why?,Q80,"Meeting the mentor who works in tech, I asked her heaps of questions."
R_MK0138361,Which course have you chosen and why?,Q80,"Getting to build something that actually worked, not just learn about it."
R_MK0140966,Which course have you chosen and why?,Q80,We made something for our town that people could actually use.
R_MK0141468,Which course have you chosen and why?,Q80,"Going to the university campus, I'd never been to one."
R_MK0142343,Which course have you chosen and why?,Q80,Doing the experiments myself instead of watching the teacher do it.
R_MK0144860,Which course have you chosen and why?,Q80,Organising my group and working out who did what.
R_MK0147145,Which course have you chosen and why?,Q80,"Using the 3D printer, I didn't know our school had one."
R_MK0149622,Which course have you chosen and why?,Q80,"Presenting our project, I liked explaining it to the parents."
R_MK0154144,Which course have you chosen and why?,Q80,Finding out design is part of engineering too.
R_MK0155495,Which course have you chosen and why?,Q80,Being in a small group where I wasn't scared to say the wrong thing.
R_MK0158689,Which course have you chosen and why?,Q80,"Learning the science behind farming, which is what my family does."
R_MK0161479,Which course have you chosen and why?,Q80,"Learning the science behind farming, which is what my family does."
R_MK0164642,Which course have you chosen and why?,Q80,"Presenting our project, I liked explaining it to the parents."
R_MK0165992,Which course have you chosen and why?,Q80,The teachers actually listened to our ideas.
R_MK0166521,Which course have you chosen and why?,Q80,"Presenting our project, I liked explaining it to the parents."
R_MK0168112,Which course have you chosen and why?,Q80,Talking to the women in STEM about their actual day to day jobs.
R_MK0171638,Which course have you chosen and why?,Q80,The mentor said she was first in her family to go to uni too.
R_MK0179259,Which course have you chosen and why?,Q80,The mentor said she was first in her family to go to uni too.
R_MK0003799,In what ways have the option(s) you have selected influenced your decisions?,Q84,Making the poster and the model together.
R_MK0004366,In what ways have the option(s) you have selected influenced your decisions?,Q84,"Presenting our project, I liked explaining it to the parents."
R_MK0008438,In what ways have the option(s) you have selected influenced your decisions?,Q84,Doing the experiments myself instead of watching the teacher do it.
R_MK0010513,In what ways have the option(s) you have selected influenced your decisions?,Q84,The teachers actually listened to our ideas.
R_MK0019930,In what ways have the option(s) you have selected influenced your decisions?,Q84,"Presenting our project, I liked explaining it to the parents."
R_MK0020810,In what ways have the option(s) you have selected influenced your decisions?,Q84,The video call with the scientist who works with livestock.
R_MK0021392,In what ways have the option(s) you have selected influenced your decisions?,Q84,"Making a game, I didn't know you could learn that at school."
R_MK0024716,In what ways have the option(s) you have selected influenced your decisions?,Q84,"Getting to build something that actually worked, not just learn about it."
R_MK0026424,In what ways have the option(s) you have selected influenced your decisions?,Q84,"Learning the science behind farming, which is what my family does."
R_MK0030869,In what ways have the option(s) you have selected influenced your decisions?,Q84,"Finding out health jobs are STEM jobs, I thought STEM was just computers."
R_MK0034746,In what ways have the option(s) you have selected influenced your decisions?,Q84,I liked that we could test our own ideas even when they didn't work.
R_MK0035898,In what ways have the option(s) you have selected influenced your decisions?,Q84,"Getting to build something that actually worked, not just learn about it."
R_MK0036376,In what ways have the option(s) you have selected influenced your decisions?,Q84,The coding part. I do a bit at home but this was harder.
R_MK0037653,In what ways have the option(s) you have selected influenced your decisions?,Q84,Making the model with real tools. It felt like proper work.
R_MK0038667,In what ways have the option(s) you have selected influenced your decisions?,Q84,"Making a game, I didn't know you could learn that at school."
R_MK0041355,In what ways have the option(s) you have selected influenced your decisions?,Q84,"Programming the robot to move on its own, I'd never done that."
R_MK0042313,In what ways have the option(s) you have selected influenced your decisions?,Q84,The teachers actually listened to our ideas.
R_MK0044408,In what ways have the option(s) you have selected influenced your decisions?,Q84,Making the model with real tools. It felt like proper work.
R_MK0045275,In what ways have the option(s) you have selected influenced your decisions?,Q84,Doing the experiments myself instead of watching the teacher do it.
R_MK0049670,In what ways have the option(s) you have selected influenced your decisions?,Q84,Being in a small group where I wasn't scared to say the wrong thing.
R_MK0055575,In what ways have the option(s) you have selected influenced your decisions?,Q84,Making the model with real tools. It felt like proper work.
R_MK0057652,In what ways have the option(s) you have selected influenced your decisions?,Q84,We made something for our town that people could actually use.
R_MK0064312,In what ways have the option(s) you have selected influenced your decisions?,Q84,I liked that we could test our own ideas even when they didn't work.
R_MK0071164,In what ways have the option(s) you have selected influenced your decisions?,Q84,We made something for our town that people could actually use.
R_MK0072647,In what ways have the option(s) you have selected influenced your decisions?,Q84,I liked that we could test our own ideas even when they didn't work.
R_MK0073957,In what ways have the option(s) you have selected influenced your decisions?,Q84,"Finding out health jobs are STEM jobs, I thought STEM was just computers."
R_MK0074166,In what ways have the option(s) you have selected influenced your decisions?,Q84,Testing the water in the creek near us and finding what was in it.
R_MK0092349,In what ways have the option(s) you have selected influenced your decisions?,Q84,"Using the 3D printer, I didn't know our school had one."
R_MK0101840,In what ways have the option(s) you have selected influenced your decisions?,Q84,The teachers actually listened to our ideas.
R_MK0102464,In what ways have the option(s) you have selected influenced your decisions?,Q84,Making the model with real tools. It felt like proper work.
R_MK0106136,In what ways have the option(s) you have selected influenced your decisions?,Q84,"Designing how our project looked, not just how it worked."
R_MK0109259,In what ways have the option(s) you have selected influenced your decisions?,Q84,The coding part. I do a bit at home but this was harder.
R_MK0112332,In what ways have the option(s) you have selected influenced your decisions?,Q84,The coding part. I do a bit at home but this was harder.
R_MK0114340,In what ways have the option(s) you have selected influenced your decisions?,Q84,"It wasn't like normal school, we chose what our project was about."
R_MK0115101,In what ways have the option(s) you have selected influenced your decisions?,Q84,The excursion where we surveyed the wetlands.
R_MK0117597,In what ways have the option(s) you have selected influenced your decisions?,Q84,Doing the experiments myself instead of watching the teacher do it.
R_MK0118236,In what ways have the option(s) you have selected influenced your decisions?,Q84,"Presenting our project, I liked explaining it to the parents."
R_MK0133624,In what ways have the option(s) you have selected influenced your decisions?,Q84,"Going to the university campus, I'd never been to one."
R_MK0136736,In what ways have the option(s) you have selected influenced your decisions?,Q84,"Getting to build something that actually worked, not just learn about it."
R_MK0137222,In what ways have the option(s) you have selected influenced your decisions?,Q84,The coding part. I do a bit at home but this was harder.
R_MK0143612,In what ways have the option(s) you have selected influenced your decisions?,Q84,Talking to the women in STEM about their actual day to day jobs.
R_MK0145650,In what ways have the option(s) you have selected influenced your decisions?,Q84,Going deeper than we do in normal class.
R_MK0148593,In what ways have the option(s) you have selected influenced your decisions?,Q84,Making the model with real tools. It felt like proper work.
R_MK0150326,In what ways have the option(s) you have selected influenced your decisions?,Q84,"It wasn't like normal school, we chose what our project was about."
R_MK0151723,In what ways have the option(s) you have selected influenced your decisions?,Q84,Getting to do it here instead of travelling to the city.
R_MK0152162,In what ways have the option(s) you have selected influenced your decisions?,Q84,The teachers actually listened to our ideas.
R_MK0156575,In what ways have the option(s) you have selected influenced your decisions?,Q84,The excursion where we surveyed the wetlands.
R_MK0158689,In what ways have the option(s) you have selected influenced your decisions?,Q84,"Learning the science behind farming, which is what my family does."
R_MK0162960,In what ways have the option(s) you have selected influenced your decisions?,Q84,Being in a small group where I wasn't scared to say the wrong thing.
R_MK0169179,In what ways have the option(s) you have selected influenced your decisions?,Q84,Testing the water in the creek near us and finding what was in it.
R_MK0170452,In what ways have the option(s) you have selected influenced your decisions?,Q84,The excursion where we surveyed the wetlands.
R_MK0172581,In what ways have the option(s) you have selected influenced your decisions?,Q84,Making the model with real tools. It felt like proper work.
R_MK0173433,In what ways have the option(s) you have selected influenced your decisions?,Q84,Learning science can fix real problems in our own town.
R_MK0175827,In what ways have the option(s) you have selected influenced your decisions?,Q84,"Learning the science behind farming, which is what my family does."
R_MK0006588,Why do you think you will need to move to do the job you want to do?,Q87,Doing the experiments myself instead of watching the teacher do it.
R_MK0009873,Why do you think you will need to move to do the job you want to do?,Q87,Doing the experiments myself instead of watching the teacher do it.
R_MK0010513,Why do you think you will need to move to do the job you want to do?,Q87,"Making a game, I didn't know you could learn that at school."
R_MK0011479,Why do you think you will need to move to do the job you want to do?,Q87,The teachers actually listened to our ideas.
R_MK0016269,Why do you think you will need to move to do the job you want to do?,Q87,Being in a small group where I wasn't scared to say the wrong thing.
R_MK0020810,Why do you think you will need to move to do the job you want to do?,Q87,The video call with the scientist who works with livestock.
R_MK0021392,Why do you think you will need to move to do the job you want to do?,Q87,"Making a game, I didn't know you could learn that at school."
R_MK0028706,Why do you think you will need to move to do the job you want to do?,Q87,"Programming the robot to move on its own, I'd never done that."
R_MK0036376,Why do you think you will need to move to do the job you want to do?,Q87,"Getting to build something that actually worked, not just learn about it."
R_MK0040482,Why do you think you will need to move to do the job you want to do?,Q87,The mentor said she was first in her family to go to uni too.
R_MK0048618,Why do you think you will need to move to do the job you want to do?,Q87,The video call with the scientist who works with livestock.
R_MK0056243,Why do you think you will need to move to do the job you want to do?,Q87,Making the poster and the model together.
R_MK0059808,Why do you think you will need to move to do the job you want to do?,Q87,"Finding out health jobs are STEM jobs, I thought STEM was just computers."
R_MK0061389,Why do you think you will need to move to do the job you want to do?,Q87,"Learning the science behind farming, which is what my family does."
R_MK0064312,Why do you think you will need to move to do the job you want to do?,Q87,Being in a small group where I wasn't scared to say the wrong thing.
R_MK0065971,Why do you think you will need to move to do the job you want to do?,Q87,"Designing how our project looked, not just how it worked."
R_MK0067782,Why do you think you will need to move to do the job you want to do?,Q87,Getting to do it here instead of travelling to the city.
R_MK0075610,Why do you think you will need to move to do the job you want to do?,Q87,The coding part. I do a bit at home but this was harder.
R_MK0076859,Why do you think you will need to move to do the job you want to do?,Q87,"Meeting the mentor who works in tech, I asked her heaps of questions."
R_MK0077148,Why do you think you will need to move to do the job you want to do?,Q87,"Presenting our project, I liked explaining it to the parents."
R_MK0081775,Why do you think you will need to move to do the job you want to do?,Q87,I liked that we could test our own ideas even when they didn't work.
R_MK0085820,Why do you think you will need to move to do the job you want to do?,Q87,The research part where we had to find real evidence.
R_MK0087342,Why do you think you will need to move to do the job you want to do?,Q87,The mentor said she was first in her family to go to uni too.
R_MK0091716,Why do you think you will need to move to do the job you want to do?,Q87,Getting to do it here instead of travelling to the city.
R_MK0105543,Why do you think you will need to move to do the job you want to do?,Q87,"Finding out health jobs are STEM jobs, I thought STEM was just computers."
R_MK0106136,Why do you think you will need to move to do the job you want to do?,Q87,Finding out design is part of engineering too.
R_MK0112332,Why do you think you will need to move to do the job you want to do?,Q87,"Getting to build something that actually worked, not just learn about it."
R_MK0116896,Why do you think you will need to move to do the job you want to do?,Q87,Making the poster and the model together.
R_MK0117597,Why do you think you will need to move to do the job you want to do?,Q87,I liked that we could test our own ideas even when they didn't work.
R_MK0120777,Why do you think you will need to move to do the job you want to do?,Q87,Getting to do it here instead of travelling to the city.
R_MK0121824,Why do you think you will need to move to do the job you want to do?,Q87,"Meeting the mentor who works in tech, I asked her heaps of questions."
R_MK0123377,Why do you think you will need to move to do the job you want to do?,Q87,The research part where we had to find real evidence.
R_MK0124835,Why do you think you will need to move to do the job you want to do?,Q87,The mentor said she was first in her family to go to uni too.
R_MK0126334,Why do you think you will need to move to do the job you want to do?,Q87,Going deeper than we do in normal class.
R_MK0130102,Why do you think you will need to move to do the job you want to do?,Q87,Testing the water in the creek near us and finding what was in it.
R_MK0133624,Why do you think you will need to move to do the job you want to do?,Q87,The mentor said she was first in her family to go to uni too.
R_MK0134295,Why do you think you will need to move to do the job you want to do?,Q87,"Learning the science behind farming, which is what my family does."
R_MK0135330,Why do you think you will need to move to do the job you want to do?,Q87,"Programming the robot to move on its own, I'd never done that."
R_MK0137222,Why do you think you will need to move to do the job you want to do?,Q87,"Getting to build something that actually worked, not just learn about it."
R_MK0139904,Why do you think you will need to move to do the job you want to do?,Q87,The mentor said she was first in her family to go to uni too.
R_MK0144860,Why do you think you will need to move to do the job you want to do?,Q87,"Finding out health jobs are STEM jobs, I thought STEM was just computers."
R_MK0146961,Why do you think you will need to move to do the job you want to do?,Q87,Finding out design is part of engineering too.
R_MK0148593,Why do you think you will need to move to do the job you want to do?,Q87,We made something for our town that people could actually use.
R_MK0149622,Why do you think you will need to move to do the job you want to do?,Q87,Organising my group and working out who did what.
R_MK0150326,Why do you think you will need to move to do the job you want to do?,Q87,"It wasn't like normal school, we chose what our project was about."
R_MK0151723,Why do you think you will need to move to do the job you want to do?,Q87,The video call with the scientist who works with livestock.
R_MK0156575,Why do you think you will need to move to do the job you want to do?,Q87,Learning science can fix real problems in our own town.
R_MK0159431,Why do you think you will need to move to do the job you want to do?,Q87,"Presenting our project, I liked explaining it to the parents."
R_MK0160688,Why do you think you will need to move to do the job you want to do?,Q87,The video call with the scientist who works with livestock.
R_MK0161479,Why do you think you will need to move to do the job you want to do?,Q87,The video call with the scientist who works with livestock.
R_MK0163738,Why do you think you will need to move to do the job you want to do?,Q87,The video call with the scientist who works with livestock.
R_MK0166521,Why do you think you will need to move to do the job you want to do?,Q87,Organising my group and working out who did what.
R_MK0167936,Why do you think you will need to move to do the job you want to do?,Q87,"Making a game, I didn't know you could learn that at school."
R_MK0168112,Why do you think you will need to move to do the job you want to do?,Q87,Talking to the women in STEM about their actual day to day jobs.
R_MK0169179,Why do you think you will need to move to do the job you want to do?,Q87,Testing the water in the creek near us and finding what was in it.
R_MK0176592,Why do you think you will need to move to do the job you want to do?,Q87,"Programming the robot to move on its own, I'd never done that."
R_MK0003799,Which job do you think you might do in ${q://QID1/ChoiceGroup/SelectedChoices}?,Q88,Finding out design is part of engineering too.
R_MK0004366,Which job do you think you might do in ${q://QID1/ChoiceGroup/SelectedChoices}?,Q88,Organising my group and working out who did what.
R_MK0008438,Which job do you think you might do in ${q://QID1/ChoiceGroup/SelectedChoices}?,Q88,Being in a small group where I wasn't scared to say the wrong thing.
R_MK0010513,Which job do you think you might do in ${q://QID1/ChoiceGroup/SelectedChoices}?,Q88,"It wasn't like normal school, we chose what our project was about."
R_MK0019930,Which job do you think you might do in ${q://QID1/ChoiceGroup/SelectedChoices}?,Q88,"Presenting our project, I liked explaining it to the parents."
R_MK0020810,Which job do you think you might do in ${q://QID1/ChoiceGroup/SelectedChoices}?,Q88,Getting to do it here instead of travelling to the city.
R_MK0021392,Which job do you think you might do in ${q://QID1/ChoiceGroup/SelectedChoices}?,Q88,The teachers actually listened to our ideas.
R_MK0024716,Which job do you think you might do in ${q://QID1/ChoiceGroup/SelectedChoices}?,Q88,The coding part. I do a bit at home but this was harder.
R_MK0026424,Which job do you think you might do in ${q://QID1/ChoiceGroup/SelectedChoices}?,Q88,Getting to do it here instead of travelling to the city.
R_MK0030869,Which job do you think you might do in ${q://QID1/ChoiceGroup/SelectedChoices}?,Q88,"Finding out health jobs are STEM jobs, I thought STEM was just computers."
R_MK0034746,Which job do you think you might do in ${q://QID1/ChoiceGroup/SelectedChoices}?,Q88,I liked that we could test our own ideas even when they didn't work.
R_MK0035898,Which job do you think you might do in ${q://QID1/ChoiceGroup/SelectedChoices}?,Q88,"Getting to build something that actually worked, not just learn about it."
R_MK0036376,Which job do you think you might do in ${q://QID1/ChoiceGroup/SelectedChoices}?,Q88,"Getting to build something that actually worked, not just learn about it."
R_MK0037653,Which job do you think you might do in ${q://QID1/ChoiceGroup/SelectedChoices}?,Q88,Making the model with real tools. It felt like proper work.
R_MK0038667,Which job do you think you might do in ${q://QID1/ChoiceGroup/SelectedChoices}?,Q88,The teachers actually listened to our ideas.
R_MK0041355,Which job do you think you might do in ${q://QID1/ChoiceGroup/SelectedChoices}?,Q88,"Programming the robot to move on its own, I'd never done that."
R_MK0042313,Which job do you think you might do in ${q://QID1/ChoiceGroup/SelectedChoices}?,Q88,"Making a game, I didn't know you could learn that at school."
R_MK0044408,Which job do you think you might do in ${q://QID1/ChoiceGroup/SelectedChoices}?,Q88,Making the model with real tools. It felt like proper work.
R_MK0045275,Which job do you think you might do in ${q://QID1/ChoiceGroup/SelectedChoices}?,Q88,I liked that we could test our own ideas even when they didn't work.
R_MK0049670,Which job do you think you might do in ${q://QID1/ChoiceGroup/SelectedChoices}?,Q88,Being in a small group where I wasn't scared to say the wrong thing.
R_MK0055575,Which job do you think you might do in ${q://QID1/ChoiceGroup/SelectedChoices}?,Q88,We made something for our town that people could actually use.
R_MK0057652,Which job do you think you might do in ${q://QID1/ChoiceGroup/SelectedChoices}?,Q88,"Using the 3D printer, I didn't know our school had one."
R_MK0064312,Which job do you think you might do in ${q://QID1/ChoiceGroup/SelectedChoices}?,Q88,Being in a small group where I wasn't scared to say the wrong thing.
R_MK0071164,Which job do you think you might do in ${q://QID1/ChoiceGroup/SelectedChoices}?,Q88,Making the model with real tools. It felt like proper work.
R_MK0072647,Which job do you think you might do in ${q://QID1/ChoiceGroup/SelectedChoices}?,Q88,Being in a small group where I wasn't scared to say the wrong thing.
R_MK0073957,Which job do you think you might do in ${q://QID1/ChoiceGroup/SelectedChoices}?,Q88,Organising my group and working out who did what.
R_MK0074166,Which job do you think you might do in ${q://QID1/ChoiceGroup/SelectedChoices}?,Q88,Testing the water in the creek near us and finding what was in it.
R_MK0092349,Which job do you think you might do in ${q://QID1/ChoiceGroup/SelectedChoices}?,Q88,We made something for our town that people could actually use.
R_MK0101840,Which job do you think you might do in ${q://QID1/ChoiceGroup/SelectedChoices}?,Q88,"Making a game, I didn't know you could learn that at school."
R_MK0102464,Which job do you think you might do in ${q://QID1/ChoiceGroup/SelectedChoices}?,Q88,Making the model with real tools. It felt like proper work.
R_MK0106136,Which job do you think you might do in ${q://QID1/ChoiceGroup/SelectedChoices}?,Q88,Finding out design is part of engineering too.
R_MK0109259,Which job do you think you might do in ${q://QID1/ChoiceGroup/SelectedChoices}?,Q88,"Getting to build something that actually worked, not just learn about it."
R_MK0112332,Which job do you think you might do in ${q://QID1/ChoiceGroup/SelectedChoices}?,Q88,The coding part. I do a bit at home but this was harder.
R_MK0114340,Which job do you think you might do in ${q://QID1/ChoiceGroup/SelectedChoices}?,Q88,The teachers actually listened to our ideas.
R_MK0115101,Which job do you think you might do in ${q://QID1/ChoiceGroup/SelectedChoices}?,Q88,Testing the water in the creek near us and finding what was in it.
R_MK0117597,Which job do you think you might do in ${q://QID1/ChoiceGroup/SelectedChoices}?,Q88,I liked that we could test our own ideas even when they didn't work.
R_MK0118236,Which job do you think you might do in ${q://QID1/ChoiceGroup/SelectedChoices}?,Q88,"Finding out health jobs are STEM jobs, I thought STEM was just computers."
R_MK0133624,Which job do you think you might do in ${q://QID1/ChoiceGroup/SelectedChoices}?,Q88,"Going to the university campus, I'd never been to one."
R_MK0136736,Which job do you think you might do in ${q://QID1/ChoiceGroup/SelectedChoices}?,Q88,The coding part. I do a bit at home but this was harder.
R_MK0137222,Which job do you think you might do in ${q://QID1/ChoiceGroup/SelectedChoices}?,Q88,The coding part. I do a bit at home but this was harder.
R_MK0143612,Which job do you think you might do in ${q://QID1/ChoiceGroup/SelectedChoices}?,Q88,Talking to the women in STEM about their actual day to day jobs.
R_MK0145650,Which job do you think you might do in ${q://QID1/ChoiceGroup/SelectedChoices}?,Q88,Talking to the women in STEM about their actual day to day jobs.
R_MK0148593,Which job do you think you might do in ${q://QID1/ChoiceGroup/SelectedChoices}?,Q88,Making the model with real tools. It felt like proper work.
R_MK0150326,Which job do you think you might do in ${q://QID1/ChoiceGroup/SelectedChoices}?,Q88,The teachers actually listened to our ideas.
R_MK0151723,Which job do you think you might do in ${q://QID1/ChoiceGroup/SelectedChoices}?,Q88,"Learning the science behind farming, which is what my family does."
R_MK0152162,Which job do you think you might do in ${q://QID1/ChoiceGroup/SelectedChoices}?,Q88,"It wasn't like normal school, we chose what our project was about."
R_MK0156575,Which job do you think you might do in ${q://QID1/ChoiceGroup/SelectedChoices}?,Q88,The excursion where we surveyed the wetlands.
R_MK0158689,Which job do you think you might do in ${q://QID1/ChoiceGroup/SelectedChoices}?,Q88,The video call with the scientist who works with livestock.
R_MK0162960,Which job do you think you might do in ${q://QID1/ChoiceGroup/SelectedChoices}?,Q88,Being in a small group where I wasn't scared to say the wrong thing.
R_MK0169179,Which job do you think you might do in ${q://QID1/ChoiceGroup/SelectedChoices}?,Q88,Learning science can fix real problems in our own town.
R_MK0170452,Which job do you think you might do in ${q://QID1/ChoiceGroup/SelectedChoices}?,Q88,Learning science can fix real problems in our own town.
R_MK0172581,Which job do you think you might do in ${q://QID1/ChoiceGroup/SelectedChoices}?,Q88,We made something for our town that people could actually use.
R_MK0173433,Which job do you think you might do in ${q://QID1/ChoiceGroup/SelectedChoices}?,Q88,Testing the water in the creek near us and finding what was in it.
R_MK0175827,Which job do you think you might do in ${q://QID1/ChoiceGroup/SelectedChoices}?,Q88,"Learning the science behind farming, which is what my family does."
R_MK0001420,How do they help you choose?,Q92,"Programming the robot to move on its own, I'd never done that."
R_MK0002929,How do they help you choose?,Q92,The coding part. I do a bit at home but this was harder.
R_MK0003799,How do they help you choose?,Q92,Making the poster and the model together.
R_MK0004366,How do they help you choose?,Q92,"Presenting our project, I liked explaining it to the parents."
R_MK0005158,How do they help you choose?,Q92,"Programming the robot to move on its own, I'd never done that."
R_MK0007455,How do they help you choose?,Q92,I liked that we could test our own ideas even when they didn't work.
R_MK0008438,How do they help you choose?,Q92,I liked that we could test our own ideas even when they didn't work.
R_MK0009873,How do they help you choose?,Q92,I liked that we could test our own ideas even when they didn't work.
R_MK0010513,How do they help you choose?,Q92,"Making a game, I didn't know you could learn that at school."
R_MK0011479,How do they help you choose?,Q92,"It wasn't like normal school, we chose what our project was about."
R_MK0013558,How do they help you choose?,Q92,The excursion where we surveyed the wetlands.
R_MK0014844,How do they help you choose?,Q92,"Meeting the mentor who works in tech, I asked her heaps of questions."
R_MK0016269,How do they help you choose?,Q92,Being in a small group where I wasn't scared to say the wrong thing.
R_MK0017999,How do they help you choose?,Q92,Making the poster and the model together.
R_MK0019930,How do they help you choose?,Q92,"Finding out health jobs are STEM jobs, I thought STEM was just computers."
R_MK0020810,How do they help you choose?,Q92,"Learning the science behind farming, which is what my family does."
R_MK0021392,How do they help you choose?,Q92,The teachers actually listened to our ideas.
R_MK0022179,How do they help you choose?,Q92,I liked that we could test our own ideas even when they didn't work.
R_MK0023428,How do they help you choose?,Q92,The mentor said she was first in her family to go to uni too.
R_MK0024716,How do they help you choose?,Q92,"Getting to build something that actually worked, not just learn about it."
R_MK0025998,How do they help you choose?,Q92,Doing the experiments myself instead of watching the teacher do it.
R_MK0026424,How do they help you choose?,Q92,"Learning the science behind farming, which is what my family does."
R_MK0027532,How do they help you choose?,Q92,Learning science can fix real problems in our own town.
R_MK0028706,How do they help you choose?,Q92,The mentor said she was first in her family to go to uni too.
R_MK0029613,How do they help you choose?,Q92,I liked that we could test our own ideas even when they didn't work.
R_MK0030869,How do they help you choose?,Q92,Organising my group and working out who did what.
R_MK0031367,How do they help you choose?,Q92,"Presenting our project, I liked explaining it to the parents."
R_MK0032671,How do they help you choose?,Q92,Making the poster and the model together.
R_MK0034746,How do they help you choose?,Q92,Being in a small group where I wasn't scared to say the wrong thing.
R_MK0035898,How do they help you choose?,Q92,"Getting to build something that actually worked, not just learn about it."
R_MK0036376,How do they help you choose?,Q92,"Getting to build something that actually worked, not just learn about it."
R_MK0037653,How do they help you choose?,Q92,We made something for our town that people could actually use.
R_MK0038667,How do they help you choose?,Q92,"Making a game, I didn't know you could learn that at school."
R_MK0039680,How do they help you choose?,Q92,I liked that we could test our own ideas even when they didn't work.
R_MK0040482,How do they help you choose?,Q92,The mentor said she was first in her family to go to uni too.
R_MK0041355,How do they help you choose?,Q92,"Programming the robot to move on its own, I'd never done that."
R_MK0042313,How do they help you choose?,Q92,"It wasn't like normal school, we chose what our project was about."
R_MK0043999,How do they help you choose?,Q92,"Programming the robot to move on its own, I'd never done that."
R_MK0044408,How do they help you choose?,Q92,We made something for our town that people could actually use.
R_MK0045275,How do they help you choose?,Q92,Being in a small group where I wasn't scared to say the wrong thing.
R_MK0046739,How do they help you choose?,Q92,"Getting to build something that actually worked, not just learn about it."
R_MK0047565,How do they help you choose?,Q92,The research part where we had to find real evidence.
R_MK0048618,How do they help you choose?,Q92,The video call with the scientist who works with livestock.
R_MK0049670,How do they help you choose?,Q92,Doing the experiments myself instead of watching the teacher do it.
R_MK0050485,How do they help you choose?,Q92,"Going to the university campus, I'd never been to one."
R_MK0051316,How do they help you choose?,Q92,"Programming the robot to move on its own, I'd never done that."
R_MK0052507,How do they help you choose?,Q92,We made something for our town that people could actually use.
R_MK0053554,How do they help you choose?,Q92,We made something for our town that people could actually use.
R_MK0055575,How do they help you choose?,Q92,"Using the 3D printer, I didn't know our school had one."
R_MK0056243,How do they help you choose?,Q92,Making the poster and the model together.
R_MK0057652,How do they help you choose?,Q92,Making the model with real tools. It felt like proper work.
R_MK0058187,How do they help you choose?,Q92,"Finding out health jobs are STEM jobs, I thought STEM was just computers."
R_MK0059808,How do they help you choose?,Q92,"Finding out health jobs are STEM jobs, I thought STEM was just computers."
R_MK0060337,How do they help you choose?,Q92,The coding part. I do a bit at home but this was harder.
R_MK0061389,How do they help you choose?,Q92,The video call with the scientist who works with livestock.
R_MK0062732,How do they help you choose?,Q92,"Going to the university campus, I'd never been to one."
R_MK0063210,How do they help you choose?,Q92,"It wasn't like normal school, we chose what our project was about."
R_MK0064312,How do they help you choose?,Q92,I liked that we could test our own ideas even when they didn't work.
R_MK0065971,How do they help you choose?,Q92,"Designing how our project looked, not just how it worked."
R_MK0067782,How do they help you choose?,Q92,"Learning the science behind farming, which is what my family does."
R_MK0068468,How do they help you choose?,Q92,Organising my group and working out who did what.
R_MK0069966,How do they help you choose?,Q92,We made something for our town that people could actually use.
R_MK0070349,How do they help you choose?,Q92,We made something for our town that people could actually use.
R_MK0071164,How do they help you choose?,Q92,Making the model with real tools. It felt like proper work.
R_MK0072647,How do they help you choose?,Q92,Doing the experiments myself instead of watching the teacher do it.
R_MK0073957,How do they help you choose?,Q92,"Presenting our project, I liked explaining it to the parents."
R_MK0074166,How do they help you choose?,Q92,Testing the water in the creek near us and finding what was in it.
R_MK0075610,How do they help you choose?,Q92,The coding part. I do a bit at home but this was harder.
R_MK0076859,How do they help you choose?,Q92,"Meeting the mentor who works in tech, I asked her heaps of questions."
R_MK0077148,How do they help you choose?,Q92,Organising my group and working out who did what.
R_MK0078823,How do they help you choose?,Q92,"Using the 3D printer, I didn't know our school had one."
R_MK0079985,How do they help you choose?,Q92,"Finding out health jobs are STEM jobs, I thought STEM was just computers."
R_MK0080759,How do they help you choose?,Q92,The research part where we had to find real evidence.
R_MK0081775,How do they help you choose?,Q92,Being in a small group where I wasn't scared to say the wrong thing.
R_MK0082895,How do they help you choose?,Q92,The excursion where we surveyed the wetlands.
R_MK0083877,How do they help you choose?,Q92,"Going to the university campus, I'd never been to one."
R_MK0085820,How do they help you choose?,Q92,Talking to the women in STEM about their actual day to day jobs.
R_MK0086561,How do they help you choose?,Q92,Finding out design is part of engineering too.
R_MK0087342,How do they help you choose?,Q92,The mentor said she was first in her family to go to uni too.
R_MK0088710,How do they help you choose?,Q92,We made something for our town that people could actually use.
R_MK0089583,How do they help you choose?,Q92,"Learning the science behind farming, which is what my family does."
R_MK0091716,How do they help you choose?,Q92,Getting to do it here instead of travelling to the city.
R_MK0092349,How do they help you choose?,Q92,Making the model with real tools. It felt like proper work.
R_MK0093864,How do they help you choose?,Q92,"Getting to build something that actually worked, not just learn about it."
R_MK0094190,How do they help you choose?,Q92,Finding out design is part of engineering too.
R_MK0095545,How do they help you choose?,Q92,"Presenting our project, I liked explaining it to the parents."
R_MK0096137,How do they help you choose?,Q92,The video call with the scientist who works with livestock.
R_MK0097211,How do they help you choose?,Q92,"Finding out health jobs are STEM jobs, I thought STEM was just computers."
R_MK0098826,How do they help you choose?,Q92,Organising my group and working out who did what.
R_MK0099981,How do they help you choose?,Q92,Getting to do it here instead of travelling to the city.
R_MK0100924,How do they help you choose?,Q92,Making the model with real tools. It felt like proper work.
R_MK0101840,How do they help you choose?,Q92,"Making a game, I didn't know you could learn that at school."
R_MK0102464,How do they help you choose?,Q92,"Using the 3D printer, I didn't know our school had one."
R_MK0103297,How do they help you choose?,Q92,The research part where we had to find real evidence.
R_MK0104887,How do they help you choose?,Q92,The excursion where we surveyed the wetlands.
R_MK0105543,How do they help you choose?,Q92,Organising my group and working out who did what.
R_MK0106136,How do they help you choose?,Q92,Making the poster and the model together.
R_MK0107629,How do they help you choose?,Q92,"Using the 3D printer, I didn't know our school had one."
R_MK0108204,How do they help you choose?,Q92,Learning science can fix real problems in our own town.
R_MK0109259,How do they help you choose?,Q92,"Meeting the mentor who works in tech, I asked her heaps of questions."
R_MK0110205,How do they help you choose?,Q92,"Finding out health jobs are STEM jobs, I thought STEM was just computers."
R_MK0111911,How do they help you choose?,Q92,The mentor said she was first in her family to go to uni too.
R_MK0112332,How do they help you choose?,Q92,"Getting to build something that actually worked, not just learn about it."
R_MK0113534,How do they help you choose?,Q92,The teachers actually listened to our ideas.
R_MK0114340,How do they help you choose?,Q92,"Making a game, I didn't know you could learn that at school."
R_MK0115101,How do they help you choose?,Q92,Testing the water in the creek near us and finding what was in it.
R_MK0116896,How do they help you choose?,Q92,"Designing how our project looked, not just how it worked."
R_MK0118236,How do they help you choose?,Q92,"Presenting our project, I liked explaining it to the parents."
R_MK0119937,How do they help you choose?,Q92,Testing the water in the creek near us and finding what was in it.
R_MK0120777,How do they help you choose?,Q92,The video call with the scientist who works with livestock.
R_MK0122299,How do they help you choose?,Q92,Making the poster and the model together.
R_MK0123377,How do they help you choose?,Q92,Talking to the women in STEM about their actual day to day jobs.
R_MK0124835,How do they help you choose?,Q92,"Going to the university campus, I'd never been to one."
R_MK0125986,How do they help you choose?,Q92,Making the poster and the model together.
R_MK0126334,How do they help you choose?,Q92,Going deeper than we do in normal class.
R_MK0127356,How do they help you choose?,Q92,Organising my group and working out who did what.
R_MK0129148,How do they help you choose?,Q92,"Meeting the mentor who works in tech, I asked her heaps of questions."
R_MK0130102,How do they help you choose?,Q92,Learning science can fix real problems in our own town.
R_MK0131540,How do they help you choose?,Q92,"Making a game, I didn't know you could learn that at school."
R_MK0132168,How do they help you choose?,Q92,"Presenting our project, I liked explaining it to the parents."
R_MK0133624,How do they help you choose?,Q92,"Going to the university campus, I'd never been to one."
R_MK0134295,How do they help you choose?,Q92,"Learning the science behind farming, which is what my family does."
R_MK0137222,How do they help you choose?,Q92,"Getting to build something that actually worked, not just learn about it."
R_MK0138361,How do they help you choose?,Q92,The coding part. I do a bit at home but this was harder.
R_MK0139904,How do they help you choose?,Q92,The mentor said she was first in her family to go to uni too.
R_MK0141468,How do they help you choose?,Q92,"Programming the robot to move on its own, I'd never done that."
R_MK0142343,How do they help you choose?,Q92,I liked that we could test our own ideas even when they didn't work.
R_MK0143612,How do they help you choose?,Q92,Talking to the women in STEM about their actual day to day jobs.
R_MK0144860,How do they help you choose?,Q92,Organising my group and working out who did what.
R_MK0145650,How do they help you choose?,Q92,The research part where we had to find real evidence.
R_MK0146961,How do they help you choose?,Q92,Making the poster and the model together.
R_MK0147145,How do they help you choose?,Q92,We made something for our town that people could actually use.
R_MK0148593,How do they help you choose?,Q92,"Using the 3D printer, I didn't know our school had one."
R_MK0149622,How do they help you choose?,Q92,Organising my group and working out who did what.
R_MK0150326,How do they help you choose?,Q92,"It wasn't like normal school, we chose what our project was about."
R_MK0151723,How do they help you choose?,Q92,"Learning the science behind farming, which is what my family does."
R_MK0152162,How do they help you choose?,Q92,"It wasn't like normal school, we chose what our project was about."
R_MK0153706,How do they help you choose?,Q92,"Designing how our project looked, not just how it worked."
R_MK0154144,How do they help you choose?,Q92,Making the poster and the model together.
R_MK0155495,How do they help you choose?,Q92,Doing the experiments myself instead of watching the teacher do it.
R_MK0156575,How do they help you choose?,Q92,Learning science can fix real problems in our own town.
R_MK0157486,How do they help you choose?,Q92,The excursion where we surveyed the wetlands.
R_MK0159431,How do they help you choose?,Q92,"Presenting our project, I liked explaining it to the parents."
R_MK0161479,How do they help you choose?,Q92,Getting to do it here instead of travelling to the city.
R_MK0162960,How do they help you choose?,Q92,Doing the experiments myself instead of watching the teacher do it.
R_MK0163738,How do they help you choose?,Q92,Getting to do it here instead of travelling to the city.
R_MK0164642,How do they help you choose?,Q92,"Finding out health jobs are STEM jobs, I thought STEM was just computers."
R_MK0165992,How do they help you choose?,Q92,"It wasn't like normal school, we chose what our project was about."
R_MK0166521,How do they help you choose?,Q92,"Presenting our project, I liked explaining it to the parents."
R_MK0167936,How do they help you choose?,Q92,The teachers actually listened to our ideas.
R_MK0169179,How do they help you choose?,Q92,The excursion where we surveyed the wetlands.
R_MK0170452,How do they help you choose?,Q92,Testing the water in the creek near us and finding what was in it.
R_MK0171638,How do they help you choose?,Q92,"Going to the university campus, I'd never been to one."
R_MK0173433,How do they help you choose?,Q92,Testing the water in the creek near us and finding what was in it.
R_MK0174555,How do they help you choose?,Q92,I liked that we could test our own ideas even when they didn't work.
R_MK0175827,How do they help you choose?,Q92,Getting to do it here instead of travelling to the city.
R_MK0176592,How do they help you choose?,Q92,"Programming the robot to move on its own, I'd never done that."
R_MK0178683,How do they help you choose?,Q92,Getting to do it here instead of travelling to the city.
R_MK0179259,How do they help you choose?,Q92,"Going to the university campus, I'd never been to one."
R_MK0000490,What jobs do you think you would enjoy doing in the future?,Q93,An agricultural scientist
R_MK0001420,What jobs do you think you would enjoy doing in the future?,Q93,Maybe an engineer
R_MK0002929,What jobs do you think you would enjoy doing in the future?,Q93,A software engineer
R_MK0003799,What jobs do you think you would enjoy doing in the future?,Q93,Design and technology together
R_MK0004366,What jobs do you think you would enjoy doing in the future?,Q93,"Something in health, I didn't know that was STEM"
R_MK0005158,What jobs do you think you would enjoy doing in the future?,Q93,Maybe an engineer
R_MK0006588,What jobs do you think you would enjoy doing in the future?,Q93,A vet maybe
R_MK0007455,What jobs do you think you would enjoy doing in the future?,Q93,A scientist
R_MK0008438,What jobs do you think you would enjoy doing in the future?,Q93,A vet maybe
R_MK0009873,What jobs do you think you would enjoy doing in the future?,Q93,A scientist
R_MK0010513,What jobs do you think you would enjoy doing in the future?,Q93,Maybe game design
R_MK0011479,What jobs do you think you would enjoy doing in the future?,Q93,Maybe game design
R_MK0012823,What jobs do you think you would enjoy doing in the future?,Q93,Something where I build things
R_MK0013558,What jobs do you think you would enjoy doing in the future?,Q93,A marine scientist
R_MK0014844,What jobs do you think you would enjoy doing in the future?,Q93,A computer scientist
R_MK0015743,What jobs do you think you would enjoy doing in the future?,Q93,A computer scientist
R_MK0016269,What jobs do you think you would enjoy doing in the future?,Q93,A vet maybe
R_MK0017999,What jobs do you think you would enjoy doing in the future?,Q93,Design and technology together
R_MK0018956,What jobs do you think you would enjoy doing in the future?,Q93,Design and technology together
R_MK0020810,What jobs do you think you would enjoy doing in the future?,Q93,A vet
R_MK0021392,What jobs do you think you would enjoy doing in the future?,Q93,Something with computers
R_MK0023428,What jobs do you think you would enjoy doing in the future?,Q93,"I want to go to uni now, maybe engineering"
R_MK0024716,What jobs do you think you would enjoy doing in the future?,Q93,A computer scientist
R_MK0025998,What jobs do you think you would enjoy doing in the future?,Q93,A scientist
R_MK0026424,What jobs do you think you would enjoy doing in the future?,Q93,A vet
R_MK0028706,What jobs do you think you would enjoy doing in the future?,Q93,"I want to go to uni now, maybe engineering"
R_MK0029613,What jobs do you think you would enjoy doing in the future?,Q93,Maybe a teacher
R_MK0030869,What jobs do you think you would enjoy doing in the future?,Q93,"Something in health, I didn't know that was STEM"
R_MK0031367,What jobs do you think you would enjoy doing in the future?,Q93,A nurse or maybe a doctor
R_MK0032671,What jobs do you think you would enjoy doing in the future?,Q93,"A designer, maybe for apps"
R_MK0033904,What jobs do you think you would enjoy doing in the future?,Q93,A doctor
R_MK0034746,What jobs do you think you would enjoy doing in the future?,Q93,Not sure yet
R_MK0035898,What jobs do you think you would enjoy doing in the future?,Q93,A computer scientist
R_MK0036376,What jobs do you think you would enjoy doing in the future?,Q93,A software engineer
R_MK0037653,What jobs do you think you would enjoy doing in the future?,Q93,A carpenter or an engineer
R_MK0039680,What jobs do you think you would enjoy doing in the future?,Q93,Not sure yet
R_MK0040482,What jobs do you think you would enjoy doing in the future?,Q93,"I want to go to uni now, maybe engineering"
R_MK0041355,What jobs do you think you would enjoy doing in the future?,Q93,Something with robots
R_MK0042313,What jobs do you think you would enjoy doing in the future?,Q93,Something with computers
R_MK0043999,What jobs do you think you would enjoy doing in the future?,Q93,"I want to go to uni now, maybe engineering"
R_MK0044408,What jobs do you think you would enjoy doing in the future?,Q93,Maybe an engineer
R_MK0045275,What jobs do you think you would enjoy doing in the future?,Q93,Maybe a teacher
R_MK0046739,What jobs do you think you would enjoy doing in the future?,Q93,A software engineer
R_MK0047565,What jobs do you think you would enjoy doing in the future?,Q93,A biomedical scientist
R_MK0048618,What jobs do you think you would enjoy doing in the future?,Q93,Something with animals and science
R_MK0049670,What jobs do you think you would enjoy doing in the future?,Q93,A vet maybe
R_MK0051316,What jobs do you think you would enjoy doing in the future?,Q93,Something with robots
R_MK0052507,What jobs do you think you would enjoy doing in the future?,Q93,Something where I build things
R_MK0053554,What jobs do you think you would enjoy doing in the future?,Q93,Maybe an engineer
R_MK0054491,What jobs do you think you would enjoy doing in the future?,Q93,A vet maybe
R_MK0055575,What jobs do you think you would enjoy doing in the future?,Q93,Something where I build things
R_MK0056243,What jobs do you think you would enjoy doing in the future?,Q93,"A designer, maybe for apps"
R_MK0057652,What jobs do you think you would enjoy doing in the future?,Q93,A carpenter or an engineer
R_MK0058187,What jobs do you think you would enjoy doing in the future?,Q93,"Something in health, I didn't know that was STEM"
R_MK0059808,What jobs do you think you would enjoy doing in the future?,Q93,A nurse or maybe a doctor
R_MK0061389,What jobs do you think you would enjoy doing in the future?,Q93,Something with animals and science
R_MK0062732,What jobs do you think you would enjoy doing in the future?,Q93,Something with robots
R_MK0063210,What jobs do you think you would enjoy doing in the future?,Q93,Maybe game design
R_MK0064312,What jobs do you think you would enjoy doing in the future?,Q93,A vet maybe
R_MK0065971,What jobs do you think you would enjoy doing in the future?,Q93,An architect
R_MK0066794,What jobs do you think you would enjoy doing in the future?,Q93,Something with robots
R_MK0067782,What jobs do you think you would enjoy doing in the future?,Q93,An agricultural scientist
R_MK0068468,What jobs do you think you would enjoy doing in the future?,Q93,A nurse or maybe a doctor
R_MK0069966,What jobs do you think you would enjoy doing in the future?,Q93,Maybe an engineer
R_MK0070349,What jobs do you think you would enjoy doing in the future?,Q93,A carpenter or an engineer
R_MK0071164,What jobs do you think you would enjoy doing in the future?,Q93,Something where I build things
R_MK0072647,What jobs do you think you would enjoy doing in the future?,Q93,A scientist
R_MK0073957,What jobs do you think you would enjoy doing in the future?,Q93,A nurse or maybe a doctor
R_MK0074166,What jobs do you think you would enjoy doing in the future?,Q93,An environmental scientist
R_MK0075610,What jobs do you think you would enjoy doing in the future?,Q93,A computer scientist
R_MK0076859,What jobs do you think you would enjoy doing in the future?,Q93,A computer scientist
R_MK0077148,What jobs do you think you would enjoy doing in the future?,Q93,A paramedic
R_MK0078823,What jobs do you think you would enjoy doing in the future?,Q93,Something where I build things
R_MK0079985,What jobs do you think you would enjoy doing in the future?,Q93,A paramedic
R_MK0080759,What jobs do you think you would enjoy doing in the future?,Q93,A doctor
R_MK0081775,What jobs do you think you would enjoy doing in the future?,Q93,Not sure yet
R_MK0082895,What jobs do you think you would enjoy doing in the future?,Q93,Something protecting rivers
R_MK0083877,What jobs do you think you would enjoy doing in the future?,Q93,Maybe an engineer
R_MK0084645,What jobs do you think you would enjoy doing in the future?,Q93,"I want to go to uni now, maybe engineering"
R_MK0086561,What jobs do you think you would enjoy doing in the future?,Q93,Design and technology together
R_MK0087342,What jobs do you think you would enjoy doing in the future?,Q93,Something with robots
R_MK0088710,What jobs do you think you would enjoy doing in the future?,Q93,Maybe an engineer
R_MK0089583,What jobs do you think you would enjoy doing in the future?,Q93,An agricultural scientist
R_MK0090307,What jobs do you think you would enjoy doing in the future?,Q93,"I want to go to uni now, maybe engineering"
R_MK0091716,What jobs do you think you would enjoy doing in the future?,Q93,A vet
R_MK0092349,What jobs do you think you would enjoy doing in the future?,Q93,Maybe an engineer
R_MK0094190,What jobs do you think you would enjoy doing in the future?,Q93,An architect
R_MK0095545,What jobs do you think you would enjoy doing in the future?,Q93,"Something in health, I didn't know that was STEM"
R_MK0096137,What jobs do you think you would enjoy doing in the future?,Q93,Something with animals and science
R_MK0097211,What jobs do you think you would enjoy doing in the future?,Q93,A paramedic
R_MK0098826,What jobs do you think you would enjoy doing in the future?,Q93,A paramedic
R_MK0099981,What jobs do you think you would enjoy doing in the future?,Q93,Something with animals and science
R_MK0100924,What jobs do you think you would enjoy doing in the future?,Q93,Something where I build things
R_MK0101840,What jobs do you think you would enjoy doing in the future?,Q93,I didn't think about it before but maybe IT
R_MK0102464,What jobs do you think you would enjoy doing in the future?,Q93,Something where I build things
R_MK0103297,What jobs do you think you would enjoy doing in the future?,Q93,Medicine or research
R_MK0105543,What jobs do you think you would enjoy doing in the future?,Q93,A nurse or maybe a doctor
R_MK0106136,What jobs do you think you would enjoy doing in the future?,Q93,Design and technology together
R_MK0107629,What jobs do you think you would enjoy doing in the future?,Q93,Maybe an engineer
R_MK0108204,What jobs do you think you would enjoy doing in the future?,Q93,A marine scientist
R_MK0109259,What jobs do you think you would enjoy doing in the future?,Q93,A game developer
R_MK0110205,What jobs do you think you would enjoy doing in the future?,Q93,A paramedic
R_MK0111911,What jobs do you think you would enjoy doing in the future?,Q93,Something with robots
R_MK0112332,What jobs do you think you would enjoy doing in the future?,Q93,A software engineer
R_MK0113534,What jobs do you think you would enjoy doing in the future?,Q93,Maybe game design
R_MK0114340,What jobs do you think you would enjoy doing in the future?,Q93,Maybe game design
R_MK0115101,What jobs do you think you would enjoy doing in the future?,Q93,Something protecting rivers
R_MK0116896,What jobs do you think you would enjoy doing in the future?,Q93,Design and technology together
R_MK0117597,What jobs do you think you would enjoy doing in the future?,Q93,Maybe a teacher
R_MK0118236,What jobs do you think you would enjoy doing in the future?,Q93,"Something in health, I didn't know that was STEM"
R_MK0119937,What jobs do you think you would enjoy doing in the future?,Q93,An environmental scientist
R_MK0120777,What jobs do you think you would enjoy doing in the future?,Q93,A vet
R_MK0121824,What jobs do you think you would enjoy doing in the future?,Q93,A software engineer
R_MK0122299,What jobs do you think you would enjoy doing in the future?,Q93,Design and technology together
R_MK0123377,What jobs do you think you would enjoy doing in the future?,Q93,Medicine or research
R_MK0126334,What jobs do you think you would enjoy doing in the future?,Q93,A doctor
R_MK0127356,What jobs do you think you would enjoy doing in the future?,Q93,A nurse or maybe a doctor
R_MK0128763,What jobs do you think you would enjoy doing in the future?,Q93,Medicine or research
R_MK0129148,What jobs do you think you would enjoy doing in the future?,Q93,A software engineer
R_MK0130102,What jobs do you think you would enjoy doing in the future?,Q93,Something protecting rivers
R_MK0131540,What jobs do you think you would enjoy doing in the future?,Q93,I didn't think about it before but maybe IT
R_MK0132168,What jobs do you think you would enjoy doing in the future?,Q93,"Something in health, I didn't know that was STEM"
R_MK0133624,What jobs do you think you would enjoy doing in the future?,Q93,"I want to go to uni now, maybe engineering"
R_MK0134295,What jobs do you think you would enjoy doing in the future?,Q93,A vet
R_MK0135330,What jobs do you think you would enjoy doing in the future?,Q93,Something with robots
R_MK0136736,What jobs do you think you would enjoy doing in the future?,Q93,A software engineer
R_MK0137222,What jobs do you think you would enjoy doing in the future?,Q93,A computer scientist
R_MK0138361,What jobs do you think you would enjoy doing in the future?,Q93,A computer scientist
R_MK0139904,What jobs do you think you would enjoy doing in the future?,Q93,Something with robots
R_MK0140966,What jobs do you think you would enjoy doing in the future?,Q93,Maybe an engineer
R_MK0141468,What jobs do you think you would enjoy doing in the future?,Q93,"I want to go to uni now, maybe engineering"
R_MK0142343,What jobs do you think you would enjoy doing in the future?,Q93,Not sure yet
R_MK0143612,What jobs do you think you would enjoy doing in the future?,Q93,Medicine or research
R_MK0144860,What jobs do you think you would enjoy doing in the future?,Q93,A paramedic
R_MK0145650,What jobs do you think you would enjoy doing in the future?,Q93,A biomedical scientist
R_MK0146961,What jobs do you think you would enjoy doing in the future?,Q93,"A designer, maybe for apps"
R_MK0147145,What jobs do you think you would enjoy doing in the future?,Q93,A carpenter or an engineer
R_MK0148593,What jobs do you think you would enjoy doing in the future?,Q93,A carpenter or an engineer
R_MK0149622,What jobs do you think you would enjoy doing in the future?,Q93,"Something in health, I didn't know that was STEM"
R_MK0150326,What jobs do you think you would enjoy doing in the future?,Q93,Maybe game design
R_MK0151723,What jobs do you think you would enjoy doing in the future?,Q93,A vet
R_MK0152162,What jobs do you think you would enjoy doing in the future?,Q93,Something with computers
R_MK0153706,What jobs do you think you would enjoy doing in the future?,Q93,An architect
R_MK0154144,What jobs do you think you would enjoy doing in the future?,Q93,"A designer, maybe for apps"
R_MK0155495,What jobs do you think you would enjoy doing in the future?,Q93,A vet maybe
R_MK0156575,What jobs do you think you would enjoy doing in the future?,Q93,An environmental scientist
R_MK0157486,What jobs do you think you would enjoy doing in the future?,Q93,A marine scientist
R_MK0158689,What jobs do you think you would enjoy doing in the future?,Q93,A vet
R_MK0160688,What jobs do you think you would enjoy doing in the future?,Q93,Something with animals and science
R_MK0163738,What jobs do you think you would enjoy doing in the future?,Q93,Something with animals and science
R_MK0164642,What jobs do you think you would enjoy doing in the future?,Q93,"Something in health, I didn't know that was STEM"
R_MK0165992,What jobs do you think you would enjoy doing in the future?,Q93,Something with computers
R_MK0166521,What jobs do you think you would enjoy doing in the future?,Q93,A nurse or maybe a doctor
R_MK0167936,What jobs do you think you would enjoy doing in the future?,Q93,Maybe game design
R_MK0168112,What jobs do you think you would enjoy doing in the future?,Q93,Medicine or research
R_MK0169179,What jobs do you think you would enjoy doing in the future?,Q93,An environmental scientist
R_MK0170452,What jobs do you think you would enjoy doing in the future?,Q93,A marine scientist
R_MK0172581,What jobs do you think you would enjoy doing in the future?,Q93,A carpenter or an engineer
R_MK0173433,What jobs do you think you would enjoy doing in the future?,Q93,An environmental scientist
R_MK0174555,What jobs do you think you would enjoy doing in the future?,Q93,A vet maybe
R_MK0175827,What jobs do you think you would enjoy doing in the future?,Q93,A vet
R_MK0176592,What jobs do you think you would enjoy doing in the future?,Q93,"I want to go to uni now, maybe engineering"
R_MK0177728,What jobs do you think you would enjoy doing in the future?,Q93,A game developer
R_MK0178683,What jobs do you think you would enjoy doing in the future?,Q93,An agricultural scientist
R_MK0179259,What jobs do you think you would enjoy doing in the future?,Q93,Maybe an engineer
R_MK0006588,What made you change your mind?,Q95,More time to write up what we found.
R_MK0009873,What made you change your mind?,Q95,More time to write up what we found.
R_MK0010513,What made you change your mind?,Q95,Let us pick our own groups.
R_MK0011479,What made you change your mind?,Q95,"Shorter instructions, they were too long."
R_MK0016269,What made you change your mind?,Q95,"Maybe explain the words at the start, I didn't know some of them."
R_MK0020810,What made you change your mind?,Q95,"Better internet, ours dropped out during the online session."
R_MK0021392,What made you change your mind?,Q95,Let us pick our own groups.
R_MK0028706,What made you change your mind?,Q95,More visits to the university.
R_MK0036376,What made you change your mind?,Q95,"Nothing really, but it went too fast."
R_MK0040482,What made you change your mind?,Q95,More visits to the university.
R_MK0048618,What made you change your mind?,Q95,"More equipment, we had to share one set."
R_MK0056243,What made you change your mind?,Q95,Better materials for the making part.
R_MK0059808,What made you change your mind?,Q95,Smaller steps for the graphs.
R_MK0061389,What made you change your mind?,Q95,"More equipment, we had to share one set."
R_MK0064312,What made you change your mind?,Q95,More time to write up what we found.
R_MK0065971,What made you change your mind?,Q95,Better materials for the making part.
R_MK0067782,What made you change your mind?,Q95,"Better internet, ours dropped out during the online session."
R_MK0075610,What made you change your mind?,Q95,"More time on the building, less on the planning."
R_MK0076859,What made you change your mind?,Q95,Make it harder. Some of it we already knew.
R_MK0077148,What made you change your mind?,Q95,Smaller steps for the graphs.
R_MK0081775,What made you change your mind?,Q95,"Longer, and less talking in front of everyone at the end."
R_MK0085820,What made you change your mind?,Q95,"Nothing much, it was well run."
R_MK0087342,What made you change your mind?,Q95,"Nothing, it was good."
R_MK0091716,What made you change your mind?,Q95,"Better internet, ours dropped out during the online session."
R_MK0105543,What made you change your mind?,Q95,Smaller steps for the graphs.
R_MK0106136,What made you change your mind?,Q95,Better materials for the making part.
R_MK0112332,What made you change your mind?,Q95,"Nothing really, but it went too fast."
R_MK0116896,What made you change your mind?,Q95,I would add more art into it.
R_MK0117597,What made you change your mind?,Q95,"Longer, and less talking in front of everyone at the end."
R_MK0120777,What made you change your mind?,Q95,"More equipment, we had to share one set."
R_MK0121824,What made you change your mind?,Q95,Make it harder. Some of it we already knew.
R_MK0123377,What made you change your mind?,Q95,"More time on the analysis, we rushed that bit."
R_MK0124835,What made you change your mind?,Q95,"Nothing, it was good."
R_MK0126334,What made you change your mind?,Q95,"Nothing much, it was well run."
R_MK0130102,What made you change your mind?,Q95,The data tables at the start were confusing.
R_MK0133624,What made you change your mind?,Q95,More visits to the university.
R_MK0134295,What made you change your mind?,Q95,Run it closer to us more often.
R_MK0135330,What made you change your mind?,Q95,"Explain things more at the start, I didn't understand the words."
R_MK0137222,What made you change your mind?,Q95,"More time on the building, less on the planning."
R_MK0139904,What made you change your mind?,Q95,More visits to the university.
R_MK0144860,What made you change your mind?,Q95,Smaller steps for the graphs.
R_MK0146961,What made you change your mind?,Q95,I would add more art into it.
R_MK0148593,What made you change your mind?,Q95,Less sitting down at the start before we got to build.
R_MK0149622,What made you change your mind?,Q95,More help with the maths parts.
R_MK0150326,What made you change your mind?,Q95,"Shorter instructions, they were too long."
R_MK0151723,What made you change your mind?,Q95,"Better internet, ours dropped out during the online session."
R_MK0156575,What made you change your mind?,Q95,Longer so we could finish properly.
R_MK0159431,What made you change your mind?,Q95,I would keep it the same but add more group work.
R_MK0160688,What made you change your mind?,Q95,"Better internet, ours dropped out during the online session."
R_MK0161479,What made you change your mind?,Q95,"More equipment, we had to share one set."
R_MK0163738,What made you change your mind?,Q95,Run it closer to us more often.
R_MK0166521,What made you change your mind?,Q95,More help with the maths parts.
R_MK0167936,What made you change your mind?,Q95,Let us pick our own groups.
R_MK0168112,What made you change your mind?,Q95,Harder content for people who want it.
R_MK0169179,What made you change your mind?,Q95,Longer so we could finish properly.
R_MK0176592,What made you change your mind?,Q95,"Nothing, it was good."
R_MK0006588,Why do you think you will need to move to do the job you want to do?,Q98,Being in a small group where I wasn't scared to say the wrong thing.
R_MK0009873,Why do you think you will need to move to do the job you want to do?,Q98,I liked that we could test our own ideas even when they didn't work.
R_MK0010513,Why do you think you will need to move to do the job you want to do?,Q98,"It wasn't like normal school, we chose what our project was about."
R_MK0011479,Why do you think you will need to move to do the job you want to do?,Q98,"Making a game, I didn't know you could learn that at school."
R_MK0016269,Why do you think you will need to move to do the job you want to do?,Q98,Doing the experiments myself instead of watching the teacher do it.
R_MK0020810,Why do you think you will need to move to do the job you want to do?,Q98,Getting to do it here instead of travelling to the city.
R_MK0021392,Why do you think you will need to move to do the job you want to do?,Q98,"Making a game, I didn't know you could learn that at school."
R_MK0028706,Why do you think you will need to move to do the job you want to do?,Q98,"Going to the university campus, I'd never been to one."
R_MK0036376,Why do you think you will need to move to do the job you want to do?,Q98,"Getting to build something that actually worked, not just learn about it."
R_MK0040482,Why do you think you will need to move to do the job you want to do?,Q98,"Going to the university campus, I'd never been to one."
R_MK0048618,Why do you think you will need to move to do the job you want to do?,Q98,Getting to do it here instead of travelling to the city.
R_MK0056243,Why do you think you will need to move to do the job you want to do?,Q98,Making the poster and the model together.
R_MK0059808,Why do you think you will need to move to do the job you want to do?,Q98,Organising my group and working out who did what.
R_MK0061389,Why do you think you will need to move to do the job you want to do?,Q98,"Learning the science behind farming, which is what my family does."
R_MK0064312,Why do you think you will need to move to do the job you want to do?,Q98,Being in a small group where I wasn't scared to say the wrong thing.
R_MK0065971,Why do you think you will need to move to do the job you want to do?,Q98,Finding out design is part of engineering too.
R_MK0067782,Why do you think you will need to move to do the job you want to do?,Q98,The video call with the scientist who works with livestock.
R_MK0075610,Why do you think you will need to move to do the job you want to do?,Q98,"Getting to build something that actually worked, not just learn about it."
R_MK0076859,Why do you think you will need to move to do the job you want to do?,Q98,The coding part. I do a bit at home but this was harder.
R_MK0077148,Why do you think you will need to move to do the job you want to do?,Q98,"Presenting our project, I liked explaining it to the parents."
R_MK0081775,Why do you think you will need to move to do the job you want to do?,Q98,Doing the experiments myself instead of watching the teacher do it.
R_MK0085820,Why do you think you will need to move to do the job you want to do?,Q98,The research part where we had to find real evidence.
R_MK0087342,Why do you think you will need to move to do the job you want to do?,Q98,The mentor said she was first in her family to go to uni too.
R_MK0091716,Why do you think you will need to move to do the job you want to do?,Q98,The video call with the scientist who works with livestock.
R_MK0105543,Why do you think you will need to move to do the job you want to do?,Q98,Organising my group and working out who did what.
R_MK0106136,Why do you think you will need to move to do the job you want to do?,Q98,"Designing how our project looked, not just how it worked."
R_MK0112332,Why do you think you will need to move to do the job you want to do?,Q98,"Meeting the mentor who works in tech, I asked her heaps of questions."
R_MK0116896,Why do you think you will need to move to do the job you want to do?,Q98,Making the poster and the model together.
R_MK0117597,Why do you think you will need to move to do the job you want to do?,Q98,Being in a small group where I wasn't scared to say the wrong thing.
R_MK0120777,Why do you think you will need to move to do the job you want to do?,Q98,Getting to do it here instead of travelling to the city.
R_MK0121824,Why do you think you will need to move to do the job you want to do?,Q98,"Meeting the mentor who works in tech, I asked her heaps of questions."
R_MK0123377,Why do you think you will need to move to do the job you want to do?,Q98,Going deeper than we do in normal class.
R_MK0124835,Why do you think you will need to move to do the job you want to do?,Q98,The mentor said she was first in her family to go to uni too.
R_MK0126334,Why do you think you will need to move to do the job you want to do?,Q98,Talking to the women in STEM about their actual day to day jobs.
R_MK0130102,Why do you think you will need to move to do the job you want to do?,Q98,The excursion where we surveyed the wetlands.
R_MK0133624,Why do you think you will need to move to do the job you want to do?,Q98,The mentor said she was first in her family to go to uni too.
R_MK0134295,Why do you think you will need to move to do the job you want to do?,Q98,"Learning the science behind farming, which is what my family does."
R_MK0135330,Why do you think you will need to move to do the job you want to do?,Q98,"Going to the university campus, I'd never been to one."
R_MK0137222,Why do you think you will need to move to do the job you want to do?,Q98,"Meeting the mentor who works in tech, I asked her heaps of questions."
R_MK0139904,Why do you think you will need to move to do the job you want to do?,Q98,The mentor said she was first in her family to go to uni too.
R_MK0144860,Why do you think you will need to move to do the job you want to do?,Q98,"Presenting our project, I liked explaining it to the parents."
R_MK0146961,Why do you think you will need to move to do the job you want to do?,Q98,"Designing how our project looked, not just how it worked."
R_MK0148593,Why do you think you will need to move to do the job you want to do?,Q98,We made something for our town that people could actually use.
R_MK0149622,Why do you think you will need to move to do the job you want to do?,Q98,"Presenting our project, I liked explaining it to the parents."
R_MK0150326,Why do you think you will need to move to do the job you want to do?,Q98,"It wasn't like normal school, we chose what our project was about."
R_MK0151723,Why do you think you will need to move to do the job you want to do?,Q98,The video call with the scientist who works with livestock.
R_MK0156575,Why do you think you will need to move to do the job you want to do?,Q98,Learning science can fix real problems in our own town.
R_MK0159431,Why do you think you will need to move to do the job you want to do?,Q98,"Presenting our project, I liked explaining it to the parents."
R_MK0160688,Why do you think you will need to move to do the job you want to do?,Q98,The video call with the scientist who works with livestock.
R_MK0161479,Why do you think you will need to move to do the job you want to do?,Q98,"Learning the science behind farming, which is what my family does."
R_MK0163738,Why do you think you will need to move to do the job you want to do?,Q98,"Learning the science behind farming, which is what my family does."
R_MK0166521,Why do you think you will need to move to do the job you want to do?,Q98,"Finding out health jobs are STEM jobs, I thought STEM was just computers."
R_MK0167936,Why do you think you will need to move to do the job you want to do?,Q98,"Making a game, I didn't know you could learn that at school."
R_MK0168112,Why do you think you will need to move to do the job you want to do?,Q98,The research part where we had to find real evidence.
R_MK0169179,Why do you think you will need to move to do the job you want to do?,Q98,Learning science can fix real problems in our own town.
R_MK0176592,Why do you think you will need to move to do the job you want to do?,Q98,"Going to the university campus, I'd never been to one."
R_MK0003799,Which job do you think you might do in ${q://QID1/ChoiceGroup/SelectedChoices}?,Q99,"Designing how our project looked, not just how it worked."
R_MK0004366,Which job do you think you might do in ${q://QID1/ChoiceGroup/SelectedChoices}?,Q99,Organising my group and working out who did what.
R_MK0008438,Which job do you think you might do in ${q://QID1/ChoiceGroup/SelectedChoices}?,Q99,Doing the experiments myself instead of watching the teacher do it.
R_MK0010513,Which job do you think you might do in ${q://QID1/ChoiceGroup/SelectedChoices}?,Q99,"It wasn't like normal school, we chose what our project was about."
R_MK0019930,Which job do you think you might do in ${q://QID1/ChoiceGroup/SelectedChoices}?,Q99,"Finding out health jobs are STEM jobs, I thought STEM was just computers."
R_MK0020810,Which job do you think you might do in ${q://QID1/ChoiceGroup/SelectedChoices}?,Q99,"Learning the science behind farming, which is what my family does."
R_MK0021392,Which job do you think you might do in ${q://QID1/ChoiceGroup/SelectedChoices}?,Q99,"It wasn't like normal school, we chose what our project was about."
R_MK0024716,Which job do you think you might do in ${q://QID1/ChoiceGroup/SelectedChoices}?,Q99,"Getting to build something that actually worked, not just learn about it."
R_MK0026424,Which job do you think you might do in ${q://QID1/ChoiceGroup/SelectedChoices}?,Q99,"Learning the science behind farming, which is what my family does."
R_MK0030869,Which job do you think you might do in ${q://QID1/ChoiceGroup/SelectedChoices}?,Q99,Organising my group and working out who did what.
R_MK0034746,Which job do you think you might do in ${q://QID1/ChoiceGroup/SelectedChoices}?,Q99,Being in a small group where I wasn't scared to say the wrong thing.
R_MK0035898,Which job do you think you might do in ${q://QID1/ChoiceGroup/SelectedChoices}?,Q99,"Getting to build something that actually worked, not just learn about it."
R_MK0036376,Which job do you think you might do in ${q://QID1/ChoiceGroup/SelectedChoices}?,Q99,"Meeting the mentor who works in tech, I asked her heaps of questions."
R_MK0037653,Which job do you think you might do in ${q://QID1/ChoiceGroup/SelectedChoices}?,Q99,We made something for our town that people could actually use.
R_MK0038667,Which job do you think you might do in ${q://QID1/ChoiceGroup/SelectedChoices}?,Q99,"It wasn't like normal school, we chose what our project was about."
R_MK0041355,Which job do you think you might do in ${q://QID1/ChoiceGroup/SelectedChoices}?,Q99,"Going to the university campus, I'd never been to one."
R_MK0042313,Which job do you think you might do in ${q://QID1/ChoiceGroup/SelectedChoices}?,Q99,"Making a game, I didn't know you could learn that at school."
R_MK0044408,Which job do you think you might do in ${q://QID1/ChoiceGroup/SelectedChoices}?,Q99,"Using the 3D printer, I didn't know our school had one."
R_MK0045275,Which job do you think you might do in ${q://QID1/ChoiceGroup/SelectedChoices}?,Q99,Being in a small group where I wasn't scared to say the wrong thing.
R_MK0049670,Which job do you think you might do in ${q://QID1/ChoiceGroup/SelectedChoices}?,Q99,Doing the experiments myself instead of watching the teacher do it.
R_MK0055575,Which job do you think you might do in ${q://QID1/ChoiceGroup/SelectedChoices}?,Q99,We made something for our town that people could actually use.
R_MK0057652,Which job do you think you might do in ${q://QID1/ChoiceGroup/SelectedChoices}?,Q99,Making the model with real tools. It felt like proper work.
R_MK0064312,Which job do you think you might do in ${q://QID1/ChoiceGroup/SelectedChoices}?,Q99,I liked that we could test our own ideas even when they didn't work.
R_MK0071164,Which job do you think you might do in ${q://QID1/ChoiceGroup/SelectedChoices}?,Q99,Making the model with real tools. It felt like proper work.
R_MK0072647,Which job do you think you might do in ${q://QID1/ChoiceGroup/SelectedChoices}?,Q99,Doing the experiments myself instead of watching the teacher do it.
R_MK0073957,Which job do you think you might do in ${q://QID1/ChoiceGroup/SelectedChoices}?,Q99,Organising my group and working out who did what.
R_MK0074166,Which job do you think you might do in ${q://QID1/ChoiceGroup/SelectedChoices}?,Q99,Testing the water in the creek near us and finding what was in it.
R_MK0092349,Which job do you think you might do in ${q://QID1/ChoiceGroup/SelectedChoices}?,Q99,We made something for our town that people could actually use.
R_MK0101840,Which job do you think you might do in ${q://QID1/ChoiceGroup/SelectedChoices}?,Q99,"Making a game, I didn't know you could learn that at school."
R_MK0102464,Which job do you think you might do in ${q://QID1/ChoiceGroup/SelectedChoices}?,Q99,Making the model with real tools. It felt like proper work.
R_MK0106136,Which job do you think you might do in ${q://QID1/ChoiceGroup/SelectedChoices}?,Q99,Making the poster and the model together.
R_MK0109259,Which job do you think you might do in ${q://QID1/ChoiceGroup/SelectedChoices}?,Q99,"Meeting the mentor who works in tech, I asked her heaps of questions."
R_MK0112332,Which job do you think you might do in ${q://QID1/ChoiceGroup/SelectedChoices}?,Q99,"Getting to build something that actually worked, not just learn about it."
R_MK0114340,Which job do you think you might do in ${q://QID1/ChoiceGroup/SelectedChoices}?,Q99,"It wasn't like normal school, we chose what our project was about."
R_MK0115101,Which job do you think you might do in ${q://QID1/ChoiceGroup/SelectedChoices}?,Q99,Testing the water in the creek near us and finding what was in it.
R_MK0117597,Which job do you think you might do in ${q://QID1/ChoiceGroup/SelectedChoices}?,Q99,Being in a small group where I wasn't scared to say the wrong thing.
R_MK0118236,Which job do you think you might do in ${q://QID1/ChoiceGroup/SelectedChoices}?,Q99,Organising my group and working out who did what.
R_MK0133624,Which job do you think you might do in ${q://QID1/ChoiceGroup/SelectedChoices}?,Q99,"Programming the robot to move on its own, I'd never done that."
R_MK0136736,Which job do you think you might do in ${q://QID1/ChoiceGroup/SelectedChoices}?,Q99,The coding part. I do a bit at home but this was harder.
R_MK0137222,Which job do you think you might do in ${q://QID1/ChoiceGroup/SelectedChoices}?,Q99,The coding part. I do a bit at home but this was harder.
R_MK0143612,Which job do you think you might do in ${q://QID1/ChoiceGroup/SelectedChoices}?,Q99,Talking to the women in STEM about their actual day to day jobs.
R_MK0145650,Which job do you think you might do in ${q://QID1/ChoiceGroup/SelectedChoices}?,Q99,The research part where we had to find real evidence.
R_MK0148593,Which job do you think you might do in ${q://QID1/ChoiceGroup/SelectedChoices}?,Q99,We made something for our town that people could actually use.
R_MK0150326,Which job do you think you might do in ${q://QID1/ChoiceGroup/SelectedChoices}?,Q99,"Making a game, I didn't know you could learn that at school."
R_MK0151723,Which job do you think you might do in ${q://QID1/ChoiceGroup/SelectedChoices}?,Q99,"Learning the science behind farming, which is what my family does."
R_MK0152162,Which job do you think you might do in ${q://QID1/ChoiceGroup/SelectedChoices}?,Q99,"Making a game, I didn't know you could learn that at school."
R_MK0156575,Which job do you think you might do in ${q://QID1/ChoiceGroup/SelectedChoices}?,Q99,Testing the water in the creek near us and finding what was in it.
R_MK0158689,Which job do you think you might do in ${q://QID1/ChoiceGroup/SelectedChoices}?,Q99,Getting to do it here instead of travelling to the city.
R_MK0162960,Which job do you think you might do in ${q://QID1/ChoiceGroup/SelectedChoices}?,Q99,I liked that we could test our own ideas even when they didn't work.
R_MK0169179,Which job do you think you might do in ${q://QID1/ChoiceGroup/SelectedChoices}?,Q99,Testing the water in the creek near us and finding what was in it.
R_MK0170452,Which job do you think you might do in ${q://QID1/ChoiceGroup/SelectedChoices}?,Q99,Learning science can fix real problems in our own town.
R_MK0172581,Which job do you think you might do in ${q://QID1/ChoiceGroup/SelectedChoices}?,Q99,We made something for our town that people could actually use.
R_MK0173433,Which job do you think you might do in ${q://QID1/ChoiceGroup/SelectedChoices}?,Q99,Testing the water in the creek near us and finding what was in it.
R_MK0175827,Which job do you think you might do in ${q://QID1/ChoiceGroup/SelectedChoices}?,Q99,The video call with the scientist who works with livestock.
