ResponseId,question_group,question,item,multi_select,source_column
R_MK0000627,Subject selection,Subjects interested in studying in Year 11 or 12,Mathematics,True,Q20
R_MK0000627,Subject selection,Subjects interested in studying in Year 11 or 12,Vocational or applied learning subjects,True,Q20
R_MK0001988,Subject selection,Subjects interested in studying in Year 11 or 12,Science,True,Q20
R_MK0001988,Subject selection,Subjects interested in studying in Year 11 or 12,Digital and design technologies,True,Q20
R_MK0004719,Subject selection,Subjects interested in studying in Year 11 or 12,Mathematics,True,Q20
R_MK0004719,Subject selection,Subjects interested in studying in Year 11 or 12,Science,True,Q20
R_MK0006905,Subject selection,Subjects interested in studying in Year 11 or 12,Mathematics,True,Q20
R_MK0006905,Subject selection,Subjects interested in studying in Year 11 or 12,Digital and design technologies,True,Q20
R_MK0006905,Subject selection,Subjects interested in studying in Year 11 or 12,Arts,True,Q20
R_MK0006905,Subject selection,Subjects interested in studying in Year 11 or 12,humanities or social sciences,True,Q20
R_MK0006905,Subject selection,Subjects interested in studying in Year 11 or 12,Business or commerce,True,Q20
R_MK0007888,Subject selection,Subjects interested in studying in Year 11 or 12,Vocational or applied learning subjects,True,Q20
R_MK0007888,Subject selection,Subjects interested in studying in Year 11 or 12,I am not sure yet,True,Q20
R_MK0008384,Subject selection,Subjects interested in studying in Year 11 or 12,Business or commerce,True,Q20
R_MK0009361,Subject selection,Subjects interested in studying in Year 11 or 12,Mathematics,True,Q20
R_MK0009361,Subject selection,Subjects interested in studying in Year 11 or 12,Digital and design technologies,True,Q20
R_MK0009361,Subject selection,Subjects interested in studying in Year 11 or 12,Business or commerce,True,Q20
R_MK0010793,Subject selection,Subjects interested in studying in Year 11 or 12,Digital and design technologies,True,Q20
R_MK0010793,Subject selection,Subjects interested in studying in Year 11 or 12,Arts,True,Q20
R_MK0010793,Subject selection,Subjects interested in studying in Year 11 or 12,humanities or social sciences,True,Q20
R_MK0010793,Subject selection,Subjects interested in studying in Year 11 or 12,I am not sure yet,True,Q20
R_MK0011527,Subject selection,Subjects interested in studying in Year 11 or 12,Mathematics,True,Q20
R_MK0011527,Subject selection,Subjects interested in studying in Year 11 or 12,Science,True,Q20
R_MK0011527,Subject selection,Subjects interested in studying in Year 11 or 12,Digital and design technologies,True,Q20
R_MK0011527,Subject selection,Subjects interested in studying in Year 11 or 12,Vocational or applied learning subjects,True,Q20
R_MK0011527,Subject selection,Subjects interested in studying in Year 11 or 12,I am not sure yet,True,Q20
R_MK0012224,Subject selection,Subjects interested in studying in Year 11 or 12,I am not sure yet,True,Q20
R_MK0013321,Subject selection,Subjects interested in studying in Year 11 or 12,Vocational or applied learning subjects,True,Q20
R_MK0014269,Subject selection,Subjects interested in studying in Year 11 or 12,Health or environmental studies,True,Q20
R_MK0014269,Subject selection,Subjects interested in studying in Year 11 or 12,Business or commerce,True,Q20
R_MK0014269,Subject selection,Subjects interested in studying in Year 11 or 12,Vocational or applied learning subjects,True,Q20
R_MK0014269,Subject selection,Subjects interested in studying in Year 11 or 12,I am not sure yet,True,Q20
R_MK0017754,Subject selection,Subjects interested in studying in Year 11 or 12,Mathematics,True,Q20
R_MK0017754,Subject selection,Subjects interested in studying in Year 11 or 12,Digital and design technologies,True,Q20
R_MK0017754,Subject selection,Subjects interested in studying in Year 11 or 12,Arts,True,Q20
R_MK0017754,Subject selection,Subjects interested in studying in Year 11 or 12,humanities or social sciences,True,Q20
R_MK0017754,Subject selection,Subjects interested in studying in Year 11 or 12,Business or commerce,True,Q20
R_MK0018536,Subject selection,Subjects interested in studying in Year 11 or 12,Mathematics,True,Q20
R_MK0019133,Subject selection,Subjects interested in studying in Year 11 or 12,Health or environmental studies,True,Q20
R_MK0019133,Subject selection,Subjects interested in studying in Year 11 or 12,Arts,True,Q20
R_MK0019133,Subject selection,Subjects interested in studying in Year 11 or 12,humanities or social sciences,True,Q20
R_MK0020431,Subject selection,Subjects interested in studying in Year 11 or 12,Mathematics,True,Q20
R_MK0020431,Subject selection,Subjects interested in studying in Year 11 or 12,Science,True,Q20
R_MK0020431,Subject selection,Subjects interested in studying in Year 11 or 12,Digital and design technologies,True,Q20
R_MK0020431,Subject selection,Subjects interested in studying in Year 11 or 12,Health or environmental studies,True,Q20
R_MK0020431,Subject selection,Subjects interested in studying in Year 11 or 12,Arts,True,Q20
R_MK0020431,Subject selection,Subjects interested in studying in Year 11 or 12,humanities or social sciences,True,Q20
R_MK0021482,Subject selection,Subjects interested in studying in Year 11 or 12,Mathematics,True,Q20
R_MK0021482,Subject selection,Subjects interested in studying in Year 11 or 12,Science,True,Q20
R_MK0022458,Subject selection,Subjects interested in studying in Year 11 or 12,Mathematics,True,Q20
R_MK0022458,Subject selection,Subjects interested in studying in Year 11 or 12,Digital and design technologies,True,Q20
R_MK0022458,Subject selection,Subjects interested in studying in Year 11 or 12,Health or environmental studies,True,Q20
R_MK0022458,Subject selection,Subjects interested in studying in Year 11 or 12,Arts,True,Q20
R_MK0022458,Subject selection,Subjects interested in studying in Year 11 or 12,humanities or social sciences,True,Q20
R_MK0022458,Subject selection,Subjects interested in studying in Year 11 or 12,Business or commerce,True,Q20
R_MK0022458,Subject selection,Subjects interested in studying in Year 11 or 12,Vocational or applied learning subjects,True,Q20
R_MK0023977,Subject selection,Subjects interested in studying in Year 11 or 12,Health or environmental studies,True,Q20
R_MK0023977,Subject selection,Subjects interested in studying in Year 11 or 12,Arts,True,Q20
R_MK0023977,Subject selection,Subjects interested in studying in Year 11 or 12,humanities or social sciences,True,Q20
R_MK0023977,Subject selection,Subjects interested in studying in Year 11 or 12,Vocational or applied learning subjects,True,Q20
R_MK0024720,Subject selection,Subjects interested in studying in Year 11 or 12,Mathematics,True,Q20
R_MK0025500,Subject selection,Subjects interested in studying in Year 11 or 12,Mathematics,True,Q20
R_MK0025500,Subject selection,Subjects interested in studying in Year 11 or 12,Science,True,Q20
R_MK0025500,Subject selection,Subjects interested in studying in Year 11 or 12,Business or commerce,True,Q20
R_MK0028258,Subject selection,Subjects interested in studying in Year 11 or 12,Digital and design technologies,True,Q20
R_MK0028258,Subject selection,Subjects interested in studying in Year 11 or 12,Arts,True,Q20
R_MK0028258,Subject selection,Subjects interested in studying in Year 11 or 12,humanities or social sciences,True,Q20
R_MK0030633,Subject selection,Subjects interested in studying in Year 11 or 12,Mathematics,True,Q20
R_MK0030633,Subject selection,Subjects interested in studying in Year 11 or 12,Science,True,Q20
R_MK0030633,Subject selection,Subjects interested in studying in Year 11 or 12,Health or environmental studies,True,Q20
R_MK0035805,Subject selection,Subjects interested in studying in Year 11 or 12,Digital and design technologies,True,Q20
R_MK0035805,Subject selection,Subjects interested in studying in Year 11 or 12,Arts,True,Q20
R_MK0035805,Subject selection,Subjects interested in studying in Year 11 or 12,humanities or social sciences,True,Q20
R_MK0035805,Subject selection,Subjects interested in studying in Year 11 or 12,Business or commerce,True,Q20
R_MK0035805,Subject selection,Subjects interested in studying in Year 11 or 12,I am not sure yet,True,Q20
R_MK0038406,Subject selection,Subjects interested in studying in Year 11 or 12,Mathematics,True,Q20
R_MK0038406,Subject selection,Subjects interested in studying in Year 11 or 12,Health or environmental studies,True,Q20
R_MK0041486,Subject selection,Subjects interested in studying in Year 11 or 12,Vocational or applied learning subjects,True,Q20
R_MK0042213,Subject selection,Subjects interested in studying in Year 11 or 12,Mathematics,True,Q20
R_MK0042213,Subject selection,Subjects interested in studying in Year 11 or 12,Arts,True,Q20
R_MK0042213,Subject selection,Subjects interested in studying in Year 11 or 12,humanities or social sciences,True,Q20
R_MK0042213,Subject selection,Subjects interested in studying in Year 11 or 12,Business or commerce,True,Q20
R_MK0042213,Subject selection,Subjects interested in studying in Year 11 or 12,Vocational or applied learning subjects,True,Q20
R_MK0044213,Subject selection,Subjects interested in studying in Year 11 or 12,Science,True,Q20
R_MK0044213,Subject selection,Subjects interested in studying in Year 11 or 12,Digital and design technologies,True,Q20
R_MK0044213,Subject selection,Subjects interested in studying in Year 11 or 12,Arts,True,Q20
R_MK0044213,Subject selection,Subjects interested in studying in Year 11 or 12,humanities or social sciences,True,Q20
R_MK0044213,Subject selection,Subjects interested in studying in Year 11 or 12,Business or commerce,True,Q20
R_MK0045654,Subject selection,Subjects interested in studying in Year 11 or 12,Health or environmental studies,True,Q20
R_MK0045654,Subject selection,Subjects interested in studying in Year 11 or 12,Arts,True,Q20
R_MK0045654,Subject selection,Subjects interested in studying in Year 11 or 12,humanities or social sciences,True,Q20
R_MK0045654,Subject selection,Subjects interested in studying in Year 11 or 12,Business or commerce,True,Q20
R_MK0046112,Subject selection,Subjects interested in studying in Year 11 or 12,Science,True,Q20
R_MK0046112,Subject selection,Subjects interested in studying in Year 11 or 12,Digital and design technologies,True,Q20
R_MK0046112,Subject selection,Subjects interested in studying in Year 11 or 12,Business or commerce,True,Q20
R_MK0046112,Subject selection,Subjects interested in studying in Year 11 or 12,Vocational or applied learning subjects,True,Q20
R_MK0046112,Subject selection,Subjects interested in studying in Year 11 or 12,I am not sure yet,True,Q20
R_MK0047577,Subject selection,Subjects interested in studying in Year 11 or 12,Digital and design technologies,True,Q20
R_MK0047577,Subject selection,Subjects interested in studying in Year 11 or 12,Vocational or applied learning subjects,True,Q20
R_MK0048957,Subject selection,Subjects interested in studying in Year 11 or 12,Mathematics,True,Q20
R_MK0048957,Subject selection,Subjects interested in studying in Year 11 or 12,Digital and design technologies,True,Q20
R_MK0048957,Subject selection,Subjects interested in studying in Year 11 or 12,Health or environmental studies,True,Q20
R_MK0048957,Subject selection,Subjects interested in studying in Year 11 or 12,Arts,True,Q20
R_MK0048957,Subject selection,Subjects interested in studying in Year 11 or 12,humanities or social sciences,True,Q20
R_MK0048957,Subject selection,Subjects interested in studying in Year 11 or 12,Business or commerce,True,Q20
R_MK0048957,Subject selection,Subjects interested in studying in Year 11 or 12,I am not sure yet,True,Q20
R_MK0049860,Subject selection,Subjects interested in studying in Year 11 or 12,Mathematics,True,Q20
R_MK0050307,Subject selection,Subjects interested in studying in Year 11 or 12,Business or commerce,True,Q20
R_MK0050307,Subject selection,Subjects interested in studying in Year 11 or 12,Vocational or applied learning subjects,True,Q20
R_MK0050307,Subject selection,Subjects interested in studying in Year 11 or 12,I am not sure yet,True,Q20
R_MK0051679,Subject selection,Subjects interested in studying in Year 11 or 12,Mathematics,True,Q20
R_MK0051679,Subject selection,Subjects interested in studying in Year 11 or 12,Digital and design technologies,True,Q20
R_MK0051679,Subject selection,Subjects interested in studying in Year 11 or 12,Business or commerce,True,Q20
R_MK0051679,Subject selection,Subjects interested in studying in Year 11 or 12,Vocational or applied learning subjects,True,Q20
R_MK0051679,Subject selection,Subjects interested in studying in Year 11 or 12,I am not sure yet,True,Q20
R_MK0054499,Subject selection,Subjects interested in studying in Year 11 or 12,Health or environmental studies,True,Q20
R_MK0054499,Subject selection,Subjects interested in studying in Year 11 or 12,Arts,True,Q20
R_MK0054499,Subject selection,Subjects interested in studying in Year 11 or 12,humanities or social sciences,True,Q20
R_MK0055692,Subject selection,Subjects interested in studying in Year 11 or 12,Mathematics,True,Q20
R_MK0055692,Subject selection,Subjects interested in studying in Year 11 or 12,Digital and design technologies,True,Q20
R_MK0055692,Subject selection,Subjects interested in studying in Year 11 or 12,Business or commerce,True,Q20
R_MK0056412,Subject selection,Subjects interested in studying in Year 11 or 12,Arts,True,Q20
R_MK0056412,Subject selection,Subjects interested in studying in Year 11 or 12,humanities or social sciences,True,Q20
R_MK0056412,Subject selection,Subjects interested in studying in Year 11 or 12,I am not sure yet,True,Q20
R_MK0057690,Subject selection,Subjects interested in studying in Year 11 or 12,Mathematics,True,Q20
R_MK0057690,Subject selection,Subjects interested in studying in Year 11 or 12,Science,True,Q20
R_MK0057690,Subject selection,Subjects interested in studying in Year 11 or 12,Business or commerce,True,Q20
R_MK0059350,Subject selection,Subjects interested in studying in Year 11 or 12,Health or environmental studies,True,Q20
R_MK0059350,Subject selection,Subjects interested in studying in Year 11 or 12,Arts,True,Q20
R_MK0059350,Subject selection,Subjects interested in studying in Year 11 or 12,humanities or social sciences,True,Q20
R_MK0059350,Subject selection,Subjects interested in studying in Year 11 or 12,Vocational or applied learning subjects,True,Q20
R_MK0060505,Subject selection,Subjects interested in studying in Year 11 or 12,Mathematics,True,Q20
R_MK0060505,Subject selection,Subjects interested in studying in Year 11 or 12,Science,True,Q20
R_MK0060505,Subject selection,Subjects interested in studying in Year 11 or 12,Vocational or applied learning subjects,True,Q20
R_MK0061473,Subject selection,Subjects interested in studying in Year 11 or 12,Mathematics,True,Q20
R_MK0061473,Subject selection,Subjects interested in studying in Year 11 or 12,Health or environmental studies,True,Q20
R_MK0062875,Subject selection,Subjects interested in studying in Year 11 or 12,Arts,True,Q20
R_MK0062875,Subject selection,Subjects interested in studying in Year 11 or 12,humanities or social sciences,True,Q20
R_MK0062875,Subject selection,Subjects interested in studying in Year 11 or 12,Vocational or applied learning subjects,True,Q20
R_MK0063584,Subject selection,Subjects interested in studying in Year 11 or 12,Health or environmental studies,True,Q20
R_MK0064579,Subject selection,Subjects interested in studying in Year 11 or 12,Science,True,Q20
R_MK0064579,Subject selection,Subjects interested in studying in Year 11 or 12,Arts,True,Q20
R_MK0064579,Subject selection,Subjects interested in studying in Year 11 or 12,humanities or social sciences,True,Q20
R_MK0064579,Subject selection,Subjects interested in studying in Year 11 or 12,Business or commerce,True,Q20
R_MK0064579,Subject selection,Subjects interested in studying in Year 11 or 12,I am not sure yet,True,Q20
R_MK0065610,Subject selection,Subjects interested in studying in Year 11 or 12,Science,True,Q20
R_MK0065610,Subject selection,Subjects interested in studying in Year 11 or 12,Health or environmental studies,True,Q20
R_MK0066620,Subject selection,Subjects interested in studying in Year 11 or 12,Mathematics,True,Q20
R_MK0066620,Subject selection,Subjects interested in studying in Year 11 or 12,Science,True,Q20
R_MK0066620,Subject selection,Subjects interested in studying in Year 11 or 12,Arts,True,Q20
R_MK0066620,Subject selection,Subjects interested in studying in Year 11 or 12,humanities or social sciences,True,Q20
R_MK0066620,Subject selection,Subjects interested in studying in Year 11 or 12,Business or commerce,True,Q20
R_MK0066620,Subject selection,Subjects interested in studying in Year 11 or 12,Vocational or applied learning subjects,True,Q20
R_MK0067929,Subject selection,Subjects interested in studying in Year 11 or 12,Digital and design technologies,True,Q20
R_MK0067929,Subject selection,Subjects interested in studying in Year 11 or 12,Health or environmental studies,True,Q20
R_MK0067929,Subject selection,Subjects interested in studying in Year 11 or 12,Vocational or applied learning subjects,True,Q20
R_MK0069886,Subject selection,Subjects interested in studying in Year 11 or 12,Science,True,Q20
R_MK0069886,Subject selection,Subjects interested in studying in Year 11 or 12,Digital and design technologies,True,Q20
R_MK0069886,Subject selection,Subjects interested in studying in Year 11 or 12,Health or environmental studies,True,Q20
R_MK0069886,Subject selection,Subjects interested in studying in Year 11 or 12,Vocational or applied learning subjects,True,Q20
R_MK0070552,Subject selection,Subjects interested in studying in Year 11 or 12,Health or environmental studies,True,Q20
R_MK0070552,Subject selection,Subjects interested in studying in Year 11 or 12,I am not sure yet,True,Q20
R_MK0071406,Subject selection,Subjects interested in studying in Year 11 or 12,Digital and design technologies,True,Q20
R_MK0071406,Subject selection,Subjects interested in studying in Year 11 or 12,Vocational or applied learning subjects,True,Q20
R_MK0072687,Subject selection,Subjects interested in studying in Year 11 or 12,Mathematics,True,Q20
R_MK0072687,Subject selection,Subjects interested in studying in Year 11 or 12,Science,True,Q20
R_MK0072687,Subject selection,Subjects interested in studying in Year 11 or 12,I am not sure yet,True,Q20
R_MK0073840,Subject selection,Subjects interested in studying in Year 11 or 12,Science,True,Q20
R_MK0074143,Subject selection,Subjects interested in studying in Year 11 or 12,Mathematics,True,Q20
R_MK0074143,Subject selection,Subjects interested in studying in Year 11 or 12,Digital and design technologies,True,Q20
R_MK0074143,Subject selection,Subjects interested in studying in Year 11 or 12,Arts,True,Q20
R_MK0074143,Subject selection,Subjects interested in studying in Year 11 or 12,humanities or social sciences,True,Q20
R_MK0074143,Subject selection,Subjects interested in studying in Year 11 or 12,Business or commerce,True,Q20
R_MK0074143,Subject selection,Subjects interested in studying in Year 11 or 12,Vocational or applied learning subjects,True,Q20
R_MK0075767,Subject selection,Subjects interested in studying in Year 11 or 12,Mathematics,True,Q20
R_MK0075767,Subject selection,Subjects interested in studying in Year 11 or 12,Science,True,Q20
R_MK0075767,Subject selection,Subjects interested in studying in Year 11 or 12,Digital and design technologies,True,Q20
R_MK0075767,Subject selection,Subjects interested in studying in Year 11 or 12,Business or commerce,True,Q20
R_MK0077639,Subject selection,Subjects interested in studying in Year 11 or 12,Health or environmental studies,True,Q20
R_MK0077639,Subject selection,Subjects interested in studying in Year 11 or 12,Arts,True,Q20
R_MK0077639,Subject selection,Subjects interested in studying in Year 11 or 12,humanities or social sciences,True,Q20
R_MK0078481,Subject selection,Subjects interested in studying in Year 11 or 12,Mathematics,True,Q20
R_MK0078481,Subject selection,Subjects interested in studying in Year 11 or 12,Health or environmental studies,True,Q20
R_MK0078481,Subject selection,Subjects interested in studying in Year 11 or 12,Business or commerce,True,Q20
R_MK0078481,Subject selection,Subjects interested in studying in Year 11 or 12,I am not sure yet,True,Q20
R_MK0079582,Subject selection,Subjects interested in studying in Year 11 or 12,Science,True,Q20
R_MK0079582,Subject selection,Subjects interested in studying in Year 11 or 12,I am not sure yet,True,Q20
R_MK0080425,Subject selection,Subjects interested in studying in Year 11 or 12,Health or environmental studies,True,Q20
R_MK0080425,Subject selection,Subjects interested in studying in Year 11 or 12,Arts,True,Q20
R_MK0080425,Subject selection,Subjects interested in studying in Year 11 or 12,humanities or social sciences,True,Q20
R_MK0081132,Subject selection,Subjects interested in studying in Year 11 or 12,Mathematics,True,Q20
R_MK0081132,Subject selection,Subjects interested in studying in Year 11 or 12,Health or environmental studies,True,Q20
R_MK0081132,Subject selection,Subjects interested in studying in Year 11 or 12,Vocational or applied learning subjects,True,Q20
R_MK0081132,Subject selection,Subjects interested in studying in Year 11 or 12,I am not sure yet,True,Q20
R_MK0082408,Subject selection,Subjects interested in studying in Year 11 or 12,Business or commerce,True,Q20
R_MK0084432,Subject selection,Subjects interested in studying in Year 11 or 12,Business or commerce,True,Q20
R_MK0088108,Subject selection,Subjects interested in studying in Year 11 or 12,Health or environmental studies,True,Q20
R_MK0088108,Subject selection,Subjects interested in studying in Year 11 or 12,I am not sure yet,True,Q20
R_MK0089171,Subject selection,Subjects interested in studying in Year 11 or 12,Science,True,Q20
R_MK0089171,Subject selection,Subjects interested in studying in Year 11 or 12,Vocational or applied learning subjects,True,Q20
R_MK0089171,Subject selection,Subjects interested in studying in Year 11 or 12,I am not sure yet,True,Q20
R_MK0090543,Subject selection,Subjects interested in studying in Year 11 or 12,Health or environmental studies,True,Q20
R_MK0090543,Subject selection,Subjects interested in studying in Year 11 or 12,Arts,True,Q20
R_MK0090543,Subject selection,Subjects interested in studying in Year 11 or 12,humanities or social sciences,True,Q20
R_MK0090543,Subject selection,Subjects interested in studying in Year 11 or 12,Vocational or applied learning subjects,True,Q20
R_MK0091576,Subject selection,Subjects interested in studying in Year 11 or 12,Science,True,Q20
R_MK0091576,Subject selection,Subjects interested in studying in Year 11 or 12,I am not sure yet,True,Q20
R_MK0092239,Subject selection,Subjects interested in studying in Year 11 or 12,Science,True,Q20
R_MK0092239,Subject selection,Subjects interested in studying in Year 11 or 12,Health or environmental studies,True,Q20
R_MK0092239,Subject selection,Subjects interested in studying in Year 11 or 12,Arts,True,Q20
R_MK0092239,Subject selection,Subjects interested in studying in Year 11 or 12,humanities or social sciences,True,Q20
R_MK0097674,Subject selection,Subjects interested in studying in Year 11 or 12,Mathematics,True,Q20
R_MK0097674,Subject selection,Subjects interested in studying in Year 11 or 12,Science,True,Q20
R_MK0097674,Subject selection,Subjects interested in studying in Year 11 or 12,Arts,True,Q20
R_MK0097674,Subject selection,Subjects interested in studying in Year 11 or 12,humanities or social sciences,True,Q20
R_MK0097674,Subject selection,Subjects interested in studying in Year 11 or 12,Business or commerce,True,Q20
R_MK0099227,Subject selection,Subjects interested in studying in Year 11 or 12,Digital and design technologies,True,Q20
R_MK0099227,Subject selection,Subjects interested in studying in Year 11 or 12,Health or environmental studies,True,Q20
R_MK0100914,Subject selection,Subjects interested in studying in Year 11 or 12,Arts,True,Q20
R_MK0100914,Subject selection,Subjects interested in studying in Year 11 or 12,humanities or social sciences,True,Q20
R_MK0100914,Subject selection,Subjects interested in studying in Year 11 or 12,Business or commerce,True,Q20
R_MK0100914,Subject selection,Subjects interested in studying in Year 11 or 12,Vocational or applied learning subjects,True,Q20
R_MK0100914,Subject selection,Subjects interested in studying in Year 11 or 12,I am not sure yet,True,Q20
R_MK0101816,Subject selection,Subjects interested in studying in Year 11 or 12,Mathematics,True,Q20
R_MK0102866,Subject selection,Subjects interested in studying in Year 11 or 12,Science,True,Q20
R_MK0102866,Subject selection,Subjects interested in studying in Year 11 or 12,Digital and design technologies,True,Q20
R_MK0102866,Subject selection,Subjects interested in studying in Year 11 or 12,Vocational or applied learning subjects,True,Q20
R_MK0103899,Subject selection,Subjects interested in studying in Year 11 or 12,Science,True,Q20
R_MK0103899,Subject selection,Subjects interested in studying in Year 11 or 12,Digital and design technologies,True,Q20
R_MK0103899,Subject selection,Subjects interested in studying in Year 11 or 12,Vocational or applied learning subjects,True,Q20
R_MK0104469,Subject selection,Subjects interested in studying in Year 11 or 12,Science,True,Q20
R_MK0104469,Subject selection,Subjects interested in studying in Year 11 or 12,Digital and design technologies,True,Q20
R_MK0104469,Subject selection,Subjects interested in studying in Year 11 or 12,Arts,True,Q20
R_MK0104469,Subject selection,Subjects interested in studying in Year 11 or 12,humanities or social sciences,True,Q20
R_MK0106951,Subject selection,Subjects interested in studying in Year 11 or 12,Science,True,Q20
R_MK0106951,Subject selection,Subjects interested in studying in Year 11 or 12,Vocational or applied learning subjects,True,Q20
R_MK0110138,Subject selection,Subjects interested in studying in Year 11 or 12,Mathematics,True,Q20
R_MK0110138,Subject selection,Subjects interested in studying in Year 11 or 12,Digital and design technologies,True,Q20
R_MK0110138,Subject selection,Subjects interested in studying in Year 11 or 12,I am not sure yet,True,Q20
R_MK0111137,Subject selection,Subjects interested in studying in Year 11 or 12,Digital and design technologies,True,Q20
R_MK0111137,Subject selection,Subjects interested in studying in Year 11 or 12,I am not sure yet,True,Q20
R_MK0112381,Subject selection,Subjects interested in studying in Year 11 or 12,Science,True,Q20
R_MK0112381,Subject selection,Subjects interested in studying in Year 11 or 12,Arts,True,Q20
R_MK0112381,Subject selection,Subjects interested in studying in Year 11 or 12,humanities or social sciences,True,Q20
R_MK0113434,Subject selection,Subjects interested in studying in Year 11 or 12,Science,True,Q20
R_MK0113434,Subject selection,Subjects interested in studying in Year 11 or 12,Arts,True,Q20
R_MK0113434,Subject selection,Subjects interested in studying in Year 11 or 12,humanities or social sciences,True,Q20
R_MK0113434,Subject selection,Subjects interested in studying in Year 11 or 12,I am not sure yet,True,Q20
R_MK0116277,Subject selection,Subjects interested in studying in Year 11 or 12,Science,True,Q20
R_MK0116277,Subject selection,Subjects interested in studying in Year 11 or 12,Health or environmental studies,True,Q20
R_MK0116277,Subject selection,Subjects interested in studying in Year 11 or 12,Business or commerce,True,Q20
R_MK0116277,Subject selection,Subjects interested in studying in Year 11 or 12,Vocational or applied learning subjects,True,Q20
R_MK0118601,Subject selection,Subjects interested in studying in Year 11 or 12,Health or environmental studies,True,Q20
R_MK0118601,Subject selection,Subjects interested in studying in Year 11 or 12,Vocational or applied learning subjects,True,Q20
R_MK0119688,Subject selection,Subjects interested in studying in Year 11 or 12,Mathematics,True,Q20
R_MK0119688,Subject selection,Subjects interested in studying in Year 11 or 12,Science,True,Q20
R_MK0119688,Subject selection,Subjects interested in studying in Year 11 or 12,Digital and design technologies,True,Q20
R_MK0119688,Subject selection,Subjects interested in studying in Year 11 or 12,Business or commerce,True,Q20
R_MK0119688,Subject selection,Subjects interested in studying in Year 11 or 12,Vocational or applied learning subjects,True,Q20
R_MK0120370,Subject selection,Subjects interested in studying in Year 11 or 12,Mathematics,True,Q20
R_MK0120370,Subject selection,Subjects interested in studying in Year 11 or 12,Digital and design technologies,True,Q20
R_MK0120370,Subject selection,Subjects interested in studying in Year 11 or 12,Health or environmental studies,True,Q20
R_MK0120370,Subject selection,Subjects interested in studying in Year 11 or 12,Arts,True,Q20
R_MK0120370,Subject selection,Subjects interested in studying in Year 11 or 12,humanities or social sciences,True,Q20
R_MK0121297,Subject selection,Subjects interested in studying in Year 11 or 12,Mathematics,True,Q20
R_MK0121297,Subject selection,Subjects interested in studying in Year 11 or 12,Vocational or applied learning subjects,True,Q20
R_MK0122334,Subject selection,Subjects interested in studying in Year 11 or 12,Digital and design technologies,True,Q20
R_MK0122334,Subject selection,Subjects interested in studying in Year 11 or 12,Business or commerce,True,Q20
R_MK0123776,Subject selection,Subjects interested in studying in Year 11 or 12,Health or environmental studies,True,Q20
R_MK0124554,Subject selection,Subjects interested in studying in Year 11 or 12,Science,True,Q20
R_MK0124554,Subject selection,Subjects interested in studying in Year 11 or 12,Arts,True,Q20
R_MK0124554,Subject selection,Subjects interested in studying in Year 11 or 12,humanities or social sciences,True,Q20
R_MK0124554,Subject selection,Subjects interested in studying in Year 11 or 12,Business or commerce,True,Q20
R_MK0124554,Subject selection,Subjects interested in studying in Year 11 or 12,I am not sure yet,True,Q20
R_MK0125621,Subject selection,Subjects interested in studying in Year 11 or 12,Mathematics,True,Q20
R_MK0125621,Subject selection,Subjects interested in studying in Year 11 or 12,Science,True,Q20
R_MK0125621,Subject selection,Subjects interested in studying in Year 11 or 12,Business or commerce,True,Q20
R_MK0125621,Subject selection,Subjects interested in studying in Year 11 or 12,Vocational or applied learning subjects,True,Q20
R_MK0128312,Subject selection,Subjects interested in studying in Year 11 or 12,Digital and design technologies,True,Q20
R_MK0128312,Subject selection,Subjects interested in studying in Year 11 or 12,Health or environmental studies,True,Q20
R_MK0128312,Subject selection,Subjects interested in studying in Year 11 or 12,Vocational or applied learning subjects,True,Q20
R_MK0129652,Subject selection,Subjects interested in studying in Year 11 or 12,Mathematics,True,Q20
R_MK0130784,Subject selection,Subjects interested in studying in Year 11 or 12,Mathematics,True,Q20
R_MK0130784,Subject selection,Subjects interested in studying in Year 11 or 12,Digital and design technologies,True,Q20
R_MK0130784,Subject selection,Subjects interested in studying in Year 11 or 12,Arts,True,Q20
R_MK0130784,Subject selection,Subjects interested in studying in Year 11 or 12,humanities or social sciences,True,Q20
R_MK0130784,Subject selection,Subjects interested in studying in Year 11 or 12,Business or commerce,True,Q20
R_MK0131904,Subject selection,Subjects interested in studying in Year 11 or 12,Mathematics,True,Q20
R_MK0131904,Subject selection,Subjects interested in studying in Year 11 or 12,Science,True,Q20
R_MK0131904,Subject selection,Subjects interested in studying in Year 11 or 12,Health or environmental studies,True,Q20
R_MK0131904,Subject selection,Subjects interested in studying in Year 11 or 12,Business or commerce,True,Q20
R_MK0132200,Subject selection,Subjects interested in studying in Year 11 or 12,Science,True,Q20
R_MK0132200,Subject selection,Subjects interested in studying in Year 11 or 12,Health or environmental studies,True,Q20
R_MK0132200,Subject selection,Subjects interested in studying in Year 11 or 12,Arts,True,Q20
R_MK0132200,Subject selection,Subjects interested in studying in Year 11 or 12,humanities or social sciences,True,Q20
R_MK0132200,Subject selection,Subjects interested in studying in Year 11 or 12,Business or commerce,True,Q20
R_MK0132200,Subject selection,Subjects interested in studying in Year 11 or 12,Vocational or applied learning subjects,True,Q20
R_MK0133162,Subject selection,Subjects interested in studying in Year 11 or 12,Digital and design technologies,True,Q20
R_MK0133162,Subject selection,Subjects interested in studying in Year 11 or 12,Arts,True,Q20
R_MK0133162,Subject selection,Subjects interested in studying in Year 11 or 12,humanities or social sciences,True,Q20
R_MK0133162,Subject selection,Subjects interested in studying in Year 11 or 12,Vocational or applied learning subjects,True,Q20
R_MK0134540,Subject selection,Subjects interested in studying in Year 11 or 12,Mathematics,True,Q20
R_MK0134540,Subject selection,Subjects interested in studying in Year 11 or 12,Arts,True,Q20
R_MK0134540,Subject selection,Subjects interested in studying in Year 11 or 12,humanities or social sciences,True,Q20
R_MK0135905,Subject selection,Subjects interested in studying in Year 11 or 12,Mathematics,True,Q20
R_MK0135905,Subject selection,Subjects interested in studying in Year 11 or 12,Science,True,Q20
R_MK0135905,Subject selection,Subjects interested in studying in Year 11 or 12,Digital and design technologies,True,Q20
R_MK0135905,Subject selection,Subjects interested in studying in Year 11 or 12,Arts,True,Q20
R_MK0135905,Subject selection,Subjects interested in studying in Year 11 or 12,humanities or social sciences,True,Q20
R_MK0135905,Subject selection,Subjects interested in studying in Year 11 or 12,Business or commerce,True,Q20
R_MK0136936,Subject selection,Subjects interested in studying in Year 11 or 12,Mathematics,True,Q20
R_MK0136936,Subject selection,Subjects interested in studying in Year 11 or 12,Health or environmental studies,True,Q20
R_MK0136936,Subject selection,Subjects interested in studying in Year 11 or 12,Arts,True,Q20
R_MK0136936,Subject selection,Subjects interested in studying in Year 11 or 12,humanities or social sciences,True,Q20
R_MK0136936,Subject selection,Subjects interested in studying in Year 11 or 12,I am not sure yet,True,Q20
R_MK0137202,Subject selection,Subjects interested in studying in Year 11 or 12,Mathematics,True,Q20
R_MK0137202,Subject selection,Subjects interested in studying in Year 11 or 12,I am not sure yet,True,Q20
R_MK0139460,Subject selection,Subjects interested in studying in Year 11 or 12,Mathematics,True,Q20
R_MK0139460,Subject selection,Subjects interested in studying in Year 11 or 12,Science,True,Q20
R_MK0139460,Subject selection,Subjects interested in studying in Year 11 or 12,Health or environmental studies,True,Q20
R_MK0139460,Subject selection,Subjects interested in studying in Year 11 or 12,I am not sure yet,True,Q20
R_MK0140452,Subject selection,Subjects interested in studying in Year 11 or 12,Science,True,Q20
R_MK0140452,Subject selection,Subjects interested in studying in Year 11 or 12,Health or environmental studies,True,Q20
R_MK0143734,Subject selection,Subjects interested in studying in Year 11 or 12,Health or environmental studies,True,Q20
R_MK0145711,Subject selection,Subjects interested in studying in Year 11 or 12,Mathematics,True,Q20
R_MK0146872,Subject selection,Subjects interested in studying in Year 11 or 12,Arts,True,Q20
R_MK0146872,Subject selection,Subjects interested in studying in Year 11 or 12,humanities or social sciences,True,Q20
R_MK0146872,Subject selection,Subjects interested in studying in Year 11 or 12,Business or commerce,True,Q20
R_MK0148883,Subject selection,Subjects interested in studying in Year 11 or 12,Science,True,Q20
R_MK0148883,Subject selection,Subjects interested in studying in Year 11 or 12,Digital and design technologies,True,Q20
R_MK0148883,Subject selection,Subjects interested in studying in Year 11 or 12,Health or environmental studies,True,Q20
R_MK0148883,Subject selection,Subjects interested in studying in Year 11 or 12,Vocational or applied learning subjects,True,Q20
R_MK0148883,Subject selection,Subjects interested in studying in Year 11 or 12,I am not sure yet,True,Q20
R_MK0149612,Subject selection,Subjects interested in studying in Year 11 or 12,Science,True,Q20
R_MK0149612,Subject selection,Subjects interested in studying in Year 11 or 12,Vocational or applied learning subjects,True,Q20
R_MK0149612,Subject selection,Subjects interested in studying in Year 11 or 12,I am not sure yet,True,Q20
R_MK0150239,Subject selection,Subjects interested in studying in Year 11 or 12,Vocational or applied learning subjects,True,Q20
R_MK0150239,Subject selection,Subjects interested in studying in Year 11 or 12,I am not sure yet,True,Q20
R_MK0151336,Subject selection,Subjects interested in studying in Year 11 or 12,Health or environmental studies,True,Q20
R_MK0151336,Subject selection,Subjects interested in studying in Year 11 or 12,Arts,True,Q20
R_MK0151336,Subject selection,Subjects interested in studying in Year 11 or 12,humanities or social sciences,True,Q20
R_MK0152384,Subject selection,Subjects interested in studying in Year 11 or 12,Science,True,Q20
R_MK0152384,Subject selection,Subjects interested in studying in Year 11 or 12,Digital and design technologies,True,Q20
R_MK0152384,Subject selection,Subjects interested in studying in Year 11 or 12,Health or environmental studies,True,Q20
R_MK0152384,Subject selection,Subjects interested in studying in Year 11 or 12,Business or commerce,True,Q20
R_MK0152384,Subject selection,Subjects interested in studying in Year 11 or 12,Vocational or applied learning subjects,True,Q20
R_MK0153565,Subject selection,Subjects interested in studying in Year 11 or 12,Science,True,Q20
R_MK0153565,Subject selection,Subjects interested in studying in Year 11 or 12,I am not sure yet,True,Q20
R_MK0154754,Subject selection,Subjects interested in studying in Year 11 or 12,Mathematics,True,Q20
R_MK0154754,Subject selection,Subjects interested in studying in Year 11 or 12,Arts,True,Q20
R_MK0154754,Subject selection,Subjects interested in studying in Year 11 or 12,humanities or social sciences,True,Q20
R_MK0154754,Subject selection,Subjects interested in studying in Year 11 or 12,Vocational or applied learning subjects,True,Q20
R_MK0155619,Subject selection,Subjects interested in studying in Year 11 or 12,Mathematics,True,Q20
R_MK0155619,Subject selection,Subjects interested in studying in Year 11 or 12,Health or environmental studies,True,Q20
R_MK0155619,Subject selection,Subjects interested in studying in Year 11 or 12,Arts,True,Q20
R_MK0155619,Subject selection,Subjects interested in studying in Year 11 or 12,humanities or social sciences,True,Q20
R_MK0155619,Subject selection,Subjects interested in studying in Year 11 or 12,Vocational or applied learning subjects,True,Q20
R_MK0155619,Subject selection,Subjects interested in studying in Year 11 or 12,I am not sure yet,True,Q20
R_MK0156966,Subject selection,Subjects interested in studying in Year 11 or 12,Health or environmental studies,True,Q20
R_MK0156966,Subject selection,Subjects interested in studying in Year 11 or 12,Business or commerce,True,Q20
R_MK0156966,Subject selection,Subjects interested in studying in Year 11 or 12,I am not sure yet,True,Q20
R_MK0157937,Subject selection,Subjects interested in studying in Year 11 or 12,Science,True,Q20
R_MK0158474,Subject selection,Subjects interested in studying in Year 11 or 12,Digital and design technologies,True,Q20
R_MK0158474,Subject selection,Subjects interested in studying in Year 11 or 12,Business or commerce,True,Q20
R_MK0158474,Subject selection,Subjects interested in studying in Year 11 or 12,I am not sure yet,True,Q20
R_MK0159733,Subject selection,Subjects interested in studying in Year 11 or 12,Arts,True,Q20
R_MK0159733,Subject selection,Subjects interested in studying in Year 11 or 12,humanities or social sciences,True,Q20
R_MK0159733,Subject selection,Subjects interested in studying in Year 11 or 12,Vocational or applied learning subjects,True,Q20
R_MK0159733,Subject selection,Subjects interested in studying in Year 11 or 12,I am not sure yet,True,Q20
R_MK0160733,Subject selection,Subjects interested in studying in Year 11 or 12,Health or environmental studies,True,Q20
R_MK0160733,Subject selection,Subjects interested in studying in Year 11 or 12,Business or commerce,True,Q20
R_MK0160733,Subject selection,Subjects interested in studying in Year 11 or 12,I am not sure yet,True,Q20
R_MK0161254,Subject selection,Subjects interested in studying in Year 11 or 12,Mathematics,True,Q20
R_MK0161254,Subject selection,Subjects interested in studying in Year 11 or 12,Health or environmental studies,True,Q20
R_MK0161254,Subject selection,Subjects interested in studying in Year 11 or 12,Arts,True,Q20
R_MK0161254,Subject selection,Subjects interested in studying in Year 11 or 12,humanities or social sciences,True,Q20
R_MK0161254,Subject selection,Subjects interested in studying in Year 11 or 12,Vocational or applied learning subjects,True,Q20
R_MK0162481,Subject selection,Subjects interested in studying in Year 11 or 12,Mathematics,True,Q20
R_MK0163945,Subject selection,Subjects interested in studying in Year 11 or 12,Mathematics,True,Q20
R_MK0163945,Subject selection,Subjects interested in studying in Year 11 or 12,Science,True,Q20
R_MK0163945,Subject selection,Subjects interested in studying in Year 11 or 12,Business or commerce,True,Q20
R_MK0163945,Subject selection,Subjects interested in studying in Year 11 or 12,Vocational or applied learning subjects,True,Q20
R_MK0163945,Subject selection,Subjects interested in studying in Year 11 or 12,I am not sure yet,True,Q20
R_MK0164227,Subject selection,Subjects interested in studying in Year 11 or 12,Digital and design technologies,True,Q20
R_MK0164227,Subject selection,Subjects interested in studying in Year 11 or 12,Arts,True,Q20
R_MK0164227,Subject selection,Subjects interested in studying in Year 11 or 12,humanities or social sciences,True,Q20
R_MK0164227,Subject selection,Subjects interested in studying in Year 11 or 12,Business or commerce,True,Q20
R_MK0165174,Subject selection,Subjects interested in studying in Year 11 or 12,Health or environmental studies,True,Q20
R_MK0165174,Subject selection,Subjects interested in studying in Year 11 or 12,I am not sure yet,True,Q20
R_MK0168775,Subject selection,Subjects interested in studying in Year 11 or 12,Science,True,Q20
R_MK0168775,Subject selection,Subjects interested in studying in Year 11 or 12,Health or environmental studies,True,Q20
R_MK0168775,Subject selection,Subjects interested in studying in Year 11 or 12,Arts,True,Q20
R_MK0168775,Subject selection,Subjects interested in studying in Year 11 or 12,humanities or social sciences,True,Q20
R_MK0169479,Subject selection,Subjects interested in studying in Year 11 or 12,Mathematics,True,Q20
R_MK0169479,Subject selection,Subjects interested in studying in Year 11 or 12,Digital and design technologies,True,Q20
R_MK0169479,Subject selection,Subjects interested in studying in Year 11 or 12,Business or commerce,True,Q20
R_MK0169479,Subject selection,Subjects interested in studying in Year 11 or 12,Vocational or applied learning subjects,True,Q20
R_MK0172371,Subject selection,Subjects interested in studying in Year 11 or 12,Mathematics,True,Q20
R_MK0172371,Subject selection,Subjects interested in studying in Year 11 or 12,Digital and design technologies,True,Q20
R_MK0172371,Subject selection,Subjects interested in studying in Year 11 or 12,Health or environmental studies,True,Q20
R_MK0172371,Subject selection,Subjects interested in studying in Year 11 or 12,Arts,True,Q20
R_MK0172371,Subject selection,Subjects interested in studying in Year 11 or 12,humanities or social sciences,True,Q20
R_MK0173150,Subject selection,Subjects interested in studying in Year 11 or 12,Mathematics,True,Q20
R_MK0174572,Subject selection,Subjects interested in studying in Year 11 or 12,Mathematics,True,Q20
R_MK0174572,Subject selection,Subjects interested in studying in Year 11 or 12,Vocational or applied learning subjects,True,Q20
R_MK0174572,Subject selection,Subjects interested in studying in Year 11 or 12,I am not sure yet,True,Q20
R_MK0176790,Subject selection,Subjects interested in studying in Year 11 or 12,Health or environmental studies,True,Q20
R_MK0176790,Subject selection,Subjects interested in studying in Year 11 or 12,Business or commerce,True,Q20
R_MK0176790,Subject selection,Subjects interested in studying in Year 11 or 12,Vocational or applied learning subjects,True,Q20
R_MK0177409,Subject selection,Subjects interested in studying in Year 11 or 12,Business or commerce,True,Q20
R_MK0178316,Subject selection,Subjects interested in studying in Year 11 or 12,Science,True,Q20
R_MK0178316,Subject selection,Subjects interested in studying in Year 11 or 12,Health or environmental studies,True,Q20
R_MK0178316,Subject selection,Subjects interested in studying in Year 11 or 12,Arts,True,Q20
R_MK0178316,Subject selection,Subjects interested in studying in Year 11 or 12,humanities or social sciences,True,Q20
R_MK0178316,Subject selection,Subjects interested in studying in Year 11 or 12,Business or commerce,True,Q20
R_MK0178316,Subject selection,Subjects interested in studying in Year 11 or 12,Vocational or applied learning subjects,True,Q20
R_MK0179159,Subject selection,Subjects interested in studying in Year 11 or 12,Science,True,Q20
R_MK0179159,Subject selection,Subjects interested in studying in Year 11 or 12,Arts,True,Q20
R_MK0179159,Subject selection,Subjects interested in studying in Year 11 or 12,humanities or social sciences,True,Q20
R_MK0179159,Subject selection,Subjects interested in studying in Year 11 or 12,Business or commerce,True,Q20
R_MK0179159,Subject selection,Subjects interested in studying in Year 11 or 12,Vocational or applied learning subjects,True,Q20
R_MK0000627,Subject selection,What helps decide which subjects to choose,Subjects I enjoy,True,Q21
R_MK0000627,Subject selection,What helps decide which subjects to choose,Advise from career advisors,True,Q21
R_MK0000627,Subject selection,What helps decide which subjects to choose,What my friends are choosing,True,Q21
R_MK0001988,Subject selection,What helps decide which subjects to choose,Advise from career advisors,True,Q21
R_MK0001988,Subject selection,What helps decide which subjects to choose,Advise from my family,True,Q21
R_MK0001988,Subject selection,What helps decide which subjects to choose,Role models or people I know in STEM,True,Q21
R_MK0003730,Subject selection,What helps decide which subjects to choose,Advise from career advisors,True,Q21
R_MK0003730,Subject selection,What helps decide which subjects to choose,What my friends are choosing,True,Q21
R_MK0003730,Subject selection,What helps decide which subjects to choose,Advise from my family,True,Q21
R_MK0003730,Subject selection,What helps decide which subjects to choose,STEM activities/ programs as mentioned in previous questions,True,Q21
R_MK0004719,Subject selection,What helps decide which subjects to choose,Advise from teachers,True,Q21
R_MK0004719,Subject selection,What helps decide which subjects to choose,Advise from my family,True,Q21
R_MK0004719,Subject selection,What helps decide which subjects to choose,STEM activities/ programs as mentioned in previous questions,True,Q21
R_MK0006905,Subject selection,What helps decide which subjects to choose,Subjects I enjoy,True,Q21
R_MK0006905,Subject selection,What helps decide which subjects to choose,Subjects I am good at,True,Q21
R_MK0006905,Subject selection,What helps decide which subjects to choose,Advise from career advisors,True,Q21
R_MK0006905,Subject selection,What helps decide which subjects to choose,What my friends are choosing,True,Q21
R_MK0006905,Subject selection,What helps decide which subjects to choose,Role models or people I know in STEM,True,Q21
R_MK0007888,Subject selection,What helps decide which subjects to choose,Advise from career advisors,True,Q21
R_MK0007888,Subject selection,What helps decide which subjects to choose,Advise from teachers,True,Q21
R_MK0007888,Subject selection,What helps decide which subjects to choose,Advise from my family,True,Q21
R_MK0007888,Subject selection,What helps decide which subjects to choose,STEM activities/ programs as mentioned in previous questions,True,Q21
R_MK0008384,Subject selection,What helps decide which subjects to choose,Subjects I am good at,True,Q21
R_MK0009361,Subject selection,What helps decide which subjects to choose,Subjects I enjoy,True,Q21
R_MK0009361,Subject selection,What helps decide which subjects to choose,Advise from career advisors,True,Q21
R_MK0009361,Subject selection,What helps decide which subjects to choose,Advise from teachers,True,Q21
R_MK0009361,Subject selection,What helps decide which subjects to choose,What my friends are choosing,True,Q21
R_MK0009361,Subject selection,What helps decide which subjects to choose,Advise from my family,True,Q21
R_MK0010793,Subject selection,What helps decide which subjects to choose,What my friends are choosing,True,Q21
R_MK0010793,Subject selection,What helps decide which subjects to choose,Advise from my family,True,Q21
R_MK0011527,Subject selection,What helps decide which subjects to choose,Subjects I am good at,True,Q21
R_MK0011527,Subject selection,What helps decide which subjects to choose,Advise from my family,True,Q21
R_MK0012224,Subject selection,What helps decide which subjects to choose,Subjects I am good at,True,Q21
R_MK0012224,Subject selection,What helps decide which subjects to choose,STEM activities/ programs as mentioned in previous questions,True,Q21
R_MK0013321,Subject selection,What helps decide which subjects to choose,Subjects I enjoy,True,Q21
R_MK0014269,Subject selection,What helps decide which subjects to choose,Subjects I am good at,True,Q21
R_MK0014269,Subject selection,What helps decide which subjects to choose,Subjects I need for a future job,True,Q21
R_MK0014269,Subject selection,What helps decide which subjects to choose,Advise from teachers,True,Q21
R_MK0014269,Subject selection,What helps decide which subjects to choose,What my friends are choosing,True,Q21
R_MK0015367,Subject selection,What helps decide which subjects to choose,Subjects I am good at,True,Q21
R_MK0015367,Subject selection,What helps decide which subjects to choose,Subjects I need for a future job,True,Q21
R_MK0015367,Subject selection,What helps decide which subjects to choose,Advise from my family,True,Q21
R_MK0015367,Subject selection,What helps decide which subjects to choose,STEM activities/ programs as mentioned in previous questions,True,Q21
R_MK0018536,Subject selection,What helps decide which subjects to choose,Subjects I am good at,True,Q21
R_MK0018536,Subject selection,What helps decide which subjects to choose,Advise from career advisors,True,Q21
R_MK0018536,Subject selection,What helps decide which subjects to choose,Role models or people I know in STEM,True,Q21
R_MK0018536,Subject selection,What helps decide which subjects to choose,Other (please specfiy),True,Q21
R_MK0020431,Subject selection,What helps decide which subjects to choose,Subjects I am good at,True,Q21
R_MK0020431,Subject selection,What helps decide which subjects to choose,Advise from teachers,True,Q21
R_MK0020431,Subject selection,What helps decide which subjects to choose,What my friends are choosing,True,Q21
R_MK0020431,Subject selection,What helps decide which subjects to choose,Advise from my family,True,Q21
R_MK0021482,Subject selection,What helps decide which subjects to choose,Subjects I need for a future job,True,Q21
R_MK0021482,Subject selection,What helps decide which subjects to choose,Advise from career advisors,True,Q21
R_MK0021482,Subject selection,What helps decide which subjects to choose,What my friends are choosing,True,Q21
R_MK0022458,Subject selection,What helps decide which subjects to choose,Subjects I need for a future job,True,Q21
R_MK0022458,Subject selection,What helps decide which subjects to choose,Advise from my family,True,Q21
R_MK0022458,Subject selection,What helps decide which subjects to choose,Role models or people I know in STEM,True,Q21
R_MK0022458,Subject selection,What helps decide which subjects to choose,Other (please specfiy),True,Q21
R_MK0023977,Subject selection,What helps decide which subjects to choose,Advise from teachers,True,Q21
R_MK0023977,Subject selection,What helps decide which subjects to choose,STEM activities/ programs as mentioned in previous questions,True,Q21
R_MK0024720,Subject selection,What helps decide which subjects to choose,Subjects I need for a future job,True,Q21
R_MK0024720,Subject selection,What helps decide which subjects to choose,Role models or people I know in STEM,True,Q21
R_MK0024720,Subject selection,What helps decide which subjects to choose,Other (please specfiy),True,Q21
R_MK0025500,Subject selection,What helps decide which subjects to choose,Advise from career advisors,True,Q21
R_MK0025500,Subject selection,What helps decide which subjects to choose,What my friends are choosing,True,Q21
R_MK0025500,Subject selection,What helps decide which subjects to choose,STEM activities/ programs as mentioned in previous questions,True,Q21
R_MK0026571,Subject selection,What helps decide which subjects to choose,Advise from career advisors,True,Q21
R_MK0026571,Subject selection,What helps decide which subjects to choose,Other (please specfiy),True,Q21
R_MK0028258,Subject selection,What helps decide which subjects to choose,Subjects I need for a future job,True,Q21
R_MK0028258,Subject selection,What helps decide which subjects to choose,Advise from career advisors,True,Q21
R_MK0028258,Subject selection,What helps decide which subjects to choose,What my friends are choosing,True,Q21
R_MK0028258,Subject selection,What helps decide which subjects to choose,STEM activities/ programs as mentioned in previous questions,True,Q21
R_MK0030633,Subject selection,What helps decide which subjects to choose,Subjects I enjoy,True,Q21
R_MK0030633,Subject selection,What helps decide which subjects to choose,Subjects I am good at,True,Q21
R_MK0030633,Subject selection,What helps decide which subjects to choose,STEM activities/ programs as mentioned in previous questions,True,Q21
R_MK0031816,Subject selection,What helps decide which subjects to choose,STEM activities/ programs as mentioned in previous questions,True,Q21
R_MK0033998,Subject selection,What helps decide which subjects to choose,Subjects I am good at,True,Q21
R_MK0033998,Subject selection,What helps decide which subjects to choose,Subjects I need for a future job,True,Q21
R_MK0033998,Subject selection,What helps decide which subjects to choose,Role models or people I know in STEM,True,Q21
R_MK0035805,Subject selection,What helps decide which subjects to choose,Subjects I enjoy,True,Q21
R_MK0035805,Subject selection,What helps decide which subjects to choose,What my friends are choosing,True,Q21
R_MK0035805,Subject selection,What helps decide which subjects to choose,Advise from my family,True,Q21
R_MK0035805,Subject selection,What helps decide which subjects to choose,Role models or people I know in STEM,True,Q21
R_MK0040419,Subject selection,What helps decide which subjects to choose,Subjects I enjoy,True,Q21
R_MK0040419,Subject selection,What helps decide which subjects to choose,Subjects I am good at,True,Q21
R_MK0040419,Subject selection,What helps decide which subjects to choose,Subjects I need for a future job,True,Q21
R_MK0040419,Subject selection,What helps decide which subjects to choose,Advise from teachers,True,Q21
R_MK0040419,Subject selection,What helps decide which subjects to choose,What my friends are choosing,True,Q21
R_MK0040419,Subject selection,What helps decide which subjects to choose,Role models or people I know in STEM,True,Q21
R_MK0042213,Subject selection,What helps decide which subjects to choose,Subjects I enjoy,True,Q21
R_MK0042213,Subject selection,What helps decide which subjects to choose,Subjects I am good at,True,Q21
R_MK0042213,Subject selection,What helps decide which subjects to choose,Advise from teachers,True,Q21
R_MK0042213,Subject selection,What helps decide which subjects to choose,Advise from my family,True,Q21
R_MK0043282,Subject selection,What helps decide which subjects to choose,Subjects I need for a future job,True,Q21
R_MK0043282,Subject selection,What helps decide which subjects to choose,Advise from my family,True,Q21
R_MK0043282,Subject selection,What helps decide which subjects to choose,Role models or people I know in STEM,True,Q21
R_MK0043282,Subject selection,What helps decide which subjects to choose,STEM activities/ programs as mentioned in previous questions,True,Q21
R_MK0044213,Subject selection,What helps decide which subjects to choose,Subjects I enjoy,True,Q21
R_MK0044213,Subject selection,What helps decide which subjects to choose,Subjects I am good at,True,Q21
R_MK0044213,Subject selection,What helps decide which subjects to choose,Subjects I need for a future job,True,Q21
R_MK0044213,Subject selection,What helps decide which subjects to choose,Advise from teachers,True,Q21
R_MK0045654,Subject selection,What helps decide which subjects to choose,Subjects I need for a future job,True,Q21
R_MK0045654,Subject selection,What helps decide which subjects to choose,Advise from career advisors,True,Q21
R_MK0045654,Subject selection,What helps decide which subjects to choose,Advise from teachers,True,Q21
R_MK0045654,Subject selection,What helps decide which subjects to choose,Advise from my family,True,Q21
R_MK0045654,Subject selection,What helps decide which subjects to choose,Role models or people I know in STEM,True,Q21
R_MK0045654,Subject selection,What helps decide which subjects to choose,STEM activities/ programs as mentioned in previous questions,True,Q21
R_MK0046112,Subject selection,What helps decide which subjects to choose,Subjects I enjoy,True,Q21
R_MK0046112,Subject selection,What helps decide which subjects to choose,Advise from career advisors,True,Q21
R_MK0046112,Subject selection,What helps decide which subjects to choose,What my friends are choosing,True,Q21
R_MK0046112,Subject selection,What helps decide which subjects to choose,Advise from my family,True,Q21
R_MK0046112,Subject selection,What helps decide which subjects to choose,Role models or people I know in STEM,True,Q21
R_MK0047577,Subject selection,What helps decide which subjects to choose,Subjects I enjoy,True,Q21
R_MK0047577,Subject selection,What helps decide which subjects to choose,Advise from teachers,True,Q21
R_MK0048957,Subject selection,What helps decide which subjects to choose,Subjects I enjoy,True,Q21
R_MK0048957,Subject selection,What helps decide which subjects to choose,Subjects I am good at,True,Q21
R_MK0048957,Subject selection,What helps decide which subjects to choose,Advise from career advisors,True,Q21
R_MK0048957,Subject selection,What helps decide which subjects to choose,What my friends are choosing,True,Q21
R_MK0048957,Subject selection,What helps decide which subjects to choose,Other (please specfiy),True,Q21
R_MK0049860,Subject selection,What helps decide which subjects to choose,Subjects I enjoy,True,Q21
R_MK0049860,Subject selection,What helps decide which subjects to choose,Subjects I need for a future job,True,Q21
R_MK0049860,Subject selection,What helps decide which subjects to choose,Role models or people I know in STEM,True,Q21
R_MK0049860,Subject selection,What helps decide which subjects to choose,Other (please specfiy),True,Q21
R_MK0050307,Subject selection,What helps decide which subjects to choose,Subjects I enjoy,True,Q21
R_MK0050307,Subject selection,What helps decide which subjects to choose,Subjects I am good at,True,Q21
R_MK0050307,Subject selection,What helps decide which subjects to choose,Subjects I need for a future job,True,Q21
R_MK0050307,Subject selection,What helps decide which subjects to choose,What my friends are choosing,True,Q21
R_MK0051679,Subject selection,What helps decide which subjects to choose,Subjects I enjoy,True,Q21
R_MK0051679,Subject selection,What helps decide which subjects to choose,Subjects I need for a future job,True,Q21
R_MK0051679,Subject selection,What helps decide which subjects to choose,Advise from teachers,True,Q21
R_MK0051679,Subject selection,What helps decide which subjects to choose,What my friends are choosing,True,Q21
R_MK0051679,Subject selection,What helps decide which subjects to choose,Role models or people I know in STEM,True,Q21
R_MK0051679,Subject selection,What helps decide which subjects to choose,Other (please specfiy),True,Q21
R_MK0054499,Subject selection,What helps decide which subjects to choose,Subjects I enjoy,True,Q21
R_MK0054499,Subject selection,What helps decide which subjects to choose,Subjects I need for a future job,True,Q21
R_MK0054499,Subject selection,What helps decide which subjects to choose,Advise from career advisors,True,Q21
R_MK0054499,Subject selection,What helps decide which subjects to choose,Advise from my family,True,Q21
R_MK0054499,Subject selection,What helps decide which subjects to choose,Role models or people I know in STEM,True,Q21
R_MK0054499,Subject selection,What helps decide which subjects to choose,STEM activities/ programs as mentioned in previous questions,True,Q21
R_MK0055692,Subject selection,What helps decide which subjects to choose,What my friends are choosing,True,Q21
R_MK0056412,Subject selection,What helps decide which subjects to choose,Advise from career advisors,True,Q21
R_MK0056412,Subject selection,What helps decide which subjects to choose,Advise from teachers,True,Q21
R_MK0056412,Subject selection,What helps decide which subjects to choose,STEM activities/ programs as mentioned in previous questions,True,Q21
R_MK0059350,Subject selection,What helps decide which subjects to choose,What my friends are choosing,True,Q21
R_MK0059350,Subject selection,What helps decide which subjects to choose,Advise from my family,True,Q21
R_MK0059350,Subject selection,What helps decide which subjects to choose,STEM activities/ programs as mentioned in previous questions,True,Q21
R_MK0060505,Subject selection,What helps decide which subjects to choose,Subjects I am good at,True,Q21
R_MK0060505,Subject selection,What helps decide which subjects to choose,Subjects I need for a future job,True,Q21
R_MK0060505,Subject selection,What helps decide which subjects to choose,Advise from teachers,True,Q21
R_MK0060505,Subject selection,What helps decide which subjects to choose,Advise from my family,True,Q21
R_MK0061473,Subject selection,What helps decide which subjects to choose,Subjects I need for a future job,True,Q21
R_MK0061473,Subject selection,What helps decide which subjects to choose,Advise from teachers,True,Q21
R_MK0061473,Subject selection,What helps decide which subjects to choose,What my friends are choosing,True,Q21
R_MK0061473,Subject selection,What helps decide which subjects to choose,Other (please specfiy),True,Q21
R_MK0062875,Subject selection,What helps decide which subjects to choose,Subjects I enjoy,True,Q21
R_MK0062875,Subject selection,What helps decide which subjects to choose,Subjects I need for a future job,True,Q21
R_MK0062875,Subject selection,What helps decide which subjects to choose,Role models or people I know in STEM,True,Q21
R_MK0063584,Subject selection,What helps decide which subjects to choose,Subjects I need for a future job,True,Q21
R_MK0063584,Subject selection,What helps decide which subjects to choose,Advise from career advisors,True,Q21
R_MK0063584,Subject selection,What helps decide which subjects to choose,STEM activities/ programs as mentioned in previous questions,True,Q21
R_MK0064579,Subject selection,What helps decide which subjects to choose,Advise from teachers,True,Q21
R_MK0064579,Subject selection,What helps decide which subjects to choose,Role models or people I know in STEM,True,Q21
R_MK0064579,Subject selection,What helps decide which subjects to choose,STEM activities/ programs as mentioned in previous questions,True,Q21
R_MK0065610,Subject selection,What helps decide which subjects to choose,Advise from career advisors,True,Q21
R_MK0065610,Subject selection,What helps decide which subjects to choose,Role models or people I know in STEM,True,Q21
R_MK0066620,Subject selection,What helps decide which subjects to choose,Subjects I am good at,True,Q21
R_MK0066620,Subject selection,What helps decide which subjects to choose,Advise from career advisors,True,Q21
R_MK0066620,Subject selection,What helps decide which subjects to choose,Advise from my family,True,Q21
R_MK0066620,Subject selection,What helps decide which subjects to choose,Role models or people I know in STEM,True,Q21
R_MK0066620,Subject selection,What helps decide which subjects to choose,STEM activities/ programs as mentioned in previous questions,True,Q21
R_MK0066620,Subject selection,What helps decide which subjects to choose,Other (please specfiy),True,Q21
R_MK0067929,Subject selection,What helps decide which subjects to choose,Subjects I need for a future job,True,Q21
R_MK0067929,Subject selection,What helps decide which subjects to choose,What my friends are choosing,True,Q21
R_MK0069886,Subject selection,What helps decide which subjects to choose,Advise from teachers,True,Q21
R_MK0069886,Subject selection,What helps decide which subjects to choose,STEM activities/ programs as mentioned in previous questions,True,Q21
R_MK0070552,Subject selection,What helps decide which subjects to choose,Subjects I am good at,True,Q21
R_MK0070552,Subject selection,What helps decide which subjects to choose,Advise from my family,True,Q21
R_MK0070552,Subject selection,What helps decide which subjects to choose,STEM activities/ programs as mentioned in previous questions,True,Q21
R_MK0071406,Subject selection,What helps decide which subjects to choose,Subjects I am good at,True,Q21
R_MK0071406,Subject selection,What helps decide which subjects to choose,Subjects I need for a future job,True,Q21
R_MK0071406,Subject selection,What helps decide which subjects to choose,Other (please specfiy),True,Q21
R_MK0074143,Subject selection,What helps decide which subjects to choose,Advise from career advisors,True,Q21
R_MK0074143,Subject selection,What helps decide which subjects to choose,What my friends are choosing,True,Q21
R_MK0074143,Subject selection,What helps decide which subjects to choose,Advise from my family,True,Q21
R_MK0074143,Subject selection,What helps decide which subjects to choose,Other (please specfiy),True,Q21
R_MK0075767,Subject selection,What helps decide which subjects to choose,Subjects I need for a future job,True,Q21
R_MK0075767,Subject selection,What helps decide which subjects to choose,Advise from career advisors,True,Q21
R_MK0075767,Subject selection,What helps decide which subjects to choose,Other (please specfiy),True,Q21
R_MK0076765,Subject selection,What helps decide which subjects to choose,Advise from career advisors,True,Q21
R_MK0076765,Subject selection,What helps decide which subjects to choose,STEM activities/ programs as mentioned in previous questions,True,Q21
R_MK0079582,Subject selection,What helps decide which subjects to choose,Subjects I enjoy,True,Q21
R_MK0079582,Subject selection,What helps decide which subjects to choose,Subjects I am good at,True,Q21
R_MK0079582,Subject selection,What helps decide which subjects to choose,Advise from career advisors,True,Q21
R_MK0079582,Subject selection,What helps decide which subjects to choose,Advise from my family,True,Q21
R_MK0080425,Subject selection,What helps decide which subjects to choose,Subjects I enjoy,True,Q21
R_MK0080425,Subject selection,What helps decide which subjects to choose,Subjects I am good at,True,Q21
R_MK0080425,Subject selection,What helps decide which subjects to choose,Role models or people I know in STEM,True,Q21
R_MK0081132,Subject selection,What helps decide which subjects to choose,Subjects I enjoy,True,Q21
R_MK0081132,Subject selection,What helps decide which subjects to choose,Subjects I am good at,True,Q21
R_MK0081132,Subject selection,What helps decide which subjects to choose,Subjects I need for a future job,True,Q21
R_MK0081132,Subject selection,What helps decide which subjects to choose,Advise from teachers,True,Q21
R_MK0081132,Subject selection,What helps decide which subjects to choose,Other (please specfiy),True,Q21
R_MK0082408,Subject selection,What helps decide which subjects to choose,Subjects I am good at,True,Q21
R_MK0082408,Subject selection,What helps decide which subjects to choose,Advise from career advisors,True,Q21
R_MK0084432,Subject selection,What helps decide which subjects to choose,Advise from career advisors,True,Q21
R_MK0084432,Subject selection,What helps decide which subjects to choose,Advise from my family,True,Q21
R_MK0084432,Subject selection,What helps decide which subjects to choose,Other (please specfiy),True,Q21
R_MK0087249,Subject selection,What helps decide which subjects to choose,Subjects I need for a future job,True,Q21
R_MK0087249,Subject selection,What helps decide which subjects to choose,Role models or people I know in STEM,True,Q21
R_MK0087249,Subject selection,What helps decide which subjects to choose,Other (please specfiy),True,Q21
R_MK0088108,Subject selection,What helps decide which subjects to choose,What my friends are choosing,True,Q21
R_MK0088108,Subject selection,What helps decide which subjects to choose,Advise from my family,True,Q21
R_MK0088108,Subject selection,What helps decide which subjects to choose,Role models or people I know in STEM,True,Q21
R_MK0088108,Subject selection,What helps decide which subjects to choose,Other (please specfiy),True,Q21
R_MK0089171,Subject selection,What helps decide which subjects to choose,STEM activities/ programs as mentioned in previous questions,True,Q21
R_MK0090543,Subject selection,What helps decide which subjects to choose,Subjects I need for a future job,True,Q21
R_MK0090543,Subject selection,What helps decide which subjects to choose,Advise from career advisors,True,Q21
R_MK0090543,Subject selection,What helps decide which subjects to choose,What my friends are choosing,True,Q21
R_MK0090543,Subject selection,What helps decide which subjects to choose,Advise from my family,True,Q21
R_MK0090543,Subject selection,What helps decide which subjects to choose,Role models or people I know in STEM,True,Q21
R_MK0090543,Subject selection,What helps decide which subjects to choose,Other (please specfiy),True,Q21
R_MK0091576,Subject selection,What helps decide which subjects to choose,Subjects I need for a future job,True,Q21
R_MK0091576,Subject selection,What helps decide which subjects to choose,Advise from teachers,True,Q21
R_MK0091576,Subject selection,What helps decide which subjects to choose,Advise from my family,True,Q21
R_MK0091576,Subject selection,What helps decide which subjects to choose,STEM activities/ programs as mentioned in previous questions,True,Q21
R_MK0091576,Subject selection,What helps decide which subjects to choose,Other (please specfiy),True,Q21
R_MK0092239,Subject selection,What helps decide which subjects to choose,Advise from teachers,True,Q21
R_MK0092239,Subject selection,What helps decide which subjects to choose,What my friends are choosing,True,Q21
R_MK0092239,Subject selection,What helps decide which subjects to choose,Advise from my family,True,Q21
R_MK0092239,Subject selection,What helps decide which subjects to choose,Role models or people I know in STEM,True,Q21
R_MK0095688,Subject selection,What helps decide which subjects to choose,Subjects I enjoy,True,Q21
R_MK0095688,Subject selection,What helps decide which subjects to choose,Role models or people I know in STEM,True,Q21
R_MK0097674,Subject selection,What helps decide which subjects to choose,Subjects I need for a future job,True,Q21
R_MK0097674,Subject selection,What helps decide which subjects to choose,What my friends are choosing,True,Q21
R_MK0097674,Subject selection,What helps decide which subjects to choose,Advise from my family,True,Q21
R_MK0097674,Subject selection,What helps decide which subjects to choose,Other (please specfiy),True,Q21
R_MK0099227,Subject selection,What helps decide which subjects to choose,Subjects I enjoy,True,Q21
R_MK0099227,Subject selection,What helps decide which subjects to choose,Subjects I need for a future job,True,Q21
R_MK0099227,Subject selection,What helps decide which subjects to choose,Advise from career advisors,True,Q21
R_MK0099227,Subject selection,What helps decide which subjects to choose,Advise from my family,True,Q21
R_MK0099227,Subject selection,What helps decide which subjects to choose,Other (please specfiy),True,Q21
R_MK0100914,Subject selection,What helps decide which subjects to choose,Advise from my family,True,Q21
R_MK0100914,Subject selection,What helps decide which subjects to choose,Other (please specfiy),True,Q21
R_MK0101816,Subject selection,What helps decide which subjects to choose,Subjects I enjoy,True,Q21
R_MK0101816,Subject selection,What helps decide which subjects to choose,Advise from career advisors,True,Q21
R_MK0102866,Subject selection,What helps decide which subjects to choose,Subjects I enjoy,True,Q21
R_MK0102866,Subject selection,What helps decide which subjects to choose,Subjects I am good at,True,Q21
R_MK0102866,Subject selection,What helps decide which subjects to choose,Subjects I need for a future job,True,Q21
R_MK0102866,Subject selection,What helps decide which subjects to choose,Advise from teachers,True,Q21
R_MK0104469,Subject selection,What helps decide which subjects to choose,Subjects I am good at,True,Q21
R_MK0104469,Subject selection,What helps decide which subjects to choose,STEM activities/ programs as mentioned in previous questions,True,Q21
R_MK0106951,Subject selection,What helps decide which subjects to choose,Subjects I enjoy,True,Q21
R_MK0106951,Subject selection,What helps decide which subjects to choose,Subjects I am good at,True,Q21
R_MK0106951,Subject selection,What helps decide which subjects to choose,Role models or people I know in STEM,True,Q21
R_MK0106951,Subject selection,What helps decide which subjects to choose,STEM activities/ programs as mentioned in previous questions,True,Q21
R_MK0106951,Subject selection,What helps decide which subjects to choose,Other (please specfiy),True,Q21
R_MK0108530,Subject selection,What helps decide which subjects to choose,Subjects I enjoy,True,Q21
R_MK0108530,Subject selection,What helps decide which subjects to choose,Subjects I need for a future job,True,Q21
R_MK0108530,Subject selection,What helps decide which subjects to choose,Role models or people I know in STEM,True,Q21
R_MK0110138,Subject selection,What helps decide which subjects to choose,Advise from career advisors,True,Q21
R_MK0110138,Subject selection,What helps decide which subjects to choose,Advise from teachers,True,Q21
R_MK0110138,Subject selection,What helps decide which subjects to choose,What my friends are choosing,True,Q21
R_MK0110138,Subject selection,What helps decide which subjects to choose,Advise from my family,True,Q21
R_MK0110138,Subject selection,What helps decide which subjects to choose,STEM activities/ programs as mentioned in previous questions,True,Q21
R_MK0111137,Subject selection,What helps decide which subjects to choose,Subjects I enjoy,True,Q21
R_MK0111137,Subject selection,What helps decide which subjects to choose,Advise from my family,True,Q21
R_MK0111137,Subject selection,What helps decide which subjects to choose,STEM activities/ programs as mentioned in previous questions,True,Q21
R_MK0111137,Subject selection,What helps decide which subjects to choose,Other (please specfiy),True,Q21
R_MK0112381,Subject selection,What helps decide which subjects to choose,Advise from career advisors,True,Q21
R_MK0112381,Subject selection,What helps decide which subjects to choose,Advise from my family,True,Q21
R_MK0112381,Subject selection,What helps decide which subjects to choose,Role models or people I know in STEM,True,Q21
R_MK0113434,Subject selection,What helps decide which subjects to choose,Advise from teachers,True,Q21
R_MK0116277,Subject selection,What helps decide which subjects to choose,Advise from teachers,True,Q21
R_MK0116277,Subject selection,What helps decide which subjects to choose,What my friends are choosing,True,Q21
R_MK0116277,Subject selection,What helps decide which subjects to choose,Other (please specfiy),True,Q21
R_MK0118601,Subject selection,What helps decide which subjects to choose,Subjects I need for a future job,True,Q21
R_MK0118601,Subject selection,What helps decide which subjects to choose,Advise from teachers,True,Q21
R_MK0119688,Subject selection,What helps decide which subjects to choose,Subjects I enjoy,True,Q21
R_MK0119688,Subject selection,What helps decide which subjects to choose,Subjects I am good at,True,Q21
R_MK0119688,Subject selection,What helps decide which subjects to choose,Advise from teachers,True,Q21
R_MK0119688,Subject selection,What helps decide which subjects to choose,Role models or people I know in STEM,True,Q21
R_MK0119688,Subject selection,What helps decide which subjects to choose,STEM activities/ programs as mentioned in previous questions,True,Q21
R_MK0119688,Subject selection,What helps decide which subjects to choose,Other (please specfiy),True,Q21
R_MK0121297,Subject selection,What helps decide which subjects to choose,Subjects I am good at,True,Q21
R_MK0121297,Subject selection,What helps decide which subjects to choose,STEM activities/ programs as mentioned in previous questions,True,Q21
R_MK0122334,Subject selection,What helps decide which subjects to choose,Subjects I enjoy,True,Q21
R_MK0122334,Subject selection,What helps decide which subjects to choose,Advise from career advisors,True,Q21
R_MK0122334,Subject selection,What helps decide which subjects to choose,Advise from my family,True,Q21
R_MK0123776,Subject selection,What helps decide which subjects to choose,Advise from career advisors,True,Q21
R_MK0123776,Subject selection,What helps decide which subjects to choose,Other (please specfiy),True,Q21
R_MK0125621,Subject selection,What helps decide which subjects to choose,Subjects I am good at,True,Q21
R_MK0125621,Subject selection,What helps decide which subjects to choose,Advise from teachers,True,Q21
R_MK0125621,Subject selection,What helps decide which subjects to choose,What my friends are choosing,True,Q21
R_MK0126126,Subject selection,What helps decide which subjects to choose,Subjects I am good at,True,Q21
R_MK0126126,Subject selection,What helps decide which subjects to choose,Subjects I need for a future job,True,Q21
R_MK0126126,Subject selection,What helps decide which subjects to choose,Advise from career advisors,True,Q21
R_MK0126126,Subject selection,What helps decide which subjects to choose,Advise from teachers,True,Q21
R_MK0126126,Subject selection,What helps decide which subjects to choose,Advise from my family,True,Q21
R_MK0126126,Subject selection,What helps decide which subjects to choose,STEM activities/ programs as mentioned in previous questions,True,Q21
R_MK0128312,Subject selection,What helps decide which subjects to choose,Subjects I need for a future job,True,Q21
R_MK0128312,Subject selection,What helps decide which subjects to choose,Advise from teachers,True,Q21
R_MK0128312,Subject selection,What helps decide which subjects to choose,What my friends are choosing,True,Q21
R_MK0129652,Subject selection,What helps decide which subjects to choose,Advise from teachers,True,Q21
R_MK0129652,Subject selection,What helps decide which subjects to choose,Role models or people I know in STEM,True,Q21
R_MK0129652,Subject selection,What helps decide which subjects to choose,STEM activities/ programs as mentioned in previous questions,True,Q21
R_MK0130784,Subject selection,What helps decide which subjects to choose,Advise from career advisors,True,Q21
R_MK0131904,Subject selection,What helps decide which subjects to choose,Subjects I enjoy,True,Q21
R_MK0131904,Subject selection,What helps decide which subjects to choose,Advise from career advisors,True,Q21
R_MK0131904,Subject selection,What helps decide which subjects to choose,What my friends are choosing,True,Q21
R_MK0131904,Subject selection,What helps decide which subjects to choose,Advise from my family,True,Q21
R_MK0131904,Subject selection,What helps decide which subjects to choose,Role models or people I know in STEM,True,Q21
R_MK0132200,Subject selection,What helps decide which subjects to choose,Advise from teachers,True,Q21
R_MK0132200,Subject selection,What helps decide which subjects to choose,What my friends are choosing,True,Q21
R_MK0132200,Subject selection,What helps decide which subjects to choose,Other (please specfiy),True,Q21
R_MK0133162,Subject selection,What helps decide which subjects to choose,Advise from career advisors,True,Q21
R_MK0133162,Subject selection,What helps decide which subjects to choose,What my friends are choosing,True,Q21
R_MK0133162,Subject selection,What helps decide which subjects to choose,Role models or people I know in STEM,True,Q21
R_MK0133162,Subject selection,What helps decide which subjects to choose,STEM activities/ programs as mentioned in previous questions,True,Q21
R_MK0134540,Subject selection,What helps decide which subjects to choose,What my friends are choosing,True,Q21
R_MK0134540,Subject selection,What helps decide which subjects to choose,STEM activities/ programs as mentioned in previous questions,True,Q21
R_MK0134540,Subject selection,What helps decide which subjects to choose,Other (please specfiy),True,Q21
R_MK0135905,Subject selection,What helps decide which subjects to choose,Subjects I enjoy,True,Q21
R_MK0135905,Subject selection,What helps decide which subjects to choose,Subjects I am good at,True,Q21
R_MK0135905,Subject selection,What helps decide which subjects to choose,Advise from teachers,True,Q21
R_MK0135905,Subject selection,What helps decide which subjects to choose,Advise from my family,True,Q21
R_MK0139460,Subject selection,What helps decide which subjects to choose,Subjects I need for a future job,True,Q21
R_MK0139460,Subject selection,What helps decide which subjects to choose,Advise from career advisors,True,Q21
R_MK0139460,Subject selection,What helps decide which subjects to choose,STEM activities/ programs as mentioned in previous questions,True,Q21
R_MK0140452,Subject selection,What helps decide which subjects to choose,Subjects I enjoy,True,Q21
R_MK0140452,Subject selection,What helps decide which subjects to choose,Subjects I am good at,True,Q21
R_MK0140452,Subject selection,What helps decide which subjects to choose,What my friends are choosing,True,Q21
R_MK0140452,Subject selection,What helps decide which subjects to choose,Advise from my family,True,Q21
R_MK0145711,Subject selection,What helps decide which subjects to choose,Subjects I am good at,True,Q21
R_MK0145711,Subject selection,What helps decide which subjects to choose,Subjects I need for a future job,True,Q21
R_MK0145711,Subject selection,What helps decide which subjects to choose,Advise from my family,True,Q21
R_MK0146872,Subject selection,What helps decide which subjects to choose,Advise from career advisors,True,Q21
R_MK0146872,Subject selection,What helps decide which subjects to choose,Advise from my family,True,Q21
R_MK0148883,Subject selection,What helps decide which subjects to choose,Subjects I enjoy,True,Q21
R_MK0148883,Subject selection,What helps decide which subjects to choose,Advise from career advisors,True,Q21
R_MK0148883,Subject selection,What helps decide which subjects to choose,Advise from my family,True,Q21
R_MK0148883,Subject selection,What helps decide which subjects to choose,Role models or people I know in STEM,True,Q21
R_MK0148883,Subject selection,What helps decide which subjects to choose,Other (please specfiy),True,Q21
R_MK0149612,Subject selection,What helps decide which subjects to choose,Advise from career advisors,True,Q21
R_MK0149612,Subject selection,What helps decide which subjects to choose,Advise from teachers,True,Q21
R_MK0149612,Subject selection,What helps decide which subjects to choose,Advise from my family,True,Q21
R_MK0149612,Subject selection,What helps decide which subjects to choose,Role models or people I know in STEM,True,Q21
R_MK0149612,Subject selection,What helps decide which subjects to choose,Other (please specfiy),True,Q21
R_MK0151336,Subject selection,What helps decide which subjects to choose,Subjects I need for a future job,True,Q21
R_MK0151336,Subject selection,What helps decide which subjects to choose,What my friends are choosing,True,Q21
R_MK0151336,Subject selection,What helps decide which subjects to choose,Advise from my family,True,Q21
R_MK0151336,Subject selection,What helps decide which subjects to choose,Role models or people I know in STEM,True,Q21
R_MK0151336,Subject selection,What helps decide which subjects to choose,Other (please specfiy),True,Q21
R_MK0152384,Subject selection,What helps decide which subjects to choose,Subjects I enjoy,True,Q21
R_MK0152384,Subject selection,What helps decide which subjects to choose,Advise from career advisors,True,Q21
R_MK0152384,Subject selection,What helps decide which subjects to choose,STEM activities/ programs as mentioned in previous questions,True,Q21
R_MK0152384,Subject selection,What helps decide which subjects to choose,Other (please specfiy),True,Q21
R_MK0153565,Subject selection,What helps decide which subjects to choose,Subjects I am good at,True,Q21
R_MK0153565,Subject selection,What helps decide which subjects to choose,Advise from career advisors,True,Q21
R_MK0153565,Subject selection,What helps decide which subjects to choose,Advise from teachers,True,Q21
R_MK0153565,Subject selection,What helps decide which subjects to choose,STEM activities/ programs as mentioned in previous questions,True,Q21
R_MK0154754,Subject selection,What helps decide which subjects to choose,Subjects I enjoy,True,Q21
R_MK0154754,Subject selection,What helps decide which subjects to choose,Advise from teachers,True,Q21
R_MK0154754,Subject selection,What helps decide which subjects to choose,What my friends are choosing,True,Q21
R_MK0154754,Subject selection,What helps decide which subjects to choose,Advise from my family,True,Q21
R_MK0154754,Subject selection,What helps decide which subjects to choose,Other (please specfiy),True,Q21
R_MK0155619,Subject selection,What helps decide which subjects to choose,Subjects I enjoy,True,Q21
R_MK0155619,Subject selection,What helps decide which subjects to choose,Subjects I am good at,True,Q21
R_MK0155619,Subject selection,What helps decide which subjects to choose,What my friends are choosing,True,Q21
R_MK0155619,Subject selection,What helps decide which subjects to choose,Advise from my family,True,Q21
R_MK0155619,Subject selection,What helps decide which subjects to choose,STEM activities/ programs as mentioned in previous questions,True,Q21
R_MK0155619,Subject selection,What helps decide which subjects to choose,Other (please specfiy),True,Q21
R_MK0156966,Subject selection,What helps decide which subjects to choose,Other (please specfiy),True,Q21
R_MK0157937,Subject selection,What helps decide which subjects to choose,Subjects I need for a future job,True,Q21
R_MK0157937,Subject selection,What helps decide which subjects to choose,Advise from teachers,True,Q21
R_MK0157937,Subject selection,What helps decide which subjects to choose,What my friends are choosing,True,Q21
R_MK0157937,Subject selection,What helps decide which subjects to choose,STEM activities/ programs as mentioned in previous questions,True,Q21
R_MK0157937,Subject selection,What helps decide which subjects to choose,Other (please specfiy),True,Q21
R_MK0158474,Subject selection,What helps decide which subjects to choose,Subjects I enjoy,True,Q21
R_MK0158474,Subject selection,What helps decide which subjects to choose,Advise from career advisors,True,Q21
R_MK0158474,Subject selection,What helps decide which subjects to choose,Advise from teachers,True,Q21
R_MK0158474,Subject selection,What helps decide which subjects to choose,Advise from my family,True,Q21
R_MK0160733,Subject selection,What helps decide which subjects to choose,Subjects I need for a future job,True,Q21
R_MK0160733,Subject selection,What helps decide which subjects to choose,Role models or people I know in STEM,True,Q21
R_MK0160733,Subject selection,What helps decide which subjects to choose,STEM activities/ programs as mentioned in previous questions,True,Q21
R_MK0161254,Subject selection,What helps decide which subjects to choose,Subjects I enjoy,True,Q21
R_MK0161254,Subject selection,What helps decide which subjects to choose,Subjects I am good at,True,Q21
R_MK0161254,Subject selection,What helps decide which subjects to choose,Subjects I need for a future job,True,Q21
R_MK0161254,Subject selection,What helps decide which subjects to choose,Advise from teachers,True,Q21
R_MK0161254,Subject selection,What helps decide which subjects to choose,STEM activities/ programs as mentioned in previous questions,True,Q21
R_MK0162481,Subject selection,What helps decide which subjects to choose,Advise from career advisors,True,Q21
R_MK0163945,Subject selection,What helps decide which subjects to choose,Subjects I am good at,True,Q21
R_MK0163945,Subject selection,What helps decide which subjects to choose,Subjects I need for a future job,True,Q21
R_MK0163945,Subject selection,What helps decide which subjects to choose,Advise from teachers,True,Q21
R_MK0163945,Subject selection,What helps decide which subjects to choose,What my friends are choosing,True,Q21
R_MK0163945,Subject selection,What helps decide which subjects to choose,Advise from my family,True,Q21
R_MK0164227,Subject selection,What helps decide which subjects to choose,Advise from career advisors,True,Q21
R_MK0164227,Subject selection,What helps decide which subjects to choose,What my friends are choosing,True,Q21
R_MK0164227,Subject selection,What helps decide which subjects to choose,Advise from my family,True,Q21
R_MK0164227,Subject selection,What helps decide which subjects to choose,Role models or people I know in STEM,True,Q21
R_MK0164227,Subject selection,What helps decide which subjects to choose,Other (please specfiy),True,Q21
R_MK0165174,Subject selection,What helps decide which subjects to choose,Subjects I am good at,True,Q21
R_MK0165174,Subject selection,What helps decide which subjects to choose,STEM activities/ programs as mentioned in previous questions,True,Q21
R_MK0167637,Subject selection,What helps decide which subjects to choose,Subjects I enjoy,True,Q21
R_MK0167637,Subject selection,What helps decide which subjects to choose,Subjects I need for a future job,True,Q21
R_MK0167637,Subject selection,What helps decide which subjects to choose,Advise from career advisors,True,Q21
R_MK0167637,Subject selection,What helps decide which subjects to choose,Advise from teachers,True,Q21
R_MK0167637,Subject selection,What helps decide which subjects to choose,Advise from my family,True,Q21
R_MK0167637,Subject selection,What helps decide which subjects to choose,Other (please specfiy),True,Q21
R_MK0168775,Subject selection,What helps decide which subjects to choose,Subjects I am good at,True,Q21
R_MK0168775,Subject selection,What helps decide which subjects to choose,Advise from my family,True,Q21
R_MK0168775,Subject selection,What helps decide which subjects to choose,STEM activities/ programs as mentioned in previous questions,True,Q21
R_MK0168775,Subject selection,What helps decide which subjects to choose,Other (please specfiy),True,Q21
R_MK0169479,Subject selection,What helps decide which subjects to choose,Subjects I need for a future job,True,Q21
R_MK0169479,Subject selection,What helps decide which subjects to choose,STEM activities/ programs as mentioned in previous questions,True,Q21
R_MK0172371,Subject selection,What helps decide which subjects to choose,What my friends are choosing,True,Q21
R_MK0172371,Subject selection,What helps decide which subjects to choose,Role models or people I know in STEM,True,Q21
R_MK0172371,Subject selection,What helps decide which subjects to choose,STEM activities/ programs as mentioned in previous questions,True,Q21
R_MK0173150,Subject selection,What helps decide which subjects to choose,Subjects I enjoy,True,Q21
R_MK0173150,Subject selection,What helps decide which subjects to choose,Advise from teachers,True,Q21
R_MK0173150,Subject selection,What helps decide which subjects to choose,What my friends are choosing,True,Q21
R_MK0173150,Subject selection,What helps decide which subjects to choose,STEM activities/ programs as mentioned in previous questions,True,Q21
R_MK0174572,Subject selection,What helps decide which subjects to choose,Subjects I enjoy,True,Q21
R_MK0174572,Subject selection,What helps decide which subjects to choose,Subjects I need for a future job,True,Q21
R_MK0174572,Subject selection,What helps decide which subjects to choose,Advise from career advisors,True,Q21
R_MK0174572,Subject selection,What helps decide which subjects to choose,Advise from teachers,True,Q21
R_MK0176790,Subject selection,What helps decide which subjects to choose,Subjects I need for a future job,True,Q21
R_MK0176790,Subject selection,What helps decide which subjects to choose,Advise from my family,True,Q21
R_MK0176790,Subject selection,What helps decide which subjects to choose,STEM activities/ programs as mentioned in previous questions,True,Q21
R_MK0178316,Subject selection,What helps decide which subjects to choose,What my friends are choosing,True,Q21
R_MK0178316,Subject selection,What helps decide which subjects to choose,Role models or people I know in STEM,True,Q21
R_MK0178316,Subject selection,What helps decide which subjects to choose,STEM activities/ programs as mentioned in previous questions,True,Q21
R_MK0178316,Subject selection,What helps decide which subjects to choose,Other (please specfiy),True,Q21
R_MK0179159,Subject selection,What helps decide which subjects to choose,Subjects I am good at,True,Q21
R_MK0179159,Subject selection,What helps decide which subjects to choose,Subjects I need for a future job,True,Q21
R_MK0179159,Subject selection,What helps decide which subjects to choose,Advise from teachers,True,Q21
R_MK0000627,Subject selection,Why choosing STEM subjects feels hard (current students),I am not good at these subjects,True,Q22
R_MK0000627,Subject selection,Why choosing STEM subjects feels hard (current students),I do not feel encouraged to choose these subjects,True,Q22
R_MK0001988,Subject selection,Why choosing STEM subjects feels hard (current students),I feel those subjects are not for people like me,True,Q22
R_MK0003730,Subject selection,Why choosing STEM subjects feels hard (current students),I do not feel I am good enough at these subjects,True,Q22
R_MK0003730,Subject selection,Why choosing STEM subjects feels hard (current students),I do not feel encouraged to choose these subjects,True,Q22
R_MK0003730,Subject selection,Why choosing STEM subjects feels hard (current students),The behaviour of other students in the class would make it difficult for me to enjoy,True,Q22
R_MK0004719,Subject selection,Why choosing STEM subjects feels hard (current students),I am not good at these subjects,True,Q22
R_MK0004719,Subject selection,Why choosing STEM subjects feels hard (current students),I feel those subjects are not for people like me,True,Q22
R_MK0004719,Subject selection,Why choosing STEM subjects feels hard (current students),I do not feel encouraged to choose these subjects,True,Q22
R_MK0006905,Subject selection,Why choosing STEM subjects feels hard (current students),I do not enjoy those subjects,True,Q22
R_MK0007888,Subject selection,Why choosing STEM subjects feels hard (current students),I am not good at these subjects,True,Q22
R_MK0007888,Subject selection,Why choosing STEM subjects feels hard (current students),I do not feel I am good enough at these subjects,True,Q22
R_MK0008384,Subject selection,Why choosing STEM subjects feels hard (current students),I do not enjoy those subjects,True,Q22
R_MK0008384,Subject selection,Why choosing STEM subjects feels hard (current students),I feel those subjects are not for people like me,True,Q22
R_MK0008384,Subject selection,Why choosing STEM subjects feels hard (current students),The subjects that I am interested in are not available at my school,True,Q22
R_MK0010793,Subject selection,Why choosing STEM subjects feels hard (current students),I do not enjoy those subjects,True,Q22
R_MK0010793,Subject selection,Why choosing STEM subjects feels hard (current students),I am not good at these subjects,True,Q22
R_MK0010793,Subject selection,Why choosing STEM subjects feels hard (current students),The subjects that I am interested in are not available at my school,True,Q22
R_MK0012224,Subject selection,Why choosing STEM subjects feels hard (current students),I do not enjoy those subjects,True,Q22
R_MK0012224,Subject selection,Why choosing STEM subjects feels hard (current students),I feel those subjects are not for people like me,True,Q22
R_MK0013321,Subject selection,Why choosing STEM subjects feels hard (current students),I do not feel I am good enough at these subjects,True,Q22
R_MK0013321,Subject selection,Why choosing STEM subjects feels hard (current students),The subjects that I am interested in are not available at my school,True,Q22
R_MK0014269,Subject selection,Why choosing STEM subjects feels hard (current students),I am not good at these subjects,True,Q22
R_MK0014269,Subject selection,Why choosing STEM subjects feels hard (current students),I do not feel I am good enough at these subjects,True,Q22
R_MK0014269,Subject selection,Why choosing STEM subjects feels hard (current students),I do not feel encouraged to choose these subjects,True,Q22
R_MK0014269,Subject selection,Why choosing STEM subjects feels hard (current students),The subjects that I am interested in are not available at my school,True,Q22
R_MK0015367,Subject selection,Why choosing STEM subjects feels hard (current students),I do not enjoy those subjects,True,Q22
R_MK0015367,Subject selection,Why choosing STEM subjects feels hard (current students),I do not feel I am good enough at these subjects,True,Q22
R_MK0015367,Subject selection,Why choosing STEM subjects feels hard (current students),I do not feel encouraged to choose these subjects,True,Q22
R_MK0015367,Subject selection,Why choosing STEM subjects feels hard (current students),The behaviour of other students in the class would make it difficult for me to enjoy,True,Q22
R_MK0017754,Subject selection,Why choosing STEM subjects feels hard (current students),I do not feel I am good enough at these subjects,True,Q22
R_MK0018536,Subject selection,Why choosing STEM subjects feels hard (current students),I do not feel encouraged to choose these subjects,True,Q22
R_MK0018536,Subject selection,Why choosing STEM subjects feels hard (current students),The subjects that I am interested in are not available at my school,True,Q22
R_MK0019133,Subject selection,Why choosing STEM subjects feels hard (current students),I feel those subjects are not for people like me,True,Q22
R_MK0020431,Subject selection,Why choosing STEM subjects feels hard (current students),I do not enjoy those subjects,True,Q22
R_MK0021482,Subject selection,Why choosing STEM subjects feels hard (current students),I am not good at these subjects,True,Q22
R_MK0021482,Subject selection,Why choosing STEM subjects feels hard (current students),I do not feel I am good enough at these subjects,True,Q22
R_MK0021482,Subject selection,Why choosing STEM subjects feels hard (current students),I feel those subjects are not for people like me,True,Q22
R_MK0021482,Subject selection,Why choosing STEM subjects feels hard (current students),I do not feel encouraged to choose these subjects,True,Q22
R_MK0021482,Subject selection,Why choosing STEM subjects feels hard (current students),The behaviour of other students in the class would make it difficult for me to enjoy,True,Q22
R_MK0022458,Subject selection,Why choosing STEM subjects feels hard (current students),I do not feel I am good enough at these subjects,True,Q22
R_MK0022458,Subject selection,Why choosing STEM subjects feels hard (current students),I feel those subjects are not for people like me,True,Q22
R_MK0022458,Subject selection,Why choosing STEM subjects feels hard (current students),The subjects that I am interested in are not available at my school,True,Q22
R_MK0022458,Subject selection,Why choosing STEM subjects feels hard (current students),The behaviour of other students in the class would make it difficult for me to enjoy,True,Q22
R_MK0023977,Subject selection,Why choosing STEM subjects feels hard (current students),I do not enjoy those subjects,True,Q22
R_MK0023977,Subject selection,Why choosing STEM subjects feels hard (current students),I am not good at these subjects,True,Q22
R_MK0024720,Subject selection,Why choosing STEM subjects feels hard (current students),I do not enjoy those subjects,True,Q22
R_MK0024720,Subject selection,Why choosing STEM subjects feels hard (current students),I am not good at these subjects,True,Q22
R_MK0024720,Subject selection,Why choosing STEM subjects feels hard (current students),I do not feel encouraged to choose these subjects,True,Q22
R_MK0024720,Subject selection,Why choosing STEM subjects feels hard (current students),The subjects that I am interested in are not available at my school,True,Q22
R_MK0024720,Subject selection,Why choosing STEM subjects feels hard (current students),The behaviour of other students in the class would make it difficult for me to enjoy,True,Q22
R_MK0025500,Subject selection,Why choosing STEM subjects feels hard (current students),The behaviour of other students in the class would make it difficult for me to enjoy,True,Q22
R_MK0026571,Subject selection,Why choosing STEM subjects feels hard (current students),I do not enjoy those subjects,True,Q22
R_MK0026571,Subject selection,Why choosing STEM subjects feels hard (current students),I am not good at these subjects,True,Q22
R_MK0026571,Subject selection,Why choosing STEM subjects feels hard (current students),I do not feel I am good enough at these subjects,True,Q22
R_MK0028258,Subject selection,Why choosing STEM subjects feels hard (current students),I do not feel I am good enough at these subjects,True,Q22
R_MK0028258,Subject selection,Why choosing STEM subjects feels hard (current students),I feel those subjects are not for people like me,True,Q22
R_MK0031816,Subject selection,Why choosing STEM subjects feels hard (current students),I do not enjoy those subjects,True,Q22
R_MK0031816,Subject selection,Why choosing STEM subjects feels hard (current students),I am not good at these subjects,True,Q22
R_MK0031816,Subject selection,Why choosing STEM subjects feels hard (current students),The behaviour of other students in the class would make it difficult for me to enjoy,True,Q22
R_MK0033998,Subject selection,Why choosing STEM subjects feels hard (current students),I feel those subjects are not for people like me,True,Q22
R_MK0033998,Subject selection,Why choosing STEM subjects feels hard (current students),The subjects that I am interested in are not available at my school,True,Q22
R_MK0035805,Subject selection,Why choosing STEM subjects feels hard (current students),I feel those subjects are not for people like me,True,Q22
R_MK0038406,Subject selection,Why choosing STEM subjects feels hard (current students),I do not feel I am good enough at these subjects,True,Q22
R_MK0038406,Subject selection,Why choosing STEM subjects feels hard (current students),The behaviour of other students in the class would make it difficult for me to enjoy,True,Q22
R_MK0040419,Subject selection,Why choosing STEM subjects feels hard (current students),I do not enjoy those subjects,True,Q22
R_MK0040419,Subject selection,Why choosing STEM subjects feels hard (current students),I feel those subjects are not for people like me,True,Q22
R_MK0041486,Subject selection,Why choosing STEM subjects feels hard (current students),I do not enjoy those subjects,True,Q22
R_MK0041486,Subject selection,Why choosing STEM subjects feels hard (current students),I do not feel encouraged to choose these subjects,True,Q22
R_MK0041486,Subject selection,Why choosing STEM subjects feels hard (current students),The subjects that I am interested in are not available at my school,True,Q22
R_MK0042213,Subject selection,Why choosing STEM subjects feels hard (current students),I am not good at these subjects,True,Q22
R_MK0042213,Subject selection,Why choosing STEM subjects feels hard (current students),I feel those subjects are not for people like me,True,Q22
R_MK0042213,Subject selection,Why choosing STEM subjects feels hard (current students),I do not feel encouraged to choose these subjects,True,Q22
R_MK0042213,Subject selection,Why choosing STEM subjects feels hard (current students),The subjects that I am interested in are not available at my school,True,Q22
R_MK0043282,Subject selection,Why choosing STEM subjects feels hard (current students),I do not enjoy those subjects,True,Q22
R_MK0043282,Subject selection,Why choosing STEM subjects feels hard (current students),The subjects that I am interested in are not available at my school,True,Q22
R_MK0044213,Subject selection,Why choosing STEM subjects feels hard (current students),I feel those subjects are not for people like me,True,Q22
R_MK0045654,Subject selection,Why choosing STEM subjects feels hard (current students),I do not enjoy those subjects,True,Q22
R_MK0045654,Subject selection,Why choosing STEM subjects feels hard (current students),I am not good at these subjects,True,Q22
R_MK0045654,Subject selection,Why choosing STEM subjects feels hard (current students),I do not feel encouraged to choose these subjects,True,Q22
R_MK0045654,Subject selection,Why choosing STEM subjects feels hard (current students),The behaviour of other students in the class would make it difficult for me to enjoy,True,Q22
R_MK0046112,Subject selection,Why choosing STEM subjects feels hard (current students),I do not enjoy those subjects,True,Q22
R_MK0046112,Subject selection,Why choosing STEM subjects feels hard (current students),I am not good at these subjects,True,Q22
R_MK0046112,Subject selection,Why choosing STEM subjects feels hard (current students),The subjects that I am interested in are not available at my school,True,Q22
R_MK0047577,Subject selection,Why choosing STEM subjects feels hard (current students),I do not feel I am good enough at these subjects,True,Q22
R_MK0047577,Subject selection,Why choosing STEM subjects feels hard (current students),I feel those subjects are not for people like me,True,Q22
R_MK0048957,Subject selection,Why choosing STEM subjects feels hard (current students),I do not feel I am good enough at these subjects,True,Q22
R_MK0049860,Subject selection,Why choosing STEM subjects feels hard (current students),I do not enjoy those subjects,True,Q22
R_MK0049860,Subject selection,Why choosing STEM subjects feels hard (current students),The behaviour of other students in the class would make it difficult for me to enjoy,True,Q22
R_MK0050307,Subject selection,Why choosing STEM subjects feels hard (current students),I do not feel I am good enough at these subjects,True,Q22
R_MK0051679,Subject selection,Why choosing STEM subjects feels hard (current students),I do not feel encouraged to choose these subjects,True,Q22
R_MK0051679,Subject selection,Why choosing STEM subjects feels hard (current students),The subjects that I am interested in are not available at my school,True,Q22
R_MK0051679,Subject selection,Why choosing STEM subjects feels hard (current students),The behaviour of other students in the class would make it difficult for me to enjoy,True,Q22
R_MK0052370,Subject selection,Why choosing STEM subjects feels hard (current students),I am not good at these subjects,True,Q22
R_MK0052370,Subject selection,Why choosing STEM subjects feels hard (current students),I feel those subjects are not for people like me,True,Q22
R_MK0052370,Subject selection,Why choosing STEM subjects feels hard (current students),I do not feel encouraged to choose these subjects,True,Q22
R_MK0052370,Subject selection,Why choosing STEM subjects feels hard (current students),The behaviour of other students in the class would make it difficult for me to enjoy,True,Q22
R_MK0054499,Subject selection,Why choosing STEM subjects feels hard (current students),The subjects that I am interested in are not available at my school,True,Q22
R_MK0055692,Subject selection,Why choosing STEM subjects feels hard (current students),I do not feel I am good enough at these subjects,True,Q22
R_MK0055692,Subject selection,Why choosing STEM subjects feels hard (current students),The behaviour of other students in the class would make it difficult for me to enjoy,True,Q22
R_MK0056412,Subject selection,Why choosing STEM subjects feels hard (current students),The subjects that I am interested in are not available at my school,True,Q22
R_MK0056412,Subject selection,Why choosing STEM subjects feels hard (current students),The behaviour of other students in the class would make it difficult for me to enjoy,True,Q22
R_MK0057690,Subject selection,Why choosing STEM subjects feels hard (current students),The behaviour of other students in the class would make it difficult for me to enjoy,True,Q22
R_MK0059350,Subject selection,Why choosing STEM subjects feels hard (current students),I do not feel I am good enough at these subjects,True,Q22
R_MK0059350,Subject selection,Why choosing STEM subjects feels hard (current students),The subjects that I am interested in are not available at my school,True,Q22
R_MK0061473,Subject selection,Why choosing STEM subjects feels hard (current students),I am not good at these subjects,True,Q22
R_MK0061473,Subject selection,Why choosing STEM subjects feels hard (current students),The subjects that I am interested in are not available at my school,True,Q22
R_MK0062875,Subject selection,Why choosing STEM subjects feels hard (current students),I do not enjoy those subjects,True,Q22
R_MK0062875,Subject selection,Why choosing STEM subjects feels hard (current students),I am not good at these subjects,True,Q22
R_MK0062875,Subject selection,Why choosing STEM subjects feels hard (current students),I do not feel I am good enough at these subjects,True,Q22
R_MK0062875,Subject selection,Why choosing STEM subjects feels hard (current students),I feel those subjects are not for people like me,True,Q22
R_MK0062875,Subject selection,Why choosing STEM subjects feels hard (current students),I do not feel encouraged to choose these subjects,True,Q22
R_MK0063584,Subject selection,Why choosing STEM subjects feels hard (current students),I do not feel I am good enough at these subjects,True,Q22
R_MK0064579,Subject selection,Why choosing STEM subjects feels hard (current students),The behaviour of other students in the class would make it difficult for me to enjoy,True,Q22
R_MK0066620,Subject selection,Why choosing STEM subjects feels hard (current students),I do not enjoy those subjects,True,Q22
R_MK0066620,Subject selection,Why choosing STEM subjects feels hard (current students),I am not good at these subjects,True,Q22
R_MK0066620,Subject selection,Why choosing STEM subjects feels hard (current students),I feel those subjects are not for people like me,True,Q22
R_MK0066620,Subject selection,Why choosing STEM subjects feels hard (current students),I do not feel encouraged to choose these subjects,True,Q22
R_MK0067929,Subject selection,Why choosing STEM subjects feels hard (current students),I do not enjoy those subjects,True,Q22
R_MK0067929,Subject selection,Why choosing STEM subjects feels hard (current students),I feel those subjects are not for people like me,True,Q22
R_MK0067929,Subject selection,Why choosing STEM subjects feels hard (current students),The behaviour of other students in the class would make it difficult for me to enjoy,True,Q22
R_MK0069886,Subject selection,Why choosing STEM subjects feels hard (current students),I am not good at these subjects,True,Q22
R_MK0069886,Subject selection,Why choosing STEM subjects feels hard (current students),I do not feel I am good enough at these subjects,True,Q22
R_MK0069886,Subject selection,Why choosing STEM subjects feels hard (current students),The subjects that I am interested in are not available at my school,True,Q22
R_MK0069886,Subject selection,Why choosing STEM subjects feels hard (current students),The behaviour of other students in the class would make it difficult for me to enjoy,True,Q22
R_MK0070552,Subject selection,Why choosing STEM subjects feels hard (current students),I do not enjoy those subjects,True,Q22
R_MK0070552,Subject selection,Why choosing STEM subjects feels hard (current students),I do not feel encouraged to choose these subjects,True,Q22
R_MK0070552,Subject selection,Why choosing STEM subjects feels hard (current students),The subjects that I am interested in are not available at my school,True,Q22
R_MK0071406,Subject selection,Why choosing STEM subjects feels hard (current students),I am not good at these subjects,True,Q22
R_MK0071406,Subject selection,Why choosing STEM subjects feels hard (current students),I do not feel encouraged to choose these subjects,True,Q22
R_MK0072687,Subject selection,Why choosing STEM subjects feels hard (current students),I do not feel encouraged to choose these subjects,True,Q22
R_MK0072687,Subject selection,Why choosing STEM subjects feels hard (current students),The behaviour of other students in the class would make it difficult for me to enjoy,True,Q22
R_MK0073840,Subject selection,Why choosing STEM subjects feels hard (current students),I do not enjoy those subjects,True,Q22
R_MK0073840,Subject selection,Why choosing STEM subjects feels hard (current students),I feel those subjects are not for people like me,True,Q22
R_MK0075767,Subject selection,Why choosing STEM subjects feels hard (current students),I feel those subjects are not for people like me,True,Q22
R_MK0075767,Subject selection,Why choosing STEM subjects feels hard (current students),I do not feel encouraged to choose these subjects,True,Q22
R_MK0075767,Subject selection,Why choosing STEM subjects feels hard (current students),The subjects that I am interested in are not available at my school,True,Q22
R_MK0076765,Subject selection,Why choosing STEM subjects feels hard (current students),I feel those subjects are not for people like me,True,Q22
R_MK0076765,Subject selection,Why choosing STEM subjects feels hard (current students),I do not feel encouraged to choose these subjects,True,Q22
R_MK0077639,Subject selection,Why choosing STEM subjects feels hard (current students),I feel those subjects are not for people like me,True,Q22
R_MK0077639,Subject selection,Why choosing STEM subjects feels hard (current students),The subjects that I am interested in are not available at my school,True,Q22
R_MK0077639,Subject selection,Why choosing STEM subjects feels hard (current students),The behaviour of other students in the class would make it difficult for me to enjoy,True,Q22
R_MK0078481,Subject selection,Why choosing STEM subjects feels hard (current students),The behaviour of other students in the class would make it difficult for me to enjoy,True,Q22
R_MK0080425,Subject selection,Why choosing STEM subjects feels hard (current students),The behaviour of other students in the class would make it difficult for me to enjoy,True,Q22
R_MK0081132,Subject selection,Why choosing STEM subjects feels hard (current students),I do not enjoy those subjects,True,Q22
R_MK0081132,Subject selection,Why choosing STEM subjects feels hard (current students),I do not feel I am good enough at these subjects,True,Q22
R_MK0084432,Subject selection,Why choosing STEM subjects feels hard (current students),I am not good at these subjects,True,Q22
R_MK0088108,Subject selection,Why choosing STEM subjects feels hard (current students),I do not enjoy those subjects,True,Q22
R_MK0088108,Subject selection,Why choosing STEM subjects feels hard (current students),I am not good at these subjects,True,Q22
R_MK0088108,Subject selection,Why choosing STEM subjects feels hard (current students),I do not feel I am good enough at these subjects,True,Q22
R_MK0088108,Subject selection,Why choosing STEM subjects feels hard (current students),I do not feel encouraged to choose these subjects,True,Q22
R_MK0089171,Subject selection,Why choosing STEM subjects feels hard (current students),I do not feel I am good enough at these subjects,True,Q22
R_MK0089171,Subject selection,Why choosing STEM subjects feels hard (current students),I do not feel encouraged to choose these subjects,True,Q22
R_MK0090543,Subject selection,Why choosing STEM subjects feels hard (current students),I do not enjoy those subjects,True,Q22
R_MK0090543,Subject selection,Why choosing STEM subjects feels hard (current students),I am not good at these subjects,True,Q22
R_MK0090543,Subject selection,Why choosing STEM subjects feels hard (current students),I do not feel encouraged to choose these subjects,True,Q22
R_MK0091576,Subject selection,Why choosing STEM subjects feels hard (current students),I feel those subjects are not for people like me,True,Q22
R_MK0092239,Subject selection,Why choosing STEM subjects feels hard (current students),I am not good at these subjects,True,Q22
R_MK0092239,Subject selection,Why choosing STEM subjects feels hard (current students),I do not feel encouraged to choose these subjects,True,Q22
R_MK0095688,Subject selection,Why choosing STEM subjects feels hard (current students),I am not good at these subjects,True,Q22
R_MK0095688,Subject selection,Why choosing STEM subjects feels hard (current students),I do not feel I am good enough at these subjects,True,Q22
R_MK0095688,Subject selection,Why choosing STEM subjects feels hard (current students),The subjects that I am interested in are not available at my school,True,Q22
R_MK0099227,Subject selection,Why choosing STEM subjects feels hard (current students),I feel those subjects are not for people like me,True,Q22
R_MK0099227,Subject selection,Why choosing STEM subjects feels hard (current students),I do not feel encouraged to choose these subjects,True,Q22
R_MK0100914,Subject selection,Why choosing STEM subjects feels hard (current students),I am not good at these subjects,True,Q22
R_MK0101816,Subject selection,Why choosing STEM subjects feels hard (current students),I feel those subjects are not for people like me,True,Q22
R_MK0101816,Subject selection,Why choosing STEM subjects feels hard (current students),The subjects that I am interested in are not available at my school,True,Q22
R_MK0103899,Subject selection,Why choosing STEM subjects feels hard (current students),I do not enjoy those subjects,True,Q22
R_MK0103899,Subject selection,Why choosing STEM subjects feels hard (current students),I do not feel I am good enough at these subjects,True,Q22
R_MK0103899,Subject selection,Why choosing STEM subjects feels hard (current students),I feel those subjects are not for people like me,True,Q22
R_MK0103899,Subject selection,Why choosing STEM subjects feels hard (current students),The subjects that I am interested in are not available at my school,True,Q22
R_MK0103899,Subject selection,Why choosing STEM subjects feels hard (current students),The behaviour of other students in the class would make it difficult for me to enjoy,True,Q22
R_MK0104469,Subject selection,Why choosing STEM subjects feels hard (current students),I do not feel I am good enough at these subjects,True,Q22
R_MK0104469,Subject selection,Why choosing STEM subjects feels hard (current students),The subjects that I am interested in are not available at my school,True,Q22
R_MK0104469,Subject selection,Why choosing STEM subjects feels hard (current students),The behaviour of other students in the class would make it difficult for me to enjoy,True,Q22
R_MK0106951,Subject selection,Why choosing STEM subjects feels hard (current students),I am not good at these subjects,True,Q22
R_MK0106951,Subject selection,Why choosing STEM subjects feels hard (current students),I do not feel I am good enough at these subjects,True,Q22
R_MK0106951,Subject selection,Why choosing STEM subjects feels hard (current students),The behaviour of other students in the class would make it difficult for me to enjoy,True,Q22
R_MK0108530,Subject selection,Why choosing STEM subjects feels hard (current students),I do not feel I am good enough at these subjects,True,Q22
R_MK0108530,Subject selection,Why choosing STEM subjects feels hard (current students),I feel those subjects are not for people like me,True,Q22
R_MK0108530,Subject selection,Why choosing STEM subjects feels hard (current students),The behaviour of other students in the class would make it difficult for me to enjoy,True,Q22
R_MK0110138,Subject selection,Why choosing STEM subjects feels hard (current students),I do not enjoy those subjects,True,Q22
R_MK0111137,Subject selection,Why choosing STEM subjects feels hard (current students),I am not good at these subjects,True,Q22
R_MK0112381,Subject selection,Why choosing STEM subjects feels hard (current students),I do not enjoy those subjects,True,Q22
R_MK0113434,Subject selection,Why choosing STEM subjects feels hard (current students),The subjects that I am interested in are not available at my school,True,Q22
R_MK0116277,Subject selection,Why choosing STEM subjects feels hard (current students),I do not feel I am good enough at these subjects,True,Q22
R_MK0116277,Subject selection,Why choosing STEM subjects feels hard (current students),I feel those subjects are not for people like me,True,Q22
R_MK0116277,Subject selection,Why choosing STEM subjects feels hard (current students),I do not feel encouraged to choose these subjects,True,Q22
R_MK0118601,Subject selection,Why choosing STEM subjects feels hard (current students),I do not feel I am good enough at these subjects,True,Q22
R_MK0118601,Subject selection,Why choosing STEM subjects feels hard (current students),I feel those subjects are not for people like me,True,Q22
R_MK0118601,Subject selection,Why choosing STEM subjects feels hard (current students),I do not feel encouraged to choose these subjects,True,Q22
R_MK0119688,Subject selection,Why choosing STEM subjects feels hard (current students),I do not enjoy those subjects,True,Q22
R_MK0119688,Subject selection,Why choosing STEM subjects feels hard (current students),I am not good at these subjects,True,Q22
R_MK0119688,Subject selection,Why choosing STEM subjects feels hard (current students),I do not feel I am good enough at these subjects,True,Q22
R_MK0119688,Subject selection,Why choosing STEM subjects feels hard (current students),I feel those subjects are not for people like me,True,Q22
R_MK0119688,Subject selection,Why choosing STEM subjects feels hard (current students),The behaviour of other students in the class would make it difficult for me to enjoy,True,Q22
R_MK0120370,Subject selection,Why choosing STEM subjects feels hard (current students),I do not enjoy those subjects,True,Q22
R_MK0120370,Subject selection,Why choosing STEM subjects feels hard (current students),I am not good at these subjects,True,Q22
R_MK0121297,Subject selection,Why choosing STEM subjects feels hard (current students),I feel those subjects are not for people like me,True,Q22
R_MK0123776,Subject selection,Why choosing STEM subjects feels hard (current students),I am not good at these subjects,True,Q22
R_MK0123776,Subject selection,Why choosing STEM subjects feels hard (current students),I do not feel I am good enough at these subjects,True,Q22
R_MK0123776,Subject selection,Why choosing STEM subjects feels hard (current students),The subjects that I am interested in are not available at my school,True,Q22
R_MK0124554,Subject selection,Why choosing STEM subjects feels hard (current students),I do not enjoy those subjects,True,Q22
R_MK0124554,Subject selection,Why choosing STEM subjects feels hard (current students),I do not feel encouraged to choose these subjects,True,Q22
R_MK0124554,Subject selection,Why choosing STEM subjects feels hard (current students),The behaviour of other students in the class would make it difficult for me to enjoy,True,Q22
R_MK0125621,Subject selection,Why choosing STEM subjects feels hard (current students),I do not feel I am good enough at these subjects,True,Q22
R_MK0125621,Subject selection,Why choosing STEM subjects feels hard (current students),I do not feel encouraged to choose these subjects,True,Q22
R_MK0125621,Subject selection,Why choosing STEM subjects feels hard (current students),The subjects that I am interested in are not available at my school,True,Q22
R_MK0126126,Subject selection,Why choosing STEM subjects feels hard (current students),I feel those subjects are not for people like me,True,Q22
R_MK0126126,Subject selection,Why choosing STEM subjects feels hard (current students),The behaviour of other students in the class would make it difficult for me to enjoy,True,Q22
R_MK0127927,Subject selection,Why choosing STEM subjects feels hard (current students),I do not enjoy those subjects,True,Q22
R_MK0128312,Subject selection,Why choosing STEM subjects feels hard (current students),I am not good at these subjects,True,Q22
R_MK0128312,Subject selection,Why choosing STEM subjects feels hard (current students),I feel those subjects are not for people like me,True,Q22
R_MK0128312,Subject selection,Why choosing STEM subjects feels hard (current students),The subjects that I am interested in are not available at my school,True,Q22
R_MK0129652,Subject selection,Why choosing STEM subjects feels hard (current students),I do not enjoy those subjects,True,Q22
R_MK0129652,Subject selection,Why choosing STEM subjects feels hard (current students),The subjects that I am interested in are not available at my school,True,Q22
R_MK0130784,Subject selection,Why choosing STEM subjects feels hard (current students),The subjects that I am interested in are not available at my school,True,Q22
R_MK0130784,Subject selection,Why choosing STEM subjects feels hard (current students),The behaviour of other students in the class would make it difficult for me to enjoy,True,Q22
R_MK0131904,Subject selection,Why choosing STEM subjects feels hard (current students),I do not enjoy those subjects,True,Q22
R_MK0131904,Subject selection,Why choosing STEM subjects feels hard (current students),I am not good at these subjects,True,Q22
R_MK0131904,Subject selection,Why choosing STEM subjects feels hard (current students),I do not feel I am good enough at these subjects,True,Q22
R_MK0131904,Subject selection,Why choosing STEM subjects feels hard (current students),The subjects that I am interested in are not available at my school,True,Q22
R_MK0131904,Subject selection,Why choosing STEM subjects feels hard (current students),The behaviour of other students in the class would make it difficult for me to enjoy,True,Q22
R_MK0132200,Subject selection,Why choosing STEM subjects feels hard (current students),The subjects that I am interested in are not available at my school,True,Q22
R_MK0133162,Subject selection,Why choosing STEM subjects feels hard (current students),I do not enjoy those subjects,True,Q22
R_MK0134540,Subject selection,Why choosing STEM subjects feels hard (current students),The behaviour of other students in the class would make it difficult for me to enjoy,True,Q22
R_MK0136936,Subject selection,Why choosing STEM subjects feels hard (current students),I do not enjoy those subjects,True,Q22
R_MK0136936,Subject selection,Why choosing STEM subjects feels hard (current students),I am not good at these subjects,True,Q22
R_MK0136936,Subject selection,Why choosing STEM subjects feels hard (current students),I do not feel I am good enough at these subjects,True,Q22
R_MK0136936,Subject selection,Why choosing STEM subjects feels hard (current students),I do not feel encouraged to choose these subjects,True,Q22
R_MK0136936,Subject selection,Why choosing STEM subjects feels hard (current students),The subjects that I am interested in are not available at my school,True,Q22
R_MK0137202,Subject selection,Why choosing STEM subjects feels hard (current students),I do not enjoy those subjects,True,Q22
R_MK0139460,Subject selection,Why choosing STEM subjects feels hard (current students),I do not enjoy those subjects,True,Q22
R_MK0139460,Subject selection,Why choosing STEM subjects feels hard (current students),I am not good at these subjects,True,Q22
R_MK0139460,Subject selection,Why choosing STEM subjects feels hard (current students),I do not feel I am good enough at these subjects,True,Q22
R_MK0139460,Subject selection,Why choosing STEM subjects feels hard (current students),I feel those subjects are not for people like me,True,Q22
R_MK0139460,Subject selection,Why choosing STEM subjects feels hard (current students),The subjects that I am interested in are not available at my school,True,Q22
R_MK0140452,Subject selection,Why choosing STEM subjects feels hard (current students),I do not enjoy those subjects,True,Q22
R_MK0140452,Subject selection,Why choosing STEM subjects feels hard (current students),I do not feel encouraged to choose these subjects,True,Q22
R_MK0140452,Subject selection,Why choosing STEM subjects feels hard (current students),The subjects that I am interested in are not available at my school,True,Q22
R_MK0145711,Subject selection,Why choosing STEM subjects feels hard (current students),I do not enjoy those subjects,True,Q22
R_MK0145711,Subject selection,Why choosing STEM subjects feels hard (current students),I am not good at these subjects,True,Q22
R_MK0145711,Subject selection,Why choosing STEM subjects feels hard (current students),I do not feel I am good enough at these subjects,True,Q22
R_MK0146872,Subject selection,Why choosing STEM subjects feels hard (current students),I do not feel I am good enough at these subjects,True,Q22
R_MK0146872,Subject selection,Why choosing STEM subjects feels hard (current students),I do not feel encouraged to choose these subjects,True,Q22
R_MK0146872,Subject selection,Why choosing STEM subjects feels hard (current students),The subjects that I am interested in are not available at my school,True,Q22
R_MK0147584,Subject selection,Why choosing STEM subjects feels hard (current students),I do not enjoy those subjects,True,Q22
R_MK0147584,Subject selection,Why choosing STEM subjects feels hard (current students),I feel those subjects are not for people like me,True,Q22
R_MK0148883,Subject selection,Why choosing STEM subjects feels hard (current students),I do not enjoy those subjects,True,Q22
R_MK0148883,Subject selection,Why choosing STEM subjects feels hard (current students),I am not good at these subjects,True,Q22
R_MK0148883,Subject selection,Why choosing STEM subjects feels hard (current students),I feel those subjects are not for people like me,True,Q22
R_MK0148883,Subject selection,Why choosing STEM subjects feels hard (current students),The behaviour of other students in the class would make it difficult for me to enjoy,True,Q22
R_MK0149612,Subject selection,Why choosing STEM subjects feels hard (current students),I do not feel I am good enough at these subjects,True,Q22
R_MK0150239,Subject selection,Why choosing STEM subjects feels hard (current students),I am not good at these subjects,True,Q22
R_MK0150239,Subject selection,Why choosing STEM subjects feels hard (current students),I do not feel I am good enough at these subjects,True,Q22
R_MK0150239,Subject selection,Why choosing STEM subjects feels hard (current students),I do not feel encouraged to choose these subjects,True,Q22
R_MK0151336,Subject selection,Why choosing STEM subjects feels hard (current students),I am not good at these subjects,True,Q22
R_MK0151336,Subject selection,Why choosing STEM subjects feels hard (current students),I feel those subjects are not for people like me,True,Q22
R_MK0151336,Subject selection,Why choosing STEM subjects feels hard (current students),I do not feel encouraged to choose these subjects,True,Q22
R_MK0152384,Subject selection,Why choosing STEM subjects feels hard (current students),I do not enjoy those subjects,True,Q22
R_MK0152384,Subject selection,Why choosing STEM subjects feels hard (current students),I do not feel I am good enough at these subjects,True,Q22
R_MK0152384,Subject selection,Why choosing STEM subjects feels hard (current students),The behaviour of other students in the class would make it difficult for me to enjoy,True,Q22
R_MK0153565,Subject selection,Why choosing STEM subjects feels hard (current students),I do not enjoy those subjects,True,Q22
R_MK0153565,Subject selection,Why choosing STEM subjects feels hard (current students),The behaviour of other students in the class would make it difficult for me to enjoy,True,Q22
R_MK0154754,Subject selection,Why choosing STEM subjects feels hard (current students),I do not feel I am good enough at these subjects,True,Q22
R_MK0155619,Subject selection,Why choosing STEM subjects feels hard (current students),I do not feel I am good enough at these subjects,True,Q22
R_MK0155619,Subject selection,Why choosing STEM subjects feels hard (current students),I feel those subjects are not for people like me,True,Q22
R_MK0155619,Subject selection,Why choosing STEM subjects feels hard (current students),The behaviour of other students in the class would make it difficult for me to enjoy,True,Q22
R_MK0156966,Subject selection,Why choosing STEM subjects feels hard (current students),I do not enjoy those subjects,True,Q22
R_MK0156966,Subject selection,Why choosing STEM subjects feels hard (current students),I do not feel encouraged to choose these subjects,True,Q22
R_MK0157937,Subject selection,Why choosing STEM subjects feels hard (current students),I do not enjoy those subjects,True,Q22
R_MK0157937,Subject selection,Why choosing STEM subjects feels hard (current students),I do not feel I am good enough at these subjects,True,Q22
R_MK0157937,Subject selection,Why choosing STEM subjects feels hard (current students),I do not feel encouraged to choose these subjects,True,Q22
R_MK0157937,Subject selection,Why choosing STEM subjects feels hard (current students),The behaviour of other students in the class would make it difficult for me to enjoy,True,Q22
R_MK0158474,Subject selection,Why choosing STEM subjects feels hard (current students),The behaviour of other students in the class would make it difficult for me to enjoy,True,Q22
R_MK0159733,Subject selection,Why choosing STEM subjects feels hard (current students),The subjects that I am interested in are not available at my school,True,Q22
R_MK0161254,Subject selection,Why choosing STEM subjects feels hard (current students),The behaviour of other students in the class would make it difficult for me to enjoy,True,Q22
R_MK0162481,Subject selection,Why choosing STEM subjects feels hard (current students),I am not good at these subjects,True,Q22
R_MK0162481,Subject selection,Why choosing STEM subjects feels hard (current students),I feel those subjects are not for people like me,True,Q22
R_MK0162481,Subject selection,Why choosing STEM subjects feels hard (current students),The subjects that I am interested in are not available at my school,True,Q22
R_MK0162481,Subject selection,Why choosing STEM subjects feels hard (current students),The behaviour of other students in the class would make it difficult for me to enjoy,True,Q22
R_MK0163945,Subject selection,Why choosing STEM subjects feels hard (current students),I am not good at these subjects,True,Q22
R_MK0163945,Subject selection,Why choosing STEM subjects feels hard (current students),I do not feel I am good enough at these subjects,True,Q22
R_MK0163945,Subject selection,Why choosing STEM subjects feels hard (current students),I feel those subjects are not for people like me,True,Q22
R_MK0163945,Subject selection,Why choosing STEM subjects feels hard (current students),The subjects that I am interested in are not available at my school,True,Q22
R_MK0163945,Subject selection,Why choosing STEM subjects feels hard (current students),The behaviour of other students in the class would make it difficult for me to enjoy,True,Q22
R_MK0164227,Subject selection,Why choosing STEM subjects feels hard (current students),I do not enjoy those subjects,True,Q22
R_MK0164227,Subject selection,Why choosing STEM subjects feels hard (current students),I do not feel I am good enough at these subjects,True,Q22
R_MK0164227,Subject selection,Why choosing STEM subjects feels hard (current students),The behaviour of other students in the class would make it difficult for me to enjoy,True,Q22
R_MK0165174,Subject selection,Why choosing STEM subjects feels hard (current students),I am not good at these subjects,True,Q22
R_MK0166745,Subject selection,Why choosing STEM subjects feels hard (current students),I am not good at these subjects,True,Q22
R_MK0166745,Subject selection,Why choosing STEM subjects feels hard (current students),I do not feel encouraged to choose these subjects,True,Q22
R_MK0167637,Subject selection,Why choosing STEM subjects feels hard (current students),I do not enjoy those subjects,True,Q22
R_MK0168775,Subject selection,Why choosing STEM subjects feels hard (current students),I do not feel I am good enough at these subjects,True,Q22
R_MK0168775,Subject selection,Why choosing STEM subjects feels hard (current students),I feel those subjects are not for people like me,True,Q22
R_MK0168775,Subject selection,Why choosing STEM subjects feels hard (current students),I do not feel encouraged to choose these subjects,True,Q22
R_MK0169479,Subject selection,Why choosing STEM subjects feels hard (current students),The behaviour of other students in the class would make it difficult for me to enjoy,True,Q22
R_MK0172371,Subject selection,Why choosing STEM subjects feels hard (current students),I do not feel I am good enough at these subjects,True,Q22
R_MK0172371,Subject selection,Why choosing STEM subjects feels hard (current students),The behaviour of other students in the class would make it difficult for me to enjoy,True,Q22
R_MK0173150,Subject selection,Why choosing STEM subjects feels hard (current students),I do not enjoy those subjects,True,Q22
R_MK0173150,Subject selection,Why choosing STEM subjects feels hard (current students),I am not good at these subjects,True,Q22
R_MK0173150,Subject selection,Why choosing STEM subjects feels hard (current students),The subjects that I am interested in are not available at my school,True,Q22
R_MK0174572,Subject selection,Why choosing STEM subjects feels hard (current students),I do not feel encouraged to choose these subjects,True,Q22
R_MK0176790,Subject selection,Why choosing STEM subjects feels hard (current students),I do not enjoy those subjects,True,Q22
R_MK0176790,Subject selection,Why choosing STEM subjects feels hard (current students),I do not feel I am good enough at these subjects,True,Q22
R_MK0176790,Subject selection,Why choosing STEM subjects feels hard (current students),I feel those subjects are not for people like me,True,Q22
R_MK0176790,Subject selection,Why choosing STEM subjects feels hard (current students),The behaviour of other students in the class would make it difficult for me to enjoy,True,Q22
R_MK0177409,Subject selection,Why choosing STEM subjects feels hard (current students),I do not feel I am good enough at these subjects,True,Q22
R_MK0178316,Subject selection,Why choosing STEM subjects feels hard (current students),I do not feel encouraged to choose these subjects,True,Q22
R_MK0178316,Subject selection,Why choosing STEM subjects feels hard (current students),The subjects that I am interested in are not available at my school,True,Q22
R_MK0179159,Subject selection,Why choosing STEM subjects feels hard (current students),I do not enjoy those subjects,True,Q22
R_MK0179159,Subject selection,Why choosing STEM subjects feels hard (current students),I feel those subjects are not for people like me,True,Q22
R_MK0179159,Subject selection,Why choosing STEM subjects feels hard (current students),I do not feel encouraged to choose these subjects,True,Q22
R_MK0179159,Subject selection,Why choosing STEM subjects feels hard (current students),The subjects that I am interested in are not available at my school,True,Q22
R_MK0000627,Subject selection,Reasons for wanting to choose STEM subjects (current students),I feel encouraged to choose these subjects,True,Q108
R_MK0001988,Subject selection,Reasons for wanting to choose STEM subjects (current students),I enjoy these subjects,True,Q108
R_MK0003730,Subject selection,Reasons for wanting to choose STEM subjects (current students),I enjoy these subjects,True,Q108
R_MK0003730,Subject selection,Reasons for wanting to choose STEM subjects (current students),I am good at these subjects,True,Q108
R_MK0003730,Subject selection,Reasons for wanting to choose STEM subjects (current students),I feel I am good enough at these subjects,True,Q108
R_MK0003730,Subject selection,Reasons for wanting to choose STEM subjects (current students),I feel encouraged to choose these subjects,True,Q108
R_MK0004719,Subject selection,Reasons for wanting to choose STEM subjects (current students),I enjoy these subjects,True,Q108
R_MK0004719,Subject selection,Reasons for wanting to choose STEM subjects (current students),I am good at these subjects,True,Q108
R_MK0006905,Subject selection,Reasons for wanting to choose STEM subjects (current students),I am good at these subjects,True,Q108
R_MK0007888,Subject selection,Reasons for wanting to choose STEM subjects (current students),I enjoy these subjects,True,Q108
R_MK0008384,Subject selection,Reasons for wanting to choose STEM subjects (current students),I enjoy these subjects,True,Q108
R_MK0008384,Subject selection,Reasons for wanting to choose STEM subjects (current students),I feel these subjects are for people like me,True,Q108
R_MK0009361,Subject selection,Reasons for wanting to choose STEM subjects (current students),I am good at these subjects,True,Q108
R_MK0009361,Subject selection,Reasons for wanting to choose STEM subjects (current students),I feel I am good enough at these subjects,True,Q108
R_MK0010793,Subject selection,Reasons for wanting to choose STEM subjects (current students),I feel encouraged to choose these subjects,True,Q108
R_MK0011527,Subject selection,Reasons for wanting to choose STEM subjects (current students),I am good at these subjects,True,Q108
R_MK0011527,Subject selection,Reasons for wanting to choose STEM subjects (current students),I feel these subjects are for people like me,True,Q108
R_MK0012224,Subject selection,Reasons for wanting to choose STEM subjects (current students),I feel these subjects are for people like me,True,Q108
R_MK0013321,Subject selection,Reasons for wanting to choose STEM subjects (current students),I enjoy these subjects,True,Q108
R_MK0014269,Subject selection,Reasons for wanting to choose STEM subjects (current students),I am good at these subjects,True,Q108
R_MK0015367,Subject selection,Reasons for wanting to choose STEM subjects (current students),I enjoy these subjects,True,Q108
R_MK0015367,Subject selection,Reasons for wanting to choose STEM subjects (current students),I feel these subjects are for people like me,True,Q108
R_MK0017754,Subject selection,Reasons for wanting to choose STEM subjects (current students),I enjoy these subjects,True,Q108
R_MK0019133,Subject selection,Reasons for wanting to choose STEM subjects (current students),I feel encouraged to choose these subjects,True,Q108
R_MK0020431,Subject selection,Reasons for wanting to choose STEM subjects (current students),I feel these subjects are for people like me,True,Q108
R_MK0020431,Subject selection,Reasons for wanting to choose STEM subjects (current students),I feel encouraged to choose these subjects,True,Q108
R_MK0021482,Subject selection,Reasons for wanting to choose STEM subjects (current students),I feel encouraged to choose these subjects,True,Q108
R_MK0022458,Subject selection,Reasons for wanting to choose STEM subjects (current students),I enjoy these subjects,True,Q108
R_MK0022458,Subject selection,Reasons for wanting to choose STEM subjects (current students),I feel encouraged to choose these subjects,True,Q108
R_MK0023977,Subject selection,Reasons for wanting to choose STEM subjects (current students),I enjoy these subjects,True,Q108
R_MK0023977,Subject selection,Reasons for wanting to choose STEM subjects (current students),I feel I am good enough at these subjects,True,Q108
R_MK0023977,Subject selection,Reasons for wanting to choose STEM subjects (current students),I feel encouraged to choose these subjects,True,Q108
R_MK0024720,Subject selection,Reasons for wanting to choose STEM subjects (current students),I feel I am good enough at these subjects,True,Q108
R_MK0024720,Subject selection,Reasons for wanting to choose STEM subjects (current students),I feel encouraged to choose these subjects,True,Q108
R_MK0025500,Subject selection,Reasons for wanting to choose STEM subjects (current students),I feel I am good enough at these subjects,True,Q108
R_MK0026571,Subject selection,Reasons for wanting to choose STEM subjects (current students),I feel encouraged to choose these subjects,True,Q108
R_MK0028258,Subject selection,Reasons for wanting to choose STEM subjects (current students),I feel I am good enough at these subjects,True,Q108
R_MK0028258,Subject selection,Reasons for wanting to choose STEM subjects (current students),I feel encouraged to choose these subjects,True,Q108
R_MK0030633,Subject selection,Reasons for wanting to choose STEM subjects (current students),I feel these subjects are for people like me,True,Q108
R_MK0031816,Subject selection,Reasons for wanting to choose STEM subjects (current students),I enjoy these subjects,True,Q108
R_MK0033998,Subject selection,Reasons for wanting to choose STEM subjects (current students),I am good at these subjects,True,Q108
R_MK0035805,Subject selection,Reasons for wanting to choose STEM subjects (current students),I am good at these subjects,True,Q108
R_MK0035805,Subject selection,Reasons for wanting to choose STEM subjects (current students),I feel I am good enough at these subjects,True,Q108
R_MK0035805,Subject selection,Reasons for wanting to choose STEM subjects (current students),I feel these subjects are for people like me,True,Q108
R_MK0035805,Subject selection,Reasons for wanting to choose STEM subjects (current students),I feel encouraged to choose these subjects,True,Q108
R_MK0038406,Subject selection,Reasons for wanting to choose STEM subjects (current students),I feel I am good enough at these subjects,True,Q108
R_MK0038406,Subject selection,Reasons for wanting to choose STEM subjects (current students),I feel encouraged to choose these subjects,True,Q108
R_MK0040419,Subject selection,Reasons for wanting to choose STEM subjects (current students),I enjoy these subjects,True,Q108
R_MK0040419,Subject selection,Reasons for wanting to choose STEM subjects (current students),I am good at these subjects,True,Q108
R_MK0041486,Subject selection,Reasons for wanting to choose STEM subjects (current students),I enjoy these subjects,True,Q108
R_MK0042213,Subject selection,Reasons for wanting to choose STEM subjects (current students),I enjoy these subjects,True,Q108
R_MK0042213,Subject selection,Reasons for wanting to choose STEM subjects (current students),I feel these subjects are for people like me,True,Q108
R_MK0043282,Subject selection,Reasons for wanting to choose STEM subjects (current students),I am good at these subjects,True,Q108
R_MK0044213,Subject selection,Reasons for wanting to choose STEM subjects (current students),I enjoy these subjects,True,Q108
R_MK0044213,Subject selection,Reasons for wanting to choose STEM subjects (current students),I feel encouraged to choose these subjects,True,Q108
R_MK0045654,Subject selection,Reasons for wanting to choose STEM subjects (current students),I enjoy these subjects,True,Q108
R_MK0045654,Subject selection,Reasons for wanting to choose STEM subjects (current students),I feel I am good enough at these subjects,True,Q108
R_MK0046112,Subject selection,Reasons for wanting to choose STEM subjects (current students),I enjoy these subjects,True,Q108
R_MK0046112,Subject selection,Reasons for wanting to choose STEM subjects (current students),I feel these subjects are for people like me,True,Q108
R_MK0047577,Subject selection,Reasons for wanting to choose STEM subjects (current students),I feel I am good enough at these subjects,True,Q108
R_MK0047577,Subject selection,Reasons for wanting to choose STEM subjects (current students),I feel encouraged to choose these subjects,True,Q108
R_MK0048957,Subject selection,Reasons for wanting to choose STEM subjects (current students),I feel these subjects are for people like me,True,Q108
R_MK0050307,Subject selection,Reasons for wanting to choose STEM subjects (current students),I feel encouraged to choose these subjects,True,Q108
R_MK0052370,Subject selection,Reasons for wanting to choose STEM subjects (current students),I am good at these subjects,True,Q108
R_MK0052370,Subject selection,Reasons for wanting to choose STEM subjects (current students),I feel these subjects are for people like me,True,Q108
R_MK0054499,Subject selection,Reasons for wanting to choose STEM subjects (current students),I feel I am good enough at these subjects,True,Q108
R_MK0054499,Subject selection,Reasons for wanting to choose STEM subjects (current students),I feel these subjects are for people like me,True,Q108
R_MK0055692,Subject selection,Reasons for wanting to choose STEM subjects (current students),I enjoy these subjects,True,Q108
R_MK0055692,Subject selection,Reasons for wanting to choose STEM subjects (current students),I feel these subjects are for people like me,True,Q108
R_MK0056412,Subject selection,Reasons for wanting to choose STEM subjects (current students),I am good at these subjects,True,Q108
R_MK0056412,Subject selection,Reasons for wanting to choose STEM subjects (current students),I feel these subjects are for people like me,True,Q108
R_MK0057690,Subject selection,Reasons for wanting to choose STEM subjects (current students),I enjoy these subjects,True,Q108
R_MK0057690,Subject selection,Reasons for wanting to choose STEM subjects (current students),I am good at these subjects,True,Q108
R_MK0057690,Subject selection,Reasons for wanting to choose STEM subjects (current students),I feel I am good enough at these subjects,True,Q108
R_MK0057690,Subject selection,Reasons for wanting to choose STEM subjects (current students),I feel encouraged to choose these subjects,True,Q108
R_MK0059350,Subject selection,Reasons for wanting to choose STEM subjects (current students),I feel encouraged to choose these subjects,True,Q108
R_MK0060505,Subject selection,Reasons for wanting to choose STEM subjects (current students),I am good at these subjects,True,Q108
R_MK0061473,Subject selection,Reasons for wanting to choose STEM subjects (current students),I enjoy these subjects,True,Q108
R_MK0061473,Subject selection,Reasons for wanting to choose STEM subjects (current students),I feel encouraged to choose these subjects,True,Q108
R_MK0062875,Subject selection,Reasons for wanting to choose STEM subjects (current students),I feel I am good enough at these subjects,True,Q108
R_MK0062875,Subject selection,Reasons for wanting to choose STEM subjects (current students),I feel encouraged to choose these subjects,True,Q108
R_MK0063584,Subject selection,Reasons for wanting to choose STEM subjects (current students),I enjoy these subjects,True,Q108
R_MK0064579,Subject selection,Reasons for wanting to choose STEM subjects (current students),I am good at these subjects,True,Q108
R_MK0065610,Subject selection,Reasons for wanting to choose STEM subjects (current students),I feel encouraged to choose these subjects,True,Q108
R_MK0066620,Subject selection,Reasons for wanting to choose STEM subjects (current students),I enjoy these subjects,True,Q108
R_MK0066620,Subject selection,Reasons for wanting to choose STEM subjects (current students),I am good at these subjects,True,Q108
R_MK0066620,Subject selection,Reasons for wanting to choose STEM subjects (current students),I feel I am good enough at these subjects,True,Q108
R_MK0066620,Subject selection,Reasons for wanting to choose STEM subjects (current students),I feel encouraged to choose these subjects,True,Q108
R_MK0067929,Subject selection,Reasons for wanting to choose STEM subjects (current students),I feel I am good enough at these subjects,True,Q108
R_MK0067929,Subject selection,Reasons for wanting to choose STEM subjects (current students),I feel encouraged to choose these subjects,True,Q108
R_MK0069886,Subject selection,Reasons for wanting to choose STEM subjects (current students),I enjoy these subjects,True,Q108
R_MK0069886,Subject selection,Reasons for wanting to choose STEM subjects (current students),I feel these subjects are for people like me,True,Q108
R_MK0071406,Subject selection,Reasons for wanting to choose STEM subjects (current students),I am good at these subjects,True,Q108
R_MK0071406,Subject selection,Reasons for wanting to choose STEM subjects (current students),I feel I am good enough at these subjects,True,Q108
R_MK0071406,Subject selection,Reasons for wanting to choose STEM subjects (current students),I feel these subjects are for people like me,True,Q108
R_MK0072687,Subject selection,Reasons for wanting to choose STEM subjects (current students),I feel I am good enough at these subjects,True,Q108
R_MK0072687,Subject selection,Reasons for wanting to choose STEM subjects (current students),I feel encouraged to choose these subjects,True,Q108
R_MK0073840,Subject selection,Reasons for wanting to choose STEM subjects (current students),I enjoy these subjects,True,Q108
R_MK0073840,Subject selection,Reasons for wanting to choose STEM subjects (current students),I am good at these subjects,True,Q108
R_MK0073840,Subject selection,Reasons for wanting to choose STEM subjects (current students),I feel I am good enough at these subjects,True,Q108
R_MK0074143,Subject selection,Reasons for wanting to choose STEM subjects (current students),I enjoy these subjects,True,Q108
R_MK0074143,Subject selection,Reasons for wanting to choose STEM subjects (current students),I am good at these subjects,True,Q108
R_MK0074143,Subject selection,Reasons for wanting to choose STEM subjects (current students),I feel I am good enough at these subjects,True,Q108
R_MK0074143,Subject selection,Reasons for wanting to choose STEM subjects (current students),I feel encouraged to choose these subjects,True,Q108
R_MK0075767,Subject selection,Reasons for wanting to choose STEM subjects (current students),I feel these subjects are for people like me,True,Q108
R_MK0076765,Subject selection,Reasons for wanting to choose STEM subjects (current students),I feel these subjects are for people like me,True,Q108
R_MK0077639,Subject selection,Reasons for wanting to choose STEM subjects (current students),I enjoy these subjects,True,Q108
R_MK0077639,Subject selection,Reasons for wanting to choose STEM subjects (current students),I am good at these subjects,True,Q108
R_MK0077639,Subject selection,Reasons for wanting to choose STEM subjects (current students),I feel I am good enough at these subjects,True,Q108
R_MK0078481,Subject selection,Reasons for wanting to choose STEM subjects (current students),I feel I am good enough at these subjects,True,Q108
R_MK0079582,Subject selection,Reasons for wanting to choose STEM subjects (current students),I enjoy these subjects,True,Q108
R_MK0079582,Subject selection,Reasons for wanting to choose STEM subjects (current students),I feel I am good enough at these subjects,True,Q108
R_MK0079582,Subject selection,Reasons for wanting to choose STEM subjects (current students),I feel these subjects are for people like me,True,Q108
R_MK0080425,Subject selection,Reasons for wanting to choose STEM subjects (current students),I enjoy these subjects,True,Q108
R_MK0080425,Subject selection,Reasons for wanting to choose STEM subjects (current students),I am good at these subjects,True,Q108
R_MK0081132,Subject selection,Reasons for wanting to choose STEM subjects (current students),I am good at these subjects,True,Q108
R_MK0081132,Subject selection,Reasons for wanting to choose STEM subjects (current students),I feel I am good enough at these subjects,True,Q108
R_MK0081132,Subject selection,Reasons for wanting to choose STEM subjects (current students),I feel encouraged to choose these subjects,True,Q108
R_MK0082408,Subject selection,Reasons for wanting to choose STEM subjects (current students),I feel I am good enough at these subjects,True,Q108
R_MK0084432,Subject selection,Reasons for wanting to choose STEM subjects (current students),I enjoy these subjects,True,Q108
R_MK0084432,Subject selection,Reasons for wanting to choose STEM subjects (current students),I feel these subjects are for people like me,True,Q108
R_MK0087249,Subject selection,Reasons for wanting to choose STEM subjects (current students),I feel I am good enough at these subjects,True,Q108
R_MK0087249,Subject selection,Reasons for wanting to choose STEM subjects (current students),I feel these subjects are for people like me,True,Q108
R_MK0088108,Subject selection,Reasons for wanting to choose STEM subjects (current students),I am good at these subjects,True,Q108
R_MK0088108,Subject selection,Reasons for wanting to choose STEM subjects (current students),I feel encouraged to choose these subjects,True,Q108
R_MK0089171,Subject selection,Reasons for wanting to choose STEM subjects (current students),I feel these subjects are for people like me,True,Q108
R_MK0089171,Subject selection,Reasons for wanting to choose STEM subjects (current students),I feel encouraged to choose these subjects,True,Q108
R_MK0090543,Subject selection,Reasons for wanting to choose STEM subjects (current students),I enjoy these subjects,True,Q108
R_MK0090543,Subject selection,Reasons for wanting to choose STEM subjects (current students),I am good at these subjects,True,Q108
R_MK0090543,Subject selection,Reasons for wanting to choose STEM subjects (current students),I feel I am good enough at these subjects,True,Q108
R_MK0092239,Subject selection,Reasons for wanting to choose STEM subjects (current students),I feel encouraged to choose these subjects,True,Q108
R_MK0095688,Subject selection,Reasons for wanting to choose STEM subjects (current students),I am good at these subjects,True,Q108
R_MK0095688,Subject selection,Reasons for wanting to choose STEM subjects (current students),I feel I am good enough at these subjects,True,Q108
R_MK0095688,Subject selection,Reasons for wanting to choose STEM subjects (current students),I feel encouraged to choose these subjects,True,Q108
R_MK0097674,Subject selection,Reasons for wanting to choose STEM subjects (current students),I enjoy these subjects,True,Q108
R_MK0097674,Subject selection,Reasons for wanting to choose STEM subjects (current students),I feel I am good enough at these subjects,True,Q108
R_MK0097674,Subject selection,Reasons for wanting to choose STEM subjects (current students),I feel these subjects are for people like me,True,Q108
R_MK0097674,Subject selection,Reasons for wanting to choose STEM subjects (current students),I feel encouraged to choose these subjects,True,Q108
R_MK0099227,Subject selection,Reasons for wanting to choose STEM subjects (current students),I enjoy these subjects,True,Q108
R_MK0099227,Subject selection,Reasons for wanting to choose STEM subjects (current students),I feel encouraged to choose these subjects,True,Q108
R_MK0100914,Subject selection,Reasons for wanting to choose STEM subjects (current students),I enjoy these subjects,True,Q108
R_MK0100914,Subject selection,Reasons for wanting to choose STEM subjects (current students),I am good at these subjects,True,Q108
R_MK0100914,Subject selection,Reasons for wanting to choose STEM subjects (current students),I feel these subjects are for people like me,True,Q108
R_MK0102866,Subject selection,Reasons for wanting to choose STEM subjects (current students),I enjoy these subjects,True,Q108
R_MK0102866,Subject selection,Reasons for wanting to choose STEM subjects (current students),I feel I am good enough at these subjects,True,Q108
R_MK0102866,Subject selection,Reasons for wanting to choose STEM subjects (current students),I feel these subjects are for people like me,True,Q108
R_MK0102866,Subject selection,Reasons for wanting to choose STEM subjects (current students),I feel encouraged to choose these subjects,True,Q108
R_MK0103899,Subject selection,Reasons for wanting to choose STEM subjects (current students),I enjoy these subjects,True,Q108
R_MK0104469,Subject selection,Reasons for wanting to choose STEM subjects (current students),I am good at these subjects,True,Q108
R_MK0104469,Subject selection,Reasons for wanting to choose STEM subjects (current students),I feel I am good enough at these subjects,True,Q108
R_MK0106951,Subject selection,Reasons for wanting to choose STEM subjects (current students),I enjoy these subjects,True,Q108
R_MK0106951,Subject selection,Reasons for wanting to choose STEM subjects (current students),I feel these subjects are for people like me,True,Q108
R_MK0108530,Subject selection,Reasons for wanting to choose STEM subjects (current students),I feel I am good enough at these subjects,True,Q108
R_MK0108530,Subject selection,Reasons for wanting to choose STEM subjects (current students),I feel these subjects are for people like me,True,Q108
R_MK0108530,Subject selection,Reasons for wanting to choose STEM subjects (current students),I feel encouraged to choose these subjects,True,Q108
R_MK0110138,Subject selection,Reasons for wanting to choose STEM subjects (current students),I feel these subjects are for people like me,True,Q108
R_MK0110138,Subject selection,Reasons for wanting to choose STEM subjects (current students),I feel encouraged to choose these subjects,True,Q108
R_MK0111137,Subject selection,Reasons for wanting to choose STEM subjects (current students),I enjoy these subjects,True,Q108
R_MK0111137,Subject selection,Reasons for wanting to choose STEM subjects (current students),I feel I am good enough at these subjects,True,Q108
R_MK0111137,Subject selection,Reasons for wanting to choose STEM subjects (current students),I feel these subjects are for people like me,True,Q108
R_MK0112381,Subject selection,Reasons for wanting to choose STEM subjects (current students),I enjoy these subjects,True,Q108
R_MK0112381,Subject selection,Reasons for wanting to choose STEM subjects (current students),I feel these subjects are for people like me,True,Q108
R_MK0112381,Subject selection,Reasons for wanting to choose STEM subjects (current students),I feel encouraged to choose these subjects,True,Q108
R_MK0113434,Subject selection,Reasons for wanting to choose STEM subjects (current students),I feel these subjects are for people like me,True,Q108
R_MK0116277,Subject selection,Reasons for wanting to choose STEM subjects (current students),I enjoy these subjects,True,Q108
R_MK0118601,Subject selection,Reasons for wanting to choose STEM subjects (current students),I enjoy these subjects,True,Q108
R_MK0119688,Subject selection,Reasons for wanting to choose STEM subjects (current students),I enjoy these subjects,True,Q108
R_MK0121297,Subject selection,Reasons for wanting to choose STEM subjects (current students),I feel I am good enough at these subjects,True,Q108
R_MK0122334,Subject selection,Reasons for wanting to choose STEM subjects (current students),I enjoy these subjects,True,Q108
R_MK0122334,Subject selection,Reasons for wanting to choose STEM subjects (current students),I feel I am good enough at these subjects,True,Q108
R_MK0123776,Subject selection,Reasons for wanting to choose STEM subjects (current students),I feel these subjects are for people like me,True,Q108
R_MK0123776,Subject selection,Reasons for wanting to choose STEM subjects (current students),I feel encouraged to choose these subjects,True,Q108
R_MK0124554,Subject selection,Reasons for wanting to choose STEM subjects (current students),I feel I am good enough at these subjects,True,Q108
R_MK0125621,Subject selection,Reasons for wanting to choose STEM subjects (current students),I enjoy these subjects,True,Q108
R_MK0125621,Subject selection,Reasons for wanting to choose STEM subjects (current students),I feel encouraged to choose these subjects,True,Q108
R_MK0126126,Subject selection,Reasons for wanting to choose STEM subjects (current students),I feel encouraged to choose these subjects,True,Q108
R_MK0127927,Subject selection,Reasons for wanting to choose STEM subjects (current students),I enjoy these subjects,True,Q108
R_MK0127927,Subject selection,Reasons for wanting to choose STEM subjects (current students),I am good at these subjects,True,Q108
R_MK0127927,Subject selection,Reasons for wanting to choose STEM subjects (current students),I feel I am good enough at these subjects,True,Q108
R_MK0128312,Subject selection,Reasons for wanting to choose STEM subjects (current students),I enjoy these subjects,True,Q108
R_MK0128312,Subject selection,Reasons for wanting to choose STEM subjects (current students),I am good at these subjects,True,Q108
R_MK0128312,Subject selection,Reasons for wanting to choose STEM subjects (current students),I feel I am good enough at these subjects,True,Q108
R_MK0128312,Subject selection,Reasons for wanting to choose STEM subjects (current students),I feel encouraged to choose these subjects,True,Q108
R_MK0129652,Subject selection,Reasons for wanting to choose STEM subjects (current students),I enjoy these subjects,True,Q108
R_MK0129652,Subject selection,Reasons for wanting to choose STEM subjects (current students),I am good at these subjects,True,Q108
R_MK0129652,Subject selection,Reasons for wanting to choose STEM subjects (current students),I feel I am good enough at these subjects,True,Q108
R_MK0130784,Subject selection,Reasons for wanting to choose STEM subjects (current students),I feel encouraged to choose these subjects,True,Q108
R_MK0131904,Subject selection,Reasons for wanting to choose STEM subjects (current students),I am good at these subjects,True,Q108
R_MK0131904,Subject selection,Reasons for wanting to choose STEM subjects (current students),I feel I am good enough at these subjects,True,Q108
R_MK0131904,Subject selection,Reasons for wanting to choose STEM subjects (current students),I feel encouraged to choose these subjects,True,Q108
R_MK0132200,Subject selection,Reasons for wanting to choose STEM subjects (current students),I enjoy these subjects,True,Q108
R_MK0132200,Subject selection,Reasons for wanting to choose STEM subjects (current students),I am good at these subjects,True,Q108
R_MK0132200,Subject selection,Reasons for wanting to choose STEM subjects (current students),I feel I am good enough at these subjects,True,Q108
R_MK0134540,Subject selection,Reasons for wanting to choose STEM subjects (current students),I am good at these subjects,True,Q108
R_MK0134540,Subject selection,Reasons for wanting to choose STEM subjects (current students),I feel these subjects are for people like me,True,Q108
R_MK0135905,Subject selection,Reasons for wanting to choose STEM subjects (current students),I enjoy these subjects,True,Q108
R_MK0136936,Subject selection,Reasons for wanting to choose STEM subjects (current students),I feel encouraged to choose these subjects,True,Q108
R_MK0137202,Subject selection,Reasons for wanting to choose STEM subjects (current students),I enjoy these subjects,True,Q108
R_MK0139460,Subject selection,Reasons for wanting to choose STEM subjects (current students),I am good at these subjects,True,Q108
R_MK0139460,Subject selection,Reasons for wanting to choose STEM subjects (current students),I feel I am good enough at these subjects,True,Q108
R_MK0139460,Subject selection,Reasons for wanting to choose STEM subjects (current students),I feel these subjects are for people like me,True,Q108
R_MK0145711,Subject selection,Reasons for wanting to choose STEM subjects (current students),I am good at these subjects,True,Q108
R_MK0145711,Subject selection,Reasons for wanting to choose STEM subjects (current students),I feel these subjects are for people like me,True,Q108
R_MK0146872,Subject selection,Reasons for wanting to choose STEM subjects (current students),I feel I am good enough at these subjects,True,Q108
R_MK0147584,Subject selection,Reasons for wanting to choose STEM subjects (current students),I feel I am good enough at these subjects,True,Q108
R_MK0148883,Subject selection,Reasons for wanting to choose STEM subjects (current students),I am good at these subjects,True,Q108
R_MK0149612,Subject selection,Reasons for wanting to choose STEM subjects (current students),I am good at these subjects,True,Q108
R_MK0150239,Subject selection,Reasons for wanting to choose STEM subjects (current students),I enjoy these subjects,True,Q108
R_MK0150239,Subject selection,Reasons for wanting to choose STEM subjects (current students),I feel I am good enough at these subjects,True,Q108
R_MK0150239,Subject selection,Reasons for wanting to choose STEM subjects (current students),I feel these subjects are for people like me,True,Q108
R_MK0151336,Subject selection,Reasons for wanting to choose STEM subjects (current students),I enjoy these subjects,True,Q108
R_MK0152384,Subject selection,Reasons for wanting to choose STEM subjects (current students),I am good at these subjects,True,Q108
R_MK0152384,Subject selection,Reasons for wanting to choose STEM subjects (current students),I feel I am good enough at these subjects,True,Q108
R_MK0154754,Subject selection,Reasons for wanting to choose STEM subjects (current students),I feel encouraged to choose these subjects,True,Q108
R_MK0155619,Subject selection,Reasons for wanting to choose STEM subjects (current students),I enjoy these subjects,True,Q108
R_MK0155619,Subject selection,Reasons for wanting to choose STEM subjects (current students),I am good at these subjects,True,Q108
R_MK0155619,Subject selection,Reasons for wanting to choose STEM subjects (current students),I feel I am good enough at these subjects,True,Q108
R_MK0155619,Subject selection,Reasons for wanting to choose STEM subjects (current students),I feel these subjects are for people like me,True,Q108
R_MK0155619,Subject selection,Reasons for wanting to choose STEM subjects (current students),I feel encouraged to choose these subjects,True,Q108
R_MK0156966,Subject selection,Reasons for wanting to choose STEM subjects (current students),I feel these subjects are for people like me,True,Q108
R_MK0157937,Subject selection,Reasons for wanting to choose STEM subjects (current students),I am good at these subjects,True,Q108
R_MK0157937,Subject selection,Reasons for wanting to choose STEM subjects (current students),I feel I am good enough at these subjects,True,Q108
R_MK0158474,Subject selection,Reasons for wanting to choose STEM subjects (current students),I feel these subjects are for people like me,True,Q108
R_MK0159733,Subject selection,Reasons for wanting to choose STEM subjects (current students),I feel these subjects are for people like me,True,Q108
R_MK0160733,Subject selection,Reasons for wanting to choose STEM subjects (current students),I enjoy these subjects,True,Q108
R_MK0160733,Subject selection,Reasons for wanting to choose STEM subjects (current students),I feel I am good enough at these subjects,True,Q108
R_MK0160733,Subject selection,Reasons for wanting to choose STEM subjects (current students),I feel encouraged to choose these subjects,True,Q108
R_MK0161254,Subject selection,Reasons for wanting to choose STEM subjects (current students),I enjoy these subjects,True,Q108
R_MK0161254,Subject selection,Reasons for wanting to choose STEM subjects (current students),I feel I am good enough at these subjects,True,Q108
R_MK0162481,Subject selection,Reasons for wanting to choose STEM subjects (current students),I feel I am good enough at these subjects,True,Q108
R_MK0162481,Subject selection,Reasons for wanting to choose STEM subjects (current students),I feel these subjects are for people like me,True,Q108
R_MK0163945,Subject selection,Reasons for wanting to choose STEM subjects (current students),I am good at these subjects,True,Q108
R_MK0163945,Subject selection,Reasons for wanting to choose STEM subjects (current students),I feel encouraged to choose these subjects,True,Q108
R_MK0164227,Subject selection,Reasons for wanting to choose STEM subjects (current students),I enjoy these subjects,True,Q108
R_MK0164227,Subject selection,Reasons for wanting to choose STEM subjects (current students),I am good at these subjects,True,Q108
R_MK0164227,Subject selection,Reasons for wanting to choose STEM subjects (current students),I feel encouraged to choose these subjects,True,Q108
R_MK0165174,Subject selection,Reasons for wanting to choose STEM subjects (current students),I am good at these subjects,True,Q108
R_MK0166745,Subject selection,Reasons for wanting to choose STEM subjects (current students),I am good at these subjects,True,Q108
R_MK0166745,Subject selection,Reasons for wanting to choose STEM subjects (current students),I feel I am good enough at these subjects,True,Q108
R_MK0166745,Subject selection,Reasons for wanting to choose STEM subjects (current students),I feel these subjects are for people like me,True,Q108
R_MK0167637,Subject selection,Reasons for wanting to choose STEM subjects (current students),I am good at these subjects,True,Q108
R_MK0167637,Subject selection,Reasons for wanting to choose STEM subjects (current students),I feel encouraged to choose these subjects,True,Q108
R_MK0168775,Subject selection,Reasons for wanting to choose STEM subjects (current students),I enjoy these subjects,True,Q108
R_MK0168775,Subject selection,Reasons for wanting to choose STEM subjects (current students),I feel encouraged to choose these subjects,True,Q108
R_MK0169479,Subject selection,Reasons for wanting to choose STEM subjects (current students),I enjoy these subjects,True,Q108
R_MK0169479,Subject selection,Reasons for wanting to choose STEM subjects (current students),I am good at these subjects,True,Q108
R_MK0169479,Subject selection,Reasons for wanting to choose STEM subjects (current students),I feel these subjects are for people like me,True,Q108
R_MK0173150,Subject selection,Reasons for wanting to choose STEM subjects (current students),I enjoy these subjects,True,Q108
R_MK0174572,Subject selection,Reasons for wanting to choose STEM subjects (current students),I am good at these subjects,True,Q108
R_MK0174572,Subject selection,Reasons for wanting to choose STEM subjects (current students),I feel I am good enough at these subjects,True,Q108
R_MK0176790,Subject selection,Reasons for wanting to choose STEM subjects (current students),I feel I am good enough at these subjects,True,Q108
R_MK0176790,Subject selection,Reasons for wanting to choose STEM subjects (current students),I feel encouraged to choose these subjects,True,Q108
R_MK0178316,Subject selection,Reasons for wanting to choose STEM subjects (current students),I am good at these subjects,True,Q108
R_MK0178316,Subject selection,Reasons for wanting to choose STEM subjects (current students),I feel these subjects are for people like me,True,Q108
R_MK0179159,Subject selection,Reasons for wanting to choose STEM subjects (current students),I am good at these subjects,True,Q108
R_MK0002347,Subject selection,Reasons they chose STEM subjects (looking back),I enjoy these subjects,True,Q109
R_MK0002347,Subject selection,Reasons they chose STEM subjects (looking back),I am good at these subjects,True,Q109
R_MK0002347,Subject selection,Reasons they chose STEM subjects (looking back),I feel these subjects are for people like me,True,Q109
R_MK0002347,Subject selection,Reasons they chose STEM subjects (looking back),I felt encouraged to choose these subjects,True,Q109
R_MK0005596,Subject selection,Reasons they chose STEM subjects (looking back),I am good at these subjects,True,Q109
R_MK0005596,Subject selection,Reasons they chose STEM subjects (looking back),I feel I am good enough at these subjects,True,Q109
R_MK0005596,Subject selection,Reasons they chose STEM subjects (looking back),I feel these subjects are for people like me,True,Q109
R_MK0005596,Subject selection,Reasons they chose STEM subjects (looking back),I felt encouraged to choose these subjects,True,Q109
R_MK0016501,Subject selection,Reasons they chose STEM subjects (looking back),I am good at these subjects,True,Q109
R_MK0016501,Subject selection,Reasons they chose STEM subjects (looking back),I feel I am good enough at these subjects,True,Q109
R_MK0027927,Subject selection,Reasons they chose STEM subjects (looking back),I am good at these subjects,True,Q109
R_MK0027927,Subject selection,Reasons they chose STEM subjects (looking back),I feel I am good enough at these subjects,True,Q109
R_MK0027927,Subject selection,Reasons they chose STEM subjects (looking back),I feel these subjects are for people like me,True,Q109
R_MK0029779,Subject selection,Reasons they chose STEM subjects (looking back),I am good at these subjects,True,Q109
R_MK0029779,Subject selection,Reasons they chose STEM subjects (looking back),I feel I am good enough at these subjects,True,Q109
R_MK0032287,Subject selection,Reasons they chose STEM subjects (looking back),I enjoy these subjects,True,Q109
R_MK0034390,Subject selection,Reasons they chose STEM subjects (looking back),I am good at these subjects,True,Q109
R_MK0034390,Subject selection,Reasons they chose STEM subjects (looking back),I feel I am good enough at these subjects,True,Q109
R_MK0034390,Subject selection,Reasons they chose STEM subjects (looking back),I feel these subjects are for people like me,True,Q109
R_MK0036231,Subject selection,Reasons they chose STEM subjects (looking back),I feel these subjects are for people like me,True,Q109
R_MK0037540,Subject selection,Reasons they chose STEM subjects (looking back),I feel these subjects are for people like me,True,Q109
R_MK0039929,Subject selection,Reasons they chose STEM subjects (looking back),I enjoy these subjects,True,Q109
R_MK0053388,Subject selection,Reasons they chose STEM subjects (looking back),I enjoy these subjects,True,Q109
R_MK0058975,Subject selection,Reasons they chose STEM subjects (looking back),I enjoy these subjects,True,Q109
R_MK0058975,Subject selection,Reasons they chose STEM subjects (looking back),I am good at these subjects,True,Q109
R_MK0058975,Subject selection,Reasons they chose STEM subjects (looking back),I feel I am good enough at these subjects,True,Q109
R_MK0058975,Subject selection,Reasons they chose STEM subjects (looking back),I feel these subjects are for people like me,True,Q109
R_MK0058975,Subject selection,Reasons they chose STEM subjects (looking back),I felt encouraged to choose these subjects,True,Q109
R_MK0068572,Subject selection,Reasons they chose STEM subjects (looking back),I enjoy these subjects,True,Q109
R_MK0068572,Subject selection,Reasons they chose STEM subjects (looking back),I am good at these subjects,True,Q109
R_MK0068572,Subject selection,Reasons they chose STEM subjects (looking back),I feel these subjects are for people like me,True,Q109
R_MK0083550,Subject selection,Reasons they chose STEM subjects (looking back),I enjoy these subjects,True,Q109
R_MK0083550,Subject selection,Reasons they chose STEM subjects (looking back),I felt encouraged to choose these subjects,True,Q109
R_MK0085137,Subject selection,Reasons they chose STEM subjects (looking back),I felt encouraged to choose these subjects,True,Q109
R_MK0086766,Subject selection,Reasons they chose STEM subjects (looking back),I am good at these subjects,True,Q109
R_MK0093403,Subject selection,Reasons they chose STEM subjects (looking back),I felt encouraged to choose these subjects,True,Q109
R_MK0096679,Subject selection,Reasons they chose STEM subjects (looking back),I enjoy these subjects,True,Q109
R_MK0096679,Subject selection,Reasons they chose STEM subjects (looking back),I am good at these subjects,True,Q109
R_MK0096679,Subject selection,Reasons they chose STEM subjects (looking back),I feel I am good enough at these subjects,True,Q109
R_MK0096679,Subject selection,Reasons they chose STEM subjects (looking back),I feel these subjects are for people like me,True,Q109
R_MK0098119,Subject selection,Reasons they chose STEM subjects (looking back),I enjoy these subjects,True,Q109
R_MK0098119,Subject selection,Reasons they chose STEM subjects (looking back),I am good at these subjects,True,Q109
R_MK0098119,Subject selection,Reasons they chose STEM subjects (looking back),I feel these subjects are for people like me,True,Q109
R_MK0098119,Subject selection,Reasons they chose STEM subjects (looking back),I felt encouraged to choose these subjects,True,Q109
R_MK0107157,Subject selection,Reasons they chose STEM subjects (looking back),I enjoy these subjects,True,Q109
R_MK0107157,Subject selection,Reasons they chose STEM subjects (looking back),I feel these subjects are for people like me,True,Q109
R_MK0109787,Subject selection,Reasons they chose STEM subjects (looking back),I enjoy these subjects,True,Q109
R_MK0109787,Subject selection,Reasons they chose STEM subjects (looking back),I am good at these subjects,True,Q109
R_MK0109787,Subject selection,Reasons they chose STEM subjects (looking back),I feel these subjects are for people like me,True,Q109
R_MK0114344,Subject selection,Reasons they chose STEM subjects (looking back),I am good at these subjects,True,Q109
R_MK0114344,Subject selection,Reasons they chose STEM subjects (looking back),I feel these subjects are for people like me,True,Q109
R_MK0115977,Subject selection,Reasons they chose STEM subjects (looking back),I am good at these subjects,True,Q109
R_MK0115977,Subject selection,Reasons they chose STEM subjects (looking back),I feel I am good enough at these subjects,True,Q109
R_MK0117584,Subject selection,Reasons they chose STEM subjects (looking back),I feel I am good enough at these subjects,True,Q109
R_MK0117584,Subject selection,Reasons they chose STEM subjects (looking back),I feel these subjects are for people like me,True,Q109
R_MK0138439,Subject selection,Reasons they chose STEM subjects (looking back),I am good at these subjects,True,Q109
R_MK0141545,Subject selection,Reasons they chose STEM subjects (looking back),I enjoy these subjects,True,Q109
R_MK0141545,Subject selection,Reasons they chose STEM subjects (looking back),I feel these subjects are for people like me,True,Q109
R_MK0142815,Subject selection,Reasons they chose STEM subjects (looking back),I feel I am good enough at these subjects,True,Q109
R_MK0144185,Subject selection,Reasons they chose STEM subjects (looking back),I felt encouraged to choose these subjects,True,Q109
R_MK0170181,Subject selection,Reasons they chose STEM subjects (looking back),I enjoy these subjects,True,Q109
R_MK0170181,Subject selection,Reasons they chose STEM subjects (looking back),I felt encouraged to choose these subjects,True,Q109
R_MK0171613,Subject selection,Reasons they chose STEM subjects (looking back),I felt encouraged to choose these subjects,True,Q109
R_MK0175538,Subject selection,Reasons they chose STEM subjects (looking back),I am good at these subjects,True,Q109
R_MK0175538,Subject selection,Reasons they chose STEM subjects (looking back),I felt encouraged to choose these subjects,True,Q109
R_MK0002347,Subject selection,Reasons they did not choose STEM subjects (looking back),I did not feel encouraged to choose these subjects,True,Q110
R_MK0002347,Subject selection,Reasons they did not choose STEM subjects (looking back),The behaviour of other students in the class would have made it difficult for me to enjoy,True,Q110
R_MK0005596,Subject selection,Reasons they did not choose STEM subjects (looking back),I do not enjoy those subjects,True,Q110
R_MK0005596,Subject selection,Reasons they did not choose STEM subjects (looking back),I am not good at these subjects,True,Q110
R_MK0005596,Subject selection,Reasons they did not choose STEM subjects (looking back),I do not feel I am good enough at these subjects,True,Q110
R_MK0005596,Subject selection,Reasons they did not choose STEM subjects (looking back),I did not feel encouraged to choose these subjects,True,Q110
R_MK0005596,Subject selection,Reasons they did not choose STEM subjects (looking back),The subjects that I am interested in were not available at my school,True,Q110
R_MK0005596,Subject selection,Reasons they did not choose STEM subjects (looking back),The behaviour of other students in the class would have made it difficult for me to enjoy,True,Q110
R_MK0016501,Subject selection,Reasons they did not choose STEM subjects (looking back),I feel those subjects are not for people like me,True,Q110
R_MK0027927,Subject selection,Reasons they did not choose STEM subjects (looking back),I am not good at these subjects,True,Q110
R_MK0027927,Subject selection,Reasons they did not choose STEM subjects (looking back),I feel those subjects are not for people like me,True,Q110
R_MK0027927,Subject selection,Reasons they did not choose STEM subjects (looking back),I did not feel encouraged to choose these subjects,True,Q110
R_MK0027927,Subject selection,Reasons they did not choose STEM subjects (looking back),The subjects that I am interested in were not available at my school,True,Q110
R_MK0027927,Subject selection,Reasons they did not choose STEM subjects (looking back),The behaviour of other students in the class would have made it difficult for me to enjoy,True,Q110
R_MK0029779,Subject selection,Reasons they did not choose STEM subjects (looking back),I do not feel I am good enough at these subjects,True,Q110
R_MK0029779,Subject selection,Reasons they did not choose STEM subjects (looking back),I feel those subjects are not for people like me,True,Q110
R_MK0032287,Subject selection,Reasons they did not choose STEM subjects (looking back),I did not feel encouraged to choose these subjects,True,Q110
R_MK0032287,Subject selection,Reasons they did not choose STEM subjects (looking back),The behaviour of other students in the class would have made it difficult for me to enjoy,True,Q110
R_MK0036231,Subject selection,Reasons they did not choose STEM subjects (looking back),I do not feel I am good enough at these subjects,True,Q110
R_MK0036231,Subject selection,Reasons they did not choose STEM subjects (looking back),I did not feel encouraged to choose these subjects,True,Q110
R_MK0036231,Subject selection,Reasons they did not choose STEM subjects (looking back),The subjects that I am interested in were not available at my school,True,Q110
R_MK0037540,Subject selection,Reasons they did not choose STEM subjects (looking back),The subjects that I am interested in were not available at my school,True,Q110
R_MK0039929,Subject selection,Reasons they did not choose STEM subjects (looking back),I do not feel I am good enough at these subjects,True,Q110
R_MK0039929,Subject selection,Reasons they did not choose STEM subjects (looking back),I feel those subjects are not for people like me,True,Q110
R_MK0039929,Subject selection,Reasons they did not choose STEM subjects (looking back),I did not feel encouraged to choose these subjects,True,Q110
R_MK0053388,Subject selection,Reasons they did not choose STEM subjects (looking back),I do not enjoy those subjects,True,Q110
R_MK0053388,Subject selection,Reasons they did not choose STEM subjects (looking back),I did not feel encouraged to choose these subjects,True,Q110
R_MK0053388,Subject selection,Reasons they did not choose STEM subjects (looking back),The behaviour of other students in the class would have made it difficult for me to enjoy,True,Q110
R_MK0058975,Subject selection,Reasons they did not choose STEM subjects (looking back),I do not enjoy those subjects,True,Q110
R_MK0058975,Subject selection,Reasons they did not choose STEM subjects (looking back),I feel those subjects are not for people like me,True,Q110
R_MK0068572,Subject selection,Reasons they did not choose STEM subjects (looking back),I do not enjoy those subjects,True,Q110
R_MK0068572,Subject selection,Reasons they did not choose STEM subjects (looking back),I am not good at these subjects,True,Q110
R_MK0068572,Subject selection,Reasons they did not choose STEM subjects (looking back),I did not feel encouraged to choose these subjects,True,Q110
R_MK0068572,Subject selection,Reasons they did not choose STEM subjects (looking back),The subjects that I am interested in were not available at my school,True,Q110
R_MK0083550,Subject selection,Reasons they did not choose STEM subjects (looking back),I am not good at these subjects,True,Q110
R_MK0083550,Subject selection,Reasons they did not choose STEM subjects (looking back),I feel those subjects are not for people like me,True,Q110
R_MK0085137,Subject selection,Reasons they did not choose STEM subjects (looking back),I do not enjoy those subjects,True,Q110
R_MK0085137,Subject selection,Reasons they did not choose STEM subjects (looking back),I do not feel I am good enough at these subjects,True,Q110
R_MK0085137,Subject selection,Reasons they did not choose STEM subjects (looking back),I did not feel encouraged to choose these subjects,True,Q110
R_MK0086766,Subject selection,Reasons they did not choose STEM subjects (looking back),I do not enjoy those subjects,True,Q110
R_MK0086766,Subject selection,Reasons they did not choose STEM subjects (looking back),I do not feel I am good enough at these subjects,True,Q110
R_MK0086766,Subject selection,Reasons they did not choose STEM subjects (looking back),The behaviour of other students in the class would have made it difficult for me to enjoy,True,Q110
R_MK0093403,Subject selection,Reasons they did not choose STEM subjects (looking back),I am not good at these subjects,True,Q110
R_MK0093403,Subject selection,Reasons they did not choose STEM subjects (looking back),I do not feel I am good enough at these subjects,True,Q110
R_MK0093403,Subject selection,Reasons they did not choose STEM subjects (looking back),I feel those subjects are not for people like me,True,Q110
R_MK0094607,Subject selection,Reasons they did not choose STEM subjects (looking back),I am not good at these subjects,True,Q110
R_MK0094607,Subject selection,Reasons they did not choose STEM subjects (looking back),I did not feel encouraged to choose these subjects,True,Q110
R_MK0094607,Subject selection,Reasons they did not choose STEM subjects (looking back),The subjects that I am interested in were not available at my school,True,Q110
R_MK0094607,Subject selection,Reasons they did not choose STEM subjects (looking back),The behaviour of other students in the class would have made it difficult for me to enjoy,True,Q110
R_MK0096679,Subject selection,Reasons they did not choose STEM subjects (looking back),The behaviour of other students in the class would have made it difficult for me to enjoy,True,Q110
R_MK0098119,Subject selection,Reasons they did not choose STEM subjects (looking back),I do not enjoy those subjects,True,Q110
R_MK0098119,Subject selection,Reasons they did not choose STEM subjects (looking back),I do not feel I am good enough at these subjects,True,Q110
R_MK0098119,Subject selection,Reasons they did not choose STEM subjects (looking back),The behaviour of other students in the class would have made it difficult for me to enjoy,True,Q110
R_MK0105582,Subject selection,Reasons they did not choose STEM subjects (looking back),I do not enjoy those subjects,True,Q110
R_MK0105582,Subject selection,Reasons they did not choose STEM subjects (looking back),I do not feel I am good enough at these subjects,True,Q110
R_MK0105582,Subject selection,Reasons they did not choose STEM subjects (looking back),I did not feel encouraged to choose these subjects,True,Q110
R_MK0107157,Subject selection,Reasons they did not choose STEM subjects (looking back),I do not enjoy those subjects,True,Q110
R_MK0107157,Subject selection,Reasons they did not choose STEM subjects (looking back),I do not feel I am good enough at these subjects,True,Q110
R_MK0107157,Subject selection,Reasons they did not choose STEM subjects (looking back),I did not feel encouraged to choose these subjects,True,Q110
R_MK0107157,Subject selection,Reasons they did not choose STEM subjects (looking back),The behaviour of other students in the class would have made it difficult for me to enjoy,True,Q110
R_MK0114344,Subject selection,Reasons they did not choose STEM subjects (looking back),I do not enjoy those subjects,True,Q110
R_MK0114344,Subject selection,Reasons they did not choose STEM subjects (looking back),I do not feel I am good enough at these subjects,True,Q110
R_MK0114344,Subject selection,Reasons they did not choose STEM subjects (looking back),I feel those subjects are not for people like me,True,Q110
R_MK0114344,Subject selection,Reasons they did not choose STEM subjects (looking back),I did not feel encouraged to choose these subjects,True,Q110
R_MK0114344,Subject selection,Reasons they did not choose STEM subjects (looking back),The behaviour of other students in the class would have made it difficult for me to enjoy,True,Q110
R_MK0115977,Subject selection,Reasons they did not choose STEM subjects (looking back),I do not enjoy those subjects,True,Q110
R_MK0115977,Subject selection,Reasons they did not choose STEM subjects (looking back),I do not feel I am good enough at these subjects,True,Q110
R_MK0115977,Subject selection,Reasons they did not choose STEM subjects (looking back),The subjects that I am interested in were not available at my school,True,Q110
R_MK0117584,Subject selection,Reasons they did not choose STEM subjects (looking back),I do not feel I am good enough at these subjects,True,Q110
R_MK0138439,Subject selection,Reasons they did not choose STEM subjects (looking back),I do not enjoy those subjects,True,Q110
R_MK0138439,Subject selection,Reasons they did not choose STEM subjects (looking back),I feel those subjects are not for people like me,True,Q110
R_MK0138439,Subject selection,Reasons they did not choose STEM subjects (looking back),I did not feel encouraged to choose these subjects,True,Q110
R_MK0141545,Subject selection,Reasons they did not choose STEM subjects (looking back),I do not enjoy those subjects,True,Q110
R_MK0141545,Subject selection,Reasons they did not choose STEM subjects (looking back),I am not good at these subjects,True,Q110
R_MK0141545,Subject selection,Reasons they did not choose STEM subjects (looking back),I do not feel I am good enough at these subjects,True,Q110
R_MK0141545,Subject selection,Reasons they did not choose STEM subjects (looking back),The behaviour of other students in the class would have made it difficult for me to enjoy,True,Q110
R_MK0142815,Subject selection,Reasons they did not choose STEM subjects (looking back),I do not enjoy those subjects,True,Q110
R_MK0142815,Subject selection,Reasons they did not choose STEM subjects (looking back),I do not feel I am good enough at these subjects,True,Q110
R_MK0142815,Subject selection,Reasons they did not choose STEM subjects (looking back),I did not feel encouraged to choose these subjects,True,Q110
R_MK0144185,Subject selection,Reasons they did not choose STEM subjects (looking back),I am not good at these subjects,True,Q110
R_MK0171613,Subject selection,Reasons they did not choose STEM subjects (looking back),I am not good at these subjects,True,Q110
R_MK0175538,Subject selection,Reasons they did not choose STEM subjects (looking back),I do not enjoy those subjects,True,Q110
R_MK0002347,Subject selection,What helped them decide to take those subjects (looking back),Career advise from teachers or career advisors,True,Q82
R_MK0002347,Subject selection,What helped them decide to take those subjects (looking back),STEM related activities at school,True,Q82
R_MK0002347,Subject selection,What helped them decide to take those subjects (looking back),home or outside of school,True,Q82
R_MK0002347,Subject selection,What helped them decide to take those subjects (looking back),Role models,True,Q82
R_MK0005596,Subject selection,What helped them decide to take those subjects (looking back),Career advise from teachers or career advisors,True,Q82
R_MK0005596,Subject selection,What helped them decide to take those subjects (looking back),Teachers,True,Q82
R_MK0005596,Subject selection,What helped them decide to take those subjects (looking back),My friends,True,Q82
R_MK0005596,Subject selection,What helped them decide to take those subjects (looking back),My family,True,Q82
R_MK0005596,Subject selection,What helped them decide to take those subjects (looking back),I like maths,True,Q82
R_MK0005596,Subject selection,What helped them decide to take those subjects (looking back),science and or technology subjects,True,Q82
R_MK0005596,Subject selection,What helped them decide to take those subjects (looking back),Role models,True,Q82
R_MK0016501,Subject selection,What helped them decide to take those subjects (looking back),Teachers,True,Q82
R_MK0016501,Subject selection,What helped them decide to take those subjects (looking back),I think I am good at maths,True,Q82
R_MK0016501,Subject selection,What helped them decide to take those subjects (looking back),science or technology subjects,True,Q82
R_MK0027927,Subject selection,What helped them decide to take those subjects (looking back),Teachers,True,Q82
R_MK0029779,Subject selection,What helped them decide to take those subjects (looking back),Career advise from teachers or career advisors,True,Q82
R_MK0029779,Subject selection,What helped them decide to take those subjects (looking back),My friends,True,Q82
R_MK0029779,Subject selection,What helped them decide to take those subjects (looking back),STEM related activities at school,True,Q82
R_MK0029779,Subject selection,What helped them decide to take those subjects (looking back),home or outside of school,True,Q82
R_MK0032287,Subject selection,What helped them decide to take those subjects (looking back),Teachers,True,Q82
R_MK0032287,Subject selection,What helped them decide to take those subjects (looking back),Activities at school,True,Q82
R_MK0032287,Subject selection,What helped them decide to take those subjects (looking back),My family,True,Q82
R_MK0032287,Subject selection,What helped them decide to take those subjects (looking back),STEM related activities at school,True,Q82
R_MK0032287,Subject selection,What helped them decide to take those subjects (looking back),home or outside of school,True,Q82
R_MK0032287,Subject selection,What helped them decide to take those subjects (looking back),I think I am good at maths,True,Q82
R_MK0032287,Subject selection,What helped them decide to take those subjects (looking back),science or technology subjects,True,Q82
R_MK0032287,Subject selection,What helped them decide to take those subjects (looking back),I like maths,True,Q82
R_MK0032287,Subject selection,What helped them decide to take those subjects (looking back),science and or technology subjects,True,Q82
R_MK0034390,Subject selection,What helped them decide to take those subjects (looking back),Teachers,True,Q82
R_MK0034390,Subject selection,What helped them decide to take those subjects (looking back),My friends,True,Q82
R_MK0034390,Subject selection,What helped them decide to take those subjects (looking back),My family,True,Q82
R_MK0034390,Subject selection,What helped them decide to take those subjects (looking back),I like maths,True,Q82
R_MK0034390,Subject selection,What helped them decide to take those subjects (looking back),science and or technology subjects,True,Q82
R_MK0036231,Subject selection,What helped them decide to take those subjects (looking back),Career advise from teachers or career advisors,True,Q82
R_MK0036231,Subject selection,What helped them decide to take those subjects (looking back),My family,True,Q82
R_MK0039929,Subject selection,What helped them decide to take those subjects (looking back),Activities at school,True,Q82
R_MK0039929,Subject selection,What helped them decide to take those subjects (looking back),My family,True,Q82
R_MK0039929,Subject selection,What helped them decide to take those subjects (looking back),I think I am good at maths,True,Q82
R_MK0039929,Subject selection,What helped them decide to take those subjects (looking back),science or technology subjects,True,Q82
R_MK0053388,Subject selection,What helped them decide to take those subjects (looking back),Teachers,True,Q82
R_MK0053388,Subject selection,What helped them decide to take those subjects (looking back),My friends,True,Q82
R_MK0053388,Subject selection,What helped them decide to take those subjects (looking back),My family,True,Q82
R_MK0053388,Subject selection,What helped them decide to take those subjects (looking back),STEM related activities at school,True,Q82
R_MK0053388,Subject selection,What helped them decide to take those subjects (looking back),home or outside of school,True,Q82
R_MK0058975,Subject selection,What helped them decide to take those subjects (looking back),Career advise from teachers or career advisors,True,Q82
R_MK0058975,Subject selection,What helped them decide to take those subjects (looking back),Teachers,True,Q82
R_MK0058975,Subject selection,What helped them decide to take those subjects (looking back),My family,True,Q82
R_MK0058975,Subject selection,What helped them decide to take those subjects (looking back),STEM related activities at school,True,Q82
R_MK0058975,Subject selection,What helped them decide to take those subjects (looking back),home or outside of school,True,Q82
R_MK0058975,Subject selection,What helped them decide to take those subjects (looking back),I think I am good at maths,True,Q82
R_MK0058975,Subject selection,What helped them decide to take those subjects (looking back),science or technology subjects,True,Q82
R_MK0068572,Subject selection,What helped them decide to take those subjects (looking back),Career advise from teachers or career advisors,True,Q82
R_MK0068572,Subject selection,What helped them decide to take those subjects (looking back),My friends,True,Q82
R_MK0068572,Subject selection,What helped them decide to take those subjects (looking back),My family,True,Q82
R_MK0068572,Subject selection,What helped them decide to take those subjects (looking back),I think I am good at maths,True,Q82
R_MK0068572,Subject selection,What helped them decide to take those subjects (looking back),science or technology subjects,True,Q82
R_MK0068572,Subject selection,What helped them decide to take those subjects (looking back),Role models,True,Q82
R_MK0083550,Subject selection,What helped them decide to take those subjects (looking back),Career advise from teachers or career advisors,True,Q82
R_MK0083550,Subject selection,What helped them decide to take those subjects (looking back),Teachers,True,Q82
R_MK0083550,Subject selection,What helped them decide to take those subjects (looking back),My friends,True,Q82
R_MK0085137,Subject selection,What helped them decide to take those subjects (looking back),STEM related activities at school,True,Q82
R_MK0085137,Subject selection,What helped them decide to take those subjects (looking back),home or outside of school,True,Q82
R_MK0086766,Subject selection,What helped them decide to take those subjects (looking back),STEM related activities at school,True,Q82
R_MK0086766,Subject selection,What helped them decide to take those subjects (looking back),home or outside of school,True,Q82
R_MK0086766,Subject selection,What helped them decide to take those subjects (looking back),I like maths,True,Q82
R_MK0086766,Subject selection,What helped them decide to take those subjects (looking back),science and or technology subjects,True,Q82
R_MK0086766,Subject selection,What helped them decide to take those subjects (looking back),Role models,True,Q82
R_MK0093403,Subject selection,What helped them decide to take those subjects (looking back),Activities at school,True,Q82
R_MK0093403,Subject selection,What helped them decide to take those subjects (looking back),My family,True,Q82
R_MK0093403,Subject selection,What helped them decide to take those subjects (looking back),Role models,True,Q82
R_MK0094607,Subject selection,What helped them decide to take those subjects (looking back),Teachers,True,Q82
R_MK0094607,Subject selection,What helped them decide to take those subjects (looking back),Activities at school,True,Q82
R_MK0094607,Subject selection,What helped them decide to take those subjects (looking back),My friends,True,Q82
R_MK0094607,Subject selection,What helped them decide to take those subjects (looking back),STEM related activities at school,True,Q82
R_MK0094607,Subject selection,What helped them decide to take those subjects (looking back),home or outside of school,True,Q82
R_MK0094607,Subject selection,What helped them decide to take those subjects (looking back),Role models,True,Q82
R_MK0096679,Subject selection,What helped them decide to take those subjects (looking back),My friends,True,Q82
R_MK0096679,Subject selection,What helped them decide to take those subjects (looking back),I think I am good at maths,True,Q82
R_MK0096679,Subject selection,What helped them decide to take those subjects (looking back),science or technology subjects,True,Q82
R_MK0096679,Subject selection,What helped them decide to take those subjects (looking back),I like maths,True,Q82
R_MK0096679,Subject selection,What helped them decide to take those subjects (looking back),science and or technology subjects,True,Q82
R_MK0098119,Subject selection,What helped them decide to take those subjects (looking back),STEM related activities at school,True,Q82
R_MK0098119,Subject selection,What helped them decide to take those subjects (looking back),home or outside of school,True,Q82
R_MK0098119,Subject selection,What helped them decide to take those subjects (looking back),I think I am good at maths,True,Q82
R_MK0098119,Subject selection,What helped them decide to take those subjects (looking back),science or technology subjects,True,Q82
R_MK0098119,Subject selection,What helped them decide to take those subjects (looking back),Role models,True,Q82
R_MK0105582,Subject selection,What helped them decide to take those subjects (looking back),Activities at school,True,Q82
R_MK0105582,Subject selection,What helped them decide to take those subjects (looking back),STEM related activities at school,True,Q82
R_MK0105582,Subject selection,What helped them decide to take those subjects (looking back),home or outside of school,True,Q82
R_MK0105582,Subject selection,What helped them decide to take those subjects (looking back),I like maths,True,Q82
R_MK0105582,Subject selection,What helped them decide to take those subjects (looking back),science and or technology subjects,True,Q82
R_MK0105582,Subject selection,What helped them decide to take those subjects (looking back),Role models,True,Q82
R_MK0107157,Subject selection,What helped them decide to take those subjects (looking back),Career advise from teachers or career advisors,True,Q82
R_MK0107157,Subject selection,What helped them decide to take those subjects (looking back),My family,True,Q82
R_MK0107157,Subject selection,What helped them decide to take those subjects (looking back),I like maths,True,Q82
R_MK0107157,Subject selection,What helped them decide to take those subjects (looking back),science and or technology subjects,True,Q82
R_MK0109787,Subject selection,What helped them decide to take those subjects (looking back),Role models,True,Q82
R_MK0114344,Subject selection,What helped them decide to take those subjects (looking back),Teachers,True,Q82
R_MK0114344,Subject selection,What helped them decide to take those subjects (looking back),Activities at school,True,Q82
R_MK0114344,Subject selection,What helped them decide to take those subjects (looking back),My family,True,Q82
R_MK0114344,Subject selection,What helped them decide to take those subjects (looking back),STEM related activities at school,True,Q82
R_MK0114344,Subject selection,What helped them decide to take those subjects (looking back),home or outside of school,True,Q82
R_MK0114344,Subject selection,What helped them decide to take those subjects (looking back),I like maths,True,Q82
R_MK0114344,Subject selection,What helped them decide to take those subjects (looking back),science and or technology subjects,True,Q82
R_MK0114344,Subject selection,What helped them decide to take those subjects (looking back),Role models,True,Q82
R_MK0115977,Subject selection,What helped them decide to take those subjects (looking back),Activities at school,True,Q82
R_MK0115977,Subject selection,What helped them decide to take those subjects (looking back),My family,True,Q82
R_MK0115977,Subject selection,What helped them decide to take those subjects (looking back),I think I am good at maths,True,Q82
R_MK0115977,Subject selection,What helped them decide to take those subjects (looking back),science or technology subjects,True,Q82
R_MK0115977,Subject selection,What helped them decide to take those subjects (looking back),I like maths,True,Q82
R_MK0115977,Subject selection,What helped them decide to take those subjects (looking back),science and or technology subjects,True,Q82
R_MK0115977,Subject selection,What helped them decide to take those subjects (looking back),Role models,True,Q82
R_MK0117584,Subject selection,What helped them decide to take those subjects (looking back),I think I am good at maths,True,Q82
R_MK0117584,Subject selection,What helped them decide to take those subjects (looking back),science or technology subjects,True,Q82
R_MK0117584,Subject selection,What helped them decide to take those subjects (looking back),Role models,True,Q82
R_MK0138439,Subject selection,What helped them decide to take those subjects (looking back),Career advise from teachers or career advisors,True,Q82
R_MK0138439,Subject selection,What helped them decide to take those subjects (looking back),I like maths,True,Q82
R_MK0138439,Subject selection,What helped them decide to take those subjects (looking back),science and or technology subjects,True,Q82
R_MK0141545,Subject selection,What helped them decide to take those subjects (looking back),Teachers,True,Q82
R_MK0141545,Subject selection,What helped them decide to take those subjects (looking back),I like maths,True,Q82
R_MK0141545,Subject selection,What helped them decide to take those subjects (looking back),science and or technology subjects,True,Q82
R_MK0141545,Subject selection,What helped them decide to take those subjects (looking back),Role models,True,Q82
R_MK0142815,Subject selection,What helped them decide to take those subjects (looking back),Career advise from teachers or career advisors,True,Q82
R_MK0142815,Subject selection,What helped them decide to take those subjects (looking back),Teachers,True,Q82
R_MK0142815,Subject selection,What helped them decide to take those subjects (looking back),My family,True,Q82
R_MK0142815,Subject selection,What helped them decide to take those subjects (looking back),I think I am good at maths,True,Q82
R_MK0142815,Subject selection,What helped them decide to take those subjects (looking back),science or technology subjects,True,Q82
R_MK0144185,Subject selection,What helped them decide to take those subjects (looking back),Teachers,True,Q82
R_MK0144185,Subject selection,What helped them decide to take those subjects (looking back),Activities at school,True,Q82
R_MK0144185,Subject selection,What helped them decide to take those subjects (looking back),I think I am good at maths,True,Q82
R_MK0144185,Subject selection,What helped them decide to take those subjects (looking back),science or technology subjects,True,Q82
R_MK0144185,Subject selection,What helped them decide to take those subjects (looking back),Role models,True,Q82
R_MK0170181,Subject selection,What helped them decide to take those subjects (looking back),Career advise from teachers or career advisors,True,Q82
R_MK0170181,Subject selection,What helped them decide to take those subjects (looking back),My friends,True,Q82
R_MK0170181,Subject selection,What helped them decide to take those subjects (looking back),My family,True,Q82
R_MK0170181,Subject selection,What helped them decide to take those subjects (looking back),STEM related activities at school,True,Q82
R_MK0170181,Subject selection,What helped them decide to take those subjects (looking back),home or outside of school,True,Q82
R_MK0171613,Subject selection,What helped them decide to take those subjects (looking back),STEM related activities at school,True,Q82
R_MK0171613,Subject selection,What helped them decide to take those subjects (looking back),home or outside of school,True,Q82
R_MK0171613,Subject selection,What helped them decide to take those subjects (looking back),Role models,True,Q82
R_MK0175538,Subject selection,What helped them decide to take those subjects (looking back),Career advise from teachers or career advisors,True,Q82
R_MK0175538,Subject selection,What helped them decide to take those subjects (looking back),My family,True,Q82
R_MK0175538,Subject selection,What helped them decide to take those subjects (looking back),I think I am good at maths,True,Q82
R_MK0175538,Subject selection,What helped them decide to take those subjects (looking back),science or technology subjects,True,Q82
R_MK0002347,Subject selection,Reasons they decided against STEM subjects (looking back),I think I am not good at maths,True,Q83
R_MK0002347,Subject selection,Reasons they decided against STEM subjects (looking back),science or technology subjects,True,Q83
R_MK0002347,Subject selection,Reasons they decided against STEM subjects (looking back),I do not like maths,True,Q83
R_MK0002347,Subject selection,Reasons they decided against STEM subjects (looking back),science or technology subjects,True,Q83
R_MK0002347,Subject selection,Reasons they decided against STEM subjects (looking back),I feel these subjects are more suitable for boys,True,Q83
R_MK0005596,Subject selection,Reasons they decided against STEM subjects (looking back),My friends,True,Q83
R_MK0005596,Subject selection,Reasons they decided against STEM subjects (looking back),My family,True,Q83
R_MK0005596,Subject selection,Reasons they decided against STEM subjects (looking back),STEM related activities at school,True,Q83
R_MK0005596,Subject selection,Reasons they decided against STEM subjects (looking back),home or outside of school,True,Q83
R_MK0005596,Subject selection,Reasons they decided against STEM subjects (looking back),I do not like maths,True,Q83
R_MK0005596,Subject selection,Reasons they decided against STEM subjects (looking back),science or technology subjects,True,Q83
R_MK0016501,Subject selection,Reasons they decided against STEM subjects (looking back),Teachers,True,Q83
R_MK0016501,Subject selection,Reasons they decided against STEM subjects (looking back),My family,True,Q83
R_MK0027927,Subject selection,Reasons they decided against STEM subjects (looking back),Career advise from teachers or career advisors,True,Q83
R_MK0027927,Subject selection,Reasons they decided against STEM subjects (looking back),My friends,True,Q83
R_MK0027927,Subject selection,Reasons they decided against STEM subjects (looking back),I think I am not good at maths,True,Q83
R_MK0027927,Subject selection,Reasons they decided against STEM subjects (looking back),science or technology subjects,True,Q83
R_MK0029779,Subject selection,Reasons they decided against STEM subjects (looking back),Career advise from teachers or career advisors,True,Q83
R_MK0029779,Subject selection,Reasons they decided against STEM subjects (looking back),Teachers,True,Q83
R_MK0029779,Subject selection,Reasons they decided against STEM subjects (looking back),I think I am not good at maths,True,Q83
R_MK0029779,Subject selection,Reasons they decided against STEM subjects (looking back),science or technology subjects,True,Q83
R_MK0032287,Subject selection,Reasons they decided against STEM subjects (looking back),Teachers,True,Q83
R_MK0032287,Subject selection,Reasons they decided against STEM subjects (looking back),The behaviour of other students in those classes would have made it more difficult for me to enjoy,True,Q83
R_MK0036231,Subject selection,Reasons they decided against STEM subjects (looking back),Teachers,True,Q83
R_MK0036231,Subject selection,Reasons they decided against STEM subjects (looking back),STEM related activities at school,True,Q83
R_MK0036231,Subject selection,Reasons they decided against STEM subjects (looking back),home or outside of school,True,Q83
R_MK0036231,Subject selection,Reasons they decided against STEM subjects (looking back),I think I am not good at maths,True,Q83
R_MK0036231,Subject selection,Reasons they decided against STEM subjects (looking back),science or technology subjects,True,Q83
R_MK0036231,Subject selection,Reasons they decided against STEM subjects (looking back),I do not like maths,True,Q83
R_MK0036231,Subject selection,Reasons they decided against STEM subjects (looking back),science or technology subjects,True,Q83
R_MK0039929,Subject selection,Reasons they decided against STEM subjects (looking back),My friends,True,Q83
R_MK0039929,Subject selection,Reasons they decided against STEM subjects (looking back),I think I am not good at maths,True,Q83
R_MK0039929,Subject selection,Reasons they decided against STEM subjects (looking back),science or technology subjects,True,Q83
R_MK0039929,Subject selection,Reasons they decided against STEM subjects (looking back),I feel these subjects are more suitable for boys,True,Q83
R_MK0039929,Subject selection,Reasons they decided against STEM subjects (looking back),The behaviour of other students in those classes would have made it more difficult for me to enjoy,True,Q83
R_MK0053388,Subject selection,Reasons they decided against STEM subjects (looking back),Teachers,True,Q83
R_MK0053388,Subject selection,Reasons they decided against STEM subjects (looking back),I do not like maths,True,Q83
R_MK0053388,Subject selection,Reasons they decided against STEM subjects (looking back),science or technology subjects,True,Q83
R_MK0053388,Subject selection,Reasons they decided against STEM subjects (looking back),The behaviour of other students in those classes would have made it more difficult for me to enjoy,True,Q83
R_MK0058975,Subject selection,Reasons they decided against STEM subjects (looking back),My family,True,Q83
R_MK0058975,Subject selection,Reasons they decided against STEM subjects (looking back),I do not like maths,True,Q83
R_MK0058975,Subject selection,Reasons they decided against STEM subjects (looking back),science or technology subjects,True,Q83
R_MK0058975,Subject selection,Reasons they decided against STEM subjects (looking back),I feel these subjects are more suitable for boys,True,Q83
R_MK0058975,Subject selection,Reasons they decided against STEM subjects (looking back),The behaviour of other students in those classes would have made it more difficult for me to enjoy,True,Q83
R_MK0068572,Subject selection,Reasons they decided against STEM subjects (looking back),Career advise from teachers or career advisors,True,Q83
R_MK0068572,Subject selection,Reasons they decided against STEM subjects (looking back),My friends,True,Q83
R_MK0068572,Subject selection,Reasons they decided against STEM subjects (looking back),My family,True,Q83
R_MK0068572,Subject selection,Reasons they decided against STEM subjects (looking back),STEM related activities at school,True,Q83
R_MK0068572,Subject selection,Reasons they decided against STEM subjects (looking back),home or outside of school,True,Q83
R_MK0068572,Subject selection,Reasons they decided against STEM subjects (looking back),I think I am not good at maths,True,Q83
R_MK0068572,Subject selection,Reasons they decided against STEM subjects (looking back),science or technology subjects,True,Q83
R_MK0068572,Subject selection,Reasons they decided against STEM subjects (looking back),I do not like maths,True,Q83
R_MK0068572,Subject selection,Reasons they decided against STEM subjects (looking back),science or technology subjects,True,Q83
R_MK0083550,Subject selection,Reasons they decided against STEM subjects (looking back),My family,True,Q83
R_MK0086766,Subject selection,Reasons they decided against STEM subjects (looking back),My friends,True,Q83
R_MK0086766,Subject selection,Reasons they decided against STEM subjects (looking back),The behaviour of other students in those classes would have made it more difficult for me to enjoy,True,Q83
R_MK0094607,Subject selection,Reasons they decided against STEM subjects (looking back),Teachers,True,Q83
R_MK0094607,Subject selection,Reasons they decided against STEM subjects (looking back),My family,True,Q83
R_MK0094607,Subject selection,Reasons they decided against STEM subjects (looking back),STEM related activities at school,True,Q83
R_MK0094607,Subject selection,Reasons they decided against STEM subjects (looking back),home or outside of school,True,Q83
R_MK0094607,Subject selection,Reasons they decided against STEM subjects (looking back),I think I am not good at maths,True,Q83
R_MK0094607,Subject selection,Reasons they decided against STEM subjects (looking back),science or technology subjects,True,Q83
R_MK0096679,Subject selection,Reasons they decided against STEM subjects (looking back),Career advise from teachers or career advisors,True,Q83
R_MK0098119,Subject selection,Reasons they decided against STEM subjects (looking back),Career advise from teachers or career advisors,True,Q83
R_MK0098119,Subject selection,Reasons they decided against STEM subjects (looking back),Teachers,True,Q83
R_MK0098119,Subject selection,Reasons they decided against STEM subjects (looking back),My friends,True,Q83
R_MK0098119,Subject selection,Reasons they decided against STEM subjects (looking back),I do not like maths,True,Q83
R_MK0098119,Subject selection,Reasons they decided against STEM subjects (looking back),science or technology subjects,True,Q83
R_MK0098119,Subject selection,Reasons they decided against STEM subjects (looking back),I feel these subjects are more suitable for boys,True,Q83
R_MK0098119,Subject selection,Reasons they decided against STEM subjects (looking back),The behaviour of other students in those classes would have made it more difficult for me to enjoy,True,Q83
R_MK0105582,Subject selection,Reasons they decided against STEM subjects (looking back),My friends,True,Q83
R_MK0105582,Subject selection,Reasons they decided against STEM subjects (looking back),My family,True,Q83
R_MK0105582,Subject selection,Reasons they decided against STEM subjects (looking back),I think I am not good at maths,True,Q83
R_MK0105582,Subject selection,Reasons they decided against STEM subjects (looking back),science or technology subjects,True,Q83
R_MK0105582,Subject selection,Reasons they decided against STEM subjects (looking back),I feel these subjects are more suitable for boys,True,Q83
R_MK0107157,Subject selection,Reasons they decided against STEM subjects (looking back),Career advise from teachers or career advisors,True,Q83
R_MK0107157,Subject selection,Reasons they decided against STEM subjects (looking back),STEM related activities at school,True,Q83
R_MK0107157,Subject selection,Reasons they decided against STEM subjects (looking back),home or outside of school,True,Q83
R_MK0107157,Subject selection,Reasons they decided against STEM subjects (looking back),I think I am not good at maths,True,Q83
R_MK0107157,Subject selection,Reasons they decided against STEM subjects (looking back),science or technology subjects,True,Q83
R_MK0109787,Subject selection,Reasons they decided against STEM subjects (looking back),Teachers,True,Q83
R_MK0109787,Subject selection,Reasons they decided against STEM subjects (looking back),My family,True,Q83
R_MK0109787,Subject selection,Reasons they decided against STEM subjects (looking back),I feel these subjects are more suitable for boys,True,Q83
R_MK0114344,Subject selection,Reasons they decided against STEM subjects (looking back),Teachers,True,Q83
R_MK0114344,Subject selection,Reasons they decided against STEM subjects (looking back),My friends,True,Q83
R_MK0114344,Subject selection,Reasons they decided against STEM subjects (looking back),I think I am not good at maths,True,Q83
R_MK0114344,Subject selection,Reasons they decided against STEM subjects (looking back),science or technology subjects,True,Q83
R_MK0114344,Subject selection,Reasons they decided against STEM subjects (looking back),I feel these subjects are more suitable for boys,True,Q83
R_MK0114344,Subject selection,Reasons they decided against STEM subjects (looking back),The behaviour of other students in those classes would have made it more difficult for me to enjoy,True,Q83
R_MK0115977,Subject selection,Reasons they decided against STEM subjects (looking back),STEM related activities at school,True,Q83
R_MK0115977,Subject selection,Reasons they decided against STEM subjects (looking back),home or outside of school,True,Q83
R_MK0115977,Subject selection,Reasons they decided against STEM subjects (looking back),I think I am not good at maths,True,Q83
R_MK0115977,Subject selection,Reasons they decided against STEM subjects (looking back),science or technology subjects,True,Q83
R_MK0117584,Subject selection,Reasons they decided against STEM subjects (looking back),Teachers,True,Q83
R_MK0117584,Subject selection,Reasons they decided against STEM subjects (looking back),My friends,True,Q83
R_MK0117584,Subject selection,Reasons they decided against STEM subjects (looking back),My family,True,Q83
R_MK0117584,Subject selection,Reasons they decided against STEM subjects (looking back),I think I am not good at maths,True,Q83
R_MK0117584,Subject selection,Reasons they decided against STEM subjects (looking back),science or technology subjects,True,Q83
R_MK0117584,Subject selection,Reasons they decided against STEM subjects (looking back),I feel these subjects are more suitable for boys,True,Q83
R_MK0138439,Subject selection,Reasons they decided against STEM subjects (looking back),I think I am not good at maths,True,Q83
R_MK0138439,Subject selection,Reasons they decided against STEM subjects (looking back),science or technology subjects,True,Q83
R_MK0138439,Subject selection,Reasons they decided against STEM subjects (looking back),The behaviour of other students in those classes would have made it more difficult for me to enjoy,True,Q83
R_MK0141545,Subject selection,Reasons they decided against STEM subjects (looking back),Career advise from teachers or career advisors,True,Q83
R_MK0141545,Subject selection,Reasons they decided against STEM subjects (looking back),My friends,True,Q83
R_MK0141545,Subject selection,Reasons they decided against STEM subjects (looking back),My family,True,Q83
R_MK0141545,Subject selection,Reasons they decided against STEM subjects (looking back),STEM related activities at school,True,Q83
R_MK0141545,Subject selection,Reasons they decided against STEM subjects (looking back),home or outside of school,True,Q83
R_MK0141545,Subject selection,Reasons they decided against STEM subjects (looking back),I think I am not good at maths,True,Q83
R_MK0141545,Subject selection,Reasons they decided against STEM subjects (looking back),science or technology subjects,True,Q83
R_MK0141545,Subject selection,Reasons they decided against STEM subjects (looking back),I do not like maths,True,Q83
R_MK0141545,Subject selection,Reasons they decided against STEM subjects (looking back),science or technology subjects,True,Q83
R_MK0141545,Subject selection,Reasons they decided against STEM subjects (looking back),The behaviour of other students in those classes would have made it more difficult for me to enjoy,True,Q83
R_MK0142815,Subject selection,Reasons they decided against STEM subjects (looking back),Career advise from teachers or career advisors,True,Q83
R_MK0142815,Subject selection,Reasons they decided against STEM subjects (looking back),My friends,True,Q83
R_MK0142815,Subject selection,Reasons they decided against STEM subjects (looking back),I think I am not good at maths,True,Q83
R_MK0142815,Subject selection,Reasons they decided against STEM subjects (looking back),science or technology subjects,True,Q83
R_MK0142815,Subject selection,Reasons they decided against STEM subjects (looking back),I do not like maths,True,Q83
R_MK0142815,Subject selection,Reasons they decided against STEM subjects (looking back),science or technology subjects,True,Q83
R_MK0142815,Subject selection,Reasons they decided against STEM subjects (looking back),I feel these subjects are more suitable for boys,True,Q83
R_MK0142815,Subject selection,Reasons they decided against STEM subjects (looking back),The behaviour of other students in those classes would have made it more difficult for me to enjoy,True,Q83
R_MK0144185,Subject selection,Reasons they decided against STEM subjects (looking back),Career advise from teachers or career advisors,True,Q83
R_MK0144185,Subject selection,Reasons they decided against STEM subjects (looking back),My family,True,Q83
R_MK0144185,Subject selection,Reasons they decided against STEM subjects (looking back),I feel these subjects are more suitable for boys,True,Q83
R_MK0144185,Subject selection,Reasons they decided against STEM subjects (looking back),The behaviour of other students in those classes would have made it more difficult for me to enjoy,True,Q83
R_MK0170181,Subject selection,Reasons they decided against STEM subjects (looking back),My friends,True,Q83
R_MK0170181,Subject selection,Reasons they decided against STEM subjects (looking back),STEM related activities at school,True,Q83
R_MK0170181,Subject selection,Reasons they decided against STEM subjects (looking back),home or outside of school,True,Q83
R_MK0170181,Subject selection,Reasons they decided against STEM subjects (looking back),I think I am not good at maths,True,Q83
R_MK0170181,Subject selection,Reasons they decided against STEM subjects (looking back),science or technology subjects,True,Q83
R_MK0170181,Subject selection,Reasons they decided against STEM subjects (looking back),I do not like maths,True,Q83
R_MK0170181,Subject selection,Reasons they decided against STEM subjects (looking back),science or technology subjects,True,Q83
R_MK0170181,Subject selection,Reasons they decided against STEM subjects (looking back),The behaviour of other students in those classes would have made it more difficult for me to enjoy,True,Q83
R_MK0171613,Subject selection,Reasons they decided against STEM subjects (looking back),Career advise from teachers or career advisors,True,Q83
R_MK0171613,Subject selection,Reasons they decided against STEM subjects (looking back),My friends,True,Q83
R_MK0171613,Subject selection,Reasons they decided against STEM subjects (looking back),STEM related activities at school,True,Q83
R_MK0171613,Subject selection,Reasons they decided against STEM subjects (looking back),home or outside of school,True,Q83
R_MK0000627,Career aspirations,What helps decide future plans (school students),My own interest in STEM,True,Q26
R_MK0000627,Career aspirations,What helps decide future plans (school students),Career advisers,True,Q26
R_MK0000627,Career aspirations,What helps decide future plans (school students),STEM activities and programs mentioned in previous questions,True,Q26
R_MK0001988,Career aspirations,What helps decide future plans (school students),My own interest in STEM,True,Q26
R_MK0001988,Career aspirations,What helps decide future plans (school students),STEM activities and programs mentioned in previous questions,True,Q26
R_MK0001988,Career aspirations,What helps decide future plans (school students),Social media,True,Q26
R_MK0001988,Career aspirations,What helps decide future plans (school students),TV,True,Q26
R_MK0001988,Career aspirations,What helps decide future plans (school students),YouTube or online content,True,Q26
R_MK0003730,Career aspirations,What helps decide future plans (school students),My friends,True,Q26
R_MK0003730,Career aspirations,What helps decide future plans (school students),Career advisers,True,Q26
R_MK0003730,Career aspirations,What helps decide future plans (school students),Role models (e.g. a STEM person I know),True,Q26
R_MK0003730,Career aspirations,What helps decide future plans (school students),Jobs available in my local area,True,Q26
R_MK0003730,Career aspirations,What helps decide future plans (school students),Money or job security,True,Q26
R_MK0004719,Career aspirations,What helps decide future plans (school students),My own interest in STEM,True,Q26
R_MK0004719,Career aspirations,What helps decide future plans (school students),Social media,True,Q26
R_MK0004719,Career aspirations,What helps decide future plans (school students),TV,True,Q26
R_MK0004719,Career aspirations,What helps decide future plans (school students),YouTube or online content,True,Q26
R_MK0006905,Career aspirations,What helps decide future plans (school students),My own interest in STEM,True,Q26
R_MK0006905,Career aspirations,What helps decide future plans (school students),My friends,True,Q26
R_MK0006905,Career aspirations,What helps decide future plans (school students),Career advisers,True,Q26
R_MK0006905,Career aspirations,What helps decide future plans (school students),STEM activities and programs mentioned in previous questions,True,Q26
R_MK0006905,Career aspirations,What helps decide future plans (school students),Role models (e.g. a STEM person I know),True,Q26
R_MK0007888,Career aspirations,What helps decide future plans (school students),My own interest in STEM,True,Q26
R_MK0007888,Career aspirations,What helps decide future plans (school students),Career advisers,True,Q26
R_MK0007888,Career aspirations,What helps decide future plans (school students),Role models (e.g. a STEM person I know),True,Q26
R_MK0008384,Career aspirations,What helps decide future plans (school students),My own interest in STEM,True,Q26
R_MK0008384,Career aspirations,What helps decide future plans (school students),My family,True,Q26
R_MK0008384,Career aspirations,What helps decide future plans (school students),Social media,True,Q26
R_MK0008384,Career aspirations,What helps decide future plans (school students),TV,True,Q26
R_MK0008384,Career aspirations,What helps decide future plans (school students),YouTube or online content,True,Q26
R_MK0009361,Career aspirations,What helps decide future plans (school students),My own interest in STEM,True,Q26
R_MK0009361,Career aspirations,What helps decide future plans (school students),My ability in STEM,True,Q26
R_MK0009361,Career aspirations,What helps decide future plans (school students),My friends,True,Q26
R_MK0009361,Career aspirations,What helps decide future plans (school students),Money or job security,True,Q26
R_MK0010793,Career aspirations,What helps decide future plans (school students),My ability in STEM,True,Q26
R_MK0010793,Career aspirations,What helps decide future plans (school students),My family,True,Q26
R_MK0010793,Career aspirations,What helps decide future plans (school students),STEM activities and programs mentioned in previous questions,True,Q26
R_MK0010793,Career aspirations,What helps decide future plans (school students),Social media,True,Q26
R_MK0010793,Career aspirations,What helps decide future plans (school students),TV,True,Q26
R_MK0010793,Career aspirations,What helps decide future plans (school students),YouTube or online content,True,Q26
R_MK0010793,Career aspirations,What helps decide future plans (school students),Money or job security,True,Q26
R_MK0011527,Career aspirations,What helps decide future plans (school students),My own interest in STEM,True,Q26
R_MK0011527,Career aspirations,What helps decide future plans (school students),My teachers,True,Q26
R_MK0011527,Career aspirations,What helps decide future plans (school students),My friends,True,Q26
R_MK0011527,Career aspirations,What helps decide future plans (school students),Social media,True,Q26
R_MK0011527,Career aspirations,What helps decide future plans (school students),TV,True,Q26
R_MK0011527,Career aspirations,What helps decide future plans (school students),YouTube or online content,True,Q26
R_MK0011527,Career aspirations,What helps decide future plans (school students),Role models (e.g. a STEM person I know),True,Q26
R_MK0012224,Career aspirations,What helps decide future plans (school students),My ability in STEM,True,Q26
R_MK0012224,Career aspirations,What helps decide future plans (school students),My friends,True,Q26
R_MK0012224,Career aspirations,What helps decide future plans (school students),Career advisers,True,Q26
R_MK0012224,Career aspirations,What helps decide future plans (school students),Social media,True,Q26
R_MK0012224,Career aspirations,What helps decide future plans (school students),TV,True,Q26
R_MK0012224,Career aspirations,What helps decide future plans (school students),YouTube or online content,True,Q26
R_MK0013321,Career aspirations,What helps decide future plans (school students),My family,True,Q26
R_MK0013321,Career aspirations,What helps decide future plans (school students),Social media,True,Q26
R_MK0013321,Career aspirations,What helps decide future plans (school students),TV,True,Q26
R_MK0013321,Career aspirations,What helps decide future plans (school students),YouTube or online content,True,Q26
R_MK0014269,Career aspirations,What helps decide future plans (school students),My own interest in STEM,True,Q26
R_MK0014269,Career aspirations,What helps decide future plans (school students),My ability in STEM,True,Q26
R_MK0014269,Career aspirations,What helps decide future plans (school students),My family,True,Q26
R_MK0015367,Career aspirations,What helps decide future plans (school students),My ability in STEM,True,Q26
R_MK0015367,Career aspirations,What helps decide future plans (school students),My family,True,Q26
R_MK0015367,Career aspirations,What helps decide future plans (school students),My teachers,True,Q26
R_MK0015367,Career aspirations,What helps decide future plans (school students),My friends,True,Q26
R_MK0015367,Career aspirations,What helps decide future plans (school students),STEM activities and programs mentioned in previous questions,True,Q26
R_MK0017754,Career aspirations,What helps decide future plans (school students),My family,True,Q26
R_MK0017754,Career aspirations,What helps decide future plans (school students),My teachers,True,Q26
R_MK0017754,Career aspirations,What helps decide future plans (school students),Social media,True,Q26
R_MK0017754,Career aspirations,What helps decide future plans (school students),TV,True,Q26
R_MK0017754,Career aspirations,What helps decide future plans (school students),YouTube or online content,True,Q26
R_MK0017754,Career aspirations,What helps decide future plans (school students),Money or job security,True,Q26
R_MK0018536,Career aspirations,What helps decide future plans (school students),My ability in STEM,True,Q26
R_MK0018536,Career aspirations,What helps decide future plans (school students),Social media,True,Q26
R_MK0018536,Career aspirations,What helps decide future plans (school students),TV,True,Q26
R_MK0018536,Career aspirations,What helps decide future plans (school students),YouTube or online content,True,Q26
R_MK0018536,Career aspirations,What helps decide future plans (school students),Jobs available in my local area,True,Q26
R_MK0018536,Career aspirations,What helps decide future plans (school students),Money or job security,True,Q26
R_MK0019133,Career aspirations,What helps decide future plans (school students),My ability in STEM,True,Q26
R_MK0019133,Career aspirations,What helps decide future plans (school students),My friends,True,Q26
R_MK0019133,Career aspirations,What helps decide future plans (school students),Career advisers,True,Q26
R_MK0019133,Career aspirations,What helps decide future plans (school students),Role models (e.g. a STEM person I know),True,Q26
R_MK0020431,Career aspirations,What helps decide future plans (school students),My own interest in STEM,True,Q26
R_MK0020431,Career aspirations,What helps decide future plans (school students),My ability in STEM,True,Q26
R_MK0020431,Career aspirations,What helps decide future plans (school students),Money or job security,True,Q26
R_MK0021482,Career aspirations,What helps decide future plans (school students),My ability in STEM,True,Q26
R_MK0021482,Career aspirations,What helps decide future plans (school students),My family,True,Q26
R_MK0021482,Career aspirations,What helps decide future plans (school students),Social media,True,Q26
R_MK0021482,Career aspirations,What helps decide future plans (school students),TV,True,Q26
R_MK0021482,Career aspirations,What helps decide future plans (school students),YouTube or online content,True,Q26
R_MK0021482,Career aspirations,What helps decide future plans (school students),Role models (e.g. a STEM person I know),True,Q26
R_MK0021482,Career aspirations,What helps decide future plans (school students),Money or job security,True,Q26
R_MK0022458,Career aspirations,What helps decide future plans (school students),My family,True,Q26
R_MK0022458,Career aspirations,What helps decide future plans (school students),Social media,True,Q26
R_MK0022458,Career aspirations,What helps decide future plans (school students),TV,True,Q26
R_MK0022458,Career aspirations,What helps decide future plans (school students),YouTube or online content,True,Q26
R_MK0022458,Career aspirations,What helps decide future plans (school students),Jobs available in my local area,True,Q26
R_MK0022458,Career aspirations,What helps decide future plans (school students),Money or job security,True,Q26
R_MK0023977,Career aspirations,What helps decide future plans (school students),Career advisers,True,Q26
R_MK0023977,Career aspirations,What helps decide future plans (school students),Role models (e.g. a STEM person I know),True,Q26
R_MK0023977,Career aspirations,What helps decide future plans (school students),Jobs available in my local area,True,Q26
R_MK0023977,Career aspirations,What helps decide future plans (school students),Money or job security,True,Q26
R_MK0024720,Career aspirations,What helps decide future plans (school students),My own interest in STEM,True,Q26
R_MK0024720,Career aspirations,What helps decide future plans (school students),Career advisers,True,Q26
R_MK0024720,Career aspirations,What helps decide future plans (school students),Social media,True,Q26
R_MK0024720,Career aspirations,What helps decide future plans (school students),TV,True,Q26
R_MK0024720,Career aspirations,What helps decide future plans (school students),YouTube or online content,True,Q26
R_MK0025500,Career aspirations,What helps decide future plans (school students),My family,True,Q26
R_MK0025500,Career aspirations,What helps decide future plans (school students),Role models (e.g. a STEM person I know),True,Q26
R_MK0028258,Career aspirations,What helps decide future plans (school students),My own interest in STEM,True,Q26
R_MK0028258,Career aspirations,What helps decide future plans (school students),My friends,True,Q26
R_MK0028258,Career aspirations,What helps decide future plans (school students),STEM activities and programs mentioned in previous questions,True,Q26
R_MK0028258,Career aspirations,What helps decide future plans (school students),Social media,True,Q26
R_MK0028258,Career aspirations,What helps decide future plans (school students),TV,True,Q26
R_MK0028258,Career aspirations,What helps decide future plans (school students),YouTube or online content,True,Q26
R_MK0028258,Career aspirations,What helps decide future plans (school students),Role models (e.g. a STEM person I know),True,Q26
R_MK0028258,Career aspirations,What helps decide future plans (school students),Jobs available in my local area,True,Q26
R_MK0028258,Career aspirations,What helps decide future plans (school students),Money or job security,True,Q26
R_MK0031816,Career aspirations,What helps decide future plans (school students),My friends,True,Q26
R_MK0031816,Career aspirations,What helps decide future plans (school students),STEM activities and programs mentioned in previous questions,True,Q26
R_MK0031816,Career aspirations,What helps decide future plans (school students),Role models (e.g. a STEM person I know),True,Q26
R_MK0033998,Career aspirations,What helps decide future plans (school students),My own interest in STEM,True,Q26
R_MK0033998,Career aspirations,What helps decide future plans (school students),Social media,True,Q26
R_MK0033998,Career aspirations,What helps decide future plans (school students),TV,True,Q26
R_MK0033998,Career aspirations,What helps decide future plans (school students),YouTube or online content,True,Q26
R_MK0035805,Career aspirations,What helps decide future plans (school students),My friends,True,Q26
R_MK0035805,Career aspirations,What helps decide future plans (school students),Career advisers,True,Q26
R_MK0035805,Career aspirations,What helps decide future plans (school students),Social media,True,Q26
R_MK0035805,Career aspirations,What helps decide future plans (school students),TV,True,Q26
R_MK0035805,Career aspirations,What helps decide future plans (school students),YouTube or online content,True,Q26
R_MK0035805,Career aspirations,What helps decide future plans (school students),Role models (e.g. a STEM person I know),True,Q26
R_MK0038406,Career aspirations,What helps decide future plans (school students),My own interest in STEM,True,Q26
R_MK0038406,Career aspirations,What helps decide future plans (school students),My ability in STEM,True,Q26
R_MK0038406,Career aspirations,What helps decide future plans (school students),Career advisers,True,Q26
R_MK0038406,Career aspirations,What helps decide future plans (school students),STEM activities and programs mentioned in previous questions,True,Q26
R_MK0038406,Career aspirations,What helps decide future plans (school students),Social media,True,Q26
R_MK0038406,Career aspirations,What helps decide future plans (school students),TV,True,Q26
R_MK0038406,Career aspirations,What helps decide future plans (school students),YouTube or online content,True,Q26
R_MK0040419,Career aspirations,What helps decide future plans (school students),My own interest in STEM,True,Q26
R_MK0040419,Career aspirations,What helps decide future plans (school students),My ability in STEM,True,Q26
R_MK0040419,Career aspirations,What helps decide future plans (school students),My friends,True,Q26
R_MK0040419,Career aspirations,What helps decide future plans (school students),Career advisers,True,Q26
R_MK0040419,Career aspirations,What helps decide future plans (school students),STEM activities and programs mentioned in previous questions,True,Q26
R_MK0040419,Career aspirations,What helps decide future plans (school students),Jobs available in my local area,True,Q26
R_MK0040419,Career aspirations,What helps decide future plans (school students),Money or job security,True,Q26
R_MK0041486,Career aspirations,What helps decide future plans (school students),My family,True,Q26
R_MK0041486,Career aspirations,What helps decide future plans (school students),My teachers,True,Q26
R_MK0041486,Career aspirations,What helps decide future plans (school students),My friends,True,Q26
R_MK0041486,Career aspirations,What helps decide future plans (school students),Social media,True,Q26
R_MK0041486,Career aspirations,What helps decide future plans (school students),TV,True,Q26
R_MK0041486,Career aspirations,What helps decide future plans (school students),YouTube or online content,True,Q26
R_MK0041486,Career aspirations,What helps decide future plans (school students),Jobs available in my local area,True,Q26
R_MK0042213,Career aspirations,What helps decide future plans (school students),My ability in STEM,True,Q26
R_MK0042213,Career aspirations,What helps decide future plans (school students),My family,True,Q26
R_MK0042213,Career aspirations,What helps decide future plans (school students),Social media,True,Q26
R_MK0042213,Career aspirations,What helps decide future plans (school students),TV,True,Q26
R_MK0042213,Career aspirations,What helps decide future plans (school students),YouTube or online content,True,Q26
R_MK0042213,Career aspirations,What helps decide future plans (school students),Role models (e.g. a STEM person I know),True,Q26
R_MK0042213,Career aspirations,What helps decide future plans (school students),Jobs available in my local area,True,Q26
R_MK0043282,Career aspirations,What helps decide future plans (school students),Career advisers,True,Q26
R_MK0043282,Career aspirations,What helps decide future plans (school students),Social media,True,Q26
R_MK0043282,Career aspirations,What helps decide future plans (school students),TV,True,Q26
R_MK0043282,Career aspirations,What helps decide future plans (school students),YouTube or online content,True,Q26
R_MK0043282,Career aspirations,What helps decide future plans (school students),Role models (e.g. a STEM person I know),True,Q26
R_MK0044213,Career aspirations,What helps decide future plans (school students),Career advisers,True,Q26
R_MK0044213,Career aspirations,What helps decide future plans (school students),Social media,True,Q26
R_MK0044213,Career aspirations,What helps decide future plans (school students),TV,True,Q26
R_MK0044213,Career aspirations,What helps decide future plans (school students),YouTube or online content,True,Q26
R_MK0045654,Career aspirations,What helps decide future plans (school students),My own interest in STEM,True,Q26
R_MK0045654,Career aspirations,What helps decide future plans (school students),My teachers,True,Q26
R_MK0045654,Career aspirations,What helps decide future plans (school students),My friends,True,Q26
R_MK0045654,Career aspirations,What helps decide future plans (school students),Career advisers,True,Q26
R_MK0045654,Career aspirations,What helps decide future plans (school students),STEM activities and programs mentioned in previous questions,True,Q26
R_MK0045654,Career aspirations,What helps decide future plans (school students),Social media,True,Q26
R_MK0045654,Career aspirations,What helps decide future plans (school students),TV,True,Q26
R_MK0045654,Career aspirations,What helps decide future plans (school students),YouTube or online content,True,Q26
R_MK0045654,Career aspirations,What helps decide future plans (school students),Jobs available in my local area,True,Q26
R_MK0046112,Career aspirations,What helps decide future plans (school students),My own interest in STEM,True,Q26
R_MK0046112,Career aspirations,What helps decide future plans (school students),My friends,True,Q26
R_MK0046112,Career aspirations,What helps decide future plans (school students),Jobs available in my local area,True,Q26
R_MK0047577,Career aspirations,What helps decide future plans (school students),My family,True,Q26
R_MK0047577,Career aspirations,What helps decide future plans (school students),STEM activities and programs mentioned in previous questions,True,Q26
R_MK0048957,Career aspirations,What helps decide future plans (school students),My own interest in STEM,True,Q26
R_MK0048957,Career aspirations,What helps decide future plans (school students),My family,True,Q26
R_MK0048957,Career aspirations,What helps decide future plans (school students),My teachers,True,Q26
R_MK0048957,Career aspirations,What helps decide future plans (school students),My friends,True,Q26
R_MK0048957,Career aspirations,What helps decide future plans (school students),STEM activities and programs mentioned in previous questions,True,Q26
R_MK0048957,Career aspirations,What helps decide future plans (school students),Jobs available in my local area,True,Q26
R_MK0049860,Career aspirations,What helps decide future plans (school students),My own interest in STEM,True,Q26
R_MK0049860,Career aspirations,What helps decide future plans (school students),My family,True,Q26
R_MK0049860,Career aspirations,What helps decide future plans (school students),My teachers,True,Q26
R_MK0049860,Career aspirations,What helps decide future plans (school students),Money or job security,True,Q26
R_MK0050307,Career aspirations,What helps decide future plans (school students),My own interest in STEM,True,Q26
R_MK0050307,Career aspirations,What helps decide future plans (school students),My family,True,Q26
R_MK0050307,Career aspirations,What helps decide future plans (school students),Career advisers,True,Q26
R_MK0050307,Career aspirations,What helps decide future plans (school students),Jobs available in my local area,True,Q26
R_MK0050307,Career aspirations,What helps decide future plans (school students),Money or job security,True,Q26
R_MK0051679,Career aspirations,What helps decide future plans (school students),My ability in STEM,True,Q26
R_MK0051679,Career aspirations,What helps decide future plans (school students),My family,True,Q26
R_MK0051679,Career aspirations,What helps decide future plans (school students),My teachers,True,Q26
R_MK0051679,Career aspirations,What helps decide future plans (school students),My friends,True,Q26
R_MK0051679,Career aspirations,What helps decide future plans (school students),Jobs available in my local area,True,Q26
R_MK0051679,Career aspirations,What helps decide future plans (school students),Money or job security,True,Q26
R_MK0052370,Career aspirations,What helps decide future plans (school students),My friends,True,Q26
R_MK0052370,Career aspirations,What helps decide future plans (school students),Social media,True,Q26
R_MK0052370,Career aspirations,What helps decide future plans (school students),TV,True,Q26
R_MK0052370,Career aspirations,What helps decide future plans (school students),YouTube or online content,True,Q26
R_MK0054499,Career aspirations,What helps decide future plans (school students),My own interest in STEM,True,Q26
R_MK0054499,Career aspirations,What helps decide future plans (school students),Social media,True,Q26
R_MK0054499,Career aspirations,What helps decide future plans (school students),TV,True,Q26
R_MK0054499,Career aspirations,What helps decide future plans (school students),YouTube or online content,True,Q26
R_MK0055692,Career aspirations,What helps decide future plans (school students),My own interest in STEM,True,Q26
R_MK0055692,Career aspirations,What helps decide future plans (school students),Career advisers,True,Q26
R_MK0055692,Career aspirations,What helps decide future plans (school students),Jobs available in my local area,True,Q26
R_MK0056412,Career aspirations,What helps decide future plans (school students),My family,True,Q26
R_MK0056412,Career aspirations,What helps decide future plans (school students),Social media,True,Q26
R_MK0056412,Career aspirations,What helps decide future plans (school students),TV,True,Q26
R_MK0056412,Career aspirations,What helps decide future plans (school students),YouTube or online content,True,Q26
R_MK0056412,Career aspirations,What helps decide future plans (school students),Role models (e.g. a STEM person I know),True,Q26
R_MK0056412,Career aspirations,What helps decide future plans (school students),Jobs available in my local area,True,Q26
R_MK0057690,Career aspirations,What helps decide future plans (school students),My ability in STEM,True,Q26
R_MK0057690,Career aspirations,What helps decide future plans (school students),My teachers,True,Q26
R_MK0057690,Career aspirations,What helps decide future plans (school students),My friends,True,Q26
R_MK0059350,Career aspirations,What helps decide future plans (school students),My family,True,Q26
R_MK0059350,Career aspirations,What helps decide future plans (school students),My friends,True,Q26
R_MK0059350,Career aspirations,What helps decide future plans (school students),Role models (e.g. a STEM person I know),True,Q26
R_MK0064579,Career aspirations,What helps decide future plans (school students),My ability in STEM,True,Q26
R_MK0064579,Career aspirations,What helps decide future plans (school students),My family,True,Q26
R_MK0064579,Career aspirations,What helps decide future plans (school students),Social media,True,Q26
R_MK0064579,Career aspirations,What helps decide future plans (school students),TV,True,Q26
R_MK0064579,Career aspirations,What helps decide future plans (school students),YouTube or online content,True,Q26
R_MK0064579,Career aspirations,What helps decide future plans (school students),Role models (e.g. a STEM person I know),True,Q26
R_MK0064579,Career aspirations,What helps decide future plans (school students),Money or job security,True,Q26
R_MK0065610,Career aspirations,What helps decide future plans (school students),My ability in STEM,True,Q26
R_MK0065610,Career aspirations,What helps decide future plans (school students),My family,True,Q26
R_MK0065610,Career aspirations,What helps decide future plans (school students),My friends,True,Q26
R_MK0065610,Career aspirations,What helps decide future plans (school students),Social media,True,Q26
R_MK0065610,Career aspirations,What helps decide future plans (school students),TV,True,Q26
R_MK0065610,Career aspirations,What helps decide future plans (school students),YouTube or online content,True,Q26
R_MK0065610,Career aspirations,What helps decide future plans (school students),Role models (e.g. a STEM person I know),True,Q26
R_MK0066620,Career aspirations,What helps decide future plans (school students),My ability in STEM,True,Q26
R_MK0066620,Career aspirations,What helps decide future plans (school students),My family,True,Q26
R_MK0066620,Career aspirations,What helps decide future plans (school students),My friends,True,Q26
R_MK0066620,Career aspirations,What helps decide future plans (school students),Career advisers,True,Q26
R_MK0066620,Career aspirations,What helps decide future plans (school students),Social media,True,Q26
R_MK0066620,Career aspirations,What helps decide future plans (school students),TV,True,Q26
R_MK0066620,Career aspirations,What helps decide future plans (school students),YouTube or online content,True,Q26
R_MK0066620,Career aspirations,What helps decide future plans (school students),Role models (e.g. a STEM person I know),True,Q26
R_MK0067929,Career aspirations,What helps decide future plans (school students),My own interest in STEM,True,Q26
R_MK0067929,Career aspirations,What helps decide future plans (school students),Social media,True,Q26
R_MK0067929,Career aspirations,What helps decide future plans (school students),TV,True,Q26
R_MK0067929,Career aspirations,What helps decide future plans (school students),YouTube or online content,True,Q26
R_MK0067929,Career aspirations,What helps decide future plans (school students),Role models (e.g. a STEM person I know),True,Q26
R_MK0069886,Career aspirations,What helps decide future plans (school students),My family,True,Q26
R_MK0069886,Career aspirations,What helps decide future plans (school students),STEM activities and programs mentioned in previous questions,True,Q26
R_MK0069886,Career aspirations,What helps decide future plans (school students),Role models (e.g. a STEM person I know),True,Q26
R_MK0069886,Career aspirations,What helps decide future plans (school students),Jobs available in my local area,True,Q26
R_MK0070552,Career aspirations,What helps decide future plans (school students),My own interest in STEM,True,Q26
R_MK0070552,Career aspirations,What helps decide future plans (school students),STEM activities and programs mentioned in previous questions,True,Q26
R_MK0070552,Career aspirations,What helps decide future plans (school students),Social media,True,Q26
R_MK0070552,Career aspirations,What helps decide future plans (school students),TV,True,Q26
R_MK0070552,Career aspirations,What helps decide future plans (school students),YouTube or online content,True,Q26
R_MK0070552,Career aspirations,What helps decide future plans (school students),Money or job security,True,Q26
R_MK0071406,Career aspirations,What helps decide future plans (school students),My family,True,Q26
R_MK0071406,Career aspirations,What helps decide future plans (school students),My friends,True,Q26
R_MK0072687,Career aspirations,What helps decide future plans (school students),My family,True,Q26
R_MK0072687,Career aspirations,What helps decide future plans (school students),Career advisers,True,Q26
R_MK0072687,Career aspirations,What helps decide future plans (school students),STEM activities and programs mentioned in previous questions,True,Q26
R_MK0072687,Career aspirations,What helps decide future plans (school students),Social media,True,Q26
R_MK0072687,Career aspirations,What helps decide future plans (school students),TV,True,Q26
R_MK0072687,Career aspirations,What helps decide future plans (school students),YouTube or online content,True,Q26
R_MK0074143,Career aspirations,What helps decide future plans (school students),My ability in STEM,True,Q26
R_MK0074143,Career aspirations,What helps decide future plans (school students),My teachers,True,Q26
R_MK0074143,Career aspirations,What helps decide future plans (school students),My friends,True,Q26
R_MK0074143,Career aspirations,What helps decide future plans (school students),Career advisers,True,Q26
R_MK0074143,Career aspirations,What helps decide future plans (school students),Role models (e.g. a STEM person I know),True,Q26
R_MK0075767,Career aspirations,What helps decide future plans (school students),My own interest in STEM,True,Q26
R_MK0075767,Career aspirations,What helps decide future plans (school students),My family,True,Q26
R_MK0075767,Career aspirations,What helps decide future plans (school students),Money or job security,True,Q26
R_MK0076765,Career aspirations,What helps decide future plans (school students),My ability in STEM,True,Q26
R_MK0076765,Career aspirations,What helps decide future plans (school students),My teachers,True,Q26
R_MK0076765,Career aspirations,What helps decide future plans (school students),My friends,True,Q26
R_MK0076765,Career aspirations,What helps decide future plans (school students),Career advisers,True,Q26
R_MK0077639,Career aspirations,What helps decide future plans (school students),My family,True,Q26
R_MK0078481,Career aspirations,What helps decide future plans (school students),My own interest in STEM,True,Q26
R_MK0078481,Career aspirations,What helps decide future plans (school students),My friends,True,Q26
R_MK0078481,Career aspirations,What helps decide future plans (school students),Career advisers,True,Q26
R_MK0078481,Career aspirations,What helps decide future plans (school students),Jobs available in my local area,True,Q26
R_MK0079582,Career aspirations,What helps decide future plans (school students),My ability in STEM,True,Q26
R_MK0079582,Career aspirations,What helps decide future plans (school students),My teachers,True,Q26
R_MK0079582,Career aspirations,What helps decide future plans (school students),Career advisers,True,Q26
R_MK0079582,Career aspirations,What helps decide future plans (school students),Social media,True,Q26
R_MK0079582,Career aspirations,What helps decide future plans (school students),TV,True,Q26
R_MK0079582,Career aspirations,What helps decide future plans (school students),YouTube or online content,True,Q26
R_MK0080425,Career aspirations,What helps decide future plans (school students),My family,True,Q26
R_MK0080425,Career aspirations,What helps decide future plans (school students),My teachers,True,Q26
R_MK0080425,Career aspirations,What helps decide future plans (school students),Career advisers,True,Q26
R_MK0080425,Career aspirations,What helps decide future plans (school students),STEM activities and programs mentioned in previous questions,True,Q26
R_MK0080425,Career aspirations,What helps decide future plans (school students),Role models (e.g. a STEM person I know),True,Q26
R_MK0080425,Career aspirations,What helps decide future plans (school students),Jobs available in my local area,True,Q26
R_MK0081132,Career aspirations,What helps decide future plans (school students),STEM activities and programs mentioned in previous questions,True,Q26
R_MK0081132,Career aspirations,What helps decide future plans (school students),Role models (e.g. a STEM person I know),True,Q26
R_MK0081132,Career aspirations,What helps decide future plans (school students),Jobs available in my local area,True,Q26
R_MK0081132,Career aspirations,What helps decide future plans (school students),Money or job security,True,Q26
R_MK0082408,Career aspirations,What helps decide future plans (school students),My own interest in STEM,True,Q26
R_MK0082408,Career aspirations,What helps decide future plans (school students),My ability in STEM,True,Q26
R_MK0082408,Career aspirations,What helps decide future plans (school students),My friends,True,Q26
R_MK0084432,Career aspirations,What helps decide future plans (school students),My family,True,Q26
R_MK0084432,Career aspirations,What helps decide future plans (school students),My friends,True,Q26
R_MK0084432,Career aspirations,What helps decide future plans (school students),STEM activities and programs mentioned in previous questions,True,Q26
R_MK0087249,Career aspirations,What helps decide future plans (school students),My family,True,Q26
R_MK0087249,Career aspirations,What helps decide future plans (school students),My teachers,True,Q26
R_MK0087249,Career aspirations,What helps decide future plans (school students),My friends,True,Q26
R_MK0087249,Career aspirations,What helps decide future plans (school students),Career advisers,True,Q26
R_MK0087249,Career aspirations,What helps decide future plans (school students),Social media,True,Q26
R_MK0087249,Career aspirations,What helps decide future plans (school students),TV,True,Q26
R_MK0087249,Career aspirations,What helps decide future plans (school students),YouTube or online content,True,Q26
R_MK0087249,Career aspirations,What helps decide future plans (school students),Money or job security,True,Q26
R_MK0088108,Career aspirations,What helps decide future plans (school students),My family,True,Q26
R_MK0088108,Career aspirations,What helps decide future plans (school students),My teachers,True,Q26
R_MK0088108,Career aspirations,What helps decide future plans (school students),My friends,True,Q26
R_MK0088108,Career aspirations,What helps decide future plans (school students),Jobs available in my local area,True,Q26
R_MK0088108,Career aspirations,What helps decide future plans (school students),Money or job security,True,Q26
R_MK0089171,Career aspirations,What helps decide future plans (school students),My friends,True,Q26
R_MK0089171,Career aspirations,What helps decide future plans (school students),Money or job security,True,Q26
R_MK0090543,Career aspirations,What helps decide future plans (school students),My teachers,True,Q26
R_MK0090543,Career aspirations,What helps decide future plans (school students),STEM activities and programs mentioned in previous questions,True,Q26
R_MK0090543,Career aspirations,What helps decide future plans (school students),Social media,True,Q26
R_MK0090543,Career aspirations,What helps decide future plans (school students),TV,True,Q26
R_MK0090543,Career aspirations,What helps decide future plans (school students),YouTube or online content,True,Q26
R_MK0090543,Career aspirations,What helps decide future plans (school students),Jobs available in my local area,True,Q26
R_MK0090543,Career aspirations,What helps decide future plans (school students),Money or job security,True,Q26
R_MK0091576,Career aspirations,What helps decide future plans (school students),My ability in STEM,True,Q26
R_MK0091576,Career aspirations,What helps decide future plans (school students),Jobs available in my local area,True,Q26
R_MK0092239,Career aspirations,What helps decide future plans (school students),My own interest in STEM,True,Q26
R_MK0092239,Career aspirations,What helps decide future plans (school students),My family,True,Q26
R_MK0092239,Career aspirations,What helps decide future plans (school students),My teachers,True,Q26
R_MK0092239,Career aspirations,What helps decide future plans (school students),My friends,True,Q26
R_MK0092239,Career aspirations,What helps decide future plans (school students),STEM activities and programs mentioned in previous questions,True,Q26
R_MK0095688,Career aspirations,What helps decide future plans (school students),My family,True,Q26
R_MK0095688,Career aspirations,What helps decide future plans (school students),Career advisers,True,Q26
R_MK0095688,Career aspirations,What helps decide future plans (school students),STEM activities and programs mentioned in previous questions,True,Q26
R_MK0097674,Career aspirations,What helps decide future plans (school students),My family,True,Q26
R_MK0097674,Career aspirations,What helps decide future plans (school students),My friends,True,Q26
R_MK0097674,Career aspirations,What helps decide future plans (school students),Career advisers,True,Q26
R_MK0097674,Career aspirations,What helps decide future plans (school students),STEM activities and programs mentioned in previous questions,True,Q26
R_MK0097674,Career aspirations,What helps decide future plans (school students),Social media,True,Q26
R_MK0097674,Career aspirations,What helps decide future plans (school students),TV,True,Q26
R_MK0097674,Career aspirations,What helps decide future plans (school students),YouTube or online content,True,Q26
R_MK0099227,Career aspirations,What helps decide future plans (school students),My own interest in STEM,True,Q26
R_MK0099227,Career aspirations,What helps decide future plans (school students),Role models (e.g. a STEM person I know),True,Q26
R_MK0099227,Career aspirations,What helps decide future plans (school students),Jobs available in my local area,True,Q26
R_MK0100914,Career aspirations,What helps decide future plans (school students),My family,True,Q26
R_MK0100914,Career aspirations,What helps decide future plans (school students),My friends,True,Q26
R_MK0100914,Career aspirations,What helps decide future plans (school students),Role models (e.g. a STEM person I know),True,Q26
R_MK0100914,Career aspirations,What helps decide future plans (school students),Jobs available in my local area,True,Q26
R_MK0101816,Career aspirations,What helps decide future plans (school students),My own interest in STEM,True,Q26
R_MK0101816,Career aspirations,What helps decide future plans (school students),Role models (e.g. a STEM person I know),True,Q26
R_MK0101816,Career aspirations,What helps decide future plans (school students),Jobs available in my local area,True,Q26
R_MK0102866,Career aspirations,What helps decide future plans (school students),My ability in STEM,True,Q26
R_MK0102866,Career aspirations,What helps decide future plans (school students),My friends,True,Q26
R_MK0102866,Career aspirations,What helps decide future plans (school students),Social media,True,Q26
R_MK0102866,Career aspirations,What helps decide future plans (school students),TV,True,Q26
R_MK0102866,Career aspirations,What helps decide future plans (school students),YouTube or online content,True,Q26
R_MK0102866,Career aspirations,What helps decide future plans (school students),Jobs available in my local area,True,Q26
R_MK0103899,Career aspirations,What helps decide future plans (school students),My ability in STEM,True,Q26
R_MK0103899,Career aspirations,What helps decide future plans (school students),My family,True,Q26
R_MK0103899,Career aspirations,What helps decide future plans (school students),Career advisers,True,Q26
R_MK0103899,Career aspirations,What helps decide future plans (school students),STEM activities and programs mentioned in previous questions,True,Q26
R_MK0103899,Career aspirations,What helps decide future plans (school students),Role models (e.g. a STEM person I know),True,Q26
R_MK0103899,Career aspirations,What helps decide future plans (school students),Jobs available in my local area,True,Q26
R_MK0104469,Career aspirations,What helps decide future plans (school students),My own interest in STEM,True,Q26
R_MK0104469,Career aspirations,What helps decide future plans (school students),My ability in STEM,True,Q26
R_MK0104469,Career aspirations,What helps decide future plans (school students),My family,True,Q26
R_MK0104469,Career aspirations,What helps decide future plans (school students),My friends,True,Q26
R_MK0104469,Career aspirations,What helps decide future plans (school students),Career advisers,True,Q26
R_MK0104469,Career aspirations,What helps decide future plans (school students),Jobs available in my local area,True,Q26
R_MK0106951,Career aspirations,What helps decide future plans (school students),My teachers,True,Q26
R_MK0106951,Career aspirations,What helps decide future plans (school students),STEM activities and programs mentioned in previous questions,True,Q26
R_MK0106951,Career aspirations,What helps decide future plans (school students),Jobs available in my local area,True,Q26
R_MK0110138,Career aspirations,What helps decide future plans (school students),My family,True,Q26
R_MK0110138,Career aspirations,What helps decide future plans (school students),My teachers,True,Q26
R_MK0110138,Career aspirations,What helps decide future plans (school students),My friends,True,Q26
R_MK0111137,Career aspirations,What helps decide future plans (school students),My ability in STEM,True,Q26
R_MK0111137,Career aspirations,What helps decide future plans (school students),My family,True,Q26
R_MK0111137,Career aspirations,What helps decide future plans (school students),Social media,True,Q26
R_MK0111137,Career aspirations,What helps decide future plans (school students),TV,True,Q26
R_MK0111137,Career aspirations,What helps decide future plans (school students),YouTube or online content,True,Q26
R_MK0111137,Career aspirations,What helps decide future plans (school students),Role models (e.g. a STEM person I know),True,Q26
R_MK0111137,Career aspirations,What helps decide future plans (school students),Money or job security,True,Q26
R_MK0112381,Career aspirations,What helps decide future plans (school students),My ability in STEM,True,Q26
R_MK0112381,Career aspirations,What helps decide future plans (school students),STEM activities and programs mentioned in previous questions,True,Q26
R_MK0112381,Career aspirations,What helps decide future plans (school students),Social media,True,Q26
R_MK0112381,Career aspirations,What helps decide future plans (school students),TV,True,Q26
R_MK0112381,Career aspirations,What helps decide future plans (school students),YouTube or online content,True,Q26
R_MK0112381,Career aspirations,What helps decide future plans (school students),Role models (e.g. a STEM person I know),True,Q26
R_MK0113434,Career aspirations,What helps decide future plans (school students),My ability in STEM,True,Q26
R_MK0113434,Career aspirations,What helps decide future plans (school students),My friends,True,Q26
R_MK0113434,Career aspirations,What helps decide future plans (school students),STEM activities and programs mentioned in previous questions,True,Q26
R_MK0113434,Career aspirations,What helps decide future plans (school students),Jobs available in my local area,True,Q26
R_MK0116277,Career aspirations,What helps decide future plans (school students),My own interest in STEM,True,Q26
R_MK0116277,Career aspirations,What helps decide future plans (school students),My family,True,Q26
R_MK0116277,Career aspirations,What helps decide future plans (school students),My friends,True,Q26
R_MK0116277,Career aspirations,What helps decide future plans (school students),STEM activities and programs mentioned in previous questions,True,Q26
R_MK0116277,Career aspirations,What helps decide future plans (school students),Role models (e.g. a STEM person I know),True,Q26
R_MK0116277,Career aspirations,What helps decide future plans (school students),Jobs available in my local area,True,Q26
R_MK0116277,Career aspirations,What helps decide future plans (school students),Money or job security,True,Q26
R_MK0118601,Career aspirations,What helps decide future plans (school students),Social media,True,Q26
R_MK0118601,Career aspirations,What helps decide future plans (school students),TV,True,Q26
R_MK0118601,Career aspirations,What helps decide future plans (school students),YouTube or online content,True,Q26
R_MK0119688,Career aspirations,What helps decide future plans (school students),My own interest in STEM,True,Q26
R_MK0119688,Career aspirations,What helps decide future plans (school students),My teachers,True,Q26
R_MK0119688,Career aspirations,What helps decide future plans (school students),My friends,True,Q26
R_MK0119688,Career aspirations,What helps decide future plans (school students),STEM activities and programs mentioned in previous questions,True,Q26
R_MK0119688,Career aspirations,What helps decide future plans (school students),Role models (e.g. a STEM person I know),True,Q26
R_MK0119688,Career aspirations,What helps decide future plans (school students),Money or job security,True,Q26
R_MK0120370,Career aspirations,What helps decide future plans (school students),My ability in STEM,True,Q26
R_MK0120370,Career aspirations,What helps decide future plans (school students),My family,True,Q26
R_MK0120370,Career aspirations,What helps decide future plans (school students),My friends,True,Q26
R_MK0120370,Career aspirations,What helps decide future plans (school students),Jobs available in my local area,True,Q26
R_MK0120370,Career aspirations,What helps decide future plans (school students),Money or job security,True,Q26
R_MK0121297,Career aspirations,What helps decide future plans (school students),My ability in STEM,True,Q26
R_MK0121297,Career aspirations,What helps decide future plans (school students),My teachers,True,Q26
R_MK0121297,Career aspirations,What helps decide future plans (school students),Career advisers,True,Q26
R_MK0121297,Career aspirations,What helps decide future plans (school students),Role models (e.g. a STEM person I know),True,Q26
R_MK0121297,Career aspirations,What helps decide future plans (school students),Jobs available in my local area,True,Q26
R_MK0121297,Career aspirations,What helps decide future plans (school students),Money or job security,True,Q26
R_MK0122334,Career aspirations,What helps decide future plans (school students),My friends,True,Q26
R_MK0122334,Career aspirations,What helps decide future plans (school students),Career advisers,True,Q26
R_MK0122334,Career aspirations,What helps decide future plans (school students),Money or job security,True,Q26
R_MK0123776,Career aspirations,What helps decide future plans (school students),My family,True,Q26
R_MK0123776,Career aspirations,What helps decide future plans (school students),Role models (e.g. a STEM person I know),True,Q26
R_MK0124554,Career aspirations,What helps decide future plans (school students),STEM activities and programs mentioned in previous questions,True,Q26
R_MK0124554,Career aspirations,What helps decide future plans (school students),Jobs available in my local area,True,Q26
R_MK0124554,Career aspirations,What helps decide future plans (school students),Money or job security,True,Q26
R_MK0125621,Career aspirations,What helps decide future plans (school students),My ability in STEM,True,Q26
R_MK0125621,Career aspirations,What helps decide future plans (school students),My friends,True,Q26
R_MK0125621,Career aspirations,What helps decide future plans (school students),Jobs available in my local area,True,Q26
R_MK0126126,Career aspirations,What helps decide future plans (school students),My teachers,True,Q26
R_MK0126126,Career aspirations,What helps decide future plans (school students),My friends,True,Q26
R_MK0126126,Career aspirations,What helps decide future plans (school students),Career advisers,True,Q26
R_MK0126126,Career aspirations,What helps decide future plans (school students),Social media,True,Q26
R_MK0126126,Career aspirations,What helps decide future plans (school students),TV,True,Q26
R_MK0126126,Career aspirations,What helps decide future plans (school students),YouTube or online content,True,Q26
R_MK0126126,Career aspirations,What helps decide future plans (school students),Role models (e.g. a STEM person I know),True,Q26
R_MK0126126,Career aspirations,What helps decide future plans (school students),Jobs available in my local area,True,Q26
R_MK0127927,Career aspirations,What helps decide future plans (school students),My own interest in STEM,True,Q26
R_MK0127927,Career aspirations,What helps decide future plans (school students),My ability in STEM,True,Q26
R_MK0127927,Career aspirations,What helps decide future plans (school students),Career advisers,True,Q26
R_MK0127927,Career aspirations,What helps decide future plans (school students),Money or job security,True,Q26
R_MK0129652,Career aspirations,What helps decide future plans (school students),My ability in STEM,True,Q26
R_MK0129652,Career aspirations,What helps decide future plans (school students),My teachers,True,Q26
R_MK0129652,Career aspirations,What helps decide future plans (school students),STEM activities and programs mentioned in previous questions,True,Q26
R_MK0129652,Career aspirations,What helps decide future plans (school students),Role models (e.g. a STEM person I know),True,Q26
R_MK0129652,Career aspirations,What helps decide future plans (school students),Money or job security,True,Q26
R_MK0130784,Career aspirations,What helps decide future plans (school students),My family,True,Q26
R_MK0130784,Career aspirations,What helps decide future plans (school students),Jobs available in my local area,True,Q26
R_MK0130784,Career aspirations,What helps decide future plans (school students),Money or job security,True,Q26
R_MK0131904,Career aspirations,What helps decide future plans (school students),My own interest in STEM,True,Q26
R_MK0131904,Career aspirations,What helps decide future plans (school students),My ability in STEM,True,Q26
R_MK0131904,Career aspirations,What helps decide future plans (school students),My friends,True,Q26
R_MK0131904,Career aspirations,What helps decide future plans (school students),Role models (e.g. a STEM person I know),True,Q26
R_MK0131904,Career aspirations,What helps decide future plans (school students),Jobs available in my local area,True,Q26
R_MK0132200,Career aspirations,What helps decide future plans (school students),My teachers,True,Q26
R_MK0132200,Career aspirations,What helps decide future plans (school students),My friends,True,Q26
R_MK0132200,Career aspirations,What helps decide future plans (school students),STEM activities and programs mentioned in previous questions,True,Q26
R_MK0133162,Career aspirations,What helps decide future plans (school students),Career advisers,True,Q26
R_MK0133162,Career aspirations,What helps decide future plans (school students),STEM activities and programs mentioned in previous questions,True,Q26
R_MK0133162,Career aspirations,What helps decide future plans (school students),Role models (e.g. a STEM person I know),True,Q26
R_MK0134540,Career aspirations,What helps decide future plans (school students),My ability in STEM,True,Q26
R_MK0134540,Career aspirations,What helps decide future plans (school students),My family,True,Q26
R_MK0134540,Career aspirations,What helps decide future plans (school students),Career advisers,True,Q26
R_MK0134540,Career aspirations,What helps decide future plans (school students),Social media,True,Q26
R_MK0134540,Career aspirations,What helps decide future plans (school students),TV,True,Q26
R_MK0134540,Career aspirations,What helps decide future plans (school students),YouTube or online content,True,Q26
R_MK0135905,Career aspirations,What helps decide future plans (school students),My own interest in STEM,True,Q26
R_MK0136936,Career aspirations,What helps decide future plans (school students),STEM activities and programs mentioned in previous questions,True,Q26
R_MK0136936,Career aspirations,What helps decide future plans (school students),Social media,True,Q26
R_MK0136936,Career aspirations,What helps decide future plans (school students),TV,True,Q26
R_MK0136936,Career aspirations,What helps decide future plans (school students),YouTube or online content,True,Q26
R_MK0136936,Career aspirations,What helps decide future plans (school students),Role models (e.g. a STEM person I know),True,Q26
R_MK0136936,Career aspirations,What helps decide future plans (school students),Jobs available in my local area,True,Q26
R_MK0137202,Career aspirations,What helps decide future plans (school students),My ability in STEM,True,Q26
R_MK0137202,Career aspirations,What helps decide future plans (school students),STEM activities and programs mentioned in previous questions,True,Q26
R_MK0137202,Career aspirations,What helps decide future plans (school students),Social media,True,Q26
R_MK0137202,Career aspirations,What helps decide future plans (school students),TV,True,Q26
R_MK0137202,Career aspirations,What helps decide future plans (school students),YouTube or online content,True,Q26
R_MK0137202,Career aspirations,What helps decide future plans (school students),Jobs available in my local area,True,Q26
R_MK0139460,Career aspirations,What helps decide future plans (school students),My own interest in STEM,True,Q26
R_MK0139460,Career aspirations,What helps decide future plans (school students),My family,True,Q26
R_MK0139460,Career aspirations,What helps decide future plans (school students),My teachers,True,Q26
R_MK0139460,Career aspirations,What helps decide future plans (school students),Jobs available in my local area,True,Q26
R_MK0139460,Career aspirations,What helps decide future plans (school students),Money or job security,True,Q26
R_MK0143734,Career aspirations,What helps decide future plans (school students),My ability in STEM,True,Q26
R_MK0143734,Career aspirations,What helps decide future plans (school students),My family,True,Q26
R_MK0143734,Career aspirations,What helps decide future plans (school students),My teachers,True,Q26
R_MK0143734,Career aspirations,What helps decide future plans (school students),My friends,True,Q26
R_MK0143734,Career aspirations,What helps decide future plans (school students),Career advisers,True,Q26
R_MK0143734,Career aspirations,What helps decide future plans (school students),Role models (e.g. a STEM person I know),True,Q26
R_MK0145711,Career aspirations,What helps decide future plans (school students),My friends,True,Q26
R_MK0145711,Career aspirations,What helps decide future plans (school students),STEM activities and programs mentioned in previous questions,True,Q26
R_MK0145711,Career aspirations,What helps decide future plans (school students),Social media,True,Q26
R_MK0145711,Career aspirations,What helps decide future plans (school students),TV,True,Q26
R_MK0145711,Career aspirations,What helps decide future plans (school students),YouTube or online content,True,Q26
R_MK0145711,Career aspirations,What helps decide future plans (school students),Money or job security,True,Q26
R_MK0146872,Career aspirations,What helps decide future plans (school students),My ability in STEM,True,Q26
R_MK0146872,Career aspirations,What helps decide future plans (school students),My friends,True,Q26
R_MK0146872,Career aspirations,What helps decide future plans (school students),Career advisers,True,Q26
R_MK0146872,Career aspirations,What helps decide future plans (school students),Role models (e.g. a STEM person I know),True,Q26
R_MK0146872,Career aspirations,What helps decide future plans (school students),Jobs available in my local area,True,Q26
R_MK0147584,Career aspirations,What helps decide future plans (school students),My family,True,Q26
R_MK0148883,Career aspirations,What helps decide future plans (school students),My teachers,True,Q26
R_MK0148883,Career aspirations,What helps decide future plans (school students),Career advisers,True,Q26
R_MK0148883,Career aspirations,What helps decide future plans (school students),Social media,True,Q26
R_MK0148883,Career aspirations,What helps decide future plans (school students),TV,True,Q26
R_MK0148883,Career aspirations,What helps decide future plans (school students),YouTube or online content,True,Q26
R_MK0149612,Career aspirations,What helps decide future plans (school students),My own interest in STEM,True,Q26
R_MK0149612,Career aspirations,What helps decide future plans (school students),My family,True,Q26
R_MK0149612,Career aspirations,What helps decide future plans (school students),STEM activities and programs mentioned in previous questions,True,Q26
R_MK0150239,Career aspirations,What helps decide future plans (school students),My own interest in STEM,True,Q26
R_MK0150239,Career aspirations,What helps decide future plans (school students),My ability in STEM,True,Q26
R_MK0150239,Career aspirations,What helps decide future plans (school students),My teachers,True,Q26
R_MK0150239,Career aspirations,What helps decide future plans (school students),Career advisers,True,Q26
R_MK0150239,Career aspirations,What helps decide future plans (school students),Social media,True,Q26
R_MK0150239,Career aspirations,What helps decide future plans (school students),TV,True,Q26
R_MK0150239,Career aspirations,What helps decide future plans (school students),YouTube or online content,True,Q26
R_MK0151336,Career aspirations,What helps decide future plans (school students),My teachers,True,Q26
R_MK0151336,Career aspirations,What helps decide future plans (school students),Role models (e.g. a STEM person I know),True,Q26
R_MK0152384,Career aspirations,What helps decide future plans (school students),My family,True,Q26
R_MK0152384,Career aspirations,What helps decide future plans (school students),Social media,True,Q26
R_MK0152384,Career aspirations,What helps decide future plans (school students),TV,True,Q26
R_MK0152384,Career aspirations,What helps decide future plans (school students),YouTube or online content,True,Q26
R_MK0152384,Career aspirations,What helps decide future plans (school students),Money or job security,True,Q26
R_MK0154754,Career aspirations,What helps decide future plans (school students),My own interest in STEM,True,Q26
R_MK0154754,Career aspirations,What helps decide future plans (school students),My ability in STEM,True,Q26
R_MK0154754,Career aspirations,What helps decide future plans (school students),My teachers,True,Q26
R_MK0154754,Career aspirations,What helps decide future plans (school students),Career advisers,True,Q26
R_MK0154754,Career aspirations,What helps decide future plans (school students),Jobs available in my local area,True,Q26
R_MK0155619,Career aspirations,What helps decide future plans (school students),My ability in STEM,True,Q26
R_MK0155619,Career aspirations,What helps decide future plans (school students),My family,True,Q26
R_MK0155619,Career aspirations,What helps decide future plans (school students),Career advisers,True,Q26
R_MK0155619,Career aspirations,What helps decide future plans (school students),Role models (e.g. a STEM person I know),True,Q26
R_MK0155619,Career aspirations,What helps decide future plans (school students),Jobs available in my local area,True,Q26
R_MK0156966,Career aspirations,What helps decide future plans (school students),My teachers,True,Q26
R_MK0156966,Career aspirations,What helps decide future plans (school students),My friends,True,Q26
R_MK0156966,Career aspirations,What helps decide future plans (school students),Jobs available in my local area,True,Q26
R_MK0157937,Career aspirations,What helps decide future plans (school students),My own interest in STEM,True,Q26
R_MK0157937,Career aspirations,What helps decide future plans (school students),My ability in STEM,True,Q26
R_MK0157937,Career aspirations,What helps decide future plans (school students),Career advisers,True,Q26
R_MK0157937,Career aspirations,What helps decide future plans (school students),Social media,True,Q26
R_MK0157937,Career aspirations,What helps decide future plans (school students),TV,True,Q26
R_MK0157937,Career aspirations,What helps decide future plans (school students),YouTube or online content,True,Q26
R_MK0157937,Career aspirations,What helps decide future plans (school students),Role models (e.g. a STEM person I know),True,Q26
R_MK0158474,Career aspirations,What helps decide future plans (school students),My own interest in STEM,True,Q26
R_MK0158474,Career aspirations,What helps decide future plans (school students),Career advisers,True,Q26
R_MK0158474,Career aspirations,What helps decide future plans (school students),STEM activities and programs mentioned in previous questions,True,Q26
R_MK0158474,Career aspirations,What helps decide future plans (school students),Money or job security,True,Q26
R_MK0159733,Career aspirations,What helps decide future plans (school students),My ability in STEM,True,Q26
R_MK0159733,Career aspirations,What helps decide future plans (school students),My family,True,Q26
R_MK0159733,Career aspirations,What helps decide future plans (school students),My friends,True,Q26
R_MK0160733,Career aspirations,What helps decide future plans (school students),My own interest in STEM,True,Q26
R_MK0160733,Career aspirations,What helps decide future plans (school students),My friends,True,Q26
R_MK0160733,Career aspirations,What helps decide future plans (school students),Career advisers,True,Q26
R_MK0161254,Career aspirations,What helps decide future plans (school students),Money or job security,True,Q26
R_MK0163945,Career aspirations,What helps decide future plans (school students),My own interest in STEM,True,Q26
R_MK0163945,Career aspirations,What helps decide future plans (school students),My ability in STEM,True,Q26
R_MK0163945,Career aspirations,What helps decide future plans (school students),STEM activities and programs mentioned in previous questions,True,Q26
R_MK0163945,Career aspirations,What helps decide future plans (school students),Role models (e.g. a STEM person I know),True,Q26
R_MK0163945,Career aspirations,What helps decide future plans (school students),Money or job security,True,Q26
R_MK0164227,Career aspirations,What helps decide future plans (school students),My own interest in STEM,True,Q26
R_MK0164227,Career aspirations,What helps decide future plans (school students),My ability in STEM,True,Q26
R_MK0164227,Career aspirations,What helps decide future plans (school students),My family,True,Q26
R_MK0164227,Career aspirations,What helps decide future plans (school students),My friends,True,Q26
R_MK0164227,Career aspirations,What helps decide future plans (school students),Jobs available in my local area,True,Q26
R_MK0164227,Career aspirations,What helps decide future plans (school students),Money or job security,True,Q26
R_MK0165174,Career aspirations,What helps decide future plans (school students),My own interest in STEM,True,Q26
R_MK0165174,Career aspirations,What helps decide future plans (school students),My teachers,True,Q26
R_MK0165174,Career aspirations,What helps decide future plans (school students),My friends,True,Q26
R_MK0165174,Career aspirations,What helps decide future plans (school students),Role models (e.g. a STEM person I know),True,Q26
R_MK0166745,Career aspirations,What helps decide future plans (school students),My ability in STEM,True,Q26
R_MK0166745,Career aspirations,What helps decide future plans (school students),Role models (e.g. a STEM person I know),True,Q26
R_MK0166745,Career aspirations,What helps decide future plans (school students),Jobs available in my local area,True,Q26
R_MK0167637,Career aspirations,What helps decide future plans (school students),My teachers,True,Q26
R_MK0167637,Career aspirations,What helps decide future plans (school students),My friends,True,Q26
R_MK0167637,Career aspirations,What helps decide future plans (school students),Career advisers,True,Q26
R_MK0167637,Career aspirations,What helps decide future plans (school students),STEM activities and programs mentioned in previous questions,True,Q26
R_MK0167637,Career aspirations,What helps decide future plans (school students),Role models (e.g. a STEM person I know),True,Q26
R_MK0167637,Career aspirations,What helps decide future plans (school students),Jobs available in my local area,True,Q26
R_MK0167637,Career aspirations,What helps decide future plans (school students),Money or job security,True,Q26
R_MK0168775,Career aspirations,What helps decide future plans (school students),My own interest in STEM,True,Q26
R_MK0168775,Career aspirations,What helps decide future plans (school students),My ability in STEM,True,Q26
R_MK0168775,Career aspirations,What helps decide future plans (school students),Jobs available in my local area,True,Q26
R_MK0169479,Career aspirations,What helps decide future plans (school students),My own interest in STEM,True,Q26
R_MK0169479,Career aspirations,What helps decide future plans (school students),My family,True,Q26
R_MK0169479,Career aspirations,What helps decide future plans (school students),My teachers,True,Q26
R_MK0172371,Career aspirations,What helps decide future plans (school students),My own interest in STEM,True,Q26
R_MK0172371,Career aspirations,What helps decide future plans (school students),My friends,True,Q26
R_MK0172371,Career aspirations,What helps decide future plans (school students),Jobs available in my local area,True,Q26
R_MK0173150,Career aspirations,What helps decide future plans (school students),My ability in STEM,True,Q26
R_MK0173150,Career aspirations,What helps decide future plans (school students),Career advisers,True,Q26
R_MK0173150,Career aspirations,What helps decide future plans (school students),STEM activities and programs mentioned in previous questions,True,Q26
R_MK0173150,Career aspirations,What helps decide future plans (school students),Role models (e.g. a STEM person I know),True,Q26
R_MK0174572,Career aspirations,What helps decide future plans (school students),My own interest in STEM,True,Q26
R_MK0174572,Career aspirations,What helps decide future plans (school students),My family,True,Q26
R_MK0174572,Career aspirations,What helps decide future plans (school students),Career advisers,True,Q26
R_MK0174572,Career aspirations,What helps decide future plans (school students),Money or job security,True,Q26
R_MK0176790,Career aspirations,What helps decide future plans (school students),My own interest in STEM,True,Q26
R_MK0176790,Career aspirations,What helps decide future plans (school students),My ability in STEM,True,Q26
R_MK0176790,Career aspirations,What helps decide future plans (school students),My teachers,True,Q26
R_MK0176790,Career aspirations,What helps decide future plans (school students),STEM activities and programs mentioned in previous questions,True,Q26
R_MK0176790,Career aspirations,What helps decide future plans (school students),Jobs available in my local area,True,Q26
R_MK0176790,Career aspirations,What helps decide future plans (school students),Money or job security,True,Q26
R_MK0177409,Career aspirations,What helps decide future plans (school students),My family,True,Q26
R_MK0177409,Career aspirations,What helps decide future plans (school students),My friends,True,Q26
R_MK0177409,Career aspirations,What helps decide future plans (school students),Money or job security,True,Q26
R_MK0178316,Career aspirations,What helps decide future plans (school students),My teachers,True,Q26
R_MK0178316,Career aspirations,What helps decide future plans (school students),My friends,True,Q26
R_MK0178316,Career aspirations,What helps decide future plans (school students),Social media,True,Q26
R_MK0178316,Career aspirations,What helps decide future plans (school students),TV,True,Q26
R_MK0178316,Career aspirations,What helps decide future plans (school students),YouTube or online content,True,Q26
R_MK0179159,Career aspirations,What helps decide future plans (school students),My family,True,Q26
R_MK0179159,Career aspirations,What helps decide future plans (school students),My friends,True,Q26
R_MK0179159,Career aspirations,What helps decide future plans (school students),STEM activities and programs mentioned in previous questions,True,Q26
R_MK0179159,Career aspirations,What helps decide future plans (school students),Role models (e.g. a STEM person I know),True,Q26
R_MK0179159,Career aspirations,What helps decide future plans (school students),Money or job security,True,Q26
R_MK0000627,Career aspirations,What helps decide which jobs to do,Social media,True,Q91
R_MK0001988,Career aspirations,What helps decide which jobs to do,My family,True,Q91
R_MK0002347,Career aspirations,What helps decide which jobs to do,Teachers,True,Q91
R_MK0002347,Career aspirations,What helps decide which jobs to do,STEM related activities at school,True,Q91
R_MK0002347,Career aspirations,What helps decide which jobs to do,home or outside of school,True,Q91
R_MK0003730,Career aspirations,What helps decide which jobs to do,Career advise from teachers or career advisors,True,Q91
R_MK0003730,Career aspirations,What helps decide which jobs to do,Teachers,True,Q91
R_MK0003730,Career aspirations,What helps decide which jobs to do,My family,True,Q91
R_MK0003730,Career aspirations,What helps decide which jobs to do,Social media,True,Q91
R_MK0003730,Career aspirations,What helps decide which jobs to do,Role models/ influencers,True,Q91
R_MK0004719,Career aspirations,What helps decide which jobs to do,Teachers,True,Q91
R_MK0004719,Career aspirations,What helps decide which jobs to do,My family,True,Q91
R_MK0004719,Career aspirations,What helps decide which jobs to do,Role models/ influencers,True,Q91
R_MK0005596,Career aspirations,What helps decide which jobs to do,Career advise from teachers or career advisors,True,Q91
R_MK0005596,Career aspirations,What helps decide which jobs to do,Teachers,True,Q91
R_MK0005596,Career aspirations,What helps decide which jobs to do,My family,True,Q91
R_MK0005596,Career aspirations,What helps decide which jobs to do,STEM related activities at school,True,Q91
R_MK0005596,Career aspirations,What helps decide which jobs to do,home or outside of school,True,Q91
R_MK0005596,Career aspirations,What helps decide which jobs to do,Role models/ influencers,True,Q91
R_MK0006905,Career aspirations,What helps decide which jobs to do,Teachers,True,Q91
R_MK0006905,Career aspirations,What helps decide which jobs to do,My family,True,Q91
R_MK0008384,Career aspirations,What helps decide which jobs to do,Teachers,True,Q91
R_MK0008384,Career aspirations,What helps decide which jobs to do,My friends,True,Q91
R_MK0008384,Career aspirations,What helps decide which jobs to do,STEM related activities at school,True,Q91
R_MK0008384,Career aspirations,What helps decide which jobs to do,home or outside of school,True,Q91
R_MK0009361,Career aspirations,What helps decide which jobs to do,Teachers,True,Q91
R_MK0009361,Career aspirations,What helps decide which jobs to do,My friends,True,Q91
R_MK0009361,Career aspirations,What helps decide which jobs to do,My family,True,Q91
R_MK0010793,Career aspirations,What helps decide which jobs to do,Career advise from teachers or career advisors,True,Q91
R_MK0010793,Career aspirations,What helps decide which jobs to do,Teachers,True,Q91
R_MK0010793,Career aspirations,What helps decide which jobs to do,Social media,True,Q91
R_MK0010793,Career aspirations,What helps decide which jobs to do,Role models/ influencers,True,Q91
R_MK0011527,Career aspirations,What helps decide which jobs to do,Career advise from teachers or career advisors,True,Q91
R_MK0011527,Career aspirations,What helps decide which jobs to do,My friends,True,Q91
R_MK0011527,Career aspirations,What helps decide which jobs to do,My family,True,Q91
R_MK0011527,Career aspirations,What helps decide which jobs to do,STEM related activities at school,True,Q91
R_MK0011527,Career aspirations,What helps decide which jobs to do,home or outside of school,True,Q91
R_MK0012224,Career aspirations,What helps decide which jobs to do,STEM related activities at school,True,Q91
R_MK0012224,Career aspirations,What helps decide which jobs to do,home or outside of school,True,Q91
R_MK0012224,Career aspirations,What helps decide which jobs to do,Role models/ influencers,True,Q91
R_MK0013321,Career aspirations,What helps decide which jobs to do,Career advise from teachers or career advisors,True,Q91
R_MK0013321,Career aspirations,What helps decide which jobs to do,My family,True,Q91
R_MK0013321,Career aspirations,What helps decide which jobs to do,Role models/ influencers,True,Q91
R_MK0014269,Career aspirations,What helps decide which jobs to do,Teachers,True,Q91
R_MK0014269,Career aspirations,What helps decide which jobs to do,Social media,True,Q91
R_MK0015367,Career aspirations,What helps decide which jobs to do,Career advise from teachers or career advisors,True,Q91
R_MK0015367,Career aspirations,What helps decide which jobs to do,My family,True,Q91
R_MK0015367,Career aspirations,What helps decide which jobs to do,STEM related activities at school,True,Q91
R_MK0015367,Career aspirations,What helps decide which jobs to do,home or outside of school,True,Q91
R_MK0015367,Career aspirations,What helps decide which jobs to do,Role models/ influencers,True,Q91
R_MK0018536,Career aspirations,What helps decide which jobs to do,My family,True,Q91
R_MK0018536,Career aspirations,What helps decide which jobs to do,Social media,True,Q91
R_MK0018536,Career aspirations,What helps decide which jobs to do,Role models/ influencers,True,Q91
R_MK0019133,Career aspirations,What helps decide which jobs to do,My friends,True,Q91
R_MK0019133,Career aspirations,What helps decide which jobs to do,Role models/ influencers,True,Q91
R_MK0020431,Career aspirations,What helps decide which jobs to do,Role models/ influencers,True,Q91
R_MK0021482,Career aspirations,What helps decide which jobs to do,My friends,True,Q91
R_MK0021482,Career aspirations,What helps decide which jobs to do,STEM related activities at school,True,Q91
R_MK0021482,Career aspirations,What helps decide which jobs to do,home or outside of school,True,Q91
R_MK0021482,Career aspirations,What helps decide which jobs to do,Social media,True,Q91
R_MK0021482,Career aspirations,What helps decide which jobs to do,Role models/ influencers,True,Q91
R_MK0022458,Career aspirations,What helps decide which jobs to do,Teachers,True,Q91
R_MK0022458,Career aspirations,What helps decide which jobs to do,My friends,True,Q91
R_MK0022458,Career aspirations,What helps decide which jobs to do,My family,True,Q91
R_MK0022458,Career aspirations,What helps decide which jobs to do,Role models/ influencers,True,Q91
R_MK0023977,Career aspirations,What helps decide which jobs to do,Career advise from teachers or career advisors,True,Q91
R_MK0023977,Career aspirations,What helps decide which jobs to do,My friends,True,Q91
R_MK0023977,Career aspirations,What helps decide which jobs to do,STEM related activities at school,True,Q91
R_MK0023977,Career aspirations,What helps decide which jobs to do,home or outside of school,True,Q91
R_MK0023977,Career aspirations,What helps decide which jobs to do,Social media,True,Q91
R_MK0024720,Career aspirations,What helps decide which jobs to do,Social media,True,Q91
R_MK0024720,Career aspirations,What helps decide which jobs to do,Role models/ influencers,True,Q91
R_MK0025500,Career aspirations,What helps decide which jobs to do,Teachers,True,Q91
R_MK0025500,Career aspirations,What helps decide which jobs to do,My family,True,Q91
R_MK0025500,Career aspirations,What helps decide which jobs to do,Role models/ influencers,True,Q91
R_MK0026571,Career aspirations,What helps decide which jobs to do,Teachers,True,Q91
R_MK0026571,Career aspirations,What helps decide which jobs to do,My family,True,Q91
R_MK0026571,Career aspirations,What helps decide which jobs to do,Social media,True,Q91
R_MK0026571,Career aspirations,What helps decide which jobs to do,Role models/ influencers,True,Q91
R_MK0027927,Career aspirations,What helps decide which jobs to do,Career advise from teachers or career advisors,True,Q91
R_MK0027927,Career aspirations,What helps decide which jobs to do,My friends,True,Q91
R_MK0027927,Career aspirations,What helps decide which jobs to do,STEM related activities at school,True,Q91
R_MK0027927,Career aspirations,What helps decide which jobs to do,home or outside of school,True,Q91
R_MK0028258,Career aspirations,What helps decide which jobs to do,Teachers,True,Q91
R_MK0028258,Career aspirations,What helps decide which jobs to do,My friends,True,Q91
R_MK0028258,Career aspirations,What helps decide which jobs to do,My family,True,Q91
R_MK0028258,Career aspirations,What helps decide which jobs to do,STEM related activities at school,True,Q91
R_MK0028258,Career aspirations,What helps decide which jobs to do,home or outside of school,True,Q91
R_MK0028258,Career aspirations,What helps decide which jobs to do,Role models/ influencers,True,Q91
R_MK0029779,Career aspirations,What helps decide which jobs to do,Role models/ influencers,True,Q91
R_MK0030633,Career aspirations,What helps decide which jobs to do,Teachers,True,Q91
R_MK0030633,Career aspirations,What helps decide which jobs to do,My friends,True,Q91
R_MK0030633,Career aspirations,What helps decide which jobs to do,Role models/ influencers,True,Q91
R_MK0031816,Career aspirations,What helps decide which jobs to do,Career advise from teachers or career advisors,True,Q91
R_MK0031816,Career aspirations,What helps decide which jobs to do,Teachers,True,Q91
R_MK0031816,Career aspirations,What helps decide which jobs to do,My family,True,Q91
R_MK0031816,Career aspirations,What helps decide which jobs to do,STEM related activities at school,True,Q91
R_MK0031816,Career aspirations,What helps decide which jobs to do,home or outside of school,True,Q91
R_MK0032287,Career aspirations,What helps decide which jobs to do,Career advise from teachers or career advisors,True,Q91
R_MK0032287,Career aspirations,What helps decide which jobs to do,Teachers,True,Q91
R_MK0033998,Career aspirations,What helps decide which jobs to do,Career advise from teachers or career advisors,True,Q91
R_MK0033998,Career aspirations,What helps decide which jobs to do,Teachers,True,Q91
R_MK0034390,Career aspirations,What helps decide which jobs to do,Teachers,True,Q91
R_MK0034390,Career aspirations,What helps decide which jobs to do,Social media,True,Q91
R_MK0034390,Career aspirations,What helps decide which jobs to do,Role models/ influencers,True,Q91
R_MK0035805,Career aspirations,What helps decide which jobs to do,Career advise from teachers or career advisors,True,Q91
R_MK0035805,Career aspirations,What helps decide which jobs to do,My friends,True,Q91
R_MK0035805,Career aspirations,What helps decide which jobs to do,STEM related activities at school,True,Q91
R_MK0035805,Career aspirations,What helps decide which jobs to do,home or outside of school,True,Q91
R_MK0035805,Career aspirations,What helps decide which jobs to do,Social media,True,Q91
R_MK0036231,Career aspirations,What helps decide which jobs to do,Teachers,True,Q91
R_MK0036231,Career aspirations,What helps decide which jobs to do,Social media,True,Q91
R_MK0037540,Career aspirations,What helps decide which jobs to do,My friends,True,Q91
R_MK0037540,Career aspirations,What helps decide which jobs to do,Social media,True,Q91
R_MK0038406,Career aspirations,What helps decide which jobs to do,Career advise from teachers or career advisors,True,Q91
R_MK0038406,Career aspirations,What helps decide which jobs to do,My friends,True,Q91
R_MK0039929,Career aspirations,What helps decide which jobs to do,Teachers,True,Q91
R_MK0039929,Career aspirations,What helps decide which jobs to do,My friends,True,Q91
R_MK0039929,Career aspirations,What helps decide which jobs to do,Role models/ influencers,True,Q91
R_MK0040419,Career aspirations,What helps decide which jobs to do,Career advise from teachers or career advisors,True,Q91
R_MK0040419,Career aspirations,What helps decide which jobs to do,Teachers,True,Q91
R_MK0040419,Career aspirations,What helps decide which jobs to do,Role models/ influencers,True,Q91
R_MK0041486,Career aspirations,What helps decide which jobs to do,Role models/ influencers,True,Q91
R_MK0042213,Career aspirations,What helps decide which jobs to do,Career advise from teachers or career advisors,True,Q91
R_MK0042213,Career aspirations,What helps decide which jobs to do,My family,True,Q91
R_MK0042213,Career aspirations,What helps decide which jobs to do,STEM related activities at school,True,Q91
R_MK0042213,Career aspirations,What helps decide which jobs to do,home or outside of school,True,Q91
R_MK0042213,Career aspirations,What helps decide which jobs to do,Social media,True,Q91
R_MK0043282,Career aspirations,What helps decide which jobs to do,Career advise from teachers or career advisors,True,Q91
R_MK0044213,Career aspirations,What helps decide which jobs to do,Teachers,True,Q91
R_MK0045654,Career aspirations,What helps decide which jobs to do,Career advise from teachers or career advisors,True,Q91
R_MK0045654,Career aspirations,What helps decide which jobs to do,Teachers,True,Q91
R_MK0045654,Career aspirations,What helps decide which jobs to do,My friends,True,Q91
R_MK0045654,Career aspirations,What helps decide which jobs to do,Social media,True,Q91
R_MK0046112,Career aspirations,What helps decide which jobs to do,My friends,True,Q91
R_MK0046112,Career aspirations,What helps decide which jobs to do,My family,True,Q91
R_MK0047577,Career aspirations,What helps decide which jobs to do,My family,True,Q91
R_MK0047577,Career aspirations,What helps decide which jobs to do,Role models/ influencers,True,Q91
R_MK0049860,Career aspirations,What helps decide which jobs to do,My family,True,Q91
R_MK0049860,Career aspirations,What helps decide which jobs to do,STEM related activities at school,True,Q91
R_MK0049860,Career aspirations,What helps decide which jobs to do,home or outside of school,True,Q91
R_MK0049860,Career aspirations,What helps decide which jobs to do,Social media,True,Q91
R_MK0049860,Career aspirations,What helps decide which jobs to do,Role models/ influencers,True,Q91
R_MK0050307,Career aspirations,What helps decide which jobs to do,Career advise from teachers or career advisors,True,Q91
R_MK0050307,Career aspirations,What helps decide which jobs to do,Teachers,True,Q91
R_MK0050307,Career aspirations,What helps decide which jobs to do,Social media,True,Q91
R_MK0050307,Career aspirations,What helps decide which jobs to do,Role models/ influencers,True,Q91
R_MK0051679,Career aspirations,What helps decide which jobs to do,STEM related activities at school,True,Q91
R_MK0051679,Career aspirations,What helps decide which jobs to do,home or outside of school,True,Q91
R_MK0052370,Career aspirations,What helps decide which jobs to do,Career advise from teachers or career advisors,True,Q91
R_MK0054499,Career aspirations,What helps decide which jobs to do,My friends,True,Q91
R_MK0054499,Career aspirations,What helps decide which jobs to do,Social media,True,Q91
R_MK0055692,Career aspirations,What helps decide which jobs to do,My friends,True,Q91
R_MK0056412,Career aspirations,What helps decide which jobs to do,STEM related activities at school,True,Q91
R_MK0056412,Career aspirations,What helps decide which jobs to do,home or outside of school,True,Q91
R_MK0056412,Career aspirations,What helps decide which jobs to do,Social media,True,Q91
R_MK0056412,Career aspirations,What helps decide which jobs to do,Role models/ influencers,True,Q91
R_MK0057690,Career aspirations,What helps decide which jobs to do,Role models/ influencers,True,Q91
R_MK0058975,Career aspirations,What helps decide which jobs to do,Role models/ influencers,True,Q91
R_MK0059350,Career aspirations,What helps decide which jobs to do,STEM related activities at school,True,Q91
R_MK0059350,Career aspirations,What helps decide which jobs to do,home or outside of school,True,Q91
R_MK0060505,Career aspirations,What helps decide which jobs to do,My friends,True,Q91
R_MK0060505,Career aspirations,What helps decide which jobs to do,Social media,True,Q91
R_MK0060505,Career aspirations,What helps decide which jobs to do,Role models/ influencers,True,Q91
R_MK0061473,Career aspirations,What helps decide which jobs to do,Career advise from teachers or career advisors,True,Q91
R_MK0061473,Career aspirations,What helps decide which jobs to do,My family,True,Q91
R_MK0061473,Career aspirations,What helps decide which jobs to do,STEM related activities at school,True,Q91
R_MK0061473,Career aspirations,What helps decide which jobs to do,home or outside of school,True,Q91
R_MK0061473,Career aspirations,What helps decide which jobs to do,Role models/ influencers,True,Q91
R_MK0062875,Career aspirations,What helps decide which jobs to do,STEM related activities at school,True,Q91
R_MK0062875,Career aspirations,What helps decide which jobs to do,home or outside of school,True,Q91
R_MK0063584,Career aspirations,What helps decide which jobs to do,My friends,True,Q91
R_MK0064579,Career aspirations,What helps decide which jobs to do,Teachers,True,Q91
R_MK0064579,Career aspirations,What helps decide which jobs to do,My friends,True,Q91
R_MK0064579,Career aspirations,What helps decide which jobs to do,My family,True,Q91
R_MK0064579,Career aspirations,What helps decide which jobs to do,STEM related activities at school,True,Q91
R_MK0064579,Career aspirations,What helps decide which jobs to do,home or outside of school,True,Q91
R_MK0064579,Career aspirations,What helps decide which jobs to do,Social media,True,Q91
R_MK0065610,Career aspirations,What helps decide which jobs to do,My friends,True,Q91
R_MK0066620,Career aspirations,What helps decide which jobs to do,My friends,True,Q91
R_MK0066620,Career aspirations,What helps decide which jobs to do,My family,True,Q91
R_MK0066620,Career aspirations,What helps decide which jobs to do,STEM related activities at school,True,Q91
R_MK0066620,Career aspirations,What helps decide which jobs to do,home or outside of school,True,Q91
R_MK0067929,Career aspirations,What helps decide which jobs to do,My friends,True,Q91
R_MK0067929,Career aspirations,What helps decide which jobs to do,Social media,True,Q91
R_MK0067929,Career aspirations,What helps decide which jobs to do,Role models/ influencers,True,Q91
R_MK0068572,Career aspirations,What helps decide which jobs to do,Teachers,True,Q91
R_MK0068572,Career aspirations,What helps decide which jobs to do,My friends,True,Q91
R_MK0069886,Career aspirations,What helps decide which jobs to do,My friends,True,Q91
R_MK0069886,Career aspirations,What helps decide which jobs to do,My family,True,Q91
R_MK0069886,Career aspirations,What helps decide which jobs to do,Role models/ influencers,True,Q91
R_MK0070552,Career aspirations,What helps decide which jobs to do,Social media,True,Q91
R_MK0070552,Career aspirations,What helps decide which jobs to do,Role models/ influencers,True,Q91
R_MK0071406,Career aspirations,What helps decide which jobs to do,Social media,True,Q91
R_MK0072687,Career aspirations,What helps decide which jobs to do,Teachers,True,Q91
R_MK0072687,Career aspirations,What helps decide which jobs to do,My friends,True,Q91
R_MK0072687,Career aspirations,What helps decide which jobs to do,STEM related activities at school,True,Q91
R_MK0072687,Career aspirations,What helps decide which jobs to do,home or outside of school,True,Q91
R_MK0072687,Career aspirations,What helps decide which jobs to do,Role models/ influencers,True,Q91
R_MK0073840,Career aspirations,What helps decide which jobs to do,Teachers,True,Q91
R_MK0073840,Career aspirations,What helps decide which jobs to do,My friends,True,Q91
R_MK0073840,Career aspirations,What helps decide which jobs to do,My family,True,Q91
R_MK0075767,Career aspirations,What helps decide which jobs to do,Teachers,True,Q91
R_MK0075767,Career aspirations,What helps decide which jobs to do,STEM related activities at school,True,Q91
R_MK0075767,Career aspirations,What helps decide which jobs to do,home or outside of school,True,Q91
R_MK0075767,Career aspirations,What helps decide which jobs to do,Social media,True,Q91
R_MK0075767,Career aspirations,What helps decide which jobs to do,Role models/ influencers,True,Q91
R_MK0076765,Career aspirations,What helps decide which jobs to do,Teachers,True,Q91
R_MK0076765,Career aspirations,What helps decide which jobs to do,STEM related activities at school,True,Q91
R_MK0076765,Career aspirations,What helps decide which jobs to do,home or outside of school,True,Q91
R_MK0076765,Career aspirations,What helps decide which jobs to do,Role models/ influencers,True,Q91
R_MK0077639,Career aspirations,What helps decide which jobs to do,Role models/ influencers,True,Q91
R_MK0078481,Career aspirations,What helps decide which jobs to do,Role models/ influencers,True,Q91
R_MK0079582,Career aspirations,What helps decide which jobs to do,Career advise from teachers or career advisors,True,Q91
R_MK0079582,Career aspirations,What helps decide which jobs to do,My friends,True,Q91
R_MK0079582,Career aspirations,What helps decide which jobs to do,Social media,True,Q91
R_MK0080425,Career aspirations,What helps decide which jobs to do,Teachers,True,Q91
R_MK0080425,Career aspirations,What helps decide which jobs to do,My friends,True,Q91
R_MK0080425,Career aspirations,What helps decide which jobs to do,STEM related activities at school,True,Q91
R_MK0080425,Career aspirations,What helps decide which jobs to do,home or outside of school,True,Q91
R_MK0081132,Career aspirations,What helps decide which jobs to do,Teachers,True,Q91
R_MK0082408,Career aspirations,What helps decide which jobs to do,Teachers,True,Q91
R_MK0082408,Career aspirations,What helps decide which jobs to do,Social media,True,Q91
R_MK0083550,Career aspirations,What helps decide which jobs to do,My friends,True,Q91
R_MK0083550,Career aspirations,What helps decide which jobs to do,My family,True,Q91
R_MK0084432,Career aspirations,What helps decide which jobs to do,Career advise from teachers or career advisors,True,Q91
R_MK0085137,Career aspirations,What helps decide which jobs to do,My friends,True,Q91
R_MK0086766,Career aspirations,What helps decide which jobs to do,My friends,True,Q91
R_MK0086766,Career aspirations,What helps decide which jobs to do,STEM related activities at school,True,Q91
R_MK0086766,Career aspirations,What helps decide which jobs to do,home or outside of school,True,Q91
R_MK0086766,Career aspirations,What helps decide which jobs to do,Social media,True,Q91
R_MK0087249,Career aspirations,What helps decide which jobs to do,Teachers,True,Q91
R_MK0087249,Career aspirations,What helps decide which jobs to do,Social media,True,Q91
R_MK0088108,Career aspirations,What helps decide which jobs to do,Career advise from teachers or career advisors,True,Q91
R_MK0088108,Career aspirations,What helps decide which jobs to do,My family,True,Q91
R_MK0088108,Career aspirations,What helps decide which jobs to do,STEM related activities at school,True,Q91
R_MK0088108,Career aspirations,What helps decide which jobs to do,home or outside of school,True,Q91
R_MK0088108,Career aspirations,What helps decide which jobs to do,Role models/ influencers,True,Q91
R_MK0089171,Career aspirations,What helps decide which jobs to do,My friends,True,Q91
R_MK0089171,Career aspirations,What helps decide which jobs to do,My family,True,Q91
R_MK0090543,Career aspirations,What helps decide which jobs to do,Career advise from teachers or career advisors,True,Q91
R_MK0090543,Career aspirations,What helps decide which jobs to do,My friends,True,Q91
R_MK0090543,Career aspirations,What helps decide which jobs to do,My family,True,Q91
R_MK0090543,Career aspirations,What helps decide which jobs to do,Social media,True,Q91
R_MK0090543,Career aspirations,What helps decide which jobs to do,Role models/ influencers,True,Q91
R_MK0091576,Career aspirations,What helps decide which jobs to do,Teachers,True,Q91
R_MK0091576,Career aspirations,What helps decide which jobs to do,My friends,True,Q91
R_MK0091576,Career aspirations,What helps decide which jobs to do,My family,True,Q91
R_MK0092239,Career aspirations,What helps decide which jobs to do,Career advise from teachers or career advisors,True,Q91
R_MK0092239,Career aspirations,What helps decide which jobs to do,Teachers,True,Q91
R_MK0092239,Career aspirations,What helps decide which jobs to do,My family,True,Q91
R_MK0092239,Career aspirations,What helps decide which jobs to do,STEM related activities at school,True,Q91
R_MK0092239,Career aspirations,What helps decide which jobs to do,home or outside of school,True,Q91
R_MK0092239,Career aspirations,What helps decide which jobs to do,Role models/ influencers,True,Q91
R_MK0093403,Career aspirations,What helps decide which jobs to do,Career advise from teachers or career advisors,True,Q91
R_MK0093403,Career aspirations,What helps decide which jobs to do,Teachers,True,Q91
R_MK0093403,Career aspirations,What helps decide which jobs to do,My friends,True,Q91
R_MK0094607,Career aspirations,What helps decide which jobs to do,My friends,True,Q91
R_MK0094607,Career aspirations,What helps decide which jobs to do,My family,True,Q91
R_MK0094607,Career aspirations,What helps decide which jobs to do,STEM related activities at school,True,Q91
R_MK0094607,Career aspirations,What helps decide which jobs to do,home or outside of school,True,Q91
R_MK0094607,Career aspirations,What helps decide which jobs to do,Role models/ influencers,True,Q91
R_MK0095688,Career aspirations,What helps decide which jobs to do,Career advise from teachers or career advisors,True,Q91
R_MK0096679,Career aspirations,What helps decide which jobs to do,My friends,True,Q91
R_MK0096679,Career aspirations,What helps decide which jobs to do,Social media,True,Q91
R_MK0096679,Career aspirations,What helps decide which jobs to do,Role models/ influencers,True,Q91
R_MK0097674,Career aspirations,What helps decide which jobs to do,My friends,True,Q91
R_MK0097674,Career aspirations,What helps decide which jobs to do,Role models/ influencers,True,Q91
R_MK0098119,Career aspirations,What helps decide which jobs to do,Career advise from teachers or career advisors,True,Q91
R_MK0098119,Career aspirations,What helps decide which jobs to do,Teachers,True,Q91
R_MK0099227,Career aspirations,What helps decide which jobs to do,Teachers,True,Q91
R_MK0100914,Career aspirations,What helps decide which jobs to do,Teachers,True,Q91
R_MK0100914,Career aspirations,What helps decide which jobs to do,My friends,True,Q91
R_MK0100914,Career aspirations,What helps decide which jobs to do,STEM related activities at school,True,Q91
R_MK0100914,Career aspirations,What helps decide which jobs to do,home or outside of school,True,Q91
R_MK0101816,Career aspirations,What helps decide which jobs to do,Career advise from teachers or career advisors,True,Q91
R_MK0101816,Career aspirations,What helps decide which jobs to do,Teachers,True,Q91
R_MK0101816,Career aspirations,What helps decide which jobs to do,My friends,True,Q91
R_MK0101816,Career aspirations,What helps decide which jobs to do,STEM related activities at school,True,Q91
R_MK0101816,Career aspirations,What helps decide which jobs to do,home or outside of school,True,Q91
R_MK0102866,Career aspirations,What helps decide which jobs to do,My friends,True,Q91
R_MK0102866,Career aspirations,What helps decide which jobs to do,My family,True,Q91
R_MK0102866,Career aspirations,What helps decide which jobs to do,Social media,True,Q91
R_MK0103899,Career aspirations,What helps decide which jobs to do,Social media,True,Q91
R_MK0105582,Career aspirations,What helps decide which jobs to do,Career advise from teachers or career advisors,True,Q91
R_MK0105582,Career aspirations,What helps decide which jobs to do,STEM related activities at school,True,Q91
R_MK0105582,Career aspirations,What helps decide which jobs to do,home or outside of school,True,Q91
R_MK0106951,Career aspirations,What helps decide which jobs to do,My family,True,Q91
R_MK0106951,Career aspirations,What helps decide which jobs to do,STEM related activities at school,True,Q91
R_MK0106951,Career aspirations,What helps decide which jobs to do,home or outside of school,True,Q91
R_MK0107157,Career aspirations,What helps decide which jobs to do,Teachers,True,Q91
R_MK0107157,Career aspirations,What helps decide which jobs to do,Social media,True,Q91
R_MK0107157,Career aspirations,What helps decide which jobs to do,Role models/ influencers,True,Q91
R_MK0109787,Career aspirations,What helps decide which jobs to do,Role models/ influencers,True,Q91
R_MK0110138,Career aspirations,What helps decide which jobs to do,Career advise from teachers or career advisors,True,Q91
R_MK0110138,Career aspirations,What helps decide which jobs to do,My family,True,Q91
R_MK0110138,Career aspirations,What helps decide which jobs to do,STEM related activities at school,True,Q91
R_MK0110138,Career aspirations,What helps decide which jobs to do,home or outside of school,True,Q91
R_MK0111137,Career aspirations,What helps decide which jobs to do,Career advise from teachers or career advisors,True,Q91
R_MK0111137,Career aspirations,What helps decide which jobs to do,STEM related activities at school,True,Q91
R_MK0111137,Career aspirations,What helps decide which jobs to do,home or outside of school,True,Q91
R_MK0112381,Career aspirations,What helps decide which jobs to do,Career advise from teachers or career advisors,True,Q91
R_MK0112381,Career aspirations,What helps decide which jobs to do,STEM related activities at school,True,Q91
R_MK0112381,Career aspirations,What helps decide which jobs to do,home or outside of school,True,Q91
R_MK0115977,Career aspirations,What helps decide which jobs to do,Career advise from teachers or career advisors,True,Q91
R_MK0116277,Career aspirations,What helps decide which jobs to do,Career advise from teachers or career advisors,True,Q91
R_MK0116277,Career aspirations,What helps decide which jobs to do,Teachers,True,Q91
R_MK0116277,Career aspirations,What helps decide which jobs to do,My friends,True,Q91
R_MK0116277,Career aspirations,What helps decide which jobs to do,My family,True,Q91
R_MK0116277,Career aspirations,What helps decide which jobs to do,Role models/ influencers,True,Q91
R_MK0117584,Career aspirations,What helps decide which jobs to do,Career advise from teachers or career advisors,True,Q91
R_MK0117584,Career aspirations,What helps decide which jobs to do,My family,True,Q91
R_MK0117584,Career aspirations,What helps decide which jobs to do,Role models/ influencers,True,Q91
R_MK0118601,Career aspirations,What helps decide which jobs to do,My family,True,Q91
R_MK0119688,Career aspirations,What helps decide which jobs to do,Teachers,True,Q91
R_MK0119688,Career aspirations,What helps decide which jobs to do,My friends,True,Q91
R_MK0119688,Career aspirations,What helps decide which jobs to do,My family,True,Q91
R_MK0119688,Career aspirations,What helps decide which jobs to do,STEM related activities at school,True,Q91
R_MK0119688,Career aspirations,What helps decide which jobs to do,home or outside of school,True,Q91
R_MK0120370,Career aspirations,What helps decide which jobs to do,Social media,True,Q91
R_MK0120370,Career aspirations,What helps decide which jobs to do,Role models/ influencers,True,Q91
R_MK0121297,Career aspirations,What helps decide which jobs to do,Teachers,True,Q91
R_MK0121297,Career aspirations,What helps decide which jobs to do,Role models/ influencers,True,Q91
R_MK0122334,Career aspirations,What helps decide which jobs to do,My friends,True,Q91
R_MK0124554,Career aspirations,What helps decide which jobs to do,Career advise from teachers or career advisors,True,Q91
R_MK0124554,Career aspirations,What helps decide which jobs to do,My friends,True,Q91
R_MK0124554,Career aspirations,What helps decide which jobs to do,Social media,True,Q91
R_MK0125621,Career aspirations,What helps decide which jobs to do,STEM related activities at school,True,Q91
R_MK0125621,Career aspirations,What helps decide which jobs to do,home or outside of school,True,Q91
R_MK0125621,Career aspirations,What helps decide which jobs to do,Social media,True,Q91
R_MK0126126,Career aspirations,What helps decide which jobs to do,My family,True,Q91
R_MK0126126,Career aspirations,What helps decide which jobs to do,STEM related activities at school,True,Q91
R_MK0126126,Career aspirations,What helps decide which jobs to do,home or outside of school,True,Q91
R_MK0126126,Career aspirations,What helps decide which jobs to do,Role models/ influencers,True,Q91
R_MK0127927,Career aspirations,What helps decide which jobs to do,My friends,True,Q91
R_MK0127927,Career aspirations,What helps decide which jobs to do,STEM related activities at school,True,Q91
R_MK0127927,Career aspirations,What helps decide which jobs to do,home or outside of school,True,Q91
R_MK0128312,Career aspirations,What helps decide which jobs to do,Teachers,True,Q91
R_MK0128312,Career aspirations,What helps decide which jobs to do,My friends,True,Q91
R_MK0128312,Career aspirations,What helps decide which jobs to do,My family,True,Q91
R_MK0129652,Career aspirations,What helps decide which jobs to do,Role models/ influencers,True,Q91
R_MK0130784,Career aspirations,What helps decide which jobs to do,My friends,True,Q91
R_MK0130784,Career aspirations,What helps decide which jobs to do,STEM related activities at school,True,Q91
R_MK0130784,Career aspirations,What helps decide which jobs to do,home or outside of school,True,Q91
R_MK0132200,Career aspirations,What helps decide which jobs to do,Teachers,True,Q91
R_MK0132200,Career aspirations,What helps decide which jobs to do,STEM related activities at school,True,Q91
R_MK0132200,Career aspirations,What helps decide which jobs to do,home or outside of school,True,Q91
R_MK0133162,Career aspirations,What helps decide which jobs to do,My friends,True,Q91
R_MK0133162,Career aspirations,What helps decide which jobs to do,STEM related activities at school,True,Q91
R_MK0133162,Career aspirations,What helps decide which jobs to do,home or outside of school,True,Q91
R_MK0134540,Career aspirations,What helps decide which jobs to do,My friends,True,Q91
R_MK0134540,Career aspirations,What helps decide which jobs to do,STEM related activities at school,True,Q91
R_MK0134540,Career aspirations,What helps decide which jobs to do,home or outside of school,True,Q91
R_MK0134540,Career aspirations,What helps decide which jobs to do,Role models/ influencers,True,Q91
R_MK0135905,Career aspirations,What helps decide which jobs to do,Teachers,True,Q91
R_MK0135905,Career aspirations,What helps decide which jobs to do,My family,True,Q91
R_MK0135905,Career aspirations,What helps decide which jobs to do,STEM related activities at school,True,Q91
R_MK0135905,Career aspirations,What helps decide which jobs to do,home or outside of school,True,Q91
R_MK0135905,Career aspirations,What helps decide which jobs to do,Role models/ influencers,True,Q91
R_MK0136936,Career aspirations,What helps decide which jobs to do,Career advise from teachers or career advisors,True,Q91
R_MK0136936,Career aspirations,What helps decide which jobs to do,My family,True,Q91
R_MK0136936,Career aspirations,What helps decide which jobs to do,Social media,True,Q91
R_MK0138439,Career aspirations,What helps decide which jobs to do,My family,True,Q91
R_MK0140452,Career aspirations,What helps decide which jobs to do,My friends,True,Q91
R_MK0140452,Career aspirations,What helps decide which jobs to do,My family,True,Q91
R_MK0141545,Career aspirations,What helps decide which jobs to do,Career advise from teachers or career advisors,True,Q91
R_MK0142815,Career aspirations,What helps decide which jobs to do,Career advise from teachers or career advisors,True,Q91
R_MK0142815,Career aspirations,What helps decide which jobs to do,Social media,True,Q91
R_MK0142815,Career aspirations,What helps decide which jobs to do,Role models/ influencers,True,Q91
R_MK0143734,Career aspirations,What helps decide which jobs to do,Teachers,True,Q91
R_MK0144185,Career aspirations,What helps decide which jobs to do,STEM related activities at school,True,Q91
R_MK0144185,Career aspirations,What helps decide which jobs to do,home or outside of school,True,Q91
R_MK0144185,Career aspirations,What helps decide which jobs to do,Role models/ influencers,True,Q91
R_MK0145711,Career aspirations,What helps decide which jobs to do,My friends,True,Q91
R_MK0146872,Career aspirations,What helps decide which jobs to do,My friends,True,Q91
R_MK0146872,Career aspirations,What helps decide which jobs to do,My family,True,Q91
R_MK0146872,Career aspirations,What helps decide which jobs to do,STEM related activities at school,True,Q91
R_MK0146872,Career aspirations,What helps decide which jobs to do,home or outside of school,True,Q91
R_MK0147584,Career aspirations,What helps decide which jobs to do,Teachers,True,Q91
R_MK0147584,Career aspirations,What helps decide which jobs to do,Social media,True,Q91
R_MK0147584,Career aspirations,What helps decide which jobs to do,Role models/ influencers,True,Q91
R_MK0149612,Career aspirations,What helps decide which jobs to do,Role models/ influencers,True,Q91
R_MK0150239,Career aspirations,What helps decide which jobs to do,Teachers,True,Q91
R_MK0150239,Career aspirations,What helps decide which jobs to do,My family,True,Q91
R_MK0150239,Career aspirations,What helps decide which jobs to do,Role models/ influencers,True,Q91
R_MK0151336,Career aspirations,What helps decide which jobs to do,STEM related activities at school,True,Q91
R_MK0151336,Career aspirations,What helps decide which jobs to do,home or outside of school,True,Q91
R_MK0151336,Career aspirations,What helps decide which jobs to do,Social media,True,Q91
R_MK0152384,Career aspirations,What helps decide which jobs to do,Teachers,True,Q91
R_MK0152384,Career aspirations,What helps decide which jobs to do,STEM related activities at school,True,Q91
R_MK0152384,Career aspirations,What helps decide which jobs to do,home or outside of school,True,Q91
R_MK0152384,Career aspirations,What helps decide which jobs to do,Role models/ influencers,True,Q91
R_MK0153565,Career aspirations,What helps decide which jobs to do,Role models/ influencers,True,Q91
R_MK0154754,Career aspirations,What helps decide which jobs to do,STEM related activities at school,True,Q91
R_MK0154754,Career aspirations,What helps decide which jobs to do,home or outside of school,True,Q91
R_MK0155619,Career aspirations,What helps decide which jobs to do,Teachers,True,Q91
R_MK0155619,Career aspirations,What helps decide which jobs to do,My friends,True,Q91
R_MK0155619,Career aspirations,What helps decide which jobs to do,STEM related activities at school,True,Q91
R_MK0155619,Career aspirations,What helps decide which jobs to do,home or outside of school,True,Q91
R_MK0155619,Career aspirations,What helps decide which jobs to do,Role models/ influencers,True,Q91
R_MK0156966,Career aspirations,What helps decide which jobs to do,Career advise from teachers or career advisors,True,Q91
R_MK0157937,Career aspirations,What helps decide which jobs to do,STEM related activities at school,True,Q91
R_MK0157937,Career aspirations,What helps decide which jobs to do,home or outside of school,True,Q91
R_MK0157937,Career aspirations,What helps decide which jobs to do,Social media,True,Q91
R_MK0157937,Career aspirations,What helps decide which jobs to do,Role models/ influencers,True,Q91
R_MK0158474,Career aspirations,What helps decide which jobs to do,Career advise from teachers or career advisors,True,Q91
R_MK0158474,Career aspirations,What helps decide which jobs to do,My friends,True,Q91
R_MK0158474,Career aspirations,What helps decide which jobs to do,Social media,True,Q91
R_MK0159733,Career aspirations,What helps decide which jobs to do,My friends,True,Q91
R_MK0159733,Career aspirations,What helps decide which jobs to do,Role models/ influencers,True,Q91
R_MK0161254,Career aspirations,What helps decide which jobs to do,Teachers,True,Q91
R_MK0161254,Career aspirations,What helps decide which jobs to do,My friends,True,Q91
R_MK0162481,Career aspirations,What helps decide which jobs to do,Career advise from teachers or career advisors,True,Q91
R_MK0162481,Career aspirations,What helps decide which jobs to do,My friends,True,Q91
R_MK0162481,Career aspirations,What helps decide which jobs to do,My family,True,Q91
R_MK0165174,Career aspirations,What helps decide which jobs to do,My family,True,Q91
R_MK0166745,Career aspirations,What helps decide which jobs to do,My friends,True,Q91
R_MK0166745,Career aspirations,What helps decide which jobs to do,Role models/ influencers,True,Q91
R_MK0167637,Career aspirations,What helps decide which jobs to do,STEM related activities at school,True,Q91
R_MK0167637,Career aspirations,What helps decide which jobs to do,home or outside of school,True,Q91
R_MK0167637,Career aspirations,What helps decide which jobs to do,Role models/ influencers,True,Q91
R_MK0168775,Career aspirations,What helps decide which jobs to do,Teachers,True,Q91
R_MK0168775,Career aspirations,What helps decide which jobs to do,My friends,True,Q91
R_MK0168775,Career aspirations,What helps decide which jobs to do,STEM related activities at school,True,Q91
R_MK0168775,Career aspirations,What helps decide which jobs to do,home or outside of school,True,Q91
R_MK0168775,Career aspirations,What helps decide which jobs to do,Social media,True,Q91
R_MK0168775,Career aspirations,What helps decide which jobs to do,Role models/ influencers,True,Q91
R_MK0169479,Career aspirations,What helps decide which jobs to do,My friends,True,Q91
R_MK0171613,Career aspirations,What helps decide which jobs to do,STEM related activities at school,True,Q91
R_MK0171613,Career aspirations,What helps decide which jobs to do,home or outside of school,True,Q91
R_MK0172371,Career aspirations,What helps decide which jobs to do,Career advise from teachers or career advisors,True,Q91
R_MK0172371,Career aspirations,What helps decide which jobs to do,STEM related activities at school,True,Q91
R_MK0172371,Career aspirations,What helps decide which jobs to do,home or outside of school,True,Q91
R_MK0172371,Career aspirations,What helps decide which jobs to do,Social media,True,Q91
R_MK0173150,Career aspirations,What helps decide which jobs to do,Career advise from teachers or career advisors,True,Q91
R_MK0173150,Career aspirations,What helps decide which jobs to do,My friends,True,Q91
R_MK0174572,Career aspirations,What helps decide which jobs to do,Role models/ influencers,True,Q91
R_MK0175538,Career aspirations,What helps decide which jobs to do,Teachers,True,Q91
R_MK0175538,Career aspirations,What helps decide which jobs to do,My friends,True,Q91
R_MK0175538,Career aspirations,What helps decide which jobs to do,My family,True,Q91
R_MK0176790,Career aspirations,What helps decide which jobs to do,Teachers,True,Q91
R_MK0176790,Career aspirations,What helps decide which jobs to do,My friends,True,Q91
R_MK0176790,Career aspirations,What helps decide which jobs to do,My family,True,Q91
R_MK0176790,Career aspirations,What helps decide which jobs to do,Role models/ influencers,True,Q91
R_MK0177409,Career aspirations,What helps decide which jobs to do,My friends,True,Q91
R_MK0177409,Career aspirations,What helps decide which jobs to do,My family,True,Q91
R_MK0179159,Career aspirations,What helps decide which jobs to do,Teachers,True,Q91
R_MK0179159,Career aspirations,What helps decide which jobs to do,STEM related activities at school,True,Q91
R_MK0179159,Career aspirations,What helps decide which jobs to do,home or outside of school,True,Q91
R_MK0179159,Career aspirations,What helps decide which jobs to do,Role models/ influencers,True,Q91
R_MK0000627,Career aspirations,What would help to know more about STEM careers,Visiting a STEM workplace,True,Q89
R_MK0000627,Career aspirations,What would help to know more about STEM careers,lab,True,Q89
R_MK0000627,Career aspirations,What would help to know more about STEM careers,university or Tech school,True,Q89
R_MK0000627,Career aspirations,What would help to know more about STEM careers,Doing more hands on STEM activities or programs,True,Q89
R_MK0001988,Career aspirations,What would help to know more about STEM careers,Talking to someone who works in STEM,True,Q89
R_MK0001988,Career aspirations,What would help to know more about STEM careers,Hearing from people in STEM who are like me,True,Q89
R_MK0002347,Career aspirations,What would help to know more about STEM careers,Hearing from people in STEM who are like me,True,Q89
R_MK0002347,Career aspirations,What would help to know more about STEM careers,Doing more hands on STEM activities or programs,True,Q89
R_MK0003730,Career aspirations,What would help to know more about STEM careers,Visiting a STEM workplace,True,Q89
R_MK0003730,Career aspirations,What would help to know more about STEM careers,lab,True,Q89
R_MK0003730,Career aspirations,What would help to know more about STEM careers,university or Tech school,True,Q89
R_MK0003730,Career aspirations,What would help to know more about STEM careers,Doing more hands on STEM activities or programs,True,Q89
R_MK0004719,Career aspirations,What would help to know more about STEM careers,Talking to someone who works in STEM,True,Q89
R_MK0004719,Career aspirations,What would help to know more about STEM careers,Doing more hands on STEM activities or programs,True,Q89
R_MK0004719,Career aspirations,What would help to know more about STEM careers,Getting advise from teachers or career advisers,True,Q89
R_MK0005596,Career aspirations,What would help to know more about STEM careers,Hearing from people in STEM who are like me,True,Q89
R_MK0005596,Career aspirations,What would help to know more about STEM careers,Learning which school subjects lead to STEM jobs,True,Q89
R_MK0006905,Career aspirations,What would help to know more about STEM careers,Getting advise from teachers or career advisers,True,Q89
R_MK0006905,Career aspirations,What would help to know more about STEM careers,Learning which school subjects lead to STEM jobs,True,Q89
R_MK0006905,Career aspirations,What would help to know more about STEM careers,Learning about STEM jobs in my local area or region,True,Q89
R_MK0007888,Career aspirations,What would help to know more about STEM careers,Talking to someone who works in STEM,True,Q89
R_MK0007888,Career aspirations,What would help to know more about STEM careers,Doing more hands on STEM activities or programs,True,Q89
R_MK0007888,Career aspirations,What would help to know more about STEM careers,Getting advise from teachers or career advisers,True,Q89
R_MK0007888,Career aspirations,What would help to know more about STEM careers,Learning which school subjects lead to STEM jobs,True,Q89
R_MK0007888,Career aspirations,What would help to know more about STEM careers,Learning about STEM jobs in my local area or region,True,Q89
R_MK0008384,Career aspirations,What would help to know more about STEM careers,Talking to someone who works in STEM,True,Q89
R_MK0008384,Career aspirations,What would help to know more about STEM careers,Learning about STEM jobs in my local area or region,True,Q89
R_MK0009361,Career aspirations,What would help to know more about STEM careers,Visiting a STEM workplace,True,Q89
R_MK0009361,Career aspirations,What would help to know more about STEM careers,lab,True,Q89
R_MK0009361,Career aspirations,What would help to know more about STEM careers,university or Tech school,True,Q89
R_MK0009361,Career aspirations,What would help to know more about STEM careers,Getting advise from teachers or career advisers,True,Q89
R_MK0009361,Career aspirations,What would help to know more about STEM careers,Learning which school subjects lead to STEM jobs,True,Q89
R_MK0009361,Career aspirations,What would help to know more about STEM careers,Learning about STEM jobs in my local area or region,True,Q89
R_MK0010793,Career aspirations,What would help to know more about STEM careers,Learning which school subjects lead to STEM jobs,True,Q89
R_MK0012224,Career aspirations,What would help to know more about STEM careers,Doing more hands on STEM activities or programs,True,Q89
R_MK0013321,Career aspirations,What would help to know more about STEM careers,Talking to someone who works in STEM,True,Q89
R_MK0013321,Career aspirations,What would help to know more about STEM careers,Hearing from people in STEM who are like me,True,Q89
R_MK0013321,Career aspirations,What would help to know more about STEM careers,Getting advise from teachers or career advisers,True,Q89
R_MK0014269,Career aspirations,What would help to know more about STEM careers,Talking to someone who works in STEM,True,Q89
R_MK0014269,Career aspirations,What would help to know more about STEM careers,Hearing from people in STEM who are like me,True,Q89
R_MK0014269,Career aspirations,What would help to know more about STEM careers,Getting advise from teachers or career advisers,True,Q89
R_MK0015367,Career aspirations,What would help to know more about STEM careers,Talking to someone who works in STEM,True,Q89
R_MK0015367,Career aspirations,What would help to know more about STEM careers,Visiting a STEM workplace,True,Q89
R_MK0015367,Career aspirations,What would help to know more about STEM careers,lab,True,Q89
R_MK0015367,Career aspirations,What would help to know more about STEM careers,university or Tech school,True,Q89
R_MK0015367,Career aspirations,What would help to know more about STEM careers,Getting advise from teachers or career advisers,True,Q89
R_MK0015367,Career aspirations,What would help to know more about STEM careers,Learning about STEM jobs in my local area or region,True,Q89
R_MK0017754,Career aspirations,What would help to know more about STEM careers,Doing more hands on STEM activities or programs,True,Q89
R_MK0017754,Career aspirations,What would help to know more about STEM careers,Getting advise from teachers or career advisers,True,Q89
R_MK0017754,Career aspirations,What would help to know more about STEM careers,Learning which school subjects lead to STEM jobs,True,Q89
R_MK0018536,Career aspirations,What would help to know more about STEM careers,Talking to someone who works in STEM,True,Q89
R_MK0020431,Career aspirations,What would help to know more about STEM careers,Getting advise from teachers or career advisers,True,Q89
R_MK0020431,Career aspirations,What would help to know more about STEM careers,Learning about STEM jobs in my local area or region,True,Q89
R_MK0021482,Career aspirations,What would help to know more about STEM careers,Talking to someone who works in STEM,True,Q89
R_MK0021482,Career aspirations,What would help to know more about STEM careers,Getting advise from teachers or career advisers,True,Q89
R_MK0021482,Career aspirations,What would help to know more about STEM careers,Learning which school subjects lead to STEM jobs,True,Q89
R_MK0022458,Career aspirations,What would help to know more about STEM careers,Talking to someone who works in STEM,True,Q89
R_MK0022458,Career aspirations,What would help to know more about STEM careers,Hearing from people in STEM who are like me,True,Q89
R_MK0022458,Career aspirations,What would help to know more about STEM careers,Getting advise from teachers or career advisers,True,Q89
R_MK0022458,Career aspirations,What would help to know more about STEM careers,Learning which school subjects lead to STEM jobs,True,Q89
R_MK0024720,Career aspirations,What would help to know more about STEM careers,Talking to someone who works in STEM,True,Q89
R_MK0024720,Career aspirations,What would help to know more about STEM careers,Hearing from people in STEM who are like me,True,Q89
R_MK0024720,Career aspirations,What would help to know more about STEM careers,Learning about STEM jobs in my local area or region,True,Q89
R_MK0025500,Career aspirations,What would help to know more about STEM careers,Learning about STEM jobs in my local area or region,True,Q89
R_MK0026571,Career aspirations,What would help to know more about STEM careers,Talking to someone who works in STEM,True,Q89
R_MK0027927,Career aspirations,What would help to know more about STEM careers,Talking to someone who works in STEM,True,Q89
R_MK0027927,Career aspirations,What would help to know more about STEM careers,Getting advise from teachers or career advisers,True,Q89
R_MK0027927,Career aspirations,What would help to know more about STEM careers,Learning which school subjects lead to STEM jobs,True,Q89
R_MK0028258,Career aspirations,What would help to know more about STEM careers,Getting advise from teachers or career advisers,True,Q89
R_MK0028258,Career aspirations,What would help to know more about STEM careers,Learning which school subjects lead to STEM jobs,True,Q89
R_MK0029779,Career aspirations,What would help to know more about STEM careers,Talking to someone who works in STEM,True,Q89
R_MK0029779,Career aspirations,What would help to know more about STEM careers,Visiting a STEM workplace,True,Q89
R_MK0029779,Career aspirations,What would help to know more about STEM careers,lab,True,Q89
R_MK0029779,Career aspirations,What would help to know more about STEM careers,university or Tech school,True,Q89
R_MK0029779,Career aspirations,What would help to know more about STEM careers,Doing more hands on STEM activities or programs,True,Q89
R_MK0029779,Career aspirations,What would help to know more about STEM careers,Learning which school subjects lead to STEM jobs,True,Q89
R_MK0029779,Career aspirations,What would help to know more about STEM careers,Learning about STEM jobs in my local area or region,True,Q89
R_MK0030633,Career aspirations,What would help to know more about STEM careers,Doing more hands on STEM activities or programs,True,Q89
R_MK0030633,Career aspirations,What would help to know more about STEM careers,Getting advise from teachers or career advisers,True,Q89
R_MK0030633,Career aspirations,What would help to know more about STEM careers,Learning which school subjects lead to STEM jobs,True,Q89
R_MK0030633,Career aspirations,What would help to know more about STEM careers,Learning about STEM jobs in my local area or region,True,Q89
R_MK0031816,Career aspirations,What would help to know more about STEM careers,Talking to someone who works in STEM,True,Q89
R_MK0031816,Career aspirations,What would help to know more about STEM careers,Doing more hands on STEM activities or programs,True,Q89
R_MK0032287,Career aspirations,What would help to know more about STEM careers,Hearing from people in STEM who are like me,True,Q89
R_MK0032287,Career aspirations,What would help to know more about STEM careers,Getting advise from teachers or career advisers,True,Q89
R_MK0033998,Career aspirations,What would help to know more about STEM careers,Visiting a STEM workplace,True,Q89
R_MK0033998,Career aspirations,What would help to know more about STEM careers,lab,True,Q89
R_MK0033998,Career aspirations,What would help to know more about STEM careers,university or Tech school,True,Q89
R_MK0033998,Career aspirations,What would help to know more about STEM careers,Doing more hands on STEM activities or programs,True,Q89
R_MK0033998,Career aspirations,What would help to know more about STEM careers,Getting advise from teachers or career advisers,True,Q89
R_MK0034390,Career aspirations,What would help to know more about STEM careers,Doing more hands on STEM activities or programs,True,Q89
R_MK0034390,Career aspirations,What would help to know more about STEM careers,Learning which school subjects lead to STEM jobs,True,Q89
R_MK0034390,Career aspirations,What would help to know more about STEM careers,Learning about STEM jobs in my local area or region,True,Q89
R_MK0035805,Career aspirations,What would help to know more about STEM careers,Visiting a STEM workplace,True,Q89
R_MK0035805,Career aspirations,What would help to know more about STEM careers,lab,True,Q89
R_MK0035805,Career aspirations,What would help to know more about STEM careers,university or Tech school,True,Q89
R_MK0035805,Career aspirations,What would help to know more about STEM careers,Learning which school subjects lead to STEM jobs,True,Q89
R_MK0037540,Career aspirations,What would help to know more about STEM careers,Learning which school subjects lead to STEM jobs,True,Q89
R_MK0038406,Career aspirations,What would help to know more about STEM careers,Hearing from people in STEM who are like me,True,Q89
R_MK0038406,Career aspirations,What would help to know more about STEM careers,Doing more hands on STEM activities or programs,True,Q89
R_MK0038406,Career aspirations,What would help to know more about STEM careers,Getting advise from teachers or career advisers,True,Q89
R_MK0039929,Career aspirations,What would help to know more about STEM careers,Talking to someone who works in STEM,True,Q89
R_MK0040419,Career aspirations,What would help to know more about STEM careers,Hearing from people in STEM who are like me,True,Q89
R_MK0040419,Career aspirations,What would help to know more about STEM careers,Getting advise from teachers or career advisers,True,Q89
R_MK0040419,Career aspirations,What would help to know more about STEM careers,Learning about STEM jobs in my local area or region,True,Q89
R_MK0041486,Career aspirations,What would help to know more about STEM careers,Visiting a STEM workplace,True,Q89
R_MK0041486,Career aspirations,What would help to know more about STEM careers,lab,True,Q89
R_MK0041486,Career aspirations,What would help to know more about STEM careers,university or Tech school,True,Q89
R_MK0041486,Career aspirations,What would help to know more about STEM careers,Hearing from people in STEM who are like me,True,Q89
R_MK0041486,Career aspirations,What would help to know more about STEM careers,Getting advise from teachers or career advisers,True,Q89
R_MK0042213,Career aspirations,What would help to know more about STEM careers,Talking to someone who works in STEM,True,Q89
R_MK0042213,Career aspirations,What would help to know more about STEM careers,Doing more hands on STEM activities or programs,True,Q89
R_MK0042213,Career aspirations,What would help to know more about STEM careers,Learning about STEM jobs in my local area or region,True,Q89
R_MK0043282,Career aspirations,What would help to know more about STEM careers,Talking to someone who works in STEM,True,Q89
R_MK0043282,Career aspirations,What would help to know more about STEM careers,Visiting a STEM workplace,True,Q89
R_MK0043282,Career aspirations,What would help to know more about STEM careers,lab,True,Q89
R_MK0043282,Career aspirations,What would help to know more about STEM careers,university or Tech school,True,Q89
R_MK0043282,Career aspirations,What would help to know more about STEM careers,Doing more hands on STEM activities or programs,True,Q89
R_MK0043282,Career aspirations,What would help to know more about STEM careers,Getting advise from teachers or career advisers,True,Q89
R_MK0043282,Career aspirations,What would help to know more about STEM careers,Learning about STEM jobs in my local area or region,True,Q89
R_MK0044213,Career aspirations,What would help to know more about STEM careers,Visiting a STEM workplace,True,Q89
R_MK0044213,Career aspirations,What would help to know more about STEM careers,lab,True,Q89
R_MK0044213,Career aspirations,What would help to know more about STEM careers,university or Tech school,True,Q89
R_MK0044213,Career aspirations,What would help to know more about STEM careers,Hearing from people in STEM who are like me,True,Q89
R_MK0046112,Career aspirations,What would help to know more about STEM careers,Visiting a STEM workplace,True,Q89
R_MK0046112,Career aspirations,What would help to know more about STEM careers,lab,True,Q89
R_MK0046112,Career aspirations,What would help to know more about STEM careers,university or Tech school,True,Q89
R_MK0046112,Career aspirations,What would help to know more about STEM careers,Hearing from people in STEM who are like me,True,Q89
R_MK0046112,Career aspirations,What would help to know more about STEM careers,Doing more hands on STEM activities or programs,True,Q89
R_MK0047577,Career aspirations,What would help to know more about STEM careers,Talking to someone who works in STEM,True,Q89
R_MK0047577,Career aspirations,What would help to know more about STEM careers,Learning which school subjects lead to STEM jobs,True,Q89
R_MK0047577,Career aspirations,What would help to know more about STEM careers,Learning about STEM jobs in my local area or region,True,Q89
R_MK0048957,Career aspirations,What would help to know more about STEM careers,Visiting a STEM workplace,True,Q89
R_MK0048957,Career aspirations,What would help to know more about STEM careers,lab,True,Q89
R_MK0048957,Career aspirations,What would help to know more about STEM careers,university or Tech school,True,Q89
R_MK0048957,Career aspirations,What would help to know more about STEM careers,Doing more hands on STEM activities or programs,True,Q89
R_MK0048957,Career aspirations,What would help to know more about STEM careers,Learning about STEM jobs in my local area or region,True,Q89
R_MK0049860,Career aspirations,What would help to know more about STEM careers,Getting advise from teachers or career advisers,True,Q89
R_MK0050307,Career aspirations,What would help to know more about STEM careers,Talking to someone who works in STEM,True,Q89
R_MK0050307,Career aspirations,What would help to know more about STEM careers,Visiting a STEM workplace,True,Q89
R_MK0050307,Career aspirations,What would help to know more about STEM careers,lab,True,Q89
R_MK0050307,Career aspirations,What would help to know more about STEM careers,university or Tech school,True,Q89
R_MK0050307,Career aspirations,What would help to know more about STEM careers,Doing more hands on STEM activities or programs,True,Q89
R_MK0051679,Career aspirations,What would help to know more about STEM careers,Visiting a STEM workplace,True,Q89
R_MK0051679,Career aspirations,What would help to know more about STEM careers,lab,True,Q89
R_MK0051679,Career aspirations,What would help to know more about STEM careers,university or Tech school,True,Q89
R_MK0051679,Career aspirations,What would help to know more about STEM careers,Getting advise from teachers or career advisers,True,Q89
R_MK0051679,Career aspirations,What would help to know more about STEM careers,Learning about STEM jobs in my local area or region,True,Q89
R_MK0052370,Career aspirations,What would help to know more about STEM careers,Getting advise from teachers or career advisers,True,Q89
R_MK0053388,Career aspirations,What would help to know more about STEM careers,Visiting a STEM workplace,True,Q89
R_MK0053388,Career aspirations,What would help to know more about STEM careers,lab,True,Q89
R_MK0053388,Career aspirations,What would help to know more about STEM careers,university or Tech school,True,Q89
R_MK0053388,Career aspirations,What would help to know more about STEM careers,Getting advise from teachers or career advisers,True,Q89
R_MK0053388,Career aspirations,What would help to know more about STEM careers,Learning about STEM jobs in my local area or region,True,Q89
R_MK0054499,Career aspirations,What would help to know more about STEM careers,Visiting a STEM workplace,True,Q89
R_MK0054499,Career aspirations,What would help to know more about STEM careers,lab,True,Q89
R_MK0054499,Career aspirations,What would help to know more about STEM careers,university or Tech school,True,Q89
R_MK0054499,Career aspirations,What would help to know more about STEM careers,Getting advise from teachers or career advisers,True,Q89
R_MK0055692,Career aspirations,What would help to know more about STEM careers,Visiting a STEM workplace,True,Q89
R_MK0055692,Career aspirations,What would help to know more about STEM careers,lab,True,Q89
R_MK0055692,Career aspirations,What would help to know more about STEM careers,university or Tech school,True,Q89
R_MK0055692,Career aspirations,What would help to know more about STEM careers,Learning which school subjects lead to STEM jobs,True,Q89
R_MK0055692,Career aspirations,What would help to know more about STEM careers,Learning about STEM jobs in my local area or region,True,Q89
R_MK0056412,Career aspirations,What would help to know more about STEM careers,Doing more hands on STEM activities or programs,True,Q89
R_MK0056412,Career aspirations,What would help to know more about STEM careers,Learning which school subjects lead to STEM jobs,True,Q89
R_MK0057690,Career aspirations,What would help to know more about STEM careers,Doing more hands on STEM activities or programs,True,Q89
R_MK0057690,Career aspirations,What would help to know more about STEM careers,Getting advise from teachers or career advisers,True,Q89
R_MK0057690,Career aspirations,What would help to know more about STEM careers,Learning which school subjects lead to STEM jobs,True,Q89
R_MK0057690,Career aspirations,What would help to know more about STEM careers,Learning about STEM jobs in my local area or region,True,Q89
R_MK0058975,Career aspirations,What would help to know more about STEM careers,Visiting a STEM workplace,True,Q89
R_MK0058975,Career aspirations,What would help to know more about STEM careers,lab,True,Q89
R_MK0058975,Career aspirations,What would help to know more about STEM careers,university or Tech school,True,Q89
R_MK0058975,Career aspirations,What would help to know more about STEM careers,Doing more hands on STEM activities or programs,True,Q89
R_MK0058975,Career aspirations,What would help to know more about STEM careers,Learning which school subjects lead to STEM jobs,True,Q89
R_MK0058975,Career aspirations,What would help to know more about STEM careers,Learning about STEM jobs in my local area or region,True,Q89
R_MK0059350,Career aspirations,What would help to know more about STEM careers,Talking to someone who works in STEM,True,Q89
R_MK0059350,Career aspirations,What would help to know more about STEM careers,Visiting a STEM workplace,True,Q89
R_MK0059350,Career aspirations,What would help to know more about STEM careers,lab,True,Q89
R_MK0059350,Career aspirations,What would help to know more about STEM careers,university or Tech school,True,Q89
R_MK0059350,Career aspirations,What would help to know more about STEM careers,Hearing from people in STEM who are like me,True,Q89
R_MK0059350,Career aspirations,What would help to know more about STEM careers,Getting advise from teachers or career advisers,True,Q89
R_MK0059350,Career aspirations,What would help to know more about STEM careers,Learning about STEM jobs in my local area or region,True,Q89
R_MK0060505,Career aspirations,What would help to know more about STEM careers,Talking to someone who works in STEM,True,Q89
R_MK0060505,Career aspirations,What would help to know more about STEM careers,Doing more hands on STEM activities or programs,True,Q89
R_MK0061473,Career aspirations,What would help to know more about STEM careers,Visiting a STEM workplace,True,Q89
R_MK0061473,Career aspirations,What would help to know more about STEM careers,lab,True,Q89
R_MK0061473,Career aspirations,What would help to know more about STEM careers,university or Tech school,True,Q89
R_MK0061473,Career aspirations,What would help to know more about STEM careers,Hearing from people in STEM who are like me,True,Q89
R_MK0061473,Career aspirations,What would help to know more about STEM careers,Getting advise from teachers or career advisers,True,Q89
R_MK0062875,Career aspirations,What would help to know more about STEM careers,Learning which school subjects lead to STEM jobs,True,Q89
R_MK0063584,Career aspirations,What would help to know more about STEM careers,Learning about STEM jobs in my local area or region,True,Q89
R_MK0065610,Career aspirations,What would help to know more about STEM careers,Getting advise from teachers or career advisers,True,Q89
R_MK0066620,Career aspirations,What would help to know more about STEM careers,Talking to someone who works in STEM,True,Q89
R_MK0066620,Career aspirations,What would help to know more about STEM careers,Getting advise from teachers or career advisers,True,Q89
R_MK0066620,Career aspirations,What would help to know more about STEM careers,Learning which school subjects lead to STEM jobs,True,Q89
R_MK0067929,Career aspirations,What would help to know more about STEM careers,Visiting a STEM workplace,True,Q89
R_MK0067929,Career aspirations,What would help to know more about STEM careers,lab,True,Q89
R_MK0067929,Career aspirations,What would help to know more about STEM careers,university or Tech school,True,Q89
R_MK0067929,Career aspirations,What would help to know more about STEM careers,Learning about STEM jobs in my local area or region,True,Q89
R_MK0068572,Career aspirations,What would help to know more about STEM careers,Talking to someone who works in STEM,True,Q89
R_MK0068572,Career aspirations,What would help to know more about STEM careers,Visiting a STEM workplace,True,Q89
R_MK0068572,Career aspirations,What would help to know more about STEM careers,lab,True,Q89
R_MK0068572,Career aspirations,What would help to know more about STEM careers,university or Tech school,True,Q89
R_MK0068572,Career aspirations,What would help to know more about STEM careers,Learning which school subjects lead to STEM jobs,True,Q89
R_MK0069886,Career aspirations,What would help to know more about STEM careers,Talking to someone who works in STEM,True,Q89
R_MK0070552,Career aspirations,What would help to know more about STEM careers,Hearing from people in STEM who are like me,True,Q89
R_MK0070552,Career aspirations,What would help to know more about STEM careers,Doing more hands on STEM activities or programs,True,Q89
R_MK0071406,Career aspirations,What would help to know more about STEM careers,Hearing from people in STEM who are like me,True,Q89
R_MK0073840,Career aspirations,What would help to know more about STEM careers,Talking to someone who works in STEM,True,Q89
R_MK0073840,Career aspirations,What would help to know more about STEM careers,Visiting a STEM workplace,True,Q89
R_MK0073840,Career aspirations,What would help to know more about STEM careers,lab,True,Q89
R_MK0073840,Career aspirations,What would help to know more about STEM careers,university or Tech school,True,Q89
R_MK0073840,Career aspirations,What would help to know more about STEM careers,Learning about STEM jobs in my local area or region,True,Q89
R_MK0074143,Career aspirations,What would help to know more about STEM careers,Hearing from people in STEM who are like me,True,Q89
R_MK0074143,Career aspirations,What would help to know more about STEM careers,Doing more hands on STEM activities or programs,True,Q89
R_MK0075767,Career aspirations,What would help to know more about STEM careers,Talking to someone who works in STEM,True,Q89
R_MK0075767,Career aspirations,What would help to know more about STEM careers,Hearing from people in STEM who are like me,True,Q89
R_MK0075767,Career aspirations,What would help to know more about STEM careers,Getting advise from teachers or career advisers,True,Q89
R_MK0075767,Career aspirations,What would help to know more about STEM careers,Learning which school subjects lead to STEM jobs,True,Q89
R_MK0076765,Career aspirations,What would help to know more about STEM careers,Talking to someone who works in STEM,True,Q89
R_MK0076765,Career aspirations,What would help to know more about STEM careers,Visiting a STEM workplace,True,Q89
R_MK0076765,Career aspirations,What would help to know more about STEM careers,lab,True,Q89
R_MK0076765,Career aspirations,What would help to know more about STEM careers,university or Tech school,True,Q89
R_MK0077639,Career aspirations,What would help to know more about STEM careers,Talking to someone who works in STEM,True,Q89
R_MK0077639,Career aspirations,What would help to know more about STEM careers,Doing more hands on STEM activities or programs,True,Q89
R_MK0077639,Career aspirations,What would help to know more about STEM careers,Learning about STEM jobs in my local area or region,True,Q89
R_MK0078481,Career aspirations,What would help to know more about STEM careers,Hearing from people in STEM who are like me,True,Q89
R_MK0078481,Career aspirations,What would help to know more about STEM careers,Learning which school subjects lead to STEM jobs,True,Q89
R_MK0079582,Career aspirations,What would help to know more about STEM careers,Hearing from people in STEM who are like me,True,Q89
R_MK0079582,Career aspirations,What would help to know more about STEM careers,Doing more hands on STEM activities or programs,True,Q89
R_MK0079582,Career aspirations,What would help to know more about STEM careers,Learning about STEM jobs in my local area or region,True,Q89
R_MK0080425,Career aspirations,What would help to know more about STEM careers,Hearing from people in STEM who are like me,True,Q89
R_MK0080425,Career aspirations,What would help to know more about STEM careers,Doing more hands on STEM activities or programs,True,Q89
R_MK0081132,Career aspirations,What would help to know more about STEM careers,Visiting a STEM workplace,True,Q89
R_MK0081132,Career aspirations,What would help to know more about STEM careers,lab,True,Q89
R_MK0081132,Career aspirations,What would help to know more about STEM careers,university or Tech school,True,Q89
R_MK0081132,Career aspirations,What would help to know more about STEM careers,Doing more hands on STEM activities or programs,True,Q89
R_MK0081132,Career aspirations,What would help to know more about STEM careers,Learning which school subjects lead to STEM jobs,True,Q89
R_MK0081132,Career aspirations,What would help to know more about STEM careers,Learning about STEM jobs in my local area or region,True,Q89
R_MK0082408,Career aspirations,What would help to know more about STEM careers,Talking to someone who works in STEM,True,Q89
R_MK0082408,Career aspirations,What would help to know more about STEM careers,Getting advise from teachers or career advisers,True,Q89
R_MK0082408,Career aspirations,What would help to know more about STEM careers,Learning which school subjects lead to STEM jobs,True,Q89
R_MK0083550,Career aspirations,What would help to know more about STEM careers,Hearing from people in STEM who are like me,True,Q89
R_MK0083550,Career aspirations,What would help to know more about STEM careers,Getting advise from teachers or career advisers,True,Q89
R_MK0083550,Career aspirations,What would help to know more about STEM careers,Learning about STEM jobs in my local area or region,True,Q89
R_MK0084432,Career aspirations,What would help to know more about STEM careers,Learning which school subjects lead to STEM jobs,True,Q89
R_MK0084432,Career aspirations,What would help to know more about STEM careers,Learning about STEM jobs in my local area or region,True,Q89
R_MK0085137,Career aspirations,What would help to know more about STEM careers,Doing more hands on STEM activities or programs,True,Q89
R_MK0085137,Career aspirations,What would help to know more about STEM careers,Learning about STEM jobs in my local area or region,True,Q89
R_MK0086766,Career aspirations,What would help to know more about STEM careers,Hearing from people in STEM who are like me,True,Q89
R_MK0086766,Career aspirations,What would help to know more about STEM careers,Learning which school subjects lead to STEM jobs,True,Q89
R_MK0086766,Career aspirations,What would help to know more about STEM careers,Learning about STEM jobs in my local area or region,True,Q89
R_MK0087249,Career aspirations,What would help to know more about STEM careers,Hearing from people in STEM who are like me,True,Q89
R_MK0087249,Career aspirations,What would help to know more about STEM careers,Doing more hands on STEM activities or programs,True,Q89
R_MK0087249,Career aspirations,What would help to know more about STEM careers,Learning about STEM jobs in my local area or region,True,Q89
R_MK0088108,Career aspirations,What would help to know more about STEM careers,Talking to someone who works in STEM,True,Q89
R_MK0088108,Career aspirations,What would help to know more about STEM careers,Hearing from people in STEM who are like me,True,Q89
R_MK0088108,Career aspirations,What would help to know more about STEM careers,Doing more hands on STEM activities or programs,True,Q89
R_MK0088108,Career aspirations,What would help to know more about STEM careers,Getting advise from teachers or career advisers,True,Q89
R_MK0088108,Career aspirations,What would help to know more about STEM careers,Learning which school subjects lead to STEM jobs,True,Q89
R_MK0088108,Career aspirations,What would help to know more about STEM careers,Learning about STEM jobs in my local area or region,True,Q89
R_MK0089171,Career aspirations,What would help to know more about STEM careers,Getting advise from teachers or career advisers,True,Q89
R_MK0090543,Career aspirations,What would help to know more about STEM careers,Talking to someone who works in STEM,True,Q89
R_MK0090543,Career aspirations,What would help to know more about STEM careers,Hearing from people in STEM who are like me,True,Q89
R_MK0090543,Career aspirations,What would help to know more about STEM careers,Getting advise from teachers or career advisers,True,Q89
R_MK0091576,Career aspirations,What would help to know more about STEM careers,Getting advise from teachers or career advisers,True,Q89
R_MK0091576,Career aspirations,What would help to know more about STEM careers,Learning about STEM jobs in my local area or region,True,Q89
R_MK0092239,Career aspirations,What would help to know more about STEM careers,Hearing from people in STEM who are like me,True,Q89
R_MK0092239,Career aspirations,What would help to know more about STEM careers,Learning which school subjects lead to STEM jobs,True,Q89
R_MK0093403,Career aspirations,What would help to know more about STEM careers,Hearing from people in STEM who are like me,True,Q89
R_MK0093403,Career aspirations,What would help to know more about STEM careers,Learning about STEM jobs in my local area or region,True,Q89
R_MK0094607,Career aspirations,What would help to know more about STEM careers,Hearing from people in STEM who are like me,True,Q89
R_MK0095688,Career aspirations,What would help to know more about STEM careers,Learning which school subjects lead to STEM jobs,True,Q89
R_MK0096679,Career aspirations,What would help to know more about STEM careers,Getting advise from teachers or career advisers,True,Q89
R_MK0097674,Career aspirations,What would help to know more about STEM careers,Talking to someone who works in STEM,True,Q89
R_MK0097674,Career aspirations,What would help to know more about STEM careers,Hearing from people in STEM who are like me,True,Q89
R_MK0097674,Career aspirations,What would help to know more about STEM careers,Getting advise from teachers or career advisers,True,Q89
R_MK0097674,Career aspirations,What would help to know more about STEM careers,Learning about STEM jobs in my local area or region,True,Q89
R_MK0099227,Career aspirations,What would help to know more about STEM careers,Learning about STEM jobs in my local area or region,True,Q89
R_MK0101816,Career aspirations,What would help to know more about STEM careers,Getting advise from teachers or career advisers,True,Q89
R_MK0101816,Career aspirations,What would help to know more about STEM careers,Learning about STEM jobs in my local area or region,True,Q89
R_MK0102866,Career aspirations,What would help to know more about STEM careers,Hearing from people in STEM who are like me,True,Q89
R_MK0102866,Career aspirations,What would help to know more about STEM careers,Getting advise from teachers or career advisers,True,Q89
R_MK0103899,Career aspirations,What would help to know more about STEM careers,Doing more hands on STEM activities or programs,True,Q89
R_MK0103899,Career aspirations,What would help to know more about STEM careers,Learning about STEM jobs in my local area or region,True,Q89
R_MK0104469,Career aspirations,What would help to know more about STEM careers,Visiting a STEM workplace,True,Q89
R_MK0104469,Career aspirations,What would help to know more about STEM careers,lab,True,Q89
R_MK0104469,Career aspirations,What would help to know more about STEM careers,university or Tech school,True,Q89
R_MK0104469,Career aspirations,What would help to know more about STEM careers,Hearing from people in STEM who are like me,True,Q89
R_MK0104469,Career aspirations,What would help to know more about STEM careers,Getting advise from teachers or career advisers,True,Q89
R_MK0104469,Career aspirations,What would help to know more about STEM careers,Learning which school subjects lead to STEM jobs,True,Q89
R_MK0106951,Career aspirations,What would help to know more about STEM careers,Talking to someone who works in STEM,True,Q89
R_MK0106951,Career aspirations,What would help to know more about STEM careers,Getting advise from teachers or career advisers,True,Q89
R_MK0107157,Career aspirations,What would help to know more about STEM careers,Talking to someone who works in STEM,True,Q89
R_MK0107157,Career aspirations,What would help to know more about STEM careers,Visiting a STEM workplace,True,Q89
R_MK0107157,Career aspirations,What would help to know more about STEM careers,lab,True,Q89
R_MK0107157,Career aspirations,What would help to know more about STEM careers,university or Tech school,True,Q89
R_MK0107157,Career aspirations,What would help to know more about STEM careers,Hearing from people in STEM who are like me,True,Q89
R_MK0108530,Career aspirations,What would help to know more about STEM careers,Visiting a STEM workplace,True,Q89
R_MK0108530,Career aspirations,What would help to know more about STEM careers,lab,True,Q89
R_MK0108530,Career aspirations,What would help to know more about STEM careers,university or Tech school,True,Q89
R_MK0108530,Career aspirations,What would help to know more about STEM careers,Doing more hands on STEM activities or programs,True,Q89
R_MK0108530,Career aspirations,What would help to know more about STEM careers,Learning which school subjects lead to STEM jobs,True,Q89
R_MK0109787,Career aspirations,What would help to know more about STEM careers,Getting advise from teachers or career advisers,True,Q89
R_MK0109787,Career aspirations,What would help to know more about STEM careers,Learning which school subjects lead to STEM jobs,True,Q89
R_MK0110138,Career aspirations,What would help to know more about STEM careers,Talking to someone who works in STEM,True,Q89
R_MK0110138,Career aspirations,What would help to know more about STEM careers,Doing more hands on STEM activities or programs,True,Q89
R_MK0110138,Career aspirations,What would help to know more about STEM careers,Getting advise from teachers or career advisers,True,Q89
R_MK0110138,Career aspirations,What would help to know more about STEM careers,Learning about STEM jobs in my local area or region,True,Q89
R_MK0112381,Career aspirations,What would help to know more about STEM careers,Talking to someone who works in STEM,True,Q89
R_MK0113434,Career aspirations,What would help to know more about STEM careers,Visiting a STEM workplace,True,Q89
R_MK0113434,Career aspirations,What would help to know more about STEM careers,lab,True,Q89
R_MK0113434,Career aspirations,What would help to know more about STEM careers,university or Tech school,True,Q89
R_MK0114344,Career aspirations,What would help to know more about STEM careers,Talking to someone who works in STEM,True,Q89
R_MK0114344,Career aspirations,What would help to know more about STEM careers,Visiting a STEM workplace,True,Q89
R_MK0114344,Career aspirations,What would help to know more about STEM careers,lab,True,Q89
R_MK0114344,Career aspirations,What would help to know more about STEM careers,university or Tech school,True,Q89
R_MK0114344,Career aspirations,What would help to know more about STEM careers,Getting advise from teachers or career advisers,True,Q89
R_MK0114344,Career aspirations,What would help to know more about STEM careers,Learning which school subjects lead to STEM jobs,True,Q89
R_MK0115977,Career aspirations,What would help to know more about STEM careers,Visiting a STEM workplace,True,Q89
R_MK0115977,Career aspirations,What would help to know more about STEM careers,lab,True,Q89
R_MK0115977,Career aspirations,What would help to know more about STEM careers,university or Tech school,True,Q89
R_MK0115977,Career aspirations,What would help to know more about STEM careers,Hearing from people in STEM who are like me,True,Q89
R_MK0115977,Career aspirations,What would help to know more about STEM careers,Doing more hands on STEM activities or programs,True,Q89
R_MK0116277,Career aspirations,What would help to know more about STEM careers,Talking to someone who works in STEM,True,Q89
R_MK0116277,Career aspirations,What would help to know more about STEM careers,Visiting a STEM workplace,True,Q89
R_MK0116277,Career aspirations,What would help to know more about STEM careers,lab,True,Q89
R_MK0116277,Career aspirations,What would help to know more about STEM careers,university or Tech school,True,Q89
R_MK0116277,Career aspirations,What would help to know more about STEM careers,Hearing from people in STEM who are like me,True,Q89
R_MK0116277,Career aspirations,What would help to know more about STEM careers,Doing more hands on STEM activities or programs,True,Q89
R_MK0116277,Career aspirations,What would help to know more about STEM careers,Getting advise from teachers or career advisers,True,Q89
R_MK0116277,Career aspirations,What would help to know more about STEM careers,Learning which school subjects lead to STEM jobs,True,Q89
R_MK0116277,Career aspirations,What would help to know more about STEM careers,Learning about STEM jobs in my local area or region,True,Q89
R_MK0117584,Career aspirations,What would help to know more about STEM careers,Talking to someone who works in STEM,True,Q89
R_MK0117584,Career aspirations,What would help to know more about STEM careers,Hearing from people in STEM who are like me,True,Q89
R_MK0117584,Career aspirations,What would help to know more about STEM careers,Doing more hands on STEM activities or programs,True,Q89
R_MK0117584,Career aspirations,What would help to know more about STEM careers,Getting advise from teachers or career advisers,True,Q89
R_MK0117584,Career aspirations,What would help to know more about STEM careers,Learning about STEM jobs in my local area or region,True,Q89
R_MK0118601,Career aspirations,What would help to know more about STEM careers,Doing more hands on STEM activities or programs,True,Q89
R_MK0118601,Career aspirations,What would help to know more about STEM careers,Getting advise from teachers or career advisers,True,Q89
R_MK0119688,Career aspirations,What would help to know more about STEM careers,Doing more hands on STEM activities or programs,True,Q89
R_MK0119688,Career aspirations,What would help to know more about STEM careers,Getting advise from teachers or career advisers,True,Q89
R_MK0119688,Career aspirations,What would help to know more about STEM careers,Learning which school subjects lead to STEM jobs,True,Q89
R_MK0120370,Career aspirations,What would help to know more about STEM careers,Doing more hands on STEM activities or programs,True,Q89
R_MK0120370,Career aspirations,What would help to know more about STEM careers,Learning about STEM jobs in my local area or region,True,Q89
R_MK0121297,Career aspirations,What would help to know more about STEM careers,Visiting a STEM workplace,True,Q89
R_MK0121297,Career aspirations,What would help to know more about STEM careers,lab,True,Q89
R_MK0121297,Career aspirations,What would help to know more about STEM careers,university or Tech school,True,Q89
R_MK0121297,Career aspirations,What would help to know more about STEM careers,Learning about STEM jobs in my local area or region,True,Q89
R_MK0122334,Career aspirations,What would help to know more about STEM careers,Talking to someone who works in STEM,True,Q89
R_MK0123776,Career aspirations,What would help to know more about STEM careers,Doing more hands on STEM activities or programs,True,Q89
R_MK0123776,Career aspirations,What would help to know more about STEM careers,Getting advise from teachers or career advisers,True,Q89
R_MK0123776,Career aspirations,What would help to know more about STEM careers,Learning which school subjects lead to STEM jobs,True,Q89
R_MK0124554,Career aspirations,What would help to know more about STEM careers,Getting advise from teachers or career advisers,True,Q89
R_MK0124554,Career aspirations,What would help to know more about STEM careers,Learning about STEM jobs in my local area or region,True,Q89
R_MK0125621,Career aspirations,What would help to know more about STEM careers,Talking to someone who works in STEM,True,Q89
R_MK0125621,Career aspirations,What would help to know more about STEM careers,Doing more hands on STEM activities or programs,True,Q89
R_MK0126126,Career aspirations,What would help to know more about STEM careers,Talking to someone who works in STEM,True,Q89
R_MK0126126,Career aspirations,What would help to know more about STEM careers,Visiting a STEM workplace,True,Q89
R_MK0126126,Career aspirations,What would help to know more about STEM careers,lab,True,Q89
R_MK0126126,Career aspirations,What would help to know more about STEM careers,university or Tech school,True,Q89
R_MK0126126,Career aspirations,What would help to know more about STEM careers,Getting advise from teachers or career advisers,True,Q89
R_MK0127927,Career aspirations,What would help to know more about STEM careers,Getting advise from teachers or career advisers,True,Q89
R_MK0128312,Career aspirations,What would help to know more about STEM careers,Visiting a STEM workplace,True,Q89
R_MK0128312,Career aspirations,What would help to know more about STEM careers,lab,True,Q89
R_MK0128312,Career aspirations,What would help to know more about STEM careers,university or Tech school,True,Q89
R_MK0128312,Career aspirations,What would help to know more about STEM careers,Doing more hands on STEM activities or programs,True,Q89
R_MK0128312,Career aspirations,What would help to know more about STEM careers,Learning which school subjects lead to STEM jobs,True,Q89
R_MK0128312,Career aspirations,What would help to know more about STEM careers,Learning about STEM jobs in my local area or region,True,Q89
R_MK0130784,Career aspirations,What would help to know more about STEM careers,Visiting a STEM workplace,True,Q89
R_MK0130784,Career aspirations,What would help to know more about STEM careers,lab,True,Q89
R_MK0130784,Career aspirations,What would help to know more about STEM careers,university or Tech school,True,Q89
R_MK0130784,Career aspirations,What would help to know more about STEM careers,Getting advise from teachers or career advisers,True,Q89
R_MK0131904,Career aspirations,What would help to know more about STEM careers,Visiting a STEM workplace,True,Q89
R_MK0131904,Career aspirations,What would help to know more about STEM careers,lab,True,Q89
R_MK0131904,Career aspirations,What would help to know more about STEM careers,university or Tech school,True,Q89
R_MK0131904,Career aspirations,What would help to know more about STEM careers,Hearing from people in STEM who are like me,True,Q89
R_MK0131904,Career aspirations,What would help to know more about STEM careers,Doing more hands on STEM activities or programs,True,Q89
R_MK0131904,Career aspirations,What would help to know more about STEM careers,Getting advise from teachers or career advisers,True,Q89
R_MK0132200,Career aspirations,What would help to know more about STEM careers,Talking to someone who works in STEM,True,Q89
R_MK0132200,Career aspirations,What would help to know more about STEM careers,Doing more hands on STEM activities or programs,True,Q89
R_MK0132200,Career aspirations,What would help to know more about STEM careers,Getting advise from teachers or career advisers,True,Q89
R_MK0132200,Career aspirations,What would help to know more about STEM careers,Learning which school subjects lead to STEM jobs,True,Q89
R_MK0132200,Career aspirations,What would help to know more about STEM careers,Learning about STEM jobs in my local area or region,True,Q89
R_MK0133162,Career aspirations,What would help to know more about STEM careers,Hearing from people in STEM who are like me,True,Q89
R_MK0133162,Career aspirations,What would help to know more about STEM careers,Doing more hands on STEM activities or programs,True,Q89
R_MK0133162,Career aspirations,What would help to know more about STEM careers,Getting advise from teachers or career advisers,True,Q89
R_MK0134540,Career aspirations,What would help to know more about STEM careers,Visiting a STEM workplace,True,Q89
R_MK0134540,Career aspirations,What would help to know more about STEM careers,lab,True,Q89
R_MK0134540,Career aspirations,What would help to know more about STEM careers,university or Tech school,True,Q89
R_MK0134540,Career aspirations,What would help to know more about STEM careers,Hearing from people in STEM who are like me,True,Q89
R_MK0134540,Career aspirations,What would help to know more about STEM careers,Doing more hands on STEM activities or programs,True,Q89
R_MK0135905,Career aspirations,What would help to know more about STEM careers,Talking to someone who works in STEM,True,Q89
R_MK0135905,Career aspirations,What would help to know more about STEM careers,Doing more hands on STEM activities or programs,True,Q89
R_MK0135905,Career aspirations,What would help to know more about STEM careers,Learning which school subjects lead to STEM jobs,True,Q89
R_MK0135905,Career aspirations,What would help to know more about STEM careers,Learning about STEM jobs in my local area or region,True,Q89
R_MK0136936,Career aspirations,What would help to know more about STEM careers,Talking to someone who works in STEM,True,Q89
R_MK0136936,Career aspirations,What would help to know more about STEM careers,Doing more hands on STEM activities or programs,True,Q89
R_MK0136936,Career aspirations,What would help to know more about STEM careers,Getting advise from teachers or career advisers,True,Q89
R_MK0136936,Career aspirations,What would help to know more about STEM careers,Learning which school subjects lead to STEM jobs,True,Q89
R_MK0136936,Career aspirations,What would help to know more about STEM careers,Learning about STEM jobs in my local area or region,True,Q89
R_MK0137202,Career aspirations,What would help to know more about STEM careers,Talking to someone who works in STEM,True,Q89
R_MK0137202,Career aspirations,What would help to know more about STEM careers,Learning about STEM jobs in my local area or region,True,Q89
R_MK0138439,Career aspirations,What would help to know more about STEM careers,Talking to someone who works in STEM,True,Q89
R_MK0138439,Career aspirations,What would help to know more about STEM careers,Visiting a STEM workplace,True,Q89
R_MK0138439,Career aspirations,What would help to know more about STEM careers,lab,True,Q89
R_MK0138439,Career aspirations,What would help to know more about STEM careers,university or Tech school,True,Q89
R_MK0139460,Career aspirations,What would help to know more about STEM careers,Talking to someone who works in STEM,True,Q89
R_MK0139460,Career aspirations,What would help to know more about STEM careers,Visiting a STEM workplace,True,Q89
R_MK0139460,Career aspirations,What would help to know more about STEM careers,lab,True,Q89
R_MK0139460,Career aspirations,What would help to know more about STEM careers,university or Tech school,True,Q89
R_MK0139460,Career aspirations,What would help to know more about STEM careers,Getting advise from teachers or career advisers,True,Q89
R_MK0139460,Career aspirations,What would help to know more about STEM careers,Learning about STEM jobs in my local area or region,True,Q89
R_MK0140452,Career aspirations,What would help to know more about STEM careers,Talking to someone who works in STEM,True,Q89
R_MK0141545,Career aspirations,What would help to know more about STEM careers,Hearing from people in STEM who are like me,True,Q89
R_MK0141545,Career aspirations,What would help to know more about STEM careers,Getting advise from teachers or career advisers,True,Q89
R_MK0141545,Career aspirations,What would help to know more about STEM careers,Learning about STEM jobs in my local area or region,True,Q89
R_MK0142815,Career aspirations,What would help to know more about STEM careers,Talking to someone who works in STEM,True,Q89
R_MK0142815,Career aspirations,What would help to know more about STEM careers,Doing more hands on STEM activities or programs,True,Q89
R_MK0143734,Career aspirations,What would help to know more about STEM careers,Talking to someone who works in STEM,True,Q89
R_MK0143734,Career aspirations,What would help to know more about STEM careers,Hearing from people in STEM who are like me,True,Q89
R_MK0144185,Career aspirations,What would help to know more about STEM careers,Learning about STEM jobs in my local area or region,True,Q89
R_MK0145711,Career aspirations,What would help to know more about STEM careers,Learning which school subjects lead to STEM jobs,True,Q89
R_MK0145711,Career aspirations,What would help to know more about STEM careers,Learning about STEM jobs in my local area or region,True,Q89
R_MK0147584,Career aspirations,What would help to know more about STEM careers,Hearing from people in STEM who are like me,True,Q89
R_MK0147584,Career aspirations,What would help to know more about STEM careers,Learning which school subjects lead to STEM jobs,True,Q89
R_MK0148883,Career aspirations,What would help to know more about STEM careers,Talking to someone who works in STEM,True,Q89
R_MK0148883,Career aspirations,What would help to know more about STEM careers,Doing more hands on STEM activities or programs,True,Q89
R_MK0148883,Career aspirations,What would help to know more about STEM careers,Learning which school subjects lead to STEM jobs,True,Q89
R_MK0148883,Career aspirations,What would help to know more about STEM careers,Learning about STEM jobs in my local area or region,True,Q89
R_MK0149612,Career aspirations,What would help to know more about STEM careers,Doing more hands on STEM activities or programs,True,Q89
R_MK0149612,Career aspirations,What would help to know more about STEM careers,Learning about STEM jobs in my local area or region,True,Q89
R_MK0150239,Career aspirations,What would help to know more about STEM careers,Hearing from people in STEM who are like me,True,Q89
R_MK0150239,Career aspirations,What would help to know more about STEM careers,Doing more hands on STEM activities or programs,True,Q89
R_MK0150239,Career aspirations,What would help to know more about STEM careers,Getting advise from teachers or career advisers,True,Q89
R_MK0151336,Career aspirations,What would help to know more about STEM careers,Hearing from people in STEM who are like me,True,Q89
R_MK0153565,Career aspirations,What would help to know more about STEM careers,Talking to someone who works in STEM,True,Q89
R_MK0153565,Career aspirations,What would help to know more about STEM careers,Getting advise from teachers or career advisers,True,Q89
R_MK0153565,Career aspirations,What would help to know more about STEM careers,Learning about STEM jobs in my local area or region,True,Q89
R_MK0154754,Career aspirations,What would help to know more about STEM careers,Visiting a STEM workplace,True,Q89
R_MK0154754,Career aspirations,What would help to know more about STEM careers,lab,True,Q89
R_MK0154754,Career aspirations,What would help to know more about STEM careers,university or Tech school,True,Q89
R_MK0154754,Career aspirations,What would help to know more about STEM careers,Learning which school subjects lead to STEM jobs,True,Q89
R_MK0155619,Career aspirations,What would help to know more about STEM careers,Getting advise from teachers or career advisers,True,Q89
R_MK0157937,Career aspirations,What would help to know more about STEM careers,Talking to someone who works in STEM,True,Q89
R_MK0157937,Career aspirations,What would help to know more about STEM careers,Visiting a STEM workplace,True,Q89
R_MK0157937,Career aspirations,What would help to know more about STEM careers,lab,True,Q89
R_MK0157937,Career aspirations,What would help to know more about STEM careers,university or Tech school,True,Q89
R_MK0157937,Career aspirations,What would help to know more about STEM careers,Hearing from people in STEM who are like me,True,Q89
R_MK0157937,Career aspirations,What would help to know more about STEM careers,Learning which school subjects lead to STEM jobs,True,Q89
R_MK0157937,Career aspirations,What would help to know more about STEM careers,Learning about STEM jobs in my local area or region,True,Q89
R_MK0158474,Career aspirations,What would help to know more about STEM careers,Doing more hands on STEM activities or programs,True,Q89
R_MK0158474,Career aspirations,What would help to know more about STEM careers,Learning which school subjects lead to STEM jobs,True,Q89
R_MK0158474,Career aspirations,What would help to know more about STEM careers,Learning about STEM jobs in my local area or region,True,Q89
R_MK0160733,Career aspirations,What would help to know more about STEM careers,Visiting a STEM workplace,True,Q89
R_MK0160733,Career aspirations,What would help to know more about STEM careers,lab,True,Q89
R_MK0160733,Career aspirations,What would help to know more about STEM careers,university or Tech school,True,Q89
R_MK0160733,Career aspirations,What would help to know more about STEM careers,Hearing from people in STEM who are like me,True,Q89
R_MK0160733,Career aspirations,What would help to know more about STEM careers,Learning which school subjects lead to STEM jobs,True,Q89
R_MK0161254,Career aspirations,What would help to know more about STEM careers,Getting advise from teachers or career advisers,True,Q89
R_MK0161254,Career aspirations,What would help to know more about STEM careers,Learning which school subjects lead to STEM jobs,True,Q89
R_MK0162481,Career aspirations,What would help to know more about STEM careers,Visiting a STEM workplace,True,Q89
R_MK0162481,Career aspirations,What would help to know more about STEM careers,lab,True,Q89
R_MK0162481,Career aspirations,What would help to know more about STEM careers,university or Tech school,True,Q89
R_MK0162481,Career aspirations,What would help to know more about STEM careers,Getting advise from teachers or career advisers,True,Q89
R_MK0163945,Career aspirations,What would help to know more about STEM careers,Learning which school subjects lead to STEM jobs,True,Q89
R_MK0165174,Career aspirations,What would help to know more about STEM careers,Visiting a STEM workplace,True,Q89
R_MK0165174,Career aspirations,What would help to know more about STEM careers,lab,True,Q89
R_MK0165174,Career aspirations,What would help to know more about STEM careers,university or Tech school,True,Q89
R_MK0165174,Career aspirations,What would help to know more about STEM careers,Hearing from people in STEM who are like me,True,Q89
R_MK0166745,Career aspirations,What would help to know more about STEM careers,Learning which school subjects lead to STEM jobs,True,Q89
R_MK0167637,Career aspirations,What would help to know more about STEM careers,Hearing from people in STEM who are like me,True,Q89
R_MK0167637,Career aspirations,What would help to know more about STEM careers,Doing more hands on STEM activities or programs,True,Q89
R_MK0167637,Career aspirations,What would help to know more about STEM careers,Learning which school subjects lead to STEM jobs,True,Q89
R_MK0167637,Career aspirations,What would help to know more about STEM careers,Learning about STEM jobs in my local area or region,True,Q89
R_MK0168775,Career aspirations,What would help to know more about STEM careers,Visiting a STEM workplace,True,Q89
R_MK0168775,Career aspirations,What would help to know more about STEM careers,lab,True,Q89
R_MK0168775,Career aspirations,What would help to know more about STEM careers,university or Tech school,True,Q89
R_MK0168775,Career aspirations,What would help to know more about STEM careers,Hearing from people in STEM who are like me,True,Q89
R_MK0168775,Career aspirations,What would help to know more about STEM careers,Doing more hands on STEM activities or programs,True,Q89
R_MK0168775,Career aspirations,What would help to know more about STEM careers,Getting advise from teachers or career advisers,True,Q89
R_MK0168775,Career aspirations,What would help to know more about STEM careers,Learning about STEM jobs in my local area or region,True,Q89
R_MK0169479,Career aspirations,What would help to know more about STEM careers,Talking to someone who works in STEM,True,Q89
R_MK0169479,Career aspirations,What would help to know more about STEM careers,Learning about STEM jobs in my local area or region,True,Q89
R_MK0170181,Career aspirations,What would help to know more about STEM careers,Talking to someone who works in STEM,True,Q89
R_MK0170181,Career aspirations,What would help to know more about STEM careers,Visiting a STEM workplace,True,Q89
R_MK0170181,Career aspirations,What would help to know more about STEM careers,lab,True,Q89
R_MK0170181,Career aspirations,What would help to know more about STEM careers,university or Tech school,True,Q89
R_MK0170181,Career aspirations,What would help to know more about STEM careers,Hearing from people in STEM who are like me,True,Q89
R_MK0170181,Career aspirations,What would help to know more about STEM careers,Doing more hands on STEM activities or programs,True,Q89
R_MK0170181,Career aspirations,What would help to know more about STEM careers,Getting advise from teachers or career advisers,True,Q89
R_MK0172371,Career aspirations,What would help to know more about STEM careers,Hearing from people in STEM who are like me,True,Q89
R_MK0172371,Career aspirations,What would help to know more about STEM careers,Getting advise from teachers or career advisers,True,Q89
R_MK0173150,Career aspirations,What would help to know more about STEM careers,Learning which school subjects lead to STEM jobs,True,Q89
R_MK0174572,Career aspirations,What would help to know more about STEM careers,Visiting a STEM workplace,True,Q89
R_MK0174572,Career aspirations,What would help to know more about STEM careers,lab,True,Q89
R_MK0174572,Career aspirations,What would help to know more about STEM careers,university or Tech school,True,Q89
R_MK0174572,Career aspirations,What would help to know more about STEM careers,Learning which school subjects lead to STEM jobs,True,Q89
R_MK0174572,Career aspirations,What would help to know more about STEM careers,Learning about STEM jobs in my local area or region,True,Q89
R_MK0176790,Career aspirations,What would help to know more about STEM careers,Talking to someone who works in STEM,True,Q89
R_MK0176790,Career aspirations,What would help to know more about STEM careers,Visiting a STEM workplace,True,Q89
R_MK0176790,Career aspirations,What would help to know more about STEM careers,lab,True,Q89
R_MK0176790,Career aspirations,What would help to know more about STEM careers,university or Tech school,True,Q89
R_MK0176790,Career aspirations,What would help to know more about STEM careers,Hearing from people in STEM who are like me,True,Q89
R_MK0176790,Career aspirations,What would help to know more about STEM careers,Doing more hands on STEM activities or programs,True,Q89
R_MK0176790,Career aspirations,What would help to know more about STEM careers,Getting advise from teachers or career advisers,True,Q89
R_MK0176790,Career aspirations,What would help to know more about STEM careers,Learning which school subjects lead to STEM jobs,True,Q89
R_MK0176790,Career aspirations,What would help to know more about STEM careers,Learning about STEM jobs in my local area or region,True,Q89
R_MK0177409,Career aspirations,What would help to know more about STEM careers,Hearing from people in STEM who are like me,True,Q89
R_MK0177409,Career aspirations,What would help to know more about STEM careers,Doing more hands on STEM activities or programs,True,Q89
R_MK0177409,Career aspirations,What would help to know more about STEM careers,Learning which school subjects lead to STEM jobs,True,Q89
R_MK0178316,Career aspirations,What would help to know more about STEM careers,Talking to someone who works in STEM,True,Q89
R_MK0178316,Career aspirations,What would help to know more about STEM careers,Visiting a STEM workplace,True,Q89
R_MK0178316,Career aspirations,What would help to know more about STEM careers,lab,True,Q89
R_MK0178316,Career aspirations,What would help to know more about STEM careers,university or Tech school,True,Q89
R_MK0178316,Career aspirations,What would help to know more about STEM careers,Hearing from people in STEM who are like me,True,Q89
R_MK0178316,Career aspirations,What would help to know more about STEM careers,Doing more hands on STEM activities or programs,True,Q89
R_MK0179159,Career aspirations,What would help to know more about STEM careers,Hearing from people in STEM who are like me,True,Q89
R_MK0179159,Career aspirations,What would help to know more about STEM careers,Doing more hands on STEM activities or programs,True,Q89
R_MK0179159,Career aspirations,What would help to know more about STEM careers,Learning which school subjects lead to STEM jobs,True,Q89
R_MK0000627,Career aspirations,Do you think you will study STEM in the future?,Maybe,False,Q90
R_MK0001988,Career aspirations,Do you think you will study STEM in the future?,Maybe,False,Q90
R_MK0002347,Career aspirations,Do you think you will study STEM in the future?,I haven't decided yet,False,Q90
R_MK0003730,Career aspirations,Do you think you will study STEM in the future?,Maybe,False,Q90
R_MK0004719,Career aspirations,Do you think you will study STEM in the future?,Maybe,False,Q90
R_MK0005596,Career aspirations,Do you think you will study STEM in the future?,I haven't decided yet,False,Q90
R_MK0006905,Career aspirations,Do you think you will study STEM in the future?,Maybe,False,Q90
R_MK0007888,Career aspirations,Do you think you will study STEM in the future?,I haven't decided yet,False,Q90
R_MK0008384,Career aspirations,Do you think you will study STEM in the future?,No,False,Q90
R_MK0009361,Career aspirations,Do you think you will study STEM in the future?,No,False,Q90
R_MK0010793,Career aspirations,Do you think you will study STEM in the future?,No,False,Q90
R_MK0011527,Career aspirations,Do you think you will study STEM in the future?,No,False,Q90
R_MK0012224,Career aspirations,Do you think you will study STEM in the future?,Maybe,False,Q90
R_MK0013321,Career aspirations,Do you think you will study STEM in the future?,Yes,False,Q90
R_MK0014269,Career aspirations,Do you think you will study STEM in the future?,Yes,False,Q90
R_MK0015367,Career aspirations,Do you think you will study STEM in the future?,Maybe,False,Q90
R_MK0016501,Career aspirations,Do you think you will study STEM in the future?,I haven't decided yet,False,Q90
R_MK0017754,Career aspirations,Do you think you will study STEM in the future?,I haven't decided yet,False,Q90
R_MK0019133,Career aspirations,Do you think you will study STEM in the future?,Yes,False,Q90
R_MK0022458,Career aspirations,Do you think you will study STEM in the future?,No,False,Q90
R_MK0023977,Career aspirations,Do you think you will study STEM in the future?,Maybe,False,Q90
R_MK0024720,Career aspirations,Do you think you will study STEM in the future?,I haven't decided yet,False,Q90
R_MK0026571,Career aspirations,Do you think you will study STEM in the future?,Yes,False,Q90
R_MK0027927,Career aspirations,Do you think you will study STEM in the future?,No,False,Q90
R_MK0028258,Career aspirations,Do you think you will study STEM in the future?,I haven't decided yet,False,Q90
R_MK0029779,Career aspirations,Do you think you will study STEM in the future?,Yes,False,Q90
R_MK0030633,Career aspirations,Do you think you will study STEM in the future?,I haven't decided yet,False,Q90
R_MK0031816,Career aspirations,Do you think you will study STEM in the future?,I haven't decided yet,False,Q90
R_MK0032287,Career aspirations,Do you think you will study STEM in the future?,Yes,False,Q90
R_MK0033998,Career aspirations,Do you think you will study STEM in the future?,I haven't decided yet,False,Q90
R_MK0034390,Career aspirations,Do you think you will study STEM in the future?,I haven't decided yet,False,Q90
R_MK0035805,Career aspirations,Do you think you will study STEM in the future?,No,False,Q90
R_MK0036231,Career aspirations,Do you think you will study STEM in the future?,No,False,Q90
R_MK0037540,Career aspirations,Do you think you will study STEM in the future?,Maybe,False,Q90
R_MK0038406,Career aspirations,Do you think you will study STEM in the future?,Maybe,False,Q90
R_MK0039929,Career aspirations,Do you think you will study STEM in the future?,Maybe,False,Q90
R_MK0040419,Career aspirations,Do you think you will study STEM in the future?,Maybe,False,Q90
R_MK0041486,Career aspirations,Do you think you will study STEM in the future?,No,False,Q90
R_MK0042213,Career aspirations,Do you think you will study STEM in the future?,No,False,Q90
R_MK0043282,Career aspirations,Do you think you will study STEM in the future?,Maybe,False,Q90
R_MK0044213,Career aspirations,Do you think you will study STEM in the future?,Yes,False,Q90
R_MK0046112,Career aspirations,Do you think you will study STEM in the future?,No,False,Q90
R_MK0047577,Career aspirations,Do you think you will study STEM in the future?,Maybe,False,Q90
R_MK0048957,Career aspirations,Do you think you will study STEM in the future?,I haven't decided yet,False,Q90
R_MK0049860,Career aspirations,Do you think you will study STEM in the future?,I haven't decided yet,False,Q90
R_MK0050307,Career aspirations,Do you think you will study STEM in the future?,I haven't decided yet,False,Q90
R_MK0051679,Career aspirations,Do you think you will study STEM in the future?,Maybe,False,Q90
R_MK0052370,Career aspirations,Do you think you will study STEM in the future?,No,False,Q90
R_MK0054499,Career aspirations,Do you think you will study STEM in the future?,Yes,False,Q90
R_MK0055692,Career aspirations,Do you think you will study STEM in the future?,I haven't decided yet,False,Q90
R_MK0056412,Career aspirations,Do you think you will study STEM in the future?,I haven't decided yet,False,Q90
R_MK0057690,Career aspirations,Do you think you will study STEM in the future?,Yes,False,Q90
R_MK0058975,Career aspirations,Do you think you will study STEM in the future?,I haven't decided yet,False,Q90
R_MK0059350,Career aspirations,Do you think you will study STEM in the future?,I haven't decided yet,False,Q90
R_MK0060505,Career aspirations,Do you think you will study STEM in the future?,No,False,Q90
R_MK0061473,Career aspirations,Do you think you will study STEM in the future?,Maybe,False,Q90
R_MK0062875,Career aspirations,Do you think you will study STEM in the future?,Yes,False,Q90
R_MK0065610,Career aspirations,Do you think you will study STEM in the future?,Yes,False,Q90
R_MK0066620,Career aspirations,Do you think you will study STEM in the future?,Yes,False,Q90
R_MK0067929,Career aspirations,Do you think you will study STEM in the future?,Maybe,False,Q90
R_MK0068572,Career aspirations,Do you think you will study STEM in the future?,Yes,False,Q90
R_MK0069886,Career aspirations,Do you think you will study STEM in the future?,I haven't decided yet,False,Q90
R_MK0070552,Career aspirations,Do you think you will study STEM in the future?,I haven't decided yet,False,Q90
R_MK0071406,Career aspirations,Do you think you will study STEM in the future?,I haven't decided yet,False,Q90
R_MK0072687,Career aspirations,Do you think you will study STEM in the future?,Yes,False,Q90
R_MK0073840,Career aspirations,Do you think you will study STEM in the future?,Yes,False,Q90
R_MK0074143,Career aspirations,Do you think you will study STEM in the future?,No,False,Q90
R_MK0075767,Career aspirations,Do you think you will study STEM in the future?,Maybe,False,Q90
R_MK0076765,Career aspirations,Do you think you will study STEM in the future?,Yes,False,Q90
R_MK0077639,Career aspirations,Do you think you will study STEM in the future?,Yes,False,Q90
R_MK0078481,Career aspirations,Do you think you will study STEM in the future?,Yes,False,Q90
R_MK0079582,Career aspirations,Do you think you will study STEM in the future?,I haven't decided yet,False,Q90
R_MK0080425,Career aspirations,Do you think you will study STEM in the future?,I haven't decided yet,False,Q90
R_MK0081132,Career aspirations,Do you think you will study STEM in the future?,Yes,False,Q90
R_MK0082408,Career aspirations,Do you think you will study STEM in the future?,No,False,Q90
R_MK0083550,Career aspirations,Do you think you will study STEM in the future?,Yes,False,Q90
R_MK0084432,Career aspirations,Do you think you will study STEM in the future?,I haven't decided yet,False,Q90
R_MK0085137,Career aspirations,Do you think you will study STEM in the future?,Yes,False,Q90
R_MK0086766,Career aspirations,Do you think you will study STEM in the future?,No,False,Q90
R_MK0087249,Career aspirations,Do you think you will study STEM in the future?,No,False,Q90
R_MK0088108,Career aspirations,Do you think you will study STEM in the future?,Maybe,False,Q90
R_MK0089171,Career aspirations,Do you think you will study STEM in the future?,I haven't decided yet,False,Q90
R_MK0090543,Career aspirations,Do you think you will study STEM in the future?,Yes,False,Q90
R_MK0092239,Career aspirations,Do you think you will study STEM in the future?,Maybe,False,Q90
R_MK0094607,Career aspirations,Do you think you will study STEM in the future?,I haven't decided yet,False,Q90
R_MK0095688,Career aspirations,Do you think you will study STEM in the future?,Maybe,False,Q90
R_MK0096679,Career aspirations,Do you think you will study STEM in the future?,Yes,False,Q90
R_MK0098119,Career aspirations,Do you think you will study STEM in the future?,Yes,False,Q90
R_MK0099227,Career aspirations,Do you think you will study STEM in the future?,Maybe,False,Q90
R_MK0100914,Career aspirations,Do you think you will study STEM in the future?,No,False,Q90
R_MK0101816,Career aspirations,Do you think you will study STEM in the future?,Yes,False,Q90
R_MK0103899,Career aspirations,Do you think you will study STEM in the future?,Yes,False,Q90
R_MK0104469,Career aspirations,Do you think you will study STEM in the future?,No,False,Q90
R_MK0105582,Career aspirations,Do you think you will study STEM in the future?,Yes,False,Q90
R_MK0106951,Career aspirations,Do you think you will study STEM in the future?,Maybe,False,Q90
R_MK0107157,Career aspirations,Do you think you will study STEM in the future?,I haven't decided yet,False,Q90
R_MK0108530,Career aspirations,Do you think you will study STEM in the future?,Maybe,False,Q90
R_MK0109787,Career aspirations,Do you think you will study STEM in the future?,No,False,Q90
R_MK0110138,Career aspirations,Do you think you will study STEM in the future?,I haven't decided yet,False,Q90
R_MK0113434,Career aspirations,Do you think you will study STEM in the future?,Maybe,False,Q90
R_MK0114344,Career aspirations,Do you think you will study STEM in the future?,Yes,False,Q90
R_MK0115977,Career aspirations,Do you think you will study STEM in the future?,Maybe,False,Q90
R_MK0116277,Career aspirations,Do you think you will study STEM in the future?,No,False,Q90
R_MK0117584,Career aspirations,Do you think you will study STEM in the future?,Maybe,False,Q90
R_MK0118601,Career aspirations,Do you think you will study STEM in the future?,No,False,Q90
R_MK0120370,Career aspirations,Do you think you will study STEM in the future?,Maybe,False,Q90
R_MK0121297,Career aspirations,Do you think you will study STEM in the future?,Maybe,False,Q90
R_MK0122334,Career aspirations,Do you think you will study STEM in the future?,No,False,Q90
R_MK0123776,Career aspirations,Do you think you will study STEM in the future?,No,False,Q90
R_MK0124554,Career aspirations,Do you think you will study STEM in the future?,I haven't decided yet,False,Q90
R_MK0125621,Career aspirations,Do you think you will study STEM in the future?,No,False,Q90
R_MK0126126,Career aspirations,Do you think you will study STEM in the future?,I haven't decided yet,False,Q90
R_MK0127927,Career aspirations,Do you think you will study STEM in the future?,No,False,Q90
R_MK0128312,Career aspirations,Do you think you will study STEM in the future?,Maybe,False,Q90
R_MK0129652,Career aspirations,Do you think you will study STEM in the future?,I haven't decided yet,False,Q90
R_MK0130784,Career aspirations,Do you think you will study STEM in the future?,Maybe,False,Q90
R_MK0131904,Career aspirations,Do you think you will study STEM in the future?,No,False,Q90
R_MK0132200,Career aspirations,Do you think you will study STEM in the future?,Yes,False,Q90
R_MK0133162,Career aspirations,Do you think you will study STEM in the future?,No,False,Q90
R_MK0135905,Career aspirations,Do you think you will study STEM in the future?,Yes,False,Q90
R_MK0136936,Career aspirations,Do you think you will study STEM in the future?,Maybe,False,Q90
R_MK0137202,Career aspirations,Do you think you will study STEM in the future?,No,False,Q90
R_MK0138439,Career aspirations,Do you think you will study STEM in the future?,Maybe,False,Q90
R_MK0140452,Career aspirations,Do you think you will study STEM in the future?,Yes,False,Q90
R_MK0141545,Career aspirations,Do you think you will study STEM in the future?,No,False,Q90
R_MK0142815,Career aspirations,Do you think you will study STEM in the future?,I haven't decided yet,False,Q90
R_MK0143734,Career aspirations,Do you think you will study STEM in the future?,No,False,Q90
R_MK0145711,Career aspirations,Do you think you will study STEM in the future?,Maybe,False,Q90
R_MK0147584,Career aspirations,Do you think you will study STEM in the future?,Maybe,False,Q90
R_MK0148883,Career aspirations,Do you think you will study STEM in the future?,No,False,Q90
R_MK0149612,Career aspirations,Do you think you will study STEM in the future?,Maybe,False,Q90
R_MK0150239,Career aspirations,Do you think you will study STEM in the future?,Yes,False,Q90
R_MK0152384,Career aspirations,Do you think you will study STEM in the future?,No,False,Q90
R_MK0153565,Career aspirations,Do you think you will study STEM in the future?,I haven't decided yet,False,Q90
R_MK0154754,Career aspirations,Do you think you will study STEM in the future?,I haven't decided yet,False,Q90
R_MK0155619,Career aspirations,Do you think you will study STEM in the future?,No,False,Q90
R_MK0156966,Career aspirations,Do you think you will study STEM in the future?,No,False,Q90
R_MK0157937,Career aspirations,Do you think you will study STEM in the future?,Yes,False,Q90
R_MK0158474,Career aspirations,Do you think you will study STEM in the future?,Yes,False,Q90
R_MK0159733,Career aspirations,Do you think you will study STEM in the future?,Yes,False,Q90
R_MK0160733,Career aspirations,Do you think you will study STEM in the future?,No,False,Q90
R_MK0161254,Career aspirations,Do you think you will study STEM in the future?,I haven't decided yet,False,Q90
R_MK0162481,Career aspirations,Do you think you will study STEM in the future?,I haven't decided yet,False,Q90
R_MK0163945,Career aspirations,Do you think you will study STEM in the future?,I haven't decided yet,False,Q90
R_MK0164227,Career aspirations,Do you think you will study STEM in the future?,Maybe,False,Q90
R_MK0165174,Career aspirations,Do you think you will study STEM in the future?,I haven't decided yet,False,Q90
R_MK0166745,Career aspirations,Do you think you will study STEM in the future?,Maybe,False,Q90
R_MK0167637,Career aspirations,Do you think you will study STEM in the future?,Yes,False,Q90
R_MK0168775,Career aspirations,Do you think you will study STEM in the future?,Yes,False,Q90
R_MK0169479,Career aspirations,Do you think you will study STEM in the future?,I haven't decided yet,False,Q90
R_MK0170181,Career aspirations,Do you think you will study STEM in the future?,Maybe,False,Q90
R_MK0171613,Career aspirations,Do you think you will study STEM in the future?,I haven't decided yet,False,Q90
R_MK0172371,Career aspirations,Do you think you will study STEM in the future?,Yes,False,Q90
R_MK0173150,Career aspirations,Do you think you will study STEM in the future?,Yes,False,Q90
R_MK0174572,Career aspirations,Do you think you will study STEM in the future?,Maybe,False,Q90
R_MK0175538,Career aspirations,Do you think you will study STEM in the future?,No,False,Q90
R_MK0176790,Career aspirations,Do you think you will study STEM in the future?,Yes,False,Q90
R_MK0177409,Career aspirations,Do you think you will study STEM in the future?,I haven't decided yet,False,Q90
R_MK0179159,Career aspirations,Do you think you will study STEM in the future?,Maybe,False,Q90
R_MK0001988,Career aspirations,How much do you know about local STEM jobs?,I know a lot about STEM jobs or careers in my local area,False,Q96
R_MK0002347,Career aspirations,How much do you know about local STEM jobs?,I know a lot about STEM jobs or careers in my local area,False,Q96
R_MK0003730,Career aspirations,How much do you know about local STEM jobs?,I know a little about STEM jobs and careers in my local area,False,Q96
R_MK0005596,Career aspirations,How much do you know about local STEM jobs?,I know a little about STEM jobs and careers in my local area,False,Q96
R_MK0006905,Career aspirations,How much do you know about local STEM jobs?,I know a lot about STEM jobs or careers in my local area,False,Q96
R_MK0007888,Career aspirations,How much do you know about local STEM jobs?,I do not know about STEM jobs and careers in my local area,False,Q96
R_MK0008384,Career aspirations,How much do you know about local STEM jobs?,I know a little about STEM jobs and careers in my local area,False,Q96
R_MK0009361,Career aspirations,How much do you know about local STEM jobs?,I do not know about STEM jobs and careers in my local area,False,Q96
R_MK0010793,Career aspirations,How much do you know about local STEM jobs?,I do not know about STEM jobs and careers in my local area,False,Q96
R_MK0011527,Career aspirations,How much do you know about local STEM jobs?,I know a lot about STEM jobs or careers in my local area,False,Q96
R_MK0012224,Career aspirations,How much do you know about local STEM jobs?,I know a lot about STEM jobs or careers in my local area,False,Q96
R_MK0016501,Career aspirations,How much do you know about local STEM jobs?,I do not know about STEM jobs and careers in my local area,False,Q96
R_MK0017754,Career aspirations,How much do you know about local STEM jobs?,I know a lot about STEM jobs or careers in my local area,False,Q96
R_MK0018536,Career aspirations,How much do you know about local STEM jobs?,I know a lot about STEM jobs or careers in my local area,False,Q96
R_MK0019133,Career aspirations,How much do you know about local STEM jobs?,I know a little about STEM jobs and careers in my local area,False,Q96
R_MK0020431,Career aspirations,How much do you know about local STEM jobs?,I know a little about STEM jobs and careers in my local area,False,Q96
R_MK0021482,Career aspirations,How much do you know about local STEM jobs?,I know a little about STEM jobs and careers in my local area,False,Q96
R_MK0022458,Career aspirations,How much do you know about local STEM jobs?,I do not know about STEM jobs and careers in my local area,False,Q96
R_MK0023977,Career aspirations,How much do you know about local STEM jobs?,I know a little about STEM jobs and careers in my local area,False,Q96
R_MK0024720,Career aspirations,How much do you know about local STEM jobs?,I know a little about STEM jobs and careers in my local area,False,Q96
R_MK0026571,Career aspirations,How much do you know about local STEM jobs?,I know a lot about STEM jobs or careers in my local area,False,Q96
R_MK0027927,Career aspirations,How much do you know about local STEM jobs?,I know a lot about STEM jobs or careers in my local area,False,Q96
R_MK0028258,Career aspirations,How much do you know about local STEM jobs?,I know a little about STEM jobs and careers in my local area,False,Q96
R_MK0029779,Career aspirations,How much do you know about local STEM jobs?,I do not know about STEM jobs and careers in my local area,False,Q96
R_MK0030633,Career aspirations,How much do you know about local STEM jobs?,I know a little about STEM jobs and careers in my local area,False,Q96
R_MK0031816,Career aspirations,How much do you know about local STEM jobs?,I do not know about STEM jobs and careers in my local area,False,Q96
R_MK0033998,Career aspirations,How much do you know about local STEM jobs?,I do not know about STEM jobs and careers in my local area,False,Q96
R_MK0034390,Career aspirations,How much do you know about local STEM jobs?,I know a little about STEM jobs and careers in my local area,False,Q96
R_MK0035805,Career aspirations,How much do you know about local STEM jobs?,I do not know about STEM jobs and careers in my local area,False,Q96
R_MK0036231,Career aspirations,How much do you know about local STEM jobs?,I do not know about STEM jobs and careers in my local area,False,Q96
R_MK0037540,Career aspirations,How much do you know about local STEM jobs?,I know a little about STEM jobs and careers in my local area,False,Q96
R_MK0038406,Career aspirations,How much do you know about local STEM jobs?,I do not know about STEM jobs and careers in my local area,False,Q96
R_MK0039929,Career aspirations,How much do you know about local STEM jobs?,I know a lot about STEM jobs or careers in my local area,False,Q96
R_MK0040419,Career aspirations,How much do you know about local STEM jobs?,I know a lot about STEM jobs or careers in my local area,False,Q96
R_MK0041486,Career aspirations,How much do you know about local STEM jobs?,I do not know about STEM jobs and careers in my local area,False,Q96
R_MK0042213,Career aspirations,How much do you know about local STEM jobs?,I know a lot about STEM jobs or careers in my local area,False,Q96
R_MK0043282,Career aspirations,How much do you know about local STEM jobs?,I do not know about STEM jobs and careers in my local area,False,Q96
R_MK0044213,Career aspirations,How much do you know about local STEM jobs?,I know a lot about STEM jobs or careers in my local area,False,Q96
R_MK0045654,Career aspirations,How much do you know about local STEM jobs?,I do not know about STEM jobs and careers in my local area,False,Q96
R_MK0046112,Career aspirations,How much do you know about local STEM jobs?,I know a lot about STEM jobs or careers in my local area,False,Q96
R_MK0047577,Career aspirations,How much do you know about local STEM jobs?,I know a little about STEM jobs and careers in my local area,False,Q96
R_MK0048957,Career aspirations,How much do you know about local STEM jobs?,I know a lot about STEM jobs or careers in my local area,False,Q96
R_MK0049860,Career aspirations,How much do you know about local STEM jobs?,I do not know about STEM jobs and careers in my local area,False,Q96
R_MK0050307,Career aspirations,How much do you know about local STEM jobs?,I know a lot about STEM jobs or careers in my local area,False,Q96
R_MK0051679,Career aspirations,How much do you know about local STEM jobs?,I do not know about STEM jobs and careers in my local area,False,Q96
R_MK0052370,Career aspirations,How much do you know about local STEM jobs?,I know a little about STEM jobs and careers in my local area,False,Q96
R_MK0053388,Career aspirations,How much do you know about local STEM jobs?,I know a lot about STEM jobs or careers in my local area,False,Q96
R_MK0054499,Career aspirations,How much do you know about local STEM jobs?,I know a little about STEM jobs and careers in my local area,False,Q96
R_MK0055692,Career aspirations,How much do you know about local STEM jobs?,I know a lot about STEM jobs or careers in my local area,False,Q96
R_MK0056412,Career aspirations,How much do you know about local STEM jobs?,I know a little about STEM jobs and careers in my local area,False,Q96
R_MK0057690,Career aspirations,How much do you know about local STEM jobs?,I know a little about STEM jobs and careers in my local area,False,Q96
R_MK0058975,Career aspirations,How much do you know about local STEM jobs?,I know a little about STEM jobs and careers in my local area,False,Q96
R_MK0059350,Career aspirations,How much do you know about local STEM jobs?,I know a lot about STEM jobs or careers in my local area,False,Q96
R_MK0060505,Career aspirations,How much do you know about local STEM jobs?,I do not know about STEM jobs and careers in my local area,False,Q96
R_MK0061473,Career aspirations,How much do you know about local STEM jobs?,I know a lot about STEM jobs or careers in my local area,False,Q96
R_MK0062875,Career aspirations,How much do you know about local STEM jobs?,I know a little about STEM jobs and careers in my local area,False,Q96
R_MK0063584,Career aspirations,How much do you know about local STEM jobs?,I know a little about STEM jobs and careers in my local area,False,Q96
R_MK0064579,Career aspirations,How much do you know about local STEM jobs?,I know a lot about STEM jobs or careers in my local area,False,Q96
R_MK0065610,Career aspirations,How much do you know about local STEM jobs?,I know a lot about STEM jobs or careers in my local area,False,Q96
R_MK0066620,Career aspirations,How much do you know about local STEM jobs?,I know a lot about STEM jobs or careers in my local area,False,Q96
R_MK0067929,Career aspirations,How much do you know about local STEM jobs?,I do not know about STEM jobs and careers in my local area,False,Q96
R_MK0068572,Career aspirations,How much do you know about local STEM jobs?,I do not know about STEM jobs and careers in my local area,False,Q96
R_MK0069886,Career aspirations,How much do you know about local STEM jobs?,I do not know about STEM jobs and careers in my local area,False,Q96
R_MK0071406,Career aspirations,How much do you know about local STEM jobs?,I know a little about STEM jobs and careers in my local area,False,Q96
R_MK0072687,Career aspirations,How much do you know about local STEM jobs?,I know a lot about STEM jobs or careers in my local area,False,Q96
R_MK0073840,Career aspirations,How much do you know about local STEM jobs?,I know a lot about STEM jobs or careers in my local area,False,Q96
R_MK0074143,Career aspirations,How much do you know about local STEM jobs?,I know a little about STEM jobs and careers in my local area,False,Q96
R_MK0075767,Career aspirations,How much do you know about local STEM jobs?,I know a lot about STEM jobs or careers in my local area,False,Q96
R_MK0076765,Career aspirations,How much do you know about local STEM jobs?,I know a little about STEM jobs and careers in my local area,False,Q96
R_MK0080425,Career aspirations,How much do you know about local STEM jobs?,I know a lot about STEM jobs or careers in my local area,False,Q96
R_MK0081132,Career aspirations,How much do you know about local STEM jobs?,I know a little about STEM jobs and careers in my local area,False,Q96
R_MK0082408,Career aspirations,How much do you know about local STEM jobs?,I know a little about STEM jobs and careers in my local area,False,Q96
R_MK0083550,Career aspirations,How much do you know about local STEM jobs?,I know a little about STEM jobs and careers in my local area,False,Q96
R_MK0084432,Career aspirations,How much do you know about local STEM jobs?,I know a little about STEM jobs and careers in my local area,False,Q96
R_MK0085137,Career aspirations,How much do you know about local STEM jobs?,I do not know about STEM jobs and careers in my local area,False,Q96
R_MK0086766,Career aspirations,How much do you know about local STEM jobs?,I know a lot about STEM jobs or careers in my local area,False,Q96
R_MK0087249,Career aspirations,How much do you know about local STEM jobs?,I know a lot about STEM jobs or careers in my local area,False,Q96
R_MK0088108,Career aspirations,How much do you know about local STEM jobs?,I know a lot about STEM jobs or careers in my local area,False,Q96
R_MK0089171,Career aspirations,How much do you know about local STEM jobs?,I know a lot about STEM jobs or careers in my local area,False,Q96
R_MK0090543,Career aspirations,How much do you know about local STEM jobs?,I know a little about STEM jobs and careers in my local area,False,Q96
R_MK0091576,Career aspirations,How much do you know about local STEM jobs?,I do not know about STEM jobs and careers in my local area,False,Q96
R_MK0092239,Career aspirations,How much do you know about local STEM jobs?,I do not know about STEM jobs and careers in my local area,False,Q96
R_MK0093403,Career aspirations,How much do you know about local STEM jobs?,I do not know about STEM jobs and careers in my local area,False,Q96
R_MK0094607,Career aspirations,How much do you know about local STEM jobs?,I do not know about STEM jobs and careers in my local area,False,Q96
R_MK0095688,Career aspirations,How much do you know about local STEM jobs?,I do not know about STEM jobs and careers in my local area,False,Q96
R_MK0096679,Career aspirations,How much do you know about local STEM jobs?,I do not know about STEM jobs and careers in my local area,False,Q96
R_MK0097674,Career aspirations,How much do you know about local STEM jobs?,I do not know about STEM jobs and careers in my local area,False,Q96
R_MK0098119,Career aspirations,How much do you know about local STEM jobs?,I know a lot about STEM jobs or careers in my local area,False,Q96
R_MK0099227,Career aspirations,How much do you know about local STEM jobs?,I know a lot about STEM jobs or careers in my local area,False,Q96
R_MK0100914,Career aspirations,How much do you know about local STEM jobs?,I do not know about STEM jobs and careers in my local area,False,Q96
R_MK0101816,Career aspirations,How much do you know about local STEM jobs?,I do not know about STEM jobs and careers in my local area,False,Q96
R_MK0102866,Career aspirations,How much do you know about local STEM jobs?,I know a little about STEM jobs and careers in my local area,False,Q96
R_MK0103899,Career aspirations,How much do you know about local STEM jobs?,I do not know about STEM jobs and careers in my local area,False,Q96
R_MK0104469,Career aspirations,How much do you know about local STEM jobs?,I do not know about STEM jobs and careers in my local area,False,Q96
R_MK0105582,Career aspirations,How much do you know about local STEM jobs?,I do not know about STEM jobs and careers in my local area,False,Q96
R_MK0106951,Career aspirations,How much do you know about local STEM jobs?,I do not know about STEM jobs and careers in my local area,False,Q96
R_MK0107157,Career aspirations,How much do you know about local STEM jobs?,I do not know about STEM jobs and careers in my local area,False,Q96
R_MK0109787,Career aspirations,How much do you know about local STEM jobs?,I know a lot about STEM jobs or careers in my local area,False,Q96
R_MK0110138,Career aspirations,How much do you know about local STEM jobs?,I do not know about STEM jobs and careers in my local area,False,Q96
R_MK0111137,Career aspirations,How much do you know about local STEM jobs?,I know a little about STEM jobs and careers in my local area,False,Q96
R_MK0113434,Career aspirations,How much do you know about local STEM jobs?,I know a lot about STEM jobs or careers in my local area,False,Q96
R_MK0114344,Career aspirations,How much do you know about local STEM jobs?,I know a lot about STEM jobs or careers in my local area,False,Q96
R_MK0115977,Career aspirations,How much do you know about local STEM jobs?,I do not know about STEM jobs and careers in my local area,False,Q96
R_MK0116277,Career aspirations,How much do you know about local STEM jobs?,I know a little about STEM jobs and careers in my local area,False,Q96
R_MK0117584,Career aspirations,How much do you know about local STEM jobs?,I know a little about STEM jobs and careers in my local area,False,Q96
R_MK0118601,Career aspirations,How much do you know about local STEM jobs?,I know a lot about STEM jobs or careers in my local area,False,Q96
R_MK0119688,Career aspirations,How much do you know about local STEM jobs?,I do not know about STEM jobs and careers in my local area,False,Q96
R_MK0120370,Career aspirations,How much do you know about local STEM jobs?,I know a little about STEM jobs and careers in my local area,False,Q96
R_MK0122334,Career aspirations,How much do you know about local STEM jobs?,I do not know about STEM jobs and careers in my local area,False,Q96
R_MK0123776,Career aspirations,How much do you know about local STEM jobs?,I know a little about STEM jobs and careers in my local area,False,Q96
R_MK0124554,Career aspirations,How much do you know about local STEM jobs?,I know a lot about STEM jobs or careers in my local area,False,Q96
R_MK0126126,Career aspirations,How much do you know about local STEM jobs?,I know a little about STEM jobs and careers in my local area,False,Q96
R_MK0127927,Career aspirations,How much do you know about local STEM jobs?,I know a lot about STEM jobs or careers in my local area,False,Q96
R_MK0128312,Career aspirations,How much do you know about local STEM jobs?,I do not know about STEM jobs and careers in my local area,False,Q96
R_MK0129652,Career aspirations,How much do you know about local STEM jobs?,I know a little about STEM jobs and careers in my local area,False,Q96
R_MK0131904,Career aspirations,How much do you know about local STEM jobs?,I do not know about STEM jobs and careers in my local area,False,Q96
R_MK0132200,Career aspirations,How much do you know about local STEM jobs?,I know a lot about STEM jobs or careers in my local area,False,Q96
R_MK0133162,Career aspirations,How much do you know about local STEM jobs?,I do not know about STEM jobs and careers in my local area,False,Q96
R_MK0134540,Career aspirations,How much do you know about local STEM jobs?,I know a little about STEM jobs and careers in my local area,False,Q96
R_MK0135905,Career aspirations,How much do you know about local STEM jobs?,I know a lot about STEM jobs or careers in my local area,False,Q96
R_MK0136936,Career aspirations,How much do you know about local STEM jobs?,I know a lot about STEM jobs or careers in my local area,False,Q96
R_MK0137202,Career aspirations,How much do you know about local STEM jobs?,I do not know about STEM jobs and careers in my local area,False,Q96
R_MK0138439,Career aspirations,How much do you know about local STEM jobs?,I know a lot about STEM jobs or careers in my local area,False,Q96
R_MK0139460,Career aspirations,How much do you know about local STEM jobs?,I do not know about STEM jobs and careers in my local area,False,Q96
R_MK0140452,Career aspirations,How much do you know about local STEM jobs?,I know a lot about STEM jobs or careers in my local area,False,Q96
R_MK0141545,Career aspirations,How much do you know about local STEM jobs?,I do not know about STEM jobs and careers in my local area,False,Q96
R_MK0142815,Career aspirations,How much do you know about local STEM jobs?,I know a lot about STEM jobs or careers in my local area,False,Q96
R_MK0143734,Career aspirations,How much do you know about local STEM jobs?,I know a lot about STEM jobs or careers in my local area,False,Q96
R_MK0144185,Career aspirations,How much do you know about local STEM jobs?,I know a little about STEM jobs and careers in my local area,False,Q96
R_MK0145711,Career aspirations,How much do you know about local STEM jobs?,I know a little about STEM jobs and careers in my local area,False,Q96
R_MK0146872,Career aspirations,How much do you know about local STEM jobs?,I know a little about STEM jobs and careers in my local area,False,Q96
R_MK0147584,Career aspirations,How much do you know about local STEM jobs?,I do not know about STEM jobs and careers in my local area,False,Q96
R_MK0148883,Career aspirations,How much do you know about local STEM jobs?,I do not know about STEM jobs and careers in my local area,False,Q96
R_MK0150239,Career aspirations,How much do you know about local STEM jobs?,I know a little about STEM jobs and careers in my local area,False,Q96
R_MK0151336,Career aspirations,How much do you know about local STEM jobs?,I do not know about STEM jobs and careers in my local area,False,Q96
R_MK0153565,Career aspirations,How much do you know about local STEM jobs?,I know a lot about STEM jobs or careers in my local area,False,Q96
R_MK0154754,Career aspirations,How much do you know about local STEM jobs?,I know a little about STEM jobs and careers in my local area,False,Q96
R_MK0156966,Career aspirations,How much do you know about local STEM jobs?,I know a lot about STEM jobs or careers in my local area,False,Q96
R_MK0157937,Career aspirations,How much do you know about local STEM jobs?,I do not know about STEM jobs and careers in my local area,False,Q96
R_MK0158474,Career aspirations,How much do you know about local STEM jobs?,I know a lot about STEM jobs or careers in my local area,False,Q96
R_MK0159733,Career aspirations,How much do you know about local STEM jobs?,I do not know about STEM jobs and careers in my local area,False,Q96
R_MK0160733,Career aspirations,How much do you know about local STEM jobs?,I know a lot about STEM jobs or careers in my local area,False,Q96
R_MK0161254,Career aspirations,How much do you know about local STEM jobs?,I know a little about STEM jobs and careers in my local area,False,Q96
R_MK0162481,Career aspirations,How much do you know about local STEM jobs?,I do not know about STEM jobs and careers in my local area,False,Q96
R_MK0163945,Career aspirations,How much do you know about local STEM jobs?,I know a lot about STEM jobs or careers in my local area,False,Q96
R_MK0164227,Career aspirations,How much do you know about local STEM jobs?,I know a little about STEM jobs and careers in my local area,False,Q96
R_MK0165174,Career aspirations,How much do you know about local STEM jobs?,I do not know about STEM jobs and careers in my local area,False,Q96
R_MK0166745,Career aspirations,How much do you know about local STEM jobs?,I know a lot about STEM jobs or careers in my local area,False,Q96
R_MK0167637,Career aspirations,How much do you know about local STEM jobs?,I know a lot about STEM jobs or careers in my local area,False,Q96
R_MK0168775,Career aspirations,How much do you know about local STEM jobs?,I know a little about STEM jobs and careers in my local area,False,Q96
R_MK0169479,Career aspirations,How much do you know about local STEM jobs?,I do not know about STEM jobs and careers in my local area,False,Q96
R_MK0170181,Career aspirations,How much do you know about local STEM jobs?,I know a lot about STEM jobs or careers in my local area,False,Q96
R_MK0171613,Career aspirations,How much do you know about local STEM jobs?,I know a little about STEM jobs and careers in my local area,False,Q96
R_MK0172371,Career aspirations,How much do you know about local STEM jobs?,I know a little about STEM jobs and careers in my local area,False,Q96
R_MK0174572,Career aspirations,How much do you know about local STEM jobs?,I know a little about STEM jobs and careers in my local area,False,Q96
R_MK0175538,Career aspirations,How much do you know about local STEM jobs?,I know a lot about STEM jobs or careers in my local area,False,Q96
R_MK0176790,Career aspirations,How much do you know about local STEM jobs?,I know a little about STEM jobs and careers in my local area,False,Q96
R_MK0177409,Career aspirations,How much do you know about local STEM jobs?,I know a little about STEM jobs and careers in my local area,False,Q96
R_MK0178316,Career aspirations,How much do you know about local STEM jobs?,I do not know about STEM jobs and careers in my local area,False,Q96
