StartDate,EndDate,Status,IPAddress,Progress,Duration (in seconds),Finished,RecordedDate,ResponseId,RecipientLastName,RecipientFirstName,RecipientEmail,ExternalReference,LocationLatitude,LocationLongitude,DistributionChannel,UserLanguage,Q1,Q2,Q7,Q100,Q100_8_TEXT,Q73,Q6,Q101,Q102,Q103,Q3,Q62,Q18,Q39,Q45,Q48,Q57,Q66,Q19,Q24,Q84,Q83,Q82,Q27,Q86,Q88,Q90,Q91,Q91_8_TEXT,Q87,Q92,Q93,Q96,Q97,Q98,Q99,Q30,Q29,Q111,Q8_4,Q8_5,Q8_6,Q8_7,Q8_8,Q8_9,Q8_10,Q8_11,Q8_12,Q8_13,Q8_14,Q8_15,Q10,Q10_6_TEXT,Q11,Q12,Q12_11_TEXT,Q13,Q13_5_TEXT,Q14,Q15_1,Q15_2,Q15_3,Q15_4,Q15_5,Q15_11,Q15_12,Q15_13,Q15_14,Q16,Q74,Q17,Q20,Q20_12_TEXT,Q21,Q21_10_TEXT,Q23,Q22,Q22_8_TEXT,Q108,Q108_6_TEXT,Q80,Q81,Q110,Q110_8_TEXT,Q109,Q109_6_TEXT,Q25_1,Q25_2,Q25_3,Q25_4,Q25_5,Q25_6,Q25_7,Q25_8,Q25_9,Q25_10,Q28,Q26,Q26_13_TEXT,Q94,Q95,Q89,Q89_8_TEXT,Q9,Q9_8_TEXT,Q31,Q31_6_TEXT,Q32,Q33,Q33_11_TEXT,Q34,Q34_5_TEXT,Q35,Q36_1,Q36_2,Q36_3,Q36_4,Q36_5,Q36_6,Q36_7,Q36_8,Q36_9,Q37,Q75,Q38,Q40,Q40_6_TEXT,Q41,Q42,Q42_11_TEXT,Q43,Q43_5_TEXT,Q44,Q104_1,Q104_2,Q104_3,Q104_4,Q104_5,Q104_6,Q104_7,Q104_8,Q104_9,Q46,Q76,Q47,Q49,Q49_6_TEXT,Q50,Q51,Q51_11_TEXT,Q52,Q52_5_TEXT,Q53,Q54_1,Q54_2,Q54_3,Q54_4,Q54_5,Q54_6,Q54_7,Q54_8,Q54_9,Q55,Q77,Q56,Q58,Q58_6_TEXT,Q59,Q60,Q60_11_TEXT,Q61,Q61_5_TEXT,Q63_1,Q63_2,Q63_3,Q63_4,Q63_5,Q63_6,Q63_7,Q63_8,Q63_9,Q64,Q78,Q65,Q67,Q68,Q68_4_TEXT,Q105_1,Q105_2,Q105_3,Q105_4,Q105_5,Q105_6,Q105_7,Q105_8,Q105_9,Q69,Q70,Q70_2_TEXT,Q106_1,Q106_2,Q106_3,Q106_4,Q106_5,Q106_6,Q106_7,Q106_8,Q106_9,Q71,Q72,Q72_4_TEXT,Q107_1,Q107_2,Q107_3,Q107_4,Q107_5,Q107_6,Q107_7,Q107_8,Q107_9,Q4,Q5,Q79,Q79_8_TEXT
StartDate,EndDate,Status,IPAddress,Progress,Duration (in seconds),Finished,RecordedDate,ResponseId,RecipientLastName,RecipientFirstName,RecipientEmail,ExternalReference,LocationLatitude,LocationLongitude,DistributionChannel,UserLanguage,Where do you live?,Are you:,Do you or members of your family speak a language other than English at home?,Which language(s) do you or your family speak at home?,Q100_8_TEXT,What year were you born?,What do you the adults in your family do for work? Adult 1 (parent/ carer etc):,Please specify what job adult 1 does,Optional Adult 2 (parent/ carer etc),Please specify what job adult 2 does,Are you a school student?,Who was able to do the activity?,What would you change about the activity?,What would you change about the activity?,How much do you agree with the following statements? The activity helped me to be...,What would you change about the activity?,What would you change about the activity?,What would you change about the activity?,What are your favourite school subjects?,"What would help you feel more interested and confident in choosing maths, science or technology subjects in the future?",In what ways have the option(s) you have selected influenced your decisions?,"What are some of the reasons that you decided not to choose to study maths, science or technology subjects in year 11/12 (you can select more than one)?",What helped you decide to take those subjects (you can choose more than one)?,How do they help you choose?,Do you think you will need to move in the future to do the job that you want to do?,Which job do you think you might do in ${q://QID1/ChoiceGroup/SelectedChoices}?,Do you think you will study STEM in the future?,Which of these helps you to decide which jobs you might do in the future (you can select more than one):,Q91_8_TEXT,Why do you think you will need to move to do the job you want to do?,How do they help you choose?,What jobs do you think you would enjoy doing in the future?,How much do you know about STEM jobs and careers in ${q://QID1/ChoiceGroup/SelectedChoices},Do you think you will need to move in the future to do the job that you want to do?,Why do you think you will need to move to do the job you want to do?,Which job do you think you might do in ${q://QID1/ChoiceGroup/SelectedChoices}?,What made you change your mind?,Have you changed your mind recently about what you might do in the future?,Optional Adult 2 (parent/ carer etc),About your STEM experiences. How much do you agree with these statements: - I am good at maths or science,About your STEM experiences. How much do you agree with these statements: - I am good at design or technology,About your STEM experiences. How much do you agree with these statements: - I enjoy learning maths or science,About your STEM experiences. How much do you agree with these statements: - I enjoy learning design or technology,About your STEM experiences. How much do you agree with these statements: - I enjoy solving problems,About your STEM experiences. How much do you agree with these statements: - I enjoy experimenting with things,About your STEM experiences. How much do you agree with these statements: - I enjoy working with others,About your STEM experiences. How much do you agree with these statements: - I enjoy designing and constructing things,About your STEM experiences. How much do you agree with these statements: - I need to do well at maths or science to get the job I want,About your STEM experiences. How much do you agree with these statements: - I need to be able to use technology for my life,About your STEM experiences. How much do you agree with these statements: - I enjoy taking risks in my learning,About your STEM experiences. How much do you agree with these statements: - I am not afraid of failing when solving problems,You have selected that you participated in school clubs or lunchtime activities. Why did you participate in this activity (you can select more than one option)?,Q10_6_TEXT,When did you participate in this school club/ lunchtime activity?,What did you do in the activity (you can select more than one)?,Q12_11_TEXT,How long was the activity?,Q13_5_TEXT,Who was able to do the activity?,How much do you agree with these statements? The activity helped me to be... - More knowledgable about STEM,How much do you agree with these statements? The activity helped me to be... - More aware of a range of jobs in STEM,How much do you agree with these statements? The activity helped me to be... - More interested in learning about STEM,How much do you agree with these statements? The activity helped me to be... - More confident in solving STEM problems,"How much do you agree with these statements? The activity helped me to be... - More comfortable with using tools, technology and equipment",How much do you agree with these statements? The activity helped me to be... - More confident in working in teams,How much do you agree with these statements? The activity helped me to be... - More confident in sharing and communicating my ideas,How much do you agree with these statements? The activity helped me to be... - More confident in being a leader,How much do you agree with these statements? The activity helped me to be... - More like a STEM person,The activity helped me develop my skills in (you can select more than one),The activity helped me to feel that other people saw me as (you can select more than one)...,What did you enjoy the most about the activity?,Which subjects are you interested in studying in Year 11 or 12 (select all that apply)?,Q20_12_TEXT,What helps you to decide what subjects to choose?,Q21_10_TEXT,"Are you likely to study maths, science or technologies in Year 11 or 12?","I find it hard to choose maths, science or technology subjects at Years 11 or 12 because...(select all that apply):",Q22_8_TEXT,"I want to choose maths, science or technology subjects at Year 11 or 12 because...(select all that apply):",Q108_6_TEXT,Which course have you chosen and why?,"Did you choose maths, science or technology in Year 11 or 12?","I did not choose maths, science or technology subjects at Years 11 or 12 because...(select all that apply):",Q110_8_TEXT,"I choose maths, science or technology subjects at Year 11 or 12 because...(select all that apply):",Q109_6_TEXT,"Thinking about your future, how much do you agree with the following statements? - I can imagine myself doing a job that uses STEM","Thinking about your future, how much do you agree with the following statements? - A STEM job sounds like something I could do","Thinking about your future, how much do you agree with the following statements? - I know about different kinds of jobs that use STEM","Thinking about your future, how much do you agree with the following statements? - I have met, seen of heard people in STEM jobs who are like me","Thinking about your future, how much do you agree with the following statements? - People in my family think STEM could be a good option for me","Thinking about your future, how much do you agree with the following statements? - My teachers encourage me to think about STEM subjects or careers","Thinking about your future, how much do you agree with the following statements? - I think STEM jobs can help people or make a difference in the world","Thinking about your future, how much do you agree with the following statements? - I think STEM jobs would allow me to be creative","Thinking about your future, how much do you agree with the following statements? - I know what subjects I would need to study if I wanted a STEM job","Thinking about your future, how much do you agree with the following statements? - I think there are STEM jobs in my local area or region",What kind of jobs do you imagine you might do in the future?,What helps you to decide what you might do in the future (select all that apply):,Q26_13_TEXT,Have you changed your mind recently about what you might do in the future?,What made you change your mind?,What would help you to know more about STEM jobs or careers (select all that apply),Q89_8_TEXT,"What activities have you been involved in that relate to Science, Technology, Engineering, and Maths (STEM/ STEArtsM) (you can select more than one)?",Q9_8_TEXT,You have selected that you have participated in a competition. Why did you participate in this activity (you can select more than one option)?,Q31_6_TEXT,When did you participate in this activity?,What did you do in the activity (you can select more than one)?,Q33_11_TEXT,How long was the activity?,Q34_5_TEXT,Who was able to do the activity?,How much do you agree with these statements The activity helped me to be... - More knowledgable about STEM,How much do you agree with these statements The activity helped me to be... - More aware of a range of jobs in STEM,How much do you agree with these statements The activity helped me to be... - More interested about learning about STEM,How much do you agree with these statements The activity helped me to be... - More confident in solving STEM problems,"How much do you agree with these statements The activity helped me to be... - More comfortable with using tools, technology and equipment",How much do you agree with these statements The activity helped me to be... - More comfortable working in teams,How much do you agree with these statements The activity helped me to be... - More confident in communicating and sharing my ideas,How much do you agree with these statements The activity helped me to be... - More confident in being a leader,How much do you agree with these statements The activity helped me to be... - More like a STEM person,The activity helped me develop my skills in (you can select more than one)...,The activity helped me to feel that other people saw me as (you can select more than one)...,What did you enjoy most about this activity?,You have selected that you have participated in a tech school program. Why did you participate in this activity (you can select more than one option)?,Q40_6_TEXT,When did you participate in this activity?,What did you do in the activity (you can select more than one)?,Q42_11_TEXT,How long was the activity?,Q43_5_TEXT,Who was able to do the activity?,How much do you agree with these statements The activity helped me to be... - More knowledgable about STEM,How much do you agree with these statements The activity helped me to be... - More aware of a range of jobs in STEM,How much do you agree with these statements The activity helped me to be... - More interested about learning about STEM,How much do you agree with these statements The activity helped me to be... - More confident in solving STEM problems,"How much do you agree with these statements The activity helped me to be... - More comfortable with using tools, technology and equipment",How much do you agree with these statements The activity helped me to be... - More comfortable working in teams,How much do you agree with these statements The activity helped me to be... - More confident in communicating and sharing my ideas,How much do you agree with these statements The activity helped me to be... - More confident in being a leader,How much do you agree with these statements The activity helped me to be... - More like a STEM person,The activity helped me develop my skills in (select all that apply)...,The activity helped me to feel that other people saw me as (select all that apply)...,What did you enjoy most about the activity?,You have selected that you have participated in a university program. Why did you participate in this activity (you can select more than one option)?,Q49_6_TEXT,When did you participate in this activity?,What did you do in the activity (you can select more than one)?,Q51_11_TEXT,How long was the activity?,Q52_5_TEXT,Who was able to do the activity?,How much do you agree with the following statements? The activity helped me to be... - More knowledgable about STEM,How much do you agree with the following statements? The activity helped me to be... - More aware of a range of jobs in STEM,How much do you agree with the following statements? The activity helped me to be... - More interested about learning about STEM,How much do you agree with the following statements? The activity helped me to be... - More confident in solving STEM problems,"How much do you agree with the following statements? The activity helped me to be... - More comfortable with using tools, technology and equipment",How much do you agree with the following statements? The activity helped me to be... - More comfortable working in teams,How much do you agree with the following statements? The activity helped me to be... - More confident in communicating and sharing my ideas,How much do you agree with the following statements? The activity helped me to be... - More confident in being a leader,How much do you agree with the following statements? The activity helped me to be... - More like a STEM person,The activity helped me develop my skills in (select all that apply)...,The activity helped me to feel that other people saw me as (you can select more than one)...,What did you enjoy most about the activity?,You have selected that you participated in the Girls as Leaders in STEM program. Why did you participate in this activity (you can select more than one option)?,Q58_6_TEXT,When did you participate in this activity?,What did you do in the activity (you can select more than one)?,Q60_11_TEXT,How long was the activity?,Q61_5_TEXT,How much do you agree with the following statements? The activity helped me to be... - More knowledgable about STEM,How much do you agree with the following statements? The activity helped me to be... - More aware of a range of jobs in STEM,How much do you agree with the following statements? The activity helped me to be... - More interested about learning about STEM,How much do you agree with the following statements? The activity helped me to be... - More confident in solving STEM problems,"How much do you agree with the following statements? The activity helped me to be... - More comfortable with using tools, technology and equipment",How much do you agree with the following statements? The activity helped me to be... - More comfortable working in teams,How much do you agree with the following statements? The activity helped me to be... - More confident in communicating and sharing my ideas,How much do you agree with the following statements? The activity helped me to be... - More confident in being a leader,How much do you agree with the following statements? The activity helped me to be... - More like a STEM person,The activity helped me develop my skills in (you can select more than one)...,The activity helped me to feel that other people saw me as (you can select more than one)...,What did you enjoy most about the activity?,You have selected you have done online STEM activities. What did you do in the activity?,How much time did you spend doing the online activities,Q68_4_TEXT,How much do you agree with the following statements? The activity helped me to be... - More knowledgable about STEM,How much do you agree with the following statements? The activity helped me to be... - More aware of a range of jobs in STEM,How much do you agree with the following statements? The activity helped me to be... - More interested about learning about STEM,How much do you agree with the following statements? The activity helped me to be... - More confident in solving STEM problems,"How much do you agree with the following statements? The activity helped me to be... - More comfortable with using tools, technology and equipment",How much do you agree with the following statements? The activity helped me to be... - More comfortable working in teams,How much do you agree with the following statements? The activity helped me to be... - More confident in communicating and sharing my ideas,How much do you agree with the following statements? The activity helped me to be... - More confident in being a leader,How much do you agree with the following statements? The activity helped me to be... - More like a STEM person,You have selected you have gone on an excursion. What did you do in the activity?,How long did you spend there?,Q70_2_TEXT,How much do you agree with the following statements? The activity helped me to be... - More knowledgable about STEM,How much do you agree with the following statements? The activity helped me to be... - More aware of a range of jobs in STEM,How much do you agree with the following statements? The activity helped me to be... - More interested about learning about STEM,How much do you agree with the following statements? The activity helped me to be... - More confident in solving STEM problems,"How much do you agree with the following statements? The activity helped me to be... - More comfortable with using tools, technology and equipment",How much do you agree with the following statements? The activity helped me to be... - More comfortable working in teams,How much do you agree with the following statements? The activity helped me to be... - More confident in communicating and sharing my ideas,How much do you agree with the following statements? The activity helped me to be... - More confident in being a leader,How much do you agree with the following statements? The activity helped me to be... - More like a STEM person,You have selected you have done other STEM activities. What did you do in the activity?,How much time did you spend doing the activity?,Q72_4_TEXT,How much do you agree with the following statements? The activity helped me to be... - More knowledgable about STEM,How much do you agree with the following statements? The activity helped me to be... - More aware of a range of jobs in STEM,How much do you agree with the following statements? The activity helped me to be... - More interested about learning about STEM,How much do you agree with the following statements? The activity helped me to be... - More confident in solving STEM problems,"How much do you agree with the following statements? The activity helped me to be... - More comfortable with using tools, technology and equipment",How much do you agree with the following statements? The activity helped me to be... - More comfortable working in teams,How much do you agree with the following statements? The activity helped me to be... - More confident in communicating and sharing my ideas,How much do you agree with the following statements? The activity helped me to be... - More confident in being a leader,How much do you agree with the following statements? The activity helped me to be... - More like a STEM person,What is the name of your school?,Which school level are you currently in?,Which of the following is your main activity currently?,Q79_8_TEXT
"{""ImportId"": ""StartDate""}","{""ImportId"": ""EndDate""}","{""ImportId"": ""Status""}","{""ImportId"": ""IPAddress""}","{""ImportId"": ""Progress""}","{""ImportId"": ""Duration (in seconds)""}","{""ImportId"": ""Finished""}","{""ImportId"": ""RecordedDate""}","{""ImportId"": ""ResponseId""}","{""ImportId"": ""RecipientLastName""}","{""ImportId"": ""RecipientFirstName""}","{""ImportId"": ""RecipientEmail""}","{""ImportId"": ""ExternalReference""}","{""ImportId"": ""LocationLatitude""}","{""ImportId"": ""LocationLongitude""}","{""ImportId"": ""DistributionChannel""}","{""ImportId"": ""UserLanguage""}","{""ImportId"": ""Q1""}","{""ImportId"": ""Q2""}","{""ImportId"": ""Q7""}","{""ImportId"": ""Q100""}","{""ImportId"": ""Q100_8_TEXT""}","{""ImportId"": ""Q73""}","{""ImportId"": ""Q6""}","{""ImportId"": ""Q101""}","{""ImportId"": ""Q102""}","{""ImportId"": ""Q103""}","{""ImportId"": ""Q3""}","{""ImportId"": ""Q62""}","{""ImportId"": ""Q18""}","{""ImportId"": ""Q39""}","{""ImportId"": ""Q45""}","{""ImportId"": ""Q48""}","{""ImportId"": ""Q57""}","{""ImportId"": ""Q66""}","{""ImportId"": ""Q19""}","{""ImportId"": ""Q24""}","{""ImportId"": ""Q84""}","{""ImportId"": ""Q83""}","{""ImportId"": ""Q82""}","{""ImportId"": ""Q27""}","{""ImportId"": ""Q86""}","{""ImportId"": ""Q88""}","{""ImportId"": ""Q90""}","{""ImportId"": ""Q91""}","{""ImportId"": ""Q91_8_TEXT""}","{""ImportId"": ""Q87""}","{""ImportId"": ""Q92""}","{""ImportId"": ""Q93""}","{""ImportId"": ""Q96""}","{""ImportId"": ""Q97""}","{""ImportId"": ""Q98""}","{""ImportId"": ""Q99""}","{""ImportId"": ""Q30""}","{""ImportId"": ""Q29""}","{""ImportId"": ""Q111""}","{""ImportId"": ""Q8_4""}","{""ImportId"": ""Q8_5""}","{""ImportId"": ""Q8_6""}","{""ImportId"": ""Q8_7""}","{""ImportId"": ""Q8_8""}","{""ImportId"": ""Q8_9""}","{""ImportId"": ""Q8_10""}","{""ImportId"": ""Q8_11""}","{""ImportId"": ""Q8_12""}","{""ImportId"": ""Q8_13""}","{""ImportId"": ""Q8_14""}","{""ImportId"": ""Q8_15""}","{""ImportId"": ""Q10""}","{""ImportId"": ""Q10_6_TEXT""}","{""ImportId"": ""Q11""}","{""ImportId"": ""Q12""}","{""ImportId"": ""Q12_11_TEXT""}","{""ImportId"": ""Q13""}","{""ImportId"": ""Q13_5_TEXT""}","{""ImportId"": ""Q14""}","{""ImportId"": ""Q15_1""}","{""ImportId"": ""Q15_2""}","{""ImportId"": ""Q15_3""}","{""ImportId"": ""Q15_4""}","{""ImportId"": ""Q15_5""}","{""ImportId"": ""Q15_11""}","{""ImportId"": ""Q15_12""}","{""ImportId"": ""Q15_13""}","{""ImportId"": ""Q15_14""}","{""ImportId"": ""Q16""}","{""ImportId"": ""Q74""}","{""ImportId"": ""Q17""}","{""ImportId"": ""Q20""}","{""ImportId"": ""Q20_12_TEXT""}","{""ImportId"": ""Q21""}","{""ImportId"": ""Q21_10_TEXT""}","{""ImportId"": ""Q23""}","{""ImportId"": ""Q22""}","{""ImportId"": ""Q22_8_TEXT""}","{""ImportId"": ""Q108""}","{""ImportId"": ""Q108_6_TEXT""}","{""ImportId"": ""Q80""}","{""ImportId"": ""Q81""}","{""ImportId"": ""Q110""}","{""ImportId"": ""Q110_8_TEXT""}","{""ImportId"": ""Q109""}","{""ImportId"": ""Q109_6_TEXT""}","{""ImportId"": ""Q25_1""}","{""ImportId"": ""Q25_2""}","{""ImportId"": ""Q25_3""}","{""ImportId"": ""Q25_4""}","{""ImportId"": ""Q25_5""}","{""ImportId"": ""Q25_6""}","{""ImportId"": ""Q25_7""}","{""ImportId"": ""Q25_8""}","{""ImportId"": ""Q25_9""}","{""ImportId"": ""Q25_10""}","{""ImportId"": ""Q28""}","{""ImportId"": ""Q26""}","{""ImportId"": ""Q26_13_TEXT""}","{""ImportId"": ""Q94""}","{""ImportId"": ""Q95""}","{""ImportId"": ""Q89""}","{""ImportId"": ""Q89_8_TEXT""}","{""ImportId"": ""Q9""}","{""ImportId"": ""Q9_8_TEXT""}","{""ImportId"": ""Q31""}","{""ImportId"": ""Q31_6_TEXT""}","{""ImportId"": ""Q32""}","{""ImportId"": ""Q33""}","{""ImportId"": ""Q33_11_TEXT""}","{""ImportId"": ""Q34""}","{""ImportId"": ""Q34_5_TEXT""}","{""ImportId"": ""Q35""}","{""ImportId"": ""Q36_1""}","{""ImportId"": ""Q36_2""}","{""ImportId"": ""Q36_3""}","{""ImportId"": ""Q36_4""}","{""ImportId"": ""Q36_5""}","{""ImportId"": ""Q36_6""}","{""ImportId"": ""Q36_7""}","{""ImportId"": ""Q36_8""}","{""ImportId"": ""Q36_9""}","{""ImportId"": ""Q37""}","{""ImportId"": ""Q75""}","{""ImportId"": ""Q38""}","{""ImportId"": ""Q40""}","{""ImportId"": ""Q40_6_TEXT""}","{""ImportId"": ""Q41""}","{""ImportId"": ""Q42""}","{""ImportId"": ""Q42_11_TEXT""}","{""ImportId"": ""Q43""}","{""ImportId"": ""Q43_5_TEXT""}","{""ImportId"": ""Q44""}","{""ImportId"": ""Q104_1""}","{""ImportId"": ""Q104_2""}","{""ImportId"": ""Q104_3""}","{""ImportId"": ""Q104_4""}","{""ImportId"": ""Q104_5""}","{""ImportId"": ""Q104_6""}","{""ImportId"": ""Q104_7""}","{""ImportId"": ""Q104_8""}","{""ImportId"": ""Q104_9""}","{""ImportId"": ""Q46""}","{""ImportId"": ""Q76""}","{""ImportId"": ""Q47""}","{""ImportId"": ""Q49""}","{""ImportId"": ""Q49_6_TEXT""}","{""ImportId"": ""Q50""}","{""ImportId"": ""Q51""}","{""ImportId"": ""Q51_11_TEXT""}","{""ImportId"": ""Q52""}","{""ImportId"": ""Q52_5_TEXT""}","{""ImportId"": ""Q53""}","{""ImportId"": ""Q54_1""}","{""ImportId"": ""Q54_2""}","{""ImportId"": ""Q54_3""}","{""ImportId"": ""Q54_4""}","{""ImportId"": ""Q54_5""}","{""ImportId"": ""Q54_6""}","{""ImportId"": ""Q54_7""}","{""ImportId"": ""Q54_8""}","{""ImportId"": ""Q54_9""}","{""ImportId"": ""Q55""}","{""ImportId"": ""Q77""}","{""ImportId"": ""Q56""}","{""ImportId"": ""Q58""}","{""ImportId"": ""Q58_6_TEXT""}","{""ImportId"": ""Q59""}","{""ImportId"": ""Q60""}","{""ImportId"": ""Q60_11_TEXT""}","{""ImportId"": ""Q61""}","{""ImportId"": ""Q61_5_TEXT""}","{""ImportId"": ""Q63_1""}","{""ImportId"": ""Q63_2""}","{""ImportId"": ""Q63_3""}","{""ImportId"": ""Q63_4""}","{""ImportId"": ""Q63_5""}","{""ImportId"": ""Q63_6""}","{""ImportId"": ""Q63_7""}","{""ImportId"": ""Q63_8""}","{""ImportId"": ""Q63_9""}","{""ImportId"": ""Q64""}","{""ImportId"": ""Q78""}","{""ImportId"": ""Q65""}","{""ImportId"": ""Q67""}","{""ImportId"": ""Q68""}","{""ImportId"": ""Q68_4_TEXT""}","{""ImportId"": ""Q105_1""}","{""ImportId"": ""Q105_2""}","{""ImportId"": ""Q105_3""}","{""ImportId"": ""Q105_4""}","{""ImportId"": ""Q105_5""}","{""ImportId"": ""Q105_6""}","{""ImportId"": ""Q105_7""}","{""ImportId"": ""Q105_8""}","{""ImportId"": ""Q105_9""}","{""ImportId"": ""Q69""}","{""ImportId"": ""Q70""}","{""ImportId"": ""Q70_2_TEXT""}","{""ImportId"": ""Q106_1""}","{""ImportId"": ""Q106_2""}","{""ImportId"": ""Q106_3""}","{""ImportId"": ""Q106_4""}","{""ImportId"": ""Q106_5""}","{""ImportId"": ""Q106_6""}","{""ImportId"": ""Q106_7""}","{""ImportId"": ""Q106_8""}","{""ImportId"": ""Q106_9""}","{""ImportId"": ""Q71""}","{""ImportId"": ""Q72""}","{""ImportId"": ""Q72_4_TEXT""}","{""ImportId"": ""Q107_1""}","{""ImportId"": ""Q107_2""}","{""ImportId"": ""Q107_3""}","{""ImportId"": ""Q107_4""}","{""ImportId"": ""Q107_5""}","{""ImportId"": ""Q107_6""}","{""ImportId"": ""Q107_7""}","{""ImportId"": ""Q107_8""}","{""ImportId"": ""Q107_9""}","{""ImportId"": ""Q4""}","{""ImportId"": ""Q5""}","{""ImportId"": ""Q79""}","{""ImportId"": ""Q79_8_TEXT""}"
2026-09-22 15:07:00,2026-09-22 15:12:50,IP Address,,100,350,True,2026-09-22 15:12:54,R_MK0000230,,,,,,,anonymous,EN,3,2,2,"1,4",,28,21,Hairdresser,7,Farmer,1,3,,,19,Run it closer to us more often.,"More equipment, we had to share one set.",,Agriculture and science. And PE.,,,,,I talk to them about it at home.,1,Something with animals and science,3,"4,6",,The work I want is mostly in Melbourne.,I talk to them about it at home.,Something with animals and science,1,1,The work I want is mostly in Melbourne.,A vet,Someone I know started doing it.,1,6,2,3,2,4,1,3,2,1,2,3,2,2,,,,,,,,,,,,,,,,,,,,,"4,5,11",,"2,6,9",,5,"3,4,7",,3,,,,,,,,2,3,2,1,2,5,2,3,2,5,,"1,3,4,6,11",,2,,"1,6",,"3,4,7",,,,,,,,,,,,,,,,,,,,,,"1,2,4",,16,"1,4,5,7",,3,,1,2,3,1,1,1,1,1,1,3,"21,28","3,4",Getting to do it here instead of travelling to the city.,"4,5",,15,"1,4,6",,4,,2,1,2,2,2,4,2,2,1,1,"23,24,26,27,28","1,3,4",Getting to do it here instead of travelling to the city.,,,,,,,,,,,,,,,,,,,,,,,,,,,,,,,,The video call with the scientist who works with livestock.,1,,2,1,2,4,2,3,2,4,2,,,,1,1,3,3,3,2,1,1,1,Kangaroo Flat PS,5,,
2026-09-22 11:31:00,2026-09-22 11:41:46,IP Address,,100,646,True,2026-09-22 11:41:50,R_MK0001345,,,,,,,anonymous,EN,2,2,1,,,22,9,,21,Childcare educator,1,2,,,18,The data tables at the start were confusing.,The data tables at the start were confusing.,Longer so we could finish properly.,I like science because it's about real things.,If the teacher explained things more slowly.,,,,,3,Something protecting rivers,3,"3,6,7",,I would need to go to the city for university.,They help me think about what I enjoy.,An environmental scientist,1,2,There aren't those jobs near where I live.,Something protecting rivers,I went to a STEM activity and really liked it.,2,21,2,2,2,5,2,1,1,2,2,1,2,5,,,,,,,,,,,,,,,,,,,,,9,,"1,3,6,7",,4,"4,5,7",,"1,3",,,,,,,,3,5,2,1,2,1,2,2,2,2,A marine scientist,"1,8,9,10,11",,1,,"1,2,4,6",,"3,4,5,6",,,,,,,,,,,,,,,,,,,,,,"2,4",,15,"1,2,4",,1,,1,2,5,1,1,2,1,1,3,2,"20,21","3,5",Learning science can fix real problems in our own town.,"3,4,5",,10,"2,4,6,8",,1,,3,1,5,2,1,2,2,1,4,2,"22,23,25,28","3,5,6",Testing the water in the creek near us and finding what was in it.,"2,5",,8,"1,4,6,9",,2,,1,1,2,1,4,2,3,1,2,"20,23,25","1,3,4",Learning science can fix real problems in our own town.,Testing the water in the creek near us and finding what was in it.,1,,1,4,1,1,1,3,1,2,2,,,,,,,,,,,,,,,,2,1,1,2,1,1,1,1,2,Sebastopol PS,1,,
2026-10-07 10:17:00,2026-10-07 10:39:53,IP Address,,100,1373,True,2026-10-07 10:39:57,R_MK0002885,,,,,,,anonymous,EN,2,3,2,"2,3,4,5,6,9",,31,8,Pharmacist,21,Builder,1,3,,,,,"Nothing much, it was well run.",,Maths methods and chemistry. I want to do medicine.,More practice before tests.,,,,They explain what the job is really like.,2,,3,"1,2,3,4",,There aren't those jobs near where I live.,They explain what the job is really like.,A doctor,2,2,,Medicine or research,I found out more about what the job involves.,1,13,1,1,1,5,1,2,2,1,1,1,2,2,,,,,,,,,,,,,,,,,,,,,"7,8,10",,"1,2,4,8,9,10",,5,,,"1,4",,,,,,,,2,1,1,1,1,1,2,1,5,2,A biomedical scientist,"1,3,4,7,12",,2,,,,4,,,,,,,,,,,,,,,,,,,,,,,,,,,,,,,,,,,,,,,,,,"1,4",,4,"1,2,4,6,9,10",,2,,3,1,1,2,1,2,2,2,1,3,"20,22,24,26,27,28","3,4,5",The research part where we had to find real evidence.,,,,,,,,,,,,,,,,,,,,,,,,,,,,,,,,,,,,,,,,,,,,,,,1,2,1,2,2,1,1,2,2,Sebastopol PS,4,,
2026-09-27 15:25:00,2026-09-27 15:52:05,IP Address,,100,1625,True,2026-09-27 15:52:09,R_MK0003180,,,,,,,anonymous,EN,1,2,2,"2,4,9",,22,7,Builder,16,Works at the supermarket,1,1,I would add more art into it.,,,,More of the design side and less coding.,,"Visual arts, and design and tech.",Doing it with my friends.,,,,,,"A designer, maybe for apps",2,"3,6,7",,There aren't those jobs near where I live.,I talk to them about it at home.,Design and technology together,2,1,,Design and technology together,I found out more about what the job involves.,1,12,1,4,3,1,3,2,2,4,4,3,3,4,"1,3",,16,"1,8,10",,1,,3,2,5,2,3,3,2,5,2,2,"23,25,27","1,2,3",Making the poster and the model together.,"7,10,11",,"1,8,10",,5,"1,3,7",,"1,2,4",,,,,,,,1,4,2,3,5,1,1,1,1,2,"A designer, maybe for apps","5,9,10,11,12",,1,I went to a STEM activity and really liked it.,6,,"1,4,6",,,,,,,,,,,,,,,,,,,,,,,,,,,,,,,,,,,,,,,,,,"1,2",,9,"1,4,8",,1,,2,1,2,3,4,3,3,3,2,1,"24,26",4,Making the poster and the model together.,,,,,,,,,,,,,,,,,,,,Finding out design is part of engineering too.,1,,1,1,1,2,2,1,3,2,1,,,,,,,,,,,,,,,,4,2,2,4,3,1,1,2,5,Bellarine PS,1,,
2026-10-12 11:14:00,2026-10-12 11:34:57,IP Address,,100,1257,True,2026-10-12 11:35:01,R_MK0004439,,,,,,,anonymous,EN,2,4,1,"2,4",,26,8,Accountant,6,Farmer,1,3,,More choice about what we do.,,,,,None really. PE I guess.,More practice before tests.,,,,I talk to them about it at home.,3,Something with computers,,4,,I would need to go to the city for university.,They help me think about what I enjoy.,,2,3,I would need to go to the city for university.,Something with computers,,1,8,1,4,4,4,1,2,2,3,3,3,2,2,,,,,,,,,,,,,,,,,,,,,"6,8",,"2,5,8",,4,"3,5,7",,1,,,,,,,,5,5,3,1,4,3,3,4,4,3,I didn't think about it before but maybe IT,"1,4,12",,2,,"3,5,6,7",,"2,6,7",,3,,10,"3,5,9,10",,4,,3,1,2,2,3,2,2,1,2,2,"23,26",4,The teachers actually listened to our ideas.,,,,,,,,,,,,,,,,,,,,,,,,,,,,,,,,,,,,,,,,,,,,,,,,,,,,,,,,,,,,"It wasn't like normal school, we chose what our project was about.",3,,2,2,5,2,4,1,4,4,2,"Making a game, I didn't know you could learn that at school.",1,,3,2,1,2,1,4,2,3,3,,,,2,3,3,3,2,1,4,2,2,Sebastopol PS,2,,
2026-09-26 15:45:00,2026-09-26 15:53:09,IP Address,,100,489,True,2026-09-26 15:53:13,R_MK0005440,,,,,,,anonymous,EN,5,1,2,4,,25,21,Farmer,10,Runs a cafe,1,2,"Maybe explain the words at the start, I didn't know some of them.",,,,,,Science and English. Maths is okay but harder.,If the teacher explained things more slowly.,,,,They tell me what they think I would be good at.,,A vet maybe,2,,,I don't think I will need to move.,They help me think about what I enjoy.,A scientist,3,1,There aren't those jobs near where I live.,,I found out more about what the job involves.,2,8,2,4,4,4,1,1,2,2,5,3,5,2,"1,2,4,5",,22,10,,4,,2,1,4,2,1,1,4,4,1,2,"21,26,28",5,I liked that we could test our own ideas even when they didn't work.,"5,10",,"1,2,10",,5,5,,"1,2,3",,,,,,,,4,2,4,2,4,2,2,2,2,3,,"4,5,6,9,12",,2,I realised I was better at it than I thought.,"1,2",,1,,,,,,,,,,,,,,,,,,,,,,,,,,,,,,,,,,,,,,,,,,,,,,,,,,,,,,,,,,,,,,,,,,,,,,,,,,,,,,,,,,,,,,,,,,,,,,,,,,,,,,,,,,,,1,3,2,2,4,2,3,1,2,Traralgon East PS,3,,
2026-09-21 10:04:00,2026-09-21 10:15:33,IP Address,,100,693,True,2026-09-21 10:15:37,R_MK0006357,,,,,,,anonymous,EN,4,3,2,"3,5,6,7,9",,22,21,Truck driver,5,Pharmacist,1,1,"Nothing really, but it went too fast.","Nothing really, but it went too fast.",,,,,Science and maths because they make sense to me.,More hands-on activities instead of just worksheets.,,,,I talk to them about it at home.,3,A software engineer,4,"1,5",,,They help me think about what I enjoy.,A software engineer,1,2,I don't think I will need to move.,A computer scientist,I realised I was better at it than I thought.,1,6,1,1,2,2,5,1,1,1,1,2,1,3,2,,11,"1,2,4,5,6,7,9",,1,,2,1,1,2,2,2,1,1,2,3,"20,21,22,23,24,26,27,28",2,The coding part. I do a bit at home but this was harder.,"7,8,9",,"1,2,3,8,10",,4,,,"1,4",,,,,,,,2,2,2,1,2,1,1,5,1,2,A computer scientist,"3,4,5,6,7,9,12",,1,I went to a STEM activity and really liked it.,,,"1,2,7",,"1,2,3",,13,"2,3,5",,3,,1,2,1,3,2,1,3,1,5,3,"21,22,23,24,25,28","1,3,6",The coding part. I do a bit at home but this was harder.,,,,,,,,,,,,,,,,,,,,,,,,,,,,,,,,,,,,,,,,,,,,,,,,,,,,,,,,,,,,,,,,,,,,,,,,"Meeting the mentor who works in tech, I asked her heaps of questions.",1,,1,4,1,1,2,1,2,5,1,,,,2,2,2,2,2,1,2,3,1,Warrnambool West PS,5,,
2026-10-11 15:54:00,2026-10-11 16:11:00,IP Address,,24,1020,False,2026-10-11 16:11:04,R_MK0007277,,,,,,,anonymous,EN,3,1,2,"4,5,6,7,9",,25,16,Police officer,11,Runs a cafe,2,,,"Better internet, ours dropped out during the online session.",,,,,,,My family talked to me about what options were out there.,"1,2,5,8","6,7",They tell me what they think I would be good at.,1,Something with animals and science,3,"3,6",,There aren't those jobs near where I live.,They help me think about what I enjoy.,,1,1,I would need to go to the city for university.,An agricultural scientist,Someone I know started doing it.,2,15,1,4,2,1,1,3,5,2,1,2,4,1,,,,,,,,,,,,,,,,,,,,,,,,,,,,,,"Bachelor of Nursing, because I want to help people.",1,,,"1,2,5",,1,3,2,2,1,3,3,3,1,2,,,,1,,,,2,,"2,4,5",,9,"1,2,4,5,9,10",,4,,3,3,1,1,2,1,4,1,3,2,"21,25,27","1,3,4","Learning the science behind farming, which is what my family does.",,,,,,,,,,,,,,,,,,,,,,,,,,,,,,,,,,,,,,,,,,,,,,,,,,,,,,,,,,,,,,,,,,,,,,,,,,,,,,,,,,,,,,,,,,,,,,,,Getting to do it here instead of travelling to the city.,1,1,
2026-09-22 13:20:00,2026-09-22 13:27:07,IP Address,,100,427,True,2026-09-22 13:27:11,R_MK0008511,,,,,,,anonymous,EN,2,4,2,"1,2,4,9",,25,17,Nurse at the local hospital,16,Hairdresser,1,3,,,,,More of the design side and less coding.,,"Visual arts, and design and tech.",Knowing what jobs these subjects lead to.,,,,They tell me what they think I would be good at.,3,Design and technology together,4,7,,I don't think I will need to move.,They tell me what they think I would be good at.,"A designer, maybe for apps",2,1,I would need to go to the city for university.,,I realised I was better at it than I thought.,1,6,1,1,1,1,1,3,1,2,2,1,1,1,,,,,,,,,,,,,,,,,,,,,"5,6,7,8,10",,1,,5,"1,2",,3,,,,,,,,3,2,4,3,2,3,2,1,2,5,An architect,"5,7,12",,2,,"1,2,3,4,6",,4,,,,,,,,,,,,,,,,,,,,,,,,,,,,,,,,,,,,,,,,,,1,,11,"1,5,9,10",,2,,1,3,2,3,1,2,2,1,3,3,"21,23,24,26,28",2,"Designing how our project looked, not just how it worked.",,,,,,,,,,,,,,,,,,,,,,,,,,,,,,,,,,,,,,,,,,,,,,,3,5,1,2,3,1,3,1,2,Sebastopol PS,1,,
2026-10-10 11:01:00,2026-10-10 11:29:08,IP Address,,100,1688,True,2026-10-10 11:29:12,R_MK0009610,,,,,,,anonymous,EN,1,1,2,"4,6,7",,28,4,,,Primary school teacher,1,,"Nothing, I liked the making part.",,21,Less sitting down at the start before we got to build.,"Nothing, I liked the making part.",,,Doing it with my friends.,,,,They tell me what they think I would be good at.,1,Something where I build things,4,"4,5,6,7",,I don't think I will need to move.,They help me think about what I enjoy.,Maybe an engineer,3,1,,Maybe an engineer,I realised I was better at it than I thought.,1,,3,4,2,3,2,2,2,5,4,3,3,2,5,,13,"5,8,9,10",,2,,3,2,1,2,5,1,3,1,1,2,"22,24,25,28",5,Making the model with real tools. It felt like proper work.,"4,7,9,10",,"1,2,3,5,8",,4,2,,"1,2,3",,,,,,,,1,1,4,2,1,1,1,1,2,2,,"3,8,9",,1,I found out more about what the job involves.,"1,3,7",,"1,3,4",,,,,,,,,,,,,,,,,,,,,,"1,4,5",,16,"3,5,8,10",,3,,3,3,3,1,2,2,1,4,2,3,"24,26","1,3",We made something for our town that people could actually use.,"1,2",,15,"2,8,10",,3,,3,4,3,1,1,2,1,5,1,1,20,4,We made something for our town that people could actually use.,,,,,,,,,,,,,,,,,,,,,,,,,,,,,,,,,,,,,,,,,,,,,,,3,2,2,1,3,3,2,1,2,Waurn Ponds PS,3,,
2026-09-21 11:00:00,2026-09-21 11:29:13,IP Address,,100,1753,True,2026-09-21 11:29:17,R_MK0010846,,,,,,,anonymous,EN,1,1,2,1,,29,18,Office administrator,7,Hairdresser,2,1,,,,,,,,,My teacher encouraged me to keep going with it.,"4,6","5,6,7",I talk to them about it at home.,,Design and technology together,1,"1,2,4,5",,I would need to go to the city for university.,They tell me what they think I would be good at.,Design and technology together,2,2,I would need to go to the city for university.,,I found out more about what the job involves.,1,13,2,2,3,4,1,3,1,1,3,2,2,4,,,,,,,,,,,,,,,,,,,,,,,,,,,,,,,1,"1,3",,"2,4",,2,2,2,2,1,1,2,2,3,1,An architect,,,1,,"1,4,5",,6,,,,,,,,,,,,,,,,,,,,,,,,,,,,,,,,,,,,,,,,,,,,,,,,,,,,,,,,,,,,,,,,,,,,,,,,,,,,,,,,,"Designing how our project looked, not just how it worked.",1,,1,2,1,1,2,1,1,1,5,,,,,,,,,,,,,,,,1,2,2,2,2,5,3,4,1,Finding out design is part of engineering too.,7,6,
2026-10-11 15:07:00,2026-10-11 15:26:45,IP Address,,100,1185,True,2026-10-11 15:26:49,R_MK0011973,,,,,,,anonymous,EN,5,2,2,"1,5,7",,24,11,Accountant,8,Builder,1,3,,"Explain things more at the start, I didn't understand the words.",,,,,"Maths is alright, I like the puzzles.",More practice before tests.,,,,I talk to them about it at home.,3,"I want to go to uni now, maybe engineering",3,"1,6,7",,The work I want is mostly in Melbourne.,They help me think about what I enjoy.,Maybe an engineer,1,,,"I want to go to uni now, maybe engineering",I found out more about what the job involves.,2,21,2,2,3,2,4,2,2,1,2,3,3,3,,,,,,,,,,,,,,,,,,,,,"4,6,7,8",,"2,3,4",,4,1,,2,,,,,,,,1,3,2,2,2,4,2,1,4,2,Something with robots,"1,3,11",,1,,,,"2,7",,4,,7,"1,3,4,6,10",,2,,2,2,2,4,4,1,5,5,4,4,"24,25,28","1,4","Going to the university campus, I'd never been to one.",,,,,,,,,,,,,,,,,,,,,,,,,,,,,,,,,,,,,,,,,,,,,,,,,,,,,,,,,,,,,,,,,,,,,,,,"Programming the robot to move on its own, I'd never done that.",1,,2,4,3,2,2,1,4,4,2,,,,2,1,3,2,3,1,2,2,3,Traralgon East PS,2,,
2026-10-07 15:27:00,2026-10-07 15:32:25,IP Address,,100,325,True,2026-10-07 15:32:29,R_MK0012917,,,,,,,anonymous,EN,3,3,2,"3,5",,27,6,,19,,1,1,,Smaller steps for the graphs.,,,,,"PE and English, and science sometimes.",Getting help when I get stuck.,,,,They tell me what they think I would be good at.,,A nurse or maybe a doctor,1,"3,4",,There aren't those jobs near where I live.,They tell me what they think I would be good at.,A paramedic,1,1,There aren't those jobs near where I live.,A nurse or maybe a doctor,Someone I know started doing it.,2,5,2,2,1,1,1,2,3,2,3,4,2,1,,,,,,,,,,,,,,,,,,,,,"5,9",,7,,4,"2,7",,4,,,,,,,,4,1,4,5,2,1,1,4,4,2,A nurse or maybe a doctor,"3,4,8",,2,,"1,4,6",,2,,3,,10,"1,9",,2,,3,3,2,3,3,2,3,3,1,2,25,3,"Finding out health jobs are STEM jobs, I thought STEM was just computers.",,,,,,,,,,,,,,,,,,,,,,,,,,,,,,,,,,,,,,,,,,,,,,,,,,,,,,,,,,,,,,,,,,,,,,,,,,,,,,,,,,,,,,,1,1,1,1,1,1,4,3,2,Eaglehawk PS,3,,
2026-09-30 13:45:00,2026-09-30 13:54:34,IP Address,,100,574,True,2026-09-30 13:54:38,R_MK0013983,,,,,,,anonymous,EN,6,1,2,7,,25,4,Council worker,19,Pharmacist,1,1,,,,,Let us pick our own groups.,,None really. PE I guess.,More practice before tests.,,,,They tell me what they think I would be good at.,,I didn't think about it before but maybe IT,1,,,I don't think I will need to move.,I talk to them about it at home.,Maybe game design,2,3,I don't think I will need to move.,Something with computers,I realised I was better at it than I thought.,1,21,5,1,4,2,4,2,5,3,4,2,1,1,,,,,,,,,,,,,,,,,,,,,"4,5,9",,1,,4,"1,2,4",,2,,,,,,,,2,5,2,2,4,3,2,1,2,2,Maybe game design,"1,4,6,9",,2,,2,,4,,,,,,,,,,,,,,,,,,,,,,,,,,,,,,,,,,,,,,,,,,4,,13,1,,3,,2,1,2,2,5,2,1,4,4,2,27,"1,3","Making a game, I didn't know you could learn that at school.",,,,,,,,,,,,,,,,,,,,,,,,,,,,,,,,,,,,,,,,,,,,,,,2,4,4,3,1,3,2,1,1,Ararat SC,1,,
2026-10-05 15:50:00,2026-10-05 16:21:34,IP Address,,100,1894,True,2026-10-05 16:21:38,R_MK0014622,,,,,,,anonymous,EN,5,2,2,"1,4,7",,23,16,Police officer,6,Cleaner,1,2,,"Nothing, I liked the making part.",,,,"Nothing, I liked the making part.",Woodwork and design. I like making things with my hands.,,,,,They help me think about what I enjoy.,1,Something where I build things,3,"4,7",,I would need to go to the city for university.,I talk to them about it at home.,Maybe an engineer,1,2,I would need to go to the city for university.,Maybe an engineer,I went to a STEM activity and really liked it.,2,20,1,1,1,2,3,1,4,2,1,1,2,1,,,,,,,,,,,,,,,,,,,,,"6,9",,9,,,,,,,,,,,,,4,1,2,1,2,3,1,1,1,4,A carpenter or an engineer,"3,7,9",,2,,"1,4,6",,"2,5,6",,"2,3",,7,"1,2,4,7",,2,,3,2,2,4,4,3,2,4,4,5,"21,23","1,2,3",Making the model with real tools. It felt like proper work.,,,,,,,,,,,,,,,,,,,,,,,,,,,,,,,,,,,,,,,,,"1,2",,7,"2,3,5",,2,,1,2,1,2,1,1,3,1,2,"20,24,25,26",2,Making the model with real tools. It felt like proper work.,Making the model with real tools. It felt like proper work.,3,,5,2,1,1,2,5,3,1,2,,,,,,,,,,,,,,,,2,4,4,2,1,3,2,2,3,Traralgon East PS,1,,
2026-10-01 10:39:00,2026-10-01 10:54:53,IP Address,,100,953,True,2026-10-01 10:54:57,R_MK0015866,,,,,,,anonymous,EN,1,2,2,"2,4",,21,5,Childcare educator,10,Police officer,2,3,Make it harder. Some of it we already knew.,,,,"Nothing really, but it went too fast.",,,,I knew I enjoyed it so I kept choosing it.,"1,2,3,4,7,9","1,4,6,9",,,A game developer,2,"1,4,7",,,They tell me what they think I would be good at.,A software engineer,2,1,I would need to go to the city for university.,,I realised I was better at it than I thought.,1,11,2,1,2,1,2,5,1,2,1,2,3,1,"2,5",,19,"1,5,6,7,10",,1,,2,2,1,2,1,1,1,2,1,2,"20,21,25,26","3,4,6",The coding part. I do a bit at home but this was harder.,,,,,,,,,,,2,"3,4,5",,"1,2,3",,2,1,2,1,2,2,1,1,1,1,A software engineer,,,1,Someone I know started doing it.,"1,2,4,6",,"1,4,6",,,,,,,,,,,,,,,,,,,,,,,,,,,,,,,,,,,,,,,,,,4,,14,"4,5,10",,1,,1,2,2,1,2,1,1,1,2,1,"23,24,25,26,28","2,3,5","Getting to build something that actually worked, not just learn about it.",,,,,,,,,,,,,,,,,,,,The coding part. I do a bit at home but this was harder.,2,,1,5,2,1,1,2,1,2,1,,,,,,,,,,,,,,,,,,,,,,,,,The coding part. I do a bit at home but this was harder.,6,4,
2026-09-24 09:26:00,2026-09-24 09:43:43,IP Address,,100,1063,True,2026-09-24 09:43:47,R_MK0016778,,,,,,,anonymous,EN,1,2,2,"4,5,6,9",,22,9,Works at the supermarket,,Aged care worker,2,2,,,,,Better materials for the making part.,,,,My family talked to me about what options were out there.,"2,3,4,7,8,9","1,3,4,7,8",They explain what the job is really like.,2,Design and technology together,3,"2,4",,I don't think I will need to move.,They tell me what they think I would be good at.,An architect,2,3,I don't think I will need to move.,"A designer, maybe for apps",I went to a STEM activity and really liked it.,1,8,2,3,1,3,1,5,2,3,1,2,2,2,,,,,,,,,,,,,,,,,,,,,,,,,,,,,,A TAFE course in IT support.,,,,3,,4,2,4,1,3,2,2,2,3,1,An architect,,,2,,"1,5,6,7",,"4,7",,,,,,,,,,,,,,,,,,,,,,,,,,,,,,,,,,,,,,,,,,1,,16,"2,7,8,10",,3,,2,2,3,4,1,2,2,1,1,1,"23,25","1,2,3,6","Designing how our project looked, not just how it worked.",,,,,,,,,,,,,,,,,,,,,,,,,,,,,,,,"Designing how our project looked, not just how it worked.",1,,1,1,1,4,1,3,2,2,1,,,,2,2,2,2,1,2,2,2,2,Finding out design is part of engineering too.,3,4,
2026-09-30 09:29:00,2026-09-30 09:55:50,IP Address,,100,1610,True,2026-09-30 09:55:54,R_MK0017527,,,,,,,anonymous,EN,3,1,2,,,24,6,Police officer,,Farmer,1,2,,,,,"Better internet, ours dropped out during the online session.",,Agriculture and science. And PE.,Doing it with my friends.,,,,I talk to them about it at home.,2,A vet,4,"1,3,6",,I would need to go to the city for university.,I talk to them about it at home.,An agricultural scientist,2,1,I don't think I will need to move.,Something with animals and science,Someone I know started doing it.,2,13,3,2,1,2,3,2,5,1,2,2,1,1,,,,,,,,,,,,,,,,,,,,,"6,9,11",,,,,"1,3,7",,"1,4,5",,,,,,,,3,1,3,1,1,1,1,1,2,1,An agricultural scientist,"7,8,9,10,12",,1,,"2,4",,"4,6,7",,,,,,,,,,,,,,,,,,,,,,,,,,,,,,,,,,,,,,,,,,"2,4",,13,3,,2,,2,1,1,2,2,1,1,1,1,1,21,"1,2,4,6",The video call with the scientist who works with livestock.,,,,,,,,,,,,,,,,,,,,"Learning the science behind farming, which is what my family does.",2,,2,1,4,2,1,2,1,1,1,"Learning the science behind farming, which is what my family does.",1,,5,3,5,1,1,3,1,1,3,,,,1,4,3,3,2,2,4,5,3,Bendigo South SC,2,,
2026-09-28 11:23:00,2026-09-28 11:41:28,IP Address,,100,1108,True,2026-09-28 11:41:32,R_MK0018663,,,,,,,anonymous,EN,1,2,2,"2,6,9",,28,10,Builder,,Nurse at the local hospital,1,2,"Nothing, I liked the making part.",Less sitting down at the start before we got to build.,,,,"Nothing, I liked the making part.",Woodwork and design. I like making things with my hands.,Knowing what jobs these subjects lead to.,,,,They tell me what they think I would be good at.,3,Something where I build things,3,4,,There aren't those jobs near where I live.,They tell me what they think I would be good at.,Something where I build things,,3,I would need to go to the city for university.,Something where I build things,I went to a STEM activity and really liked it.,2,7,2,2,1,4,2,3,2,1,2,2,1,1,2,,29,"2,5,7",,4,,2,2,3,3,5,1,1,2,1,2,"20,21,22,23,25,28","3,4,5,6","Using the 3D printer, I didn't know our school had one.","5,8,9,11",,"1,3,5,6,9",,4,"2,3,5",,"1,4",,,,,,,,,,,,,,,,,,Something where I build things,"1,3,6",,2,I found out more about what the job involves.,"1,2,4",,"1,2,5,6",,1,,8,"2,5,8",,2,,1,1,1,2,1,1,3,1,4,2,"20,21,26,27","4,5","Using the 3D printer, I didn't know our school had one.",,,,,,,,,,,,,,,,,,,,,,,,,,,,,,,,,,,,,,,,,"1,2,3,4,5",,14,"1,6,9",,4,,2,2,1,2,2,2,4,3,2,"25,28","3,4",Making the model with real tools. It felt like proper work.,Making the model with real tools. It felt like proper work.,3,,2,3,1,4,2,2,1,1,1,,,,,,,,,,,,,,,,,,,,,,,,,Corio North PS,6,,
2026-09-26 12:49:00,2026-09-26 13:09:09,IP Address,,100,1209,True,2026-09-26 13:09:13,R_MK0019929,,,,,,,anonymous,EN,5,1,2,4,,27,22,Office administrator,18,Runs a cafe,1,3,"Maybe explain the words at the start, I didn't know some of them.",,,,"Maybe explain the words at the start, I didn't know some of them.",,"I like science because we get to do experiments, and art.",More hands-on activities instead of just worksheets.,,,,They tell me what they think I would be good at.,1,A scientist,,7,,,They explain what the job is really like.,A vet maybe,2,1,There aren't those jobs near where I live.,Not sure yet,I realised I was better at it than I thought.,2,4,4,3,2,1,2,3,3,3,1,3,3,1,4,,22,"3,4,8,9,10",,1,,1,2,1,1,4,2,2,4,3,1,"20,22,25,28","5,6",Being in a small group where I wasn't scared to say the wrong thing.,"7,8,9,10",,1,,,"1,3,5,6,7",,"1,5",,,,,,,,,,,,,,,,,,Not sure yet,"3,6,9,11,12",,2,Someone I know started doing it.,"6,7",,"1,4",,,,,,,,,,,,,,,,,,,,,,,,,,,,,,,,,,,,,,,,,,"3,5",,9,"2,5,7,10",,4,,2,4,2,1,2,2,2,4,2,1,"26,27",1,Doing the experiments myself instead of watching the teacher do it.,,,,,,,,,,,,,,,,,,,,,,,,,,,,,,,,,,,,,,,,,,,,,,,4,2,2,1,2,3,3,2,1,Moe South PS,5,,
2026-09-20 11:00:00,2026-09-20 11:21:11,IP Address,,100,1271,True,2026-09-20 11:21:15,R_MK0020365,,,,,,,anonymous,EN,6,2,2,"3,7",,22,15,Council worker,12,Farmer,1,,Let us pick our own groups.,,18,More choice about what we do.,,,None really. PE I guess.,More hands-on activities instead of just worksheets.,,,,I talk to them about it at home.,2,Maybe game design,1,"1,4",,I don't think I will need to move.,They explain what the job is really like.,Maybe game design,2,2,I would need to go to the city for university.,I didn't think about it before but maybe IT,I found out more about what the job involves.,2,11,3,3,3,3,3,2,3,5,3,2,3,2,2,,18,"2,4,6,8",,4,,2,1,2,2,1,4,2,4,4,3,"20,21,25","1,2,3",The teachers actually listened to our ideas.,,,"1,4,5",,5,"6,7",,3,,,,,,,,3,3,1,5,2,1,2,2,3,4,Something with computers,9,,,I found out more about what the job involves.,,,"1,3",,,,,,,,,,,,,,,,,,,,,,"1,5",,24,"3,6",,3,,1,1,2,3,4,2,4,3,3,3,"20,25",3,The teachers actually listened to our ideas.,,,,,,,,,,,,,,,,,,,,,,,,,,,,,,,,,,,,,,,,,,,,,,,,,,,,,,,,,,,,,,,,,,,1,2,3,3,1,2,4,1,3,Ararat West PS,5,,
2026-10-01 11:19:00,2026-10-01 11:33:42,IP Address,,100,882,True,2026-10-01 11:33:46,R_MK0021743,,,,,,,anonymous,EN,1,1,2,"3,4,9",,26,18,Builder,,Farmer,1,3,,"Nothing much, it was well run.",,,,,Maths methods and chemistry. I want to do medicine.,More hands-on activities instead of just worksheets.,,,,They help me think about what I enjoy.,2,A doctor,4,"5,6,7",,I would need to go to the city for university.,They help me think about what I enjoy.,A biomedical scientist,2,3,I don't think I will need to move.,A doctor,I found out more about what the job involves.,2,10,2,1,1,1,3,5,1,2,1,1,1,1,,,,,,,,,,,,,,,,,,,,,"5,6,11",,,,4,"1,4,6,7",,"1,2,3",,,,,,,,2,2,5,1,1,2,2,1,1,2,A biomedical scientist,"4,5,11,12",,1,,"1,2,4,5",,2,,"1,2,3,4,5",,4,"1,3,5,6,8,9,10",,3,,2,1,1,1,3,1,2,4,2,2,"22,25,27,28","2,3,4,6",Talking to the women in STEM about their actual day to day jobs.,,,,,,,,,,,,,,,,,,,,,,,,,,,,,,,,,,,,,,,,,,,,,,,,,,,,,,,,,,,,,,,,,,,,,,,,,,,,,,,,,,,,,,,2,1,2,5,1,2,2,1,2,Geelong West SC,2,,
2026-10-08 15:39:00,2026-10-08 15:55:58,IP Address,,100,1018,True,2026-10-08 15:56:02,R_MK0022375,,,,,,,anonymous,EN,4,2,2,"1,3,4,7",,29,8,Childcare educator,,Nurse at the local hospital,2,,,,,,Longer so we could finish properly.,,,,,"2,7,9","2,5,6,7,8",,1,A marine scientist,3,"1,2,5,6",,I don't think I will need to move.,I talk to them about it at home.,A marine scientist,2,,,A marine scientist,I found out more about what the job involves.,1,21,1,1,1,4,2,1,2,2,2,2,2,2,,,,,,,,,,,,,,,,,,,,,,,,,,,,,,A TAFE course in IT support.,1,"3,5,7",,3,,2,2,2,2,1,2,1,1,2,2,Something protecting rivers,,,1,,"3,5",,4,,,,,,,,,,,,,,,,,,,,,,,,,,,,,,,,,,,,,,,,,,3,,4,"1,3,4,8",,1,,2,1,1,2,3,1,1,3,2,2,"20,22,27,28","5,6",The excursion where we surveyed the wetlands.,,,,,,,,,,,,,,,,,,,,,,,,,,,,,,,,,,,,,,,,,,,,,,,,,,,,,,,,The excursion where we surveyed the wetlands.,3,7,
2026-09-24 11:37:00,2026-09-24 11:56:49,IP Address,,100,1189,True,2026-09-24 11:56:53,R_MK0023209,,,,,,,anonymous,EN,1,2,2,,,31,19,Pharmacist,15,Builder,1,2,"Maybe explain the words at the start, I didn't know some of them.",,,,"Maybe explain the words at the start, I didn't know some of them.","Maybe explain the words at the start, I didn't know some of them.",Science and English. Maths is okay but harder.,Doing it with my friends.,,,,I talk to them about it at home.,3,A scientist,2,6,,There aren't those jobs near where I live.,,A vet maybe,3,1,,A vet maybe,Someone I know started doing it.,1,13,3,1,2,3,2,2,1,2,1,1,3,4,"1,2",,12,3,,4,,3,2,2,1,1,4,1,1,3,5,23,"3,5",Being in a small group where I wasn't scared to say the wrong thing.,"5,10,11",,"2,3",,,"1,3,7",,"1,3,4,5",,,,,,,,2,2,2,1,3,3,4,4,5,5,Not sure yet,"4,5,8,9",,1,I went to a STEM activity and really liked it.,4,,"1,4,5",,,,,,,,,,,,,,,,,,,,,,,,,,,,,,,,,,,,,,,,,,"3,4,5",,9,"3,6",,2,,2,1,2,2,2,3,5,2,2,2,28,3,Being in a small group where I wasn't scared to say the wrong thing.,2,,13,"3,4,6,8",,3,,4,3,3,3,1,2,1,3,3,"20,21,25",5,I liked that we could test our own ideas even when they didn't work.,,,,,,,,,,,,,,,,,,,,,,,,,,,,,,,,,,,,,Bellarine PS,1,,
2026-10-11 14:14:00,2026-10-11 14:24:16,IP Address,,100,616,True,2026-10-11 14:24:20,R_MK0024406,,,,,,,anonymous,EN,4,2,2,"3,9",,25,22,Aged care worker,6,Hairdresser,1,1,,,,,,The data tables at the start were confusing.,I like science because it's about real things.,Getting help when I get stuck.,,,,They tell me what they think I would be good at.,2,An environmental scientist,2,,,I don't think I will need to move.,They help me think about what I enjoy.,An environmental scientist,2,1,I would need to go to the city for university.,A marine scientist,I went to a STEM activity and really liked it.,2,12,2,2,3,2,2,2,5,3,1,3,2,2,,,,,,,,,,,,,,,,,,,,,"6,7,8",,"3,5,7",,5,"1,2,3,4,7",,1,,,,,,,,2,2,3,2,2,2,2,3,1,1,An environmental scientist,"3,5,6,7,8,9,10,12",,2,,"3,4,6",,"5,6",,,,,,,,,,,,,,,,,,,,,,,,,,,,,,,,,,,,,,,,,,,,,,,,,,,,,,,,,,,,,,"1,3,5",,12,"2,5,6,10",,3,,1,2,1,1,1,2,3,1,2,"20,24,26,27,28","1,2,6",Learning science can fix real problems in our own town.,The excursion where we surveyed the wetlands.,2,,3,1,2,2,4,5,4,2,1,,,,,,,,,,,,,,,,3,1,1,3,1,2,2,2,2,Warrnambool West PS,2,,
2026-10-09 15:30:00,2026-10-09 15:45:31,IP Address,,100,931,True,2026-10-09 15:45:35,R_MK0025708,,,,,,,anonymous,EN,4,1,2,"1,2,4,9",,24,21,Farmer,20,Nurse at the local hospital,2,2,"Nothing, it was good.","Explain things more at the start, I didn't understand the words.",,,More visits to the university.,,,,My teacher encouraged me to keep going with it.,"3,6,7,8,9","1,5,7",They explain what the job is really like.,1,"I want to go to uni now, maybe engineering",2,1,,The work I want is mostly in Melbourne.,They help me think about what I enjoy.,"I want to go to uni now, maybe engineering",3,,I don't think I will need to move.,"I want to go to uni now, maybe engineering",I found out more about what the job involves.,2,6,2,1,2,1,3,3,3,2,3,4,1,2,3,,10,"2,3,6,10",,1,,2,1,1,3,1,1,1,2,2,3,"20,21,26,28","2,4",The mentor said she was first in her family to go to uni too.,,,,,,,,,,"Environmental science, because I care about the outdoors.",1,"1,3,6,7",,,,3,2,2,2,2,2,2,3,2,3,Maybe an engineer,,,1,I realised I was better at it than I thought.,"2,3,5,7",,"1,2,4",,"4,5",,9,"1,2,6",,1,,3,2,2,1,1,2,2,1,1,2,"23,25",1,"Going to the university campus, I'd never been to one.",,,,,,,,,,,,,,,,,,,,,"1,4,5",,16,"5,8,9,10",,3,,1,1,3,1,1,4,4,3,2,1,"23,24,25,27,28","2,3,4",The mentor said she was first in her family to go to uni too.,,,,,,,,,,,,,,,,,,,,,,,,,,,,,,,,,,,,,,,,,,,,,,,2,3,2,2,3,1,1,3,3,"Programming the robot to move on its own, I'd never done that.",1,5,
2026-09-20 13:22:00,2026-09-20 13:49:20,IP Address,,24,1640,False,2026-09-20 13:49:24,R_MK0026864,,,,,,,anonymous,EN,6,2,2,"1,3,6,7,9",,26,16,Council worker,12,Mechanic,1,,,,19,"Nothing really, but it went too fast.","Nothing really, but it went too fast.",,"Maths and digital technologies, I like solving things.",More hands-on activities instead of just worksheets.,,,,They tell me what they think I would be good at.,2,A game developer,,"1,2,3,4,7",,There aren't those jobs near where I live.,I talk to them about it at home.,,3,2,I don't think I will need to move.,A computer scientist,I realised I was better at it than I thought.,,14,2,1,5,2,1,1,2,2,2,1,1,3,,,,,,,,,,,,,,,,,,,,,"4,8,11",,"1,2,3,5,8,10",,,"5,6,7",,"1,5",,,,,,,,3,1,3,2,3,1,2,1,2,2,A computer scientist,"4,6,7,10",,,,"2,4,6,7",,"3,4,7",,,,,,,,,,,,,,,,,,,,,,"1,3,5",,23,"1,2,3,6,7,10",,1,,3,2,1,2,2,3,2,2,2,2,"23,25,27,28","1,2,3,6","Getting to build something that actually worked, not just learn about it.","3,4,5",,4,"3,4,5,6,7,9",,4,,1,1,1,1,1,2,5,2,1,1,"20,21,26,28","1,2,5",The coding part. I do a bit at home but this was harder.,,,,,,,,,,,,,,,,,,,,,,,,,,,,,,,,The coding part. I do a bit at home but this was harder.,1,,2,2,2,5,1,1,1,1,1,,,,2,2,3,5,1,1,2,1,1,Ararat West PS,4,,
2026-09-30 11:28:00,2026-09-30 11:33:05,IP Address,,100,305,True,2026-09-30 11:33:09,R_MK0027245,,,,,,,anonymous,EN,3,2,2,9,,27,17,Farmer,,,2,3,,,21,More choice about what we do.,Let us pick our own groups.,Let us pick our own groups.,,,My teacher encouraged me to keep going with it.,"2,3","2,7,9",,,I didn't think about it before but maybe IT,4,7,,I don't think I will need to move.,They explain what the job is really like.,Something with computers,2,3,The work I want is mostly in Melbourne.,Maybe game design,I realised I was better at it than I thought.,1,9,2,4,1,4,1,4,3,2,2,3,3,4,,,,,,,,,,,,,,,,,,,,,,,,,,,,,,"Environmental science, because I care about the outdoors.",2,2,,"1,2",,3,2,3,4,3,3,3,3,3,5,I didn't think about it before but maybe IT,,,1,,"6,7",,"3,4,5,6",,,,,,,,,,,,,,,,,,,,,,4,,24,"2,7,9,10",,4,,2,2,1,3,2,5,3,2,3,2,"20,24","1,6","It wasn't like normal school, we chose what our project was about.","1,4",,17,"1,2",,2,,1,3,2,1,3,5,4,3,1,5,"20,22","1,3","It wasn't like normal school, we chose what our project was about.",4,,5,"2,4,8",,3,,1,2,1,4,4,3,3,2,1,"21,23,25,27","2,4,5","It wasn't like normal school, we chose what our project was about.","Making a game, I didn't know you could learn that at school.",3,,2,2,4,4,3,3,2,2,2,,,,,,,,,,,,,,,,3,4,3,4,3,2,2,5,1,"It wasn't like normal school, we chose what our project was about.",2,1,
2026-10-07 14:06:00,2026-10-07 14:35:32,IP Address,,47,1772,False,2026-10-07 14:35:36,R_MK0028706,,,,,,,anonymous,EN,4,1,1,"1,2,9",,28,4,Runs a cafe,15,Primary school teacher,1,3,Run it closer to us more often.,,,,,,"Science, and I like maths a bit.",More practice before tests.,,,,They tell me what they think I would be good at.,3,A vet,3,"1,3,4,6,7",,I don't think I will need to move.,I talk to them about it at home.,An agricultural scientist,1,,There aren't those jobs near where I live.,An agricultural scientist,I went to a STEM activity and really liked it.,2,19,1,2,2,1,1,1,1,3,1,1,3,1,5,,9,"2,3,5,7,9",,1,,1,3,2,4,4,1,2,1,3,4,"25,27,28","1,2,5","Learning the science behind farming, which is what my family does.","4,5,11",,,,4,"1,2,4",,"1,3",,,,,,,,1,5,2,3,3,1,2,1,2,1,Something with animals and science,"1,3,9,11,12",,2,I realised I was better at it than I thought.,,,1,,,,,,,,,,,,,,,,,,,,,,,,,,,,,,,,,,,,,,,,,,,,,,,,,,,,,,,,,,,,,,,,,,,,,,,,,,,,,,,,,,,,,,,,,,,,,,,,,,,,,,,,,,,,2,2,5,2,1,2,2,2,5,Merri River PS,6,,
2026-10-08 12:48:00,2026-10-08 13:00:19,IP Address,,100,739,True,2026-10-08 13:00:23,R_MK0029221,,,,,,,anonymous,EN,2,2,2,"2,4,9",,23,15,Pharmacist,6,Farmer,1,3,,,21,More choice about what we do.,More choice about what we do.,Let us pick our own groups.,"I like digital tech, the rest is boring.",,,,,I talk to them about it at home.,3,Something with computers,1,,,There aren't those jobs near where I live.,I talk to them about it at home.,Maybe game design,3,1,I would need to go to the city for university.,Maybe game design,I found out more about what the job involves.,1,8,4,1,2,3,3,4,2,2,3,5,3,2,,,,,,,,,,,,,,,,,,,,,"9,11",,"1,3,5",,5,"1,2",,"3,4",,,,,,,,3,1,2,3,3,3,2,3,2,2,I didn't think about it before but maybe IT,"4,9,11,12",,,,4,,"3,4,5,6",,,,,,,,,,,,,,,,,,,,,,2,,20,"1,5,6",,4,,1,2,2,3,2,1,5,4,2,4,"23,24,28",3,"Making a game, I didn't know you could learn that at school.",2,,14,"1,2,6",,4,,2,2,2,2,2,4,2,5,2,1,27,4,The teachers actually listened to our ideas.,1,,10,"1,9",,2,,3,4,2,4,5,3,4,3,1,"26,28","2,3,5",The teachers actually listened to our ideas.,"It wasn't like normal school, we chose what our project was about.",1,,4,2,4,2,3,3,5,2,3,,,,,,,,,,,,,,,,2,4,4,2,2,2,1,4,4,Sebastopol PS,2,,
2026-10-10 12:54:00,2026-10-10 13:06:36,IP Address,,100,756,True,2026-10-10 13:06:40,R_MK0030979,,,,,,,anonymous,EN,3,2,2,"3,4,9",,25,9,Farmer,13,Warehouse supervisor,2,1,,"More tools, we had to share.",,,"More tools, we had to share.",,,,I knew I enjoyed it so I kept choosing it.,,,I talk to them about it at home.,,Maybe an engineer,4,"3,4,5",,There aren't those jobs near where I live.,They help me think about what I enjoy.,Something where I build things,1,1,I don't think I will need to move.,A carpenter or an engineer,I found out more about what the job involves.,1,20,2,1,5,2,4,2,2,1,2,3,2,2,,,,,,,,,,,,,,,,,,,,,,,,,,,,,,,2,,,"1,2,4,5",,1,1,1,1,1,5,5,2,1,1,Something where I build things,,,1,,1,,"2,4,7",,1,,10,"5,8,9",,2,,2,2,2,2,3,4,1,4,3,3,"20,23,25","1,3,4,6",Making the model with real tools. It felt like proper work.,,,,,,,,,,,,,,,,,,,,,"1,3",,17,"2,4,7",,4,,1,1,1,2,2,1,1,1,2,2,"22,23,25","1,2,3,4,5",Making the model with real tools. It felt like proper work.,,,,,,,,,,,,,,,,,,,,,,,,,,,,,,,,Making the model with real tools. It felt like proper work.,1,,1,1,2,1,2,2,1,1,4,,,,4,4,3,1,2,2,2,2,3,We made something for our town that people could actually use.,4,5,
2026-09-17 14:35:00,2026-09-17 14:44:03,IP Address,,24,543,False,2026-09-17 14:44:07,R_MK0031522,,,,,,,anonymous,EN,1,2,2,"1,6,9",,31,18,Truck driver,17,Police officer,1,2,Less sitting down at the start before we got to build.,,,,,"Nothing, I liked the making part.","Design and tech, and PE.",More practice before tests.,,,,They tell me what they think I would be good at.,1,Maybe an engineer,3,"2,3",,I don't think I will need to move.,,Maybe an engineer,3,3,,Maybe an engineer,I found out more about what the job involves.,2,13,5,2,2,1,3,1,2,3,3,1,2,1,"4,5",,20,"3,4,9",,3,,1,1,3,2,1,2,3,2,2,1,"21,23,24",3,Making the model with real tools. It felt like proper work.,"6,7",,"2,6,10",,4,"1,2,7",,,,,,,,,,2,1,2,2,1,1,2,2,2,1,Maybe an engineer,"1,7,9,10",,2,I realised I was better at it than I thought.,6,,"1,5",,,,,,,,,,,,,,,,,,,,,,,,,,,,,,,,,,,,,,,,,,,,,,,,,,,,,,,,,,,,,,"3,5",,6,"1,4,6,8",,4,,3,3,4,3,3,4,2,1,2,"27,28",4,We made something for our town that people could actually use.,,,,,,,,,,,,,,,,,,,,,,,,,,,,,,,,,,,,,Corio North PS,3,,
2026-09-23 13:01:00,2026-09-23 13:30:36,IP Address,,100,1776,True,2026-09-23 13:30:40,R_MK0032325,,,,,,,anonymous,EN,4,2,2,"3,4,5,6",,24,21,Mechanic,5,Truck driver,1,2,,More field trips instead of classroom parts.,,,The data tables at the start were confusing.,,"Science, especially biology, and geography.",More hands-on activities instead of just worksheets.,,,,They tell me what they think I would be good at.,1,An environmental scientist,2,"4,5,7",,There aren't those jobs near where I live.,,,2,2,The work I want is mostly in Melbourne.,A marine scientist,I went to a STEM activity and really liked it.,1,18,2,2,2,2,1,1,2,1,3,1,1,1,,,,,,,,,,,,,,,,,,,,,,,"1,2,5,9",,4,"6,7",,"1,2,5",,,,,,,,4,3,4,2,5,2,2,1,2,1,A marine scientist,"8,10",,,,"1,4,6,7",,"2,4,7",,"4,5",,5,"1,2,4,10",,4,,2,3,1,2,3,4,2,1,3,4,"20,22,23,24,25","3,4",Learning science can fix real problems in our own town.,,,,,,,,,,,,,,,,,,,,,2,,12,"2,3,4,5,6,9,10",,3,,2,1,3,2,1,2,1,2,2,2,"22,27","1,4",The excursion where we surveyed the wetlands.,,,,,,,,,,,,,,,,,,,,,,,,,,,,,,,,The excursion where we surveyed the wetlands.,1,,2,3,2,2,2,3,1,1,2,,,,,,,,,,,,,Emmanuel SC,3,,
2026-09-20 11:42:00,2026-09-20 11:47:54,IP Address,,100,354,True,2026-09-20 11:47:58,R_MK0033865,,,,,,,anonymous,EN,5,2,2,"1,6",,26,22,Childcare educator,5,Farmer,1,3,More field trips instead of classroom parts.,,,,,Longer so we could finish properly.,,Knowing what jobs these subjects lead to.,,,,They explain what the job is really like.,1,Something protecting rivers,3,"2,3",,There aren't those jobs near where I live.,I talk to them about it at home.,An environmental scientist,1,2,I don't think I will need to move.,An environmental scientist,Someone I know started doing it.,1,17,1,3,1,2,1,1,1,2,3,1,2,1,"1,5",,10,"4,5,6,8,9,10",,4,,3,2,1,2,2,5,1,1,2,1,"21,22,23",5,The excursion where we surveyed the wetlands.,"4,7,8,9",,7,,5,"4,5,6",,"1,5",,,,,,,,,,,,,,,,,,A marine scientist,"1,5,7,12",,2,I realised I was better at it than I thought.,"1,2,3,4",,"1,5,6,7",,,,,,,,,,,,,,,,,,,,,,,,,,,,,,,,,,,,,,,,,,,,,,,,,,,,,,,,,,,,,,"2,4,5",,11,"1,5,6,10",,1,,2,1,5,1,1,1,2,2,1,"20,22,25,28","3,5",The excursion where we surveyed the wetlands.,Testing the water in the creek near us and finding what was in it.,2,,2,1,2,1,2,2,1,4,1,The excursion where we surveyed the wetlands.,1,,2,2,2,2,2,1,2,1,2,,,,1,1,1,2,2,1,2,1,2,Traralgon East PS,2,,
2026-10-10 15:47:00,2026-10-10 15:52:16,IP Address,,100,316,True,2026-10-10 15:52:20,R_MK0034744,,,,,,,anonymous,EN,1,2,1,5,,30,7,Accountant,4,Runs a cafe,1,,,"Better internet, ours dropped out during the online session.",,,,"Better internet, ours dropped out during the online session.","Science, and I like maths a bit.",Getting help when I get stuck.,,,,They tell me what they think I would be good at.,2,,4,4,,I don't think I will need to move.,They tell me what they think I would be good at.,A vet,1,1,I would need to go to the city for university.,Something with animals and science,I found out more about what the job involves.,1,11,4,2,1,3,2,4,4,2,3,1,1,2,,,,,,,,,,,,,,,,,,,,,,,"2,7,9",,,"1,6",,"1,2,5",,,,,,,,1,5,3,2,2,2,3,1,1,2,Something with animals and science,"1,5,6,7,9,10,12",,1,,"6,7",,"2,5",,"1,2,3,4",,7,"2,8,10",,3,,2,5,2,1,1,1,2,1,1,3,"22,24,25,26,28","1,5,6",Getting to do it here instead of travelling to the city.,,,,,,,,,,,,,,,,,,,,,,,,,,,,,,,,,,,,,,,,,4,,4,"6,7,10",,3,,2,1,2,2,3,4,1,1,1,"27,28","5,6",Getting to do it here instead of travelling to the city.,,,,,,,,,,,,,,,,,,,,,,,,,,,,5,5,3,4,1,2,2,2,1,Corio North PS,2,,
2026-10-10 15:35:00,2026-10-10 15:43:01,IP Address,,100,481,True,2026-10-10 15:43:05,R_MK0035712,,,,,,,anonymous,EN,2,2,2,"1,4,7",,25,21,Nurse at the local hospital,11,Office administrator,1,1,,More field trips instead of classroom parts.,,,,,"Science, especially biology, and geography.",Getting help when I get stuck.,,,,I talk to them about it at home.,2,Something protecting rivers,2,"1,7",,I don't think I will need to move.,They help me think about what I enjoy.,An environmental scientist,2,1,The work I want is mostly in Melbourne.,A marine scientist,I found out more about what the job involves.,1,5,2,2,1,1,2,1,2,1,2,1,1,1,,,,,,,,,,,,,,,,,,,,,"7,11",,"1,2,3",,,"3,5,7",,"2,3,4",,,,,,,,2,4,2,1,3,1,1,1,3,3,An environmental scientist,"4,5,7,10,12",,2,,"1,3,4",,"2,7",,4,,5,"2,6,7,9",,1,,3,1,1,1,2,2,2,3,3,1,"21,27","4,5",Testing the water in the creek near us and finding what was in it.,,,,,,,,,,,,,,,,,,,,,,,,,,,,,,,,,,,,,,,,,,,,,,,,,,,,,,,,,,,,,,,,,,,,,,,,Learning science can fix real problems in our own town.,1,,1,2,3,1,1,5,1,1,3,,,,3,4,5,1,2,2,1,1,2,Wendouree PS,3,,
2026-09-22 12:35:00,2026-09-22 12:43:57,IP Address,,71,537,False,2026-09-22 12:44:01,R_MK0036682,,,,,,,anonymous,EN,3,2,2,"3,6,7",,27,4,Cleaner,6,Cleaner,1,,,,,,,,I like science because it's about real things.,Getting help when I get stuck.,,,,I talk to them about it at home.,2,A marine scientist,2,"1,4,5,7",,I don't think I will need to move.,I talk to them about it at home.,An environmental scientist,3,2,I don't think I will need to move.,An environmental scientist,I realised I was better at it than I thought.,1,18,5,2,1,3,1,1,3,4,1,2,3,1,,,,,,,,,,,,,,,,,,,,,5,,6,,4,4,,"1,3",,,,,,,,,,,,,,,,,,An environmental scientist,"1,4,9,12",,2,,4,,6,,,,,,,,,,,,,,,,,,,,,,,,,,,,,,,,,,,,,,,,,,,,,,,,,,,,,,,,,,,,,,,,,,,,,,,,,,,,,,,,,Testing the water in the creek near us and finding what was in it.,2,,3,2,1,3,4,3,2,2,2,,,,,,,,,,,,,,,,2,1,1,1,2,4,2,2,1,Kangaroo Flat PS,6,,
2026-09-14 09:22:00,2026-09-14 09:33:36,IP Address,,100,696,True,2026-09-14 09:33:40,R_MK0037352,,,,,,,anonymous,EN,4,2,2,"1,2",,27,20,,,Accountant,1,2,"More equipment, we had to share one set.",,,,,,"Science, and I like maths a bit.",Knowing what jobs these subjects lead to.,,,,They tell me what they think I would be good at.,3,An agricultural scientist,3,"1,2,4,7",,I would need to go to the city for university.,They explain what the job is really like.,An agricultural scientist,3,1,The work I want is mostly in Melbourne.,A vet,I went to a STEM activity and really liked it.,2,15,2,1,3,3,2,2,2,1,1,1,1,2,2,,14,"1,3,4,6,10",,4,,3,1,1,5,4,1,2,2,2,3,"20,27","1,2",The video call with the scientist who works with livestock.,"9,10,11",,,,,1,,"1,5",,,,,,,,1,3,1,2,4,3,1,1,1,2,,,,2,Someone I know started doing it.,"4,5,7",,"1,6",,,,,,,,,,,,,,,,,,,,,,,,,,,,,,,,,,,,,,,,,,,,,,,,,,,,,,,,,,,,,,,,,,,,,,,,,,,,,,,,,The video call with the scientist who works with livestock.,3,,2,2,1,3,2,2,1,5,3,,,,,,,,,,,,,,,,3,5,4,2,2,3,1,5,2,Emmanuel SC,1,,
2026-10-07 15:50:00,2026-10-07 16:04:42,IP Address,,47,882,False,2026-10-07 16:04:46,R_MK0038512,,,,,,,anonymous,EN,5,2,2,"3,4,5",,25,15,Mechanic,15,Council worker,1,1,,"Nothing really, but it went too fast.",,,Make it harder. Some of it we already knew.,"More time on the building, less on the planning.","Maths and digital technologies, I like solving things.",Knowing what jobs these subjects lead to.,,,,They explain what the job is really like.,3,A game developer,3,"1,2,4,5,6,7",,I would need to go to the city for university.,I talk to them about it at home.,A computer scientist,2,2,I would need to go to the city for university.,A computer scientist,I found out more about what the job involves.,1,21,1,1,2,1,2,1,5,2,2,1,1,1,,,,,,,,,,,,,,,,,,,,,"4,7,9",,"3,5,7,9",,4,"1,4",,"1,2,3",,,,,,,,1,2,1,1,2,2,1,2,1,1,A computer scientist,"1,4,8,12",,1,,"2,6,7",,"2,4,5,7",,4,,10,"1,3,4,5",,2,,1,1,1,2,1,3,2,4,3,1,"21,22,27","2,3,5,6","Getting to build something that actually worked, not just learn about it.",,,,,,,,,,,,,,,,,,,,,"1,2",,14,"5,7,8,10",,3,,3,1,2,1,1,1,2,3,3,2,"20,22,23,26,27,28","1,2,4,5,6",The coding part. I do a bit at home but this was harder.,"2,3,4,5",,4,"1,4,9",,1,,1,3,1,2,1,5,3,2,5,"20,21,26","3,4,5","Meeting the mentor who works in tech, I asked her heaps of questions.",,,,,,,,,,,,,"Getting to build something that actually worked, not just learn about it.",1,,2,2,1,2,5,2,5,2,1,,,,,,,,,,,,,Latrobe Valley SC,4,,
2026-09-30 15:00:00,2026-09-30 15:21:33,IP Address,,100,1293,True,2026-09-30 15:21:37,R_MK0039172,,,,,,,anonymous,EN,3,1,1,"3,5,6",,24,20,Farmer,17,Runs a cafe,1,2,"Longer, and less talking in front of everyone at the end.",More time to write up what we found.,21,"Longer, and less talking in front of everyone at the end.",,,"I like science because we get to do experiments, and art.",More practice before tests.,,,,I talk to them about it at home.,,Maybe a teacher,1,,,I don't think I will need to move.,,A vet maybe,3,,I don't think I will need to move.,,Someone I know started doing it.,1,13,4,1,3,3,1,2,2,3,2,3,3,2,3,,16,"2,3",,4,,3,4,2,2,1,2,2,1,4,3,28,"1,3,4,6",I liked that we could test our own ideas even when they didn't work.,4,,"2,7",,5,"2,5",,2,,,,,,,,2,2,2,1,2,4,5,1,1,1,Maybe a teacher,"1,3,4,6",,1,I went to a STEM activity and really liked it.,2,,"1,2,3",,"2,4,5",,11,"2,6,10",,4,,1,4,2,3,2,5,2,2,4,3,"25,26","2,3",I liked that we could test our own ideas even when they didn't work.,"1,3",,17,"5,6",,1,,3,1,1,1,1,3,3,4,3,3,"22,23,24","4,5,6",Being in a small group where I wasn't scared to say the wrong thing.,,,,,,,,,,,,,,,,,,,,,,,,,,,,,,,,,,,,,,,,,,,,,,,,,,,,,,,,,,,,,,,,,,,2,2,2,4,1,5,2,4,3,Eaglehawk PS,1,,
2026-10-05 12:42:00,2026-10-05 12:51:11,IP Address,,100,551,True,2026-10-05 12:51:15,R_MK0040139,,,,,,,anonymous,EN,5,2,2,"1,4,5,6,7",,27,6,,20,Builder,1,2,,,21,"Nothing really, but it went too fast.",,,"Maths and digital technologies, I like solving things.",Knowing what jobs these subjects lead to.,,,,They explain what the job is really like.,1,A game developer,3,"4,7",,There aren't those jobs near where I live.,They help me think about what I enjoy.,A game developer,1,1,I would need to go to the city for university.,A game developer,I went to a STEM activity and really liked it.,1,6,1,1,1,1,2,2,1,2,1,2,2,1,,,,,,,,,,,,,,,,,,,,,"4,6,7,8,9,10",,"1,2,3,7,8,10",,5,"1,4",,"1,2,3,4,5",,,,,,,,1,2,5,1,5,2,1,1,1,2,A computer scientist,"1,3,7,12",,1,,"3,6",,"3,6",,,,,,,,,,,,,,,,,,,,,,4,,20,"3,4,6,7,10",,1,,3,1,2,2,2,2,1,1,2,1,"21,22,23,28","1,5,6","Getting to build something that actually worked, not just learn about it.",,,,,,,,,,,,,,,,,,,,,,,,,,,,,,,,,,,,,,,,"Getting to build something that actually worked, not just learn about it.",1,,1,1,5,1,1,1,1,3,1,,,,,,,,,,,,,,,,1,1,1,1,1,3,1,2,1,Traralgon East PS,2,,
2026-09-20 12:19:00,2026-09-20 12:31:33,IP Address,,100,753,True,2026-09-20 12:31:37,R_MK0041770,,,,,,,anonymous,EN,4,2,2,"1,6",,22,10,Office administrator,12,Pharmacist,1,1,,"Shorter instructions, they were too long.",,,"Shorter instructions, they were too long.",,None really. PE I guess.,Knowing what jobs these subjects lead to.,,,,They help me think about what I enjoy.,2,I didn't think about it before but maybe IT,4,"3,4",,There aren't those jobs near where I live.,They tell me what they think I would be good at.,I didn't think about it before but maybe IT,1,1,There aren't those jobs near where I live.,I didn't think about it before but maybe IT,Someone I know started doing it.,1,13,4,4,3,2,1,2,1,4,3,4,2,2,,,,,,,,,,,,,,,,,,,,,4,,"1,2,4",,4,"1,5",,3,,,,,,,,2,1,1,3,3,4,1,4,4,2,I didn't think about it before but maybe IT,"3,4",,2,,1,,"2,4,7",,4,,11,1,,4,,2,2,2,3,4,2,4,1,3,3,"22,24,27",4,"Making a game, I didn't know you could learn that at school.",,,,,,,,,,,,,,,,,,,,,"1,2",,12,"5,6,7",,4,,3,2,3,2,4,3,3,4,2,3,"24,26",1,"It wasn't like normal school, we chose what our project was about.",,,,,,,,,,,,,,,,,,,,,,,,,,,,,,,,"It wasn't like normal school, we chose what our project was about.",1,,4,2,5,2,4,4,3,3,3,,,,1,1,1,3,3,3,4,1,4,Merri River PS,2,,
2026-10-12 15:04:00,2026-10-12 15:20:44,IP Address,,100,1004,True,2026-10-12 15:20:48,R_MK0042164,,,,,,,anonymous,EN,3,2,2,"1,3,9",,22,9,Office administrator,8,Farmer,1,3,,,20,Smaller steps for the graphs.,More help with the maths parts.,I would keep it the same but add more group work.,English and health. I don't really like maths.,If the teacher explained things more slowly.,,,,They help me think about what I enjoy.,,A nurse or maybe a doctor,4,,,There aren't those jobs near where I live.,I talk to them about it at home.,A paramedic,3,1,There aren't those jobs near where I live.,"Something in health, I didn't know that was STEM",I realised I was better at it than I thought.,2,12,1,4,3,2,2,3,2,2,5,2,1,2,,,,,,,,,,,,,,,,,,,,,"6,8,10,11",,,,4,2,,3,,,,,,,,3,3,4,2,1,1,1,2,1,2,A paramedic,"5,9,10,11",,1,,"1,3,5",,"3,4,5,7",,,,,,,,,,,,,,,,,,,,,,4,,17,6,,3,,1,4,3,3,4,2,2,1,3,1,25,5,Organising my group and working out who did what.,"1,3",,15,"1,2,10",,4,,3,3,2,4,3,2,2,2,1,1,27,"3,5,6","Finding out health jobs are STEM jobs, I thought STEM was just computers.","1,3,4",,13,"1,5,8",,2,,1,2,3,3,1,5,1,2,2,"21,24",1,"Presenting our project, I liked explaining it to the parents.",,,,,,,,,,,,,"Finding out health jobs are STEM jobs, I thought STEM was just computers.",1,,4,4,2,4,2,2,5,3,2,,,,3,3,2,2,2,3,1,2,2,Kangaroo Flat PS,2,,
2026-10-07 11:44:00,2026-10-07 11:57:57,IP Address,,47,837,False,2026-10-07 11:58:01,R_MK0043468,,,,,,,anonymous,EN,6,2,2,"2,3,5,7",,30,7,Cleaner,14,Office administrator,1,1,,,,,More help with the maths parts.,More help with the maths parts.,English and health. I don't really like maths.,Seeing people like me doing these jobs.,,,,They tell me what they think I would be good at.,2,A nurse or maybe a doctor,,"4,6,7",,,They explain what the job is really like.,A nurse or maybe a doctor,1,2,I don't think I will need to move.,A nurse or maybe a doctor,Someone I know started doing it.,1,22,3,3,2,3,4,2,2,3,3,2,3,1,,,,,,,,,,,,,,,,,,,,,"5,11",,,,5,5,,5,,,,,,,,2,2,1,5,3,2,1,3,2,4,A nurse or maybe a doctor,"8,9,11",,1,,,,"4,5,7",,,,,,,,,,,,,,,,,,,,,,,,,,,,,,,,,,,,,,,,,,"3,5",,18,"1,2,5,9,10",,3,,1,3,4,2,1,3,2,3,3,3,"24,25","2,6","Presenting our project, I liked explaining it to the parents.",2,,14,"1,3,6,10",,4,,1,2,1,2,4,2,2,1,3,"26,27,28",1,Organising my group and working out who did what.,,,,,,,,,,,,,Organising my group and working out who did what.,1,,5,2,4,4,1,3,2,2,4,,,,4,5,4,1,4,2,3,3,4,Ararat SC,6,,
2026-10-11 15:10:00,2026-10-11 15:26:39,IP Address,,71,999,False,2026-10-11 15:26:43,R_MK0044449,,,,,,,anonymous,EN,1,2,2,"2,5,9",,22,19,Truck driver,15,Primary school teacher,1,2,,,,,,More visits to the university.,"Maths is alright, I like the puzzles.",Seeing people like me doing these jobs.,,,,They explain what the job is really like.,3,,2,4,,There aren't those jobs near where I live.,I talk to them about it at home.,Maybe an engineer,1,2,I don't think I will need to move.,"I want to go to uni now, maybe engineering",I found out more about what the job involves.,2,10,3,1,2,3,3,1,3,3,2,2,1,2,,,,,,,,,,,,,,,,,,,,,5,,"5,6",,4,"1,5",,"1,2,3",,,,,,,,3,1,1,4,1,2,3,2,2,2,Maybe an engineer,"1,5",,2,,5,,"5,7",,,,,,,,,,,,,,,,,,,,,,,,,,,,,,,,,,,,,,,,,,,,,,,,,,,,,,,,,,,,,,"1,4,5",,6,"2,3,9",,2,,3,2,1,3,2,2,2,2,2,"22,25",3,"Going to the university campus, I'd never been to one.",,,,,,,,,,,,,The mentor said she was first in her family to go to uni too.,1,,1,1,2,1,2,4,1,2,2,,,,3,2,2,4,2,5,2,2,5,Bellarine PS,4,,
2026-10-10 10:32:00,2026-10-10 10:45:43,IP Address,,100,823,True,2026-10-10 10:45:47,R_MK0045112,,,,,,,anonymous,EN,4,2,2,"4,5,6,9",,24,17,Accountant,6,Mechanic,1,3,"More time on the analysis, we rushed that bit.",,,,,,"Science and maths, they're my strongest.",More practice before tests.,,,,I talk to them about it at home.,,A doctor,,"2,3,4",,I would need to go to the city for university.,They tell me what they think I would be good at.,Medicine or research,3,2,The work I want is mostly in Melbourne.,A doctor,I went to a STEM activity and really liked it.,1,14,2,1,1,2,1,2,1,2,1,2,2,2,"1,2",,11,"2,6,7,8",,4,,1,1,1,2,1,2,1,2,1,2,"21,22,27,28","3,5",The research part where we had to find real evidence.,"5,6,8,9,11",,,,,"1,5,7",,"1,2,3",,,,,,,,1,2,1,2,3,1,1,2,1,2,A biomedical scientist,,,1,Someone I know started doing it.,"2,5,7",,"1,6,7",,,,,,,,,,,,,,,,,,,,,,,,,,,,,,,,,,,,,,,,,,,,,,,,,,,,,,,,,,,,,,,,,,,,,,,,,,,,,,,,,Going deeper than we do in normal class.,2,,1,5,5,3,2,1,1,5,2,Talking to the women in STEM about their actual day to day jobs.,1,,2,2,1,2,5,2,2,2,1,,,,1,1,2,1,2,2,2,1,2,Emmanuel SC,2,,
2026-09-29 12:07:00,2026-09-29 12:32:50,IP Address,,100,1550,True,2026-09-29 12:32:54,R_MK0046177,,,,,,,anonymous,EN,4,2,2,,,22,22,Mechanic,22,Electrician,1,1,Make it harder. Some of it we already knew.,,,,,"More time on the building, less on the planning.",Science and maths because they make sense to me.,,,,,They tell me what they think I would be good at.,3,A game developer,2,"2,4,7",,I don't think I will need to move.,I talk to them about it at home.,A game developer,1,2,I would need to go to the city for university.,A game developer,,2,13,1,2,1,2,5,5,1,1,1,1,1,2,"3,5",,27,"1,4,7,8,9,10",,3,,1,2,2,2,2,1,1,1,1,2,"21,23,24,26,28","3,4,5,6","Meeting the mentor who works in tech, I asked her heaps of questions.","5,6,10",,"3,9",,4,"2,3,4,5,6,7",,"1,2,3,5",,,,,,,,2,2,2,1,2,2,1,2,2,1,A computer scientist,"1,5,8,10,11",,2,I found out more about what the job involves.,"1,4",,"1,5",,,,,,,,,,,,,,,,,,,,,,,,,,,,,,,,,,,,,,,,,,,,,,,,,,,,,,,,,,,,,,2,,7,"2,4,7,8,10",,1,,2,1,2,2,2,1,1,2,1,28,"3,5","Meeting the mentor who works in tech, I asked her heaps of questions.",,,,,,,,,,,,,,,,,,,,,,,,,,,,1,1,1,2,1,2,4,3,2,Emmanuel SC,3,,
2026-09-30 09:46:00,2026-09-30 10:00:29,IP Address,,100,869,True,2026-09-30 10:00:33,R_MK0047916,,,,,,,anonymous,EN,1,2,2,"1,4,6,7,9",,25,12,,22,Works at the supermarket,2,2,"Better internet, ours dropped out during the online session.",,,,Run it closer to us more often.,"Better internet, ours dropped out during the online session.",,,My teacher encouraged me to keep going with it.,"1,2,5,9","3,6,7,8",They tell me what they think I would be good at.,2,An agricultural scientist,3,"2,3,4,7",,I would need to go to the city for university.,They explain what the job is really like.,An agricultural scientist,3,1,There aren't those jobs near where I live.,An agricultural scientist,Someone I know started doing it.,2,5,1,1,1,2,1,4,1,4,5,1,1,2,"2,3,4,5",,29,"1,2,8,9",,1,,2,1,5,3,1,5,2,1,2,1,"21,26,27","2,3,4,5",The video call with the scientist who works with livestock.,,,,,,,,,,"Teaching, because I had a great teacher.",,"3,5",,,,3,3,1,3,2,2,3,2,1,2,Something with animals and science,,,1,I went to a STEM activity and really liked it.,"3,4,6",,"1,4,5",,,,,,,,,,,,,,,,,,,,,,,,,,,,,,,,,,,,,,,,,,"1,2",,9,"1,5,6,7,8,10",,4,,3,4,3,1,3,1,2,3,1,1,"20,22,23,25,28","3,4",The video call with the scientist who works with livestock.,5,,6,"1,3,4,6,9",,2,,2,2,1,2,2,1,5,4,1,"20,23,25,26,27",5,Getting to do it here instead of travelling to the city.,,,,,,,,,,,,,,,,,,,,,,,,,,,,3,1,2,5,2,1,3,2,1,Getting to do it here instead of travelling to the city.,8,4,
2026-10-06 11:49:00,2026-10-06 12:03:24,IP Address,,100,864,True,2026-10-06 12:03:28,R_MK0048551,,,,,,,anonymous,EN,6,2,2,"5,6,9",,26,19,Primary school teacher,6,Warehouse supervisor,1,2,,"Better internet, ours dropped out during the online session.",,,Run it closer to us more often.,,,Knowing what jobs these subjects lead to.,,,,They help me think about what I enjoy.,2,An agricultural scientist,1,"1,4",,There aren't those jobs near where I live.,They explain what the job is really like.,An agricultural scientist,,3,The work I want is mostly in Melbourne.,Something with animals and science,I went to a STEM activity and really liked it.,2,16,1,4,1,2,4,3,1,2,2,1,4,5,,,,,,,,,,,,,,,,,,,,,7,,"1,2,4,5,10",,5,"1,5,7",,"3,4,5",,,,,,,,1,2,1,5,1,2,4,3,1,2,Something with animals and science,"1,10",,1,,7,,"2,4",,"1,2,4,5",,9,"4,6,10",,1,,3,4,2,1,2,1,2,2,2,1,"21,22,24,26",1,The video call with the scientist who works with livestock.,,,,,,,,,,,,,,,,,,,,,"1,2,3",,18,"1,2,4,5,7,8",,4,,1,2,1,2,4,1,1,1,1,2,"20,24","1,5","Learning the science behind farming, which is what my family does.",,,,,,,,,,,,,,,,,,,,,,,,,,,,,,,,,,,,,,,,,,,,,,,3,2,3,3,4,3,1,3,3,Pyrenees PS,6,,
2026-10-10 13:01:00,2026-10-10 13:26:29,IP Address,,100,1529,True,2026-10-10 13:26:33,R_MK0049779,,,,,,,anonymous,EN,1,1,2,"1,2,3,4",,30,14,Works at the supermarket,8,Council worker,1,3,Harder content for people who want it.,"Nothing much, it was well run.",,,,,Maths methods and chemistry. I want to do medicine.,If the teacher explained things more slowly.,,,,They explain what the job is really like.,3,A doctor,,"1,2,3,4,6,7",,I would need to go to the city for university.,I talk to them about it at home.,Medicine or research,2,1,The work I want is mostly in Melbourne.,Medicine or research,I went to a STEM activity and really liked it.,1,15,2,1,1,2,5,1,2,1,1,1,1,5,"3,5",,11,"2,3,4,6,8",,3,,1,2,1,1,2,2,1,1,1,1,"20,22,25,26,27","2,3,5",Going deeper than we do in normal class.,"4,9,11",,"1,3,6,9,10",,4,"1,5,7",,"1,2,3,5",,,,,,,,1,1,2,2,1,1,3,2,1,1,,"1,8",,1,I found out more about what the job involves.,"1,2,4,7",,"1,2,6",,"2,4,5",,4,"2,3,4",,1,,2,1,2,2,1,2,2,2,2,1,"23,25,26,27,28","1,3,5",Going deeper than we do in normal class.,,,,,,,,,,,,,,,,,,,,,,,,,,,,,,,,,,,,,,,,,,,,,,,,,,,,,,,,,,,,Going deeper than we do in normal class.,2,,1,1,2,2,1,1,1,2,1,,,,,,,,,,,,,,,,1,1,2,1,1,2,2,1,1,Geelong West SC,4,,
2026-09-16 13:22:00,2026-09-16 13:35:12,IP Address,,100,792,True,2026-09-16 13:35:16,R_MK0050584,,,,,,,anonymous,EN,1,2,2,"2,4,9",,26,12,Primary school teacher,17,,1,,,More field trips instead of classroom parts.,,,,Longer so we could finish properly.,"Science, especially biology, and geography.",,,,,They explain what the job is really like.,2,,1,"2,5,6",,,I talk to them about it at home.,An environmental scientist,1,2,I would need to go to the city for university.,A marine scientist,I found out more about what the job involves.,1,5,2,1,1,2,2,2,1,1,2,2,2,2,,,,,,,,,,,,,,,,,,,,,"5,6,7,8,10",,,,,2,,1,,,,,,,,2,3,1,3,2,1,4,2,2,1,A marine scientist,"4,5,7,8",,2,,,,"2,5,7",,1,,13,"3,5,6,8,9",,3,,3,3,1,2,1,2,2,1,2,4,"20,21,24,26,28","4,6",Testing the water in the creek near us and finding what was in it.,,,,,,,,,,,,,,,,,,,,,,,,,,,,,,,,,,,,,,,,,1,,4,"4,8,9",,3,,3,2,1,1,1,3,4,2,2,"24,27,28",4,The excursion where we surveyed the wetlands.,,,,,,,,,,,,,Testing the water in the creek near us and finding what was in it.,1,,3,1,1,1,3,1,1,1,3,,,,2,1,2,2,2,1,1,2,1,Geelong West SC,2,,
2026-10-01 10:50:00,2026-10-01 11:20:58,IP Address,,100,1858,True,2026-10-01 11:21:02,R_MK0051786,,,,,,,anonymous,EN,6,1,1,"1,2,3,4,7,9",,24,17,Accountant,13,Cleaner,1,3,More field trips instead of classroom parts.,,,,More field trips instead of classroom parts.,,I like science because it's about real things.,Seeing people like me doing these jobs.,,,,They tell me what they think I would be good at.,3,An environmental scientist,1,"1,2,4,5,6",,There aren't those jobs near where I live.,They explain what the job is really like.,A marine scientist,1,1,There aren't those jobs near where I live.,Something protecting rivers,I realised I was better at it than I thought.,2,14,3,1,1,2,1,2,3,1,3,3,2,1,"2,3",,22,"1,6",,1,,2,3,3,2,2,3,3,2,2,2,21,"1,2,3,6",The excursion where we surveyed the wetlands.,"4,5",,"1,5,7",,5,"1,2,5,6,7",,"1,2",,,,,,,,1,5,2,3,1,2,4,1,2,2,An environmental scientist,"1,3,4,6,7,9,12",,1,I went to a STEM activity and really liked it.,,,"1,4",,,,,,,,,,,,,,,,,,,,,,,,,,,,,,,,,,,,,,,,,,"4,5",,9,"2,5,6,7",,3,,3,2,1,2,2,2,4,2,2,4,"21,22,24,25,26,28","1,5",The excursion where we surveyed the wetlands.,,,,,,,,,,,,,,,,,,,,,,,,,,,,,,,,,,,,,,,,,,,,,,,1,2,2,1,1,1,2,2,1,Pyrenees PS,3,,
2026-09-26 10:03:00,2026-09-26 10:11:25,IP Address,,100,505,True,2026-09-26 10:11:29,R_MK0052311,,,,,,,anonymous,EN,4,1,2,,,26,6,Office administrator,21,,1,3,,,22,"Maybe explain the words at the start, I didn't know some of them.",,,,Doing it with my friends.,,,,I talk to them about it at home.,,Maybe a teacher,3,,,I don't think I will need to move.,They explain what the job is really like.,Maybe a teacher,1,3,There aren't those jobs near where I live.,Not sure yet,I realised I was better at it than I thought.,2,12,2,2,3,2,4,3,2,2,3,3,2,5,,,,,,,,,,,,,,,,,,,,,11,,"2,3",,4,"4,5",,2,,,,,,,,2,2,3,1,2,1,2,3,2,2,A scientist,"1,3,5,8,12",,2,,"1,2",,"3,7",,,,,,,,,,,,,,,,,,,,,,"1,2",,23,"5,8",,4,,2,1,3,4,2,3,3,1,1,1,"20,24,27","2,4,6",I liked that we could test our own ideas even when they didn't work.,,,,,,,,,,,,,,,,,,,,,,,,,,,,,,,,,,,,,,,,,,,,,,,,,,,,Being in a small group where I wasn't scared to say the wrong thing.,1,,5,1,4,3,3,3,1,2,3,,,,1,1,2,1,2,2,5,3,1,Merri River PS,1,,
2026-10-07 15:33:00,2026-10-07 15:42:53,IP Address,,100,593,True,2026-10-07 15:42:57,R_MK0053925,,,,,,,anonymous,EN,2,2,2,"1,5,9",,21,21,Police officer,9,Aged care worker,2,2,,,,,I would add more art into it.,,,,My teacher encouraged me to keep going with it.,"2,3,6","1,2,5,6",They explain what the job is really like.,3,Design and technology together,4,"2,3",,The work I want is mostly in Melbourne.,They explain what the job is really like.,"A designer, maybe for apps",3,3,I don't think I will need to move.,An architect,Someone I know started doing it.,2,15,1,2,1,2,2,2,3,3,1,2,5,2,,,,,,,,,,,,,,,,,,,,,,,,,,,,,,A TAFE course in IT support.,2,"1,2,5",,,,2,5,2,2,2,2,4,1,2,1,An architect,,,2,,6,,"4,6,7",,,,,,,,,,,,,,,,,,,,,,,,,,,,,,,,,,,,,,,,,,"1,4,5",,14,"2,3,4,5,6,8,10",,3,,3,2,3,1,5,1,1,1,2,2,"21,22,23","1,3,4,6",Making the poster and the model together.,,,,,,,,,,,,,,,,,,,,Making the poster and the model together.,2,,1,3,3,1,1,2,1,1,2,"Designing how our project looked, not just how it worked.",1,,2,2,3,2,2,1,4,1,4,,,,1,5,2,1,5,2,2,2,2,"Designing how our project looked, not just how it worked.",1,2,
2026-10-06 12:23:00,2026-10-06 12:36:20,IP Address,,100,800,True,2026-10-06 12:36:24,R_MK0054230,,,,,,,anonymous,EN,2,2,2,,,29,20,Office administrator,6,Accountant,1,1,More time to write up what we found.,,,,,,Science and English. Maths is okay but harder.,Getting help when I get stuck.,,,,They explain what the job is really like.,1,Maybe a teacher,4,"2,4,7",,The work I want is mostly in Melbourne.,I talk to them about it at home.,A scientist,1,3,The work I want is mostly in Melbourne.,A vet maybe,I went to a STEM activity and really liked it.,1,10,2,3,2,4,2,3,3,5,4,2,2,1,"4,5",,16,"2,5,8,10",,2,,2,1,3,2,5,2,2,3,2,2,"22,24","2,5",I liked that we could test our own ideas even when they didn't work.,"5,6,10",,"1,4",,5,"1,5",,5,,,,,,,,2,4,2,3,1,1,1,3,2,3,A vet maybe,"1,3,4,8,12",,1,I realised I was better at it than I thought.,"3,4,5",,"1,6,7",,,,,,,,,,,,,,,,,,,,,,,,,,,,,,,,,,,,,,,,,,,,,,,,,,,,,,,,,,,,,,,,,,,,,,,,,,,,,,,,,Being in a small group where I wasn't scared to say the wrong thing.,2,,2,2,3,2,2,3,2,2,2,Being in a small group where I wasn't scared to say the wrong thing.,1,,2,3,2,2,4,2,1,4,3,,,,4,4,2,2,3,2,1,1,1,Ballarat East SC,3,,
2026-10-05 15:30:00,2026-10-05 15:41:41,IP Address,,100,701,True,2026-10-05 15:41:45,R_MK0055817,,,,,,,anonymous,EN,2,2,2,"2,4,7,9",,31,5,Truck driver,5,Electrician,1,2,,,,,,,None really. PE I guess.,Doing it with my friends.,,,,,3,Maybe game design,3,"6,7",,The work I want is mostly in Melbourne.,They explain what the job is really like.,,3,3,I don't think I will need to move.,I didn't think about it before but maybe IT,Someone I know started doing it.,2,20,4,3,3,3,3,1,3,3,3,1,1,4,,,,,,,,,,,,,,,,,,,,,"9,10",,"1,7,8",,,"3,6,7",,5,,,,,,,,2,2,3,5,4,3,4,3,3,2,I didn't think about it before but maybe IT,,,1,,4,,"6,7",,,,,,,,,,,,,,,,,,,,,,,,,,,,,,,,,,,,,,,,,,,,,,,,,,,,,,,,,,,,,,,,,,,,,,,,,,,,,,,,,"Making a game, I didn't know you could learn that at school.",3,,4,4,4,4,3,1,4,3,4,"Making a game, I didn't know you could learn that at school.",1,,4,2,3,5,3,4,3,2,2,,,,3,5,4,4,3,3,4,1,4,Ballarat East SC,4,,
2026-10-07 12:59:00,2026-10-07 13:24:48,IP Address,,100,1548,True,2026-10-07 13:24:52,R_MK0056241,,,,,,,anonymous,EN,5,1,2,"1,4,6,9",,27,12,Childcare educator,16,Builder,1,1,,,,,,,"Design and tech, and PE.",More hands-on activities instead of just worksheets.,,,,They explain what the job is really like.,2,Maybe an engineer,2,"5,7",,There aren't those jobs near where I live.,I talk to them about it at home.,,3,1,,,Someone I know started doing it.,2,15,1,2,2,3,2,2,3,2,2,2,5,2,,,,,,,,,,,,,,,,,,,,,"6,7,8",,"1,2,4,6,7",,,"2,4,5,7",,,,,,,,,,4,1,2,2,3,3,1,3,2,3,Something where I build things,"4,5,7,8,10,11",,2,,2,,7,,,,,,,,,,,,,,,,,,,,,,,,,,,,,,,,,,,,,,,,,,,,,,,,,,,,,,,,,,,,,,,,,,,,,,,,,,,,,,,,,,,,,,,,,,,,,Making the model with real tools. It felt like proper work.,1,,1,2,3,2,1,3,2,1,2,,,,2,2,1,4,1,1,4,4,2,Latrobe Valley SC,3,,
2026-09-26 12:40:00,2026-09-26 12:49:22,IP Address,,100,562,True,2026-09-26 12:49:26,R_MK0057653,,,,,,,anonymous,EN,4,2,2,"1,3,5,9",,27,19,Builder,15,,1,3,"Better internet, ours dropped out during the online session.",,,,,Run it closer to us more often.,"Science, and I like maths a bit.",,,,,,3,An agricultural scientist,2,"2,4,5",,There aren't those jobs near where I live.,I talk to them about it at home.,Something with animals and science,3,3,I would need to go to the city for university.,Something with animals and science,I went to a STEM activity and really liked it.,2,8,2,1,2,3,1,2,2,3,3,5,2,1,2,,21,7,,3,,2,2,1,2,2,2,1,2,3,3,"25,26","2,6",The video call with the scientist who works with livestock.,"5,7,10",,"1,6,7,8",,5,"3,4",,5,,,,,,,,1,3,1,1,2,1,5,1,2,2,Something with animals and science,,,2,Someone I know started doing it.,"1,2,3,4,7",,"1,5,7",,,,,,,,,,,,,,,,,,,,,,,,,,,,,,,,,,,,,,,,,,,,,,,,,,,,,,,,,,,,,,"1,2,4",,12,"1,2,5,7,9",,1,,1,1,2,4,3,2,4,3,2,"20,23","1,4,5",The video call with the scientist who works with livestock.,,,,,,,,,,,,,"Learning the science behind farming, which is what my family does.",1,,2,3,2,1,2,1,3,1,1,,,,5,2,4,2,1,2,5,3,2,Emmanuel SC,1,,
2026-09-27 12:16:00,2026-09-27 12:22:10,IP Address,,100,370,True,2026-09-27 12:22:14,R_MK0058214,,,,,,,anonymous,EN,2,1,2,,,26,10,Hairdresser,5,Works at the supermarket,1,3,"More time on the building, less on the planning.",,18,Make it harder. Some of it we already knew.,,,Science and maths because they make sense to me.,Getting help when I get stuck.,,,,,1,,2,"3,5",,I would need to go to the city for university.,They help me think about what I enjoy.,A software engineer,2,3,There aren't those jobs near where I live.,A computer scientist,Someone I know started doing it.,1,20,2,1,2,2,1,1,1,2,5,2,2,2,"1,2,3",,21,"2,6",,2,,3,1,4,2,2,1,2,1,1,1,"20,21,23,24,25","1,3,6",The coding part. I do a bit at home but this was harder.,"4,5,6,7,9,11",,"1,2,3,4,5,6,10",,5,"2,5,6,7",,1,,,,,,,,1,2,2,2,1,2,2,1,1,2,A software engineer,"1,4,5,7,9",,1,Someone I know started doing it.,"1,2,3,6,7",,"1,3,7",,,,,,,,,,,,,,,,,,,,,,"4,5",,23,"2,5,6,8,9,10",,3,,3,2,5,1,1,1,3,2,1,2,"23,24,25","1,3,4,5,6","Getting to build something that actually worked, not just learn about it.",,,,,,,,,,,,,,,,,,,,,,,,,,,,,,,,,,,,,,,,,,,,,,,,,,,,"Meeting the mentor who works in tech, I asked her heaps of questions.",1,,4,2,1,2,2,1,2,1,1,,,,2,1,1,1,2,1,1,1,1,Sebastopol PS,4,,
2026-10-03 13:14:00,2026-10-03 13:28:18,IP Address,,100,858,True,2026-10-03 13:28:22,R_MK0059307,,,,,,,anonymous,EN,5,1,2,"1,5",,21,15,Works at the supermarket,17,Cleaner,1,1,,,,,"More time on the analysis, we rushed that bit.",,Maths methods and chemistry. I want to do medicine.,If the teacher explained things more slowly.,,,,They explain what the job is really like.,1,A doctor,1,"1,2,3,4",,The work I want is mostly in Melbourne.,They tell me what they think I would be good at.,A doctor,3,,I would need to go to the city for university.,A biomedical scientist,I went to a STEM activity and really liked it.,1,4,2,1,2,1,2,2,1,1,1,1,1,2,,,,,,,,,,,,,,,,,,,,,"4,6,7,8,10",,"1,3,4,7",,4,"1,3,5,6",,2,,,,,,,,1,1,2,2,2,1,1,2,1,1,A biomedical scientist,"1,3,4,10,11,12",,2,,"1,7",,4,,,,,,,,,,,,,,,,,,,,,,,,,,,,,,,,,,,,,,,,,,"1,4,5",,18,"2,3,4,5,7,9,10",,4,,1,5,1,1,1,1,2,2,1,1,"21,25,27","3,5",Going deeper than we do in normal class.,,,,,,,,,,,,,,,,,,,,,,,,,,,,,,,,,,,,,,,,,,,,,,,2,2,2,2,2,1,1,1,2,Moe South PS,2,,
2026-09-19 12:34:00,2026-09-19 13:01:31,IP Address,,100,1651,True,2026-09-19 13:01:35,R_MK0060875,,,,,,,anonymous,EN,3,2,1,"1,4,5",,22,13,Runs a cafe,19,Works at the supermarket,2,1,,,18,"Longer, and less talking in front of everyone at the end.",,"Longer, and less talking in front of everyone at the end.",,,I knew I enjoyed it so I kept choosing it.,"2,6","2,6,7,8,9",They tell me what they think I would be good at.,3,Not sure yet,2,"1,2,5",,The work I want is mostly in Melbourne.,They help me think about what I enjoy.,A vet maybe,3,3,I don't think I will need to move.,Not sure yet,I found out more about what the job involves.,2,8,3,1,4,4,5,1,2,4,5,4,2,2,,,,,,,,,,,,,,,,,,,,,,,,,,,,,,,1,"1,4",,,,3,2,2,1,2,3,3,2,3,1,A scientist,,,,,3,,"3,5",,,,,,,,,,,,,,,,,,,,,,1,,4,10,,1,,2,1,2,2,3,2,1,1,3,3,"21,22,24,25,26","4,5",Doing the experiments myself instead of watching the teacher do it.,,,,,,,,,,,,,,,,,,,,,2,,9,7,,4,,2,2,2,1,3,2,4,2,1,"20,21,22","1,5",Being in a small group where I wasn't scared to say the wrong thing.,,,,,,,,,,,,,,,,,,,,,,,,,,,,1,4,5,1,2,3,1,3,2,Doing the experiments myself instead of watching the teacher do it.,5,7,
2026-10-08 12:24:00,2026-10-08 12:46:10,IP Address,,100,1330,True,2026-10-08 12:46:14,R_MK0061481,,,,,,,anonymous,EN,3,1,2,"5,6,7",,22,9,Police officer,16,Mechanic,1,2,,,20,More time to write up what we found.,,,Science and English. Maths is okay but harder.,Getting help when I get stuck.,,,,I talk to them about it at home.,1,Maybe a teacher,2,,,I don't think I will need to move.,They help me think about what I enjoy.,,1,1,I don't think I will need to move.,,Someone I know started doing it.,2,5,2,2,3,5,1,2,1,2,2,2,1,2,,,,,,,,,,,,,,,,,,,,,"4,10",,"1,4,7,8",,4,"1,4,7",,"3,5",,,,,,,,4,3,2,2,3,3,2,2,2,2,A scientist,"3,4,6,8,9",,,,"3,4",,3,,,,,,,,,,,,,,,,,,,,,,"1,3",,16,"3,5,7",,3,,1,5,1,1,3,1,2,4,4,3,"25,26","1,2,3,5",I liked that we could test our own ideas even when they didn't work.,,,,,,,,,,,,,,,,,,,,,,,,,,,,,,,,,,,,,,,,,,,,,,,,,,,,,,,,,,,,,,,,,,,2,2,4,3,1,2,1,1,2,Kangaroo Flat PS,3,,
2026-10-03 10:39:00,2026-10-03 11:04:31,IP Address,,100,1531,True,2026-10-03 11:04:35,R_MK0062112,,,,,,,anonymous,EN,5,1,2,,,30,10,Mechanic,22,Truck driver,1,2,,"Longer, and less talking in front of everyone at the end.",,,,,"I like science because we get to do experiments, and art.",Knowing what jobs these subjects lead to.,,,,They explain what the job is really like.,1,,2,"1,2",,,I talk to them about it at home.,Not sure yet,2,3,,A scientist,I found out more about what the job involves.,2,15,2,2,1,4,2,2,1,2,2,4,1,1,,,,,,,,,,,,,,,,,,,,,"6,10,11",,,,4,5,,1,,,,,,,,,,,,,,,,,,,"1,3,4,6,7,8",,1,,1,,2,,4,,14,"1,2,3,4,7,10",,3,,2,2,2,3,4,1,1,2,3,2,"20,26","3,5",Doing the experiments myself instead of watching the teacher do it.,,,,,,,,,,,,,,,,,,,,,,,,,,,,,,,,,,,,,,,,,,,,,,,,,,,,,,,,,,,,,,,,,,,,,,,,,,,,,,,,,,,,,,,2,1,5,1,2,3,2,3,3,Traralgon East PS,2,,
2026-10-03 09:11:00,2026-10-03 09:31:38,IP Address,,100,1238,True,2026-10-03 09:31:42,R_MK0063770,,,,,,,anonymous,EN,3,1,2,,,24,22,,9,Hairdresser,1,3,,I would keep it the same but add more group work.,,,I would keep it the same but add more group work.,,"PE and English, and science sometimes.",Knowing what jobs these subjects lead to.,,,,They explain what the job is really like.,1,A nurse or maybe a doctor,2,"2,4,5",,There aren't those jobs near where I live.,I talk to them about it at home.,A paramedic,1,2,I would need to go to the city for university.,A nurse or maybe a doctor,I went to a STEM activity and really liked it.,2,5,3,1,1,5,2,4,2,4,5,1,1,3,,,,,,,,,,,,,,,,,,,,,"6,9,11",,"1,2,5,8",,5,6,,"1,5",,,,,,,,3,3,3,4,4,2,1,2,1,4,,,,1,,2,,"2,4,6",,4,,12,"5,6",,4,,2,4,1,2,3,1,4,4,3,1,"24,27","2,3,4,6",Organising my group and working out who did what.,,,,,,,,,,,,,,,,,,,,,"1,2,5",,10,"1,3,5,10",,1,,3,3,2,3,2,2,2,4,3,2,"25,28",1,Organising my group and working out who did what.,,,,,,,,,,,,,,,,,,,,"Finding out health jobs are STEM jobs, I thought STEM was just computers.",3,,2,4,2,1,3,1,1,4,3,,,,,,,,,,,,,,,,2,2,2,4,1,2,3,5,3,Bendigo South SC,3,,
2026-10-03 09:22:00,2026-10-03 09:42:35,IP Address,,100,1235,True,2026-10-03 09:42:39,R_MK0064914,,,,,,,anonymous,EN,3,2,2,"3,7",,29,17,Builder,4,Electrician,1,1,,,,,,More of the design side and less coding.,"Visual arts, and design and tech.",More practice before tests.,,,,They explain what the job is really like.,,An architect,2,"1,2,7",,I would need to go to the city for university.,They help me think about what I enjoy.,An architect,2,,The work I want is mostly in Melbourne.,"A designer, maybe for apps",I found out more about what the job involves.,1,15,1,2,1,4,2,2,2,1,1,1,4,5,,,,,,,,,,,,,,,,,,,,,"7,8,10",,"1,2,3,9,10",,5,"1,3,5,7",,5,,,,,,,,2,2,2,1,1,4,1,1,2,3,"A designer, maybe for apps","3,7,8",,2,,,,"5,7",,,,,,,,,,,,,,,,,,,,,,,,,,,,,,,,,,,,,,,,,,,,,,,,,,,,,,,,,,,,,,3,,4,"4,5,7,8",,4,,1,3,3,3,3,5,4,2,2,"22,23,25,28","3,4",Making the poster and the model together.,,,,,,,,,,,,,Finding out design is part of engineering too.,1,,2,2,1,5,1,2,2,1,4,,,,1,1,3,2,5,2,1,1,2,Kangaroo Flat PS,3,,
2026-10-07 10:19:00,2026-10-07 10:32:16,IP Address,,71,796,False,2026-10-07 10:32:20,R_MK0065325,,,,,,,anonymous,EN,1,2,2,"4,6,7",,22,11,Electrician,4,Runs a cafe,2,1,,,,,I would add more art into it.,Better materials for the making part.,,,I knew I enjoyed it so I kept choosing it.,"4,8",2,They explain what the job is really like.,,An architect,2,6,,There aren't those jobs near where I live.,,An architect,1,1,The work I want is mostly in Melbourne.,Design and technology together,I realised I was better at it than I thought.,1,17,3,1,2,2,3,2,2,2,2,2,1,3,,,,,,,,,,,,,,,,,,,,,,,,,,,,,,"Bachelor of Nursing, because I want to help people.",,"1,2",,"2,5",,1,5,2,3,5,1,2,4,2,2,,,,1,,"1,4,5",,"4,5,7",,,,,,,,,,,,,,,,,,,,,,,,,,,,,,,,,,,,,,,,,,"4,5",,13,2,,3,,2,2,1,2,2,4,1,3,1,1,"20,22,25,26","1,6","Designing how our project looked, not just how it worked.",1,,4,"2,3,5",,2,,2,1,2,2,1,2,1,3,1,"23,25","2,5",Finding out design is part of engineering too.,,,,,,,,,,,,,Finding out design is part of engineering too.,1,,3,1,2,2,2,4,2,3,3,,,,4,2,3,3,2,2,2,2,1,Finding out design is part of engineering too.,7,7,
2026-09-23 14:59:00,2026-09-23 15:16:43,IP Address,,100,1063,True,2026-09-23 15:16:47,R_MK0066992,,,,,,,anonymous,EN,1,2,2,,,22,6,Truck driver,,Electrician,1,2,,"Nothing much, it was well run.",,,,Harder content for people who want it.,"Science and maths, they're my strongest.",Getting help when I get stuck.,,,,They help me think about what I enjoy.,1,Medicine or research,3,"1,7",,I don't think I will need to move.,They explain what the job is really like.,Medicine or research,3,2,I don't think I will need to move.,A biomedical scientist,Someone I know started doing it.,1,4,5,2,2,2,2,1,1,1,5,1,1,1,,,,,,,,,,,,,,,,,,,,,"5,6,7,10,11",,"2,3,4,5,7,9",,5,,,"2,3,4,5",,,,,,,,1,1,1,2,2,5,1,1,1,5,A doctor,"3,4,5,7,10,12",,2,,"1,3,5",,"2,5,6",,"1,2,4",,13,"1,3,5,8,9,10",,1,,1,5,2,1,1,1,1,1,1,1,"20,22,24,26","1,2,3,5",Going deeper than we do in normal class.,,,,,,,,,,,,,,,,,,,,,,,,,,,,,,,,,,,,,,,,,4,,4,"1,4,6,9",,3,,2,5,2,1,2,1,1,2,1,"21,22,24,27,28","3,4",Going deeper than we do in normal class.,Talking to the women in STEM about their actual day to day jobs.,2,,2,1,1,1,1,1,2,1,2,,,,,,,,,,,,,,,,2,1,2,5,5,1,2,2,2,Geelong West SC,5,,
2026-09-16 10:22:00,2026-09-16 10:30:22,IP Address,,100,502,True,2026-09-16 10:30:26,R_MK0067502,,,,,,,anonymous,EN,2,1,1,4,,23,8,Council worker,10,Aged care worker,1,2,,,,,"Explain things more at the start, I didn't understand the words.",,I like art and sport. Science is okay.,Getting help when I get stuck.,,,,They tell me what they think I would be good at.,2,"I want to go to uni now, maybe engineering",1,"5,6",,The work I want is mostly in Melbourne.,I talk to them about it at home.,"I want to go to uni now, maybe engineering",1,3,,Maybe an engineer,I found out more about what the job involves.,2,12,3,1,2,2,1,2,2,5,1,1,1,3,,,,,,,,,,,,,,,,,,,,,10,,"1,2,3,10",,5,"5,7",,5,,,,,,,,3,1,2,1,3,1,2,1,2,4,Maybe an engineer,"3,4,8",,,,1,,4,,,,,,,,,,,,,,,,,,,,,,,,,,,,,,,,,,,,,,,,,,"1,3,5",,16,"4,9",,4,,2,2,2,4,3,2,1,2,3,1,"20,23,24","4,6","Going to the university campus, I'd never been to one.",,,,,,,,,,,,,,,,,,,,,,,,,,,,,,,,,,,,,,,,,,,,,,,2,2,4,1,4,1,2,2,2,Wendouree PS,1,,
2026-10-02 14:46:00,2026-10-02 15:11:50,IP Address,,100,1550,True,2026-10-02 15:11:54,R_MK0068435,,,,,,,anonymous,EN,4,2,2,"1,3,5,6",,25,4,Runs a cafe,14,Office administrator,1,1,"Nothing much, it was well run.",,19,Harder content for people who want it.,,Harder content for people who want it.,"Science and maths, they're my strongest.",,,,,They tell me what they think I would be good at.,1,A doctor,2,"2,3,5,6,7",,I would need to go to the city for university.,I talk to them about it at home.,A biomedical scientist,1,3,I would need to go to the city for university.,Medicine or research,I went to a STEM activity and really liked it.,2,8,2,2,1,2,5,1,1,1,2,2,1,5,1,,31,"5,6,8,10",,3,,1,1,2,3,1,1,1,1,2,1,"21,24,25,27","1,3,4,5,6",Talking to the women in STEM about their actual day to day jobs.,"4,7,8",,,,4,,,1,,,,,,,,2,1,1,2,5,1,2,1,1,1,,"3,5,7,8,9,10,12",,1,Someone I know started doing it.,"1,3,4,5,6,7",,"1,3,5",,,,,,,,,,,,,,,,,,,,,,"1,2,4",,4,"5,6,10",,1,,1,1,5,2,1,2,5,1,1,2,"25,27","2,3,5",Going deeper than we do in normal class.,,,,,,,,,,,,,,,,,,,,,"1,3,4,5",,8,"4,7,8,10",,4,,5,1,2,1,2,2,2,1,1,"21,28","1,2,5",The research part where we had to find real evidence.,,,,,,,,,,,,,,,,,,,,,,,,,,,,1,1,5,1,2,2,2,1,2,Merri River PS,1,,
2026-10-07 15:16:00,2026-10-07 15:23:39,IP Address,,100,459,True,2026-10-07 15:23:43,R_MK0069956,,,,,,,anonymous,EN,1,2,2,"1,3,6,7",,29,21,,9,Builder,2,1,More help with the maths parts.,,,,,,,,I knew I enjoyed it so I kept choosing it.,"4,6,9","1,5",They help me think about what I enjoy.,2,A paramedic,1,"1,5,6",,,I talk to them about it at home.,"Something in health, I didn't know that was STEM",3,1,I would need to go to the city for university.,A nurse or maybe a doctor,I went to a STEM activity and really liked it.,1,19,2,1,3,1,4,4,2,2,2,2,4,1,2,,29,"4,5,7,8",,4,,3,1,2,2,4,1,2,1,2,5,"22,26,28","1,2,6","Finding out health jobs are STEM jobs, I thought STEM was just computers.",,,,,,,,,,A TAFE course in IT support.,,2,,"1,3",,1,2,4,3,2,1,1,4,5,2,"Something in health, I didn't know that was STEM",,,1,Someone I know started doing it.,4,,"1,6,7",,,,,,,,,,,,,,,,,,,,,,,,,,,,,,,,,,,,,,,,,,,,,,,,,,,,,,,,,,,,,,,,,,,,,,,,,,,,,,,,,Organising my group and working out who did what.,1,,3,1,4,3,1,3,2,2,3,"Finding out health jobs are STEM jobs, I thought STEM was just computers.",1,,1,3,3,1,4,2,3,4,4,,,,4,3,1,4,1,3,2,2,2,,1,4,
2026-09-30 11:46:00,2026-09-30 11:57:33,IP Address,,100,693,True,2026-09-30 11:57:37,R_MK0070786,,,,,,,anonymous,EN,4,2,2,"2,3,9",,25,8,Police officer,12,Aged care worker,2,1,"More tools, we had to share.",,,,"More tools, we had to share.",Less sitting down at the start before we got to build.,,,My teacher encouraged me to keep going with it.,9,"2,5,6",They tell me what they think I would be good at.,,Maybe an engineer,3,"2,4,5,7",,There aren't those jobs near where I live.,I talk to them about it at home.,Maybe an engineer,2,1,,Something where I build things,I found out more about what the job involves.,2,15,5,5,2,1,3,5,3,1,2,1,1,1,"1,2,4",,22,"1,2,3",,4,,3,2,2,1,3,2,3,4,2,1,"20,21,23,24,26",1,"Using the 3D printer, I didn't know our school had one.",,,,,,,,,,"Teaching, because I had a great teacher.",2,,,"1,3,4,5",,3,5,4,2,2,4,3,4,3,5,Something where I build things,,,2,I went to a STEM activity and really liked it.,,,"1,4,5,7",,,,,,,,,,,,,,,,,,,,,,,,,,,,,,,,,,,,,,,,,,"2,5",,13,"3,4,6",,1,,2,2,2,1,2,2,4,4,1,1,21,"2,3,6","Using the 3D printer, I didn't know our school had one.",1,,14,8,,1,,1,3,3,1,3,1,2,2,2,"21,27","1,5,6",We made something for our town that people could actually use.,,,,,,,,,,,,,We made something for our town that people could actually use.,1,,3,4,1,3,1,3,1,1,1,,,,1,2,2,4,2,2,4,1,2,Making the model with real tools. It felt like proper work.,1,5,
2026-09-25 09:52:00,2026-09-25 10:12:26,IP Address,,100,1226,True,2026-09-25 10:12:30,R_MK0071106,,,,,,,anonymous,EN,1,2,2,"4,5,7",,30,17,Office administrator,8,Cleaner,2,2,,,,,More visits to the university.,More visits to the university.,,,My family talked to me about what options were out there.,4,"5,6",I talk to them about it at home.,2,Maybe an engineer,4,1,,I don't think I will need to move.,They explain what the job is really like.,"I want to go to uni now, maybe engineering",2,1,,,,1,4,1,3,4,1,1,2,2,1,2,1,1,3,,,,,,,,,,,,,,,,,,,,,,,,,,,,,,,1,"1,3,5,7",,5,,5,3,1,3,3,2,3,2,1,1,"I want to go to uni now, maybe engineering",,,2,,7,,"4,5",,,,,,,,,,,,,,,,,,,,,,,,,,,,,,,,,,,,,,,,,,3,,12,"6,7,8,9,10",,2,,2,1,3,2,1,1,1,4,1,3,"21,24,27","4,5","Programming the robot to move on its own, I'd never done that.","2,5",,11,8,,2,,2,2,3,1,1,3,2,3,1,"26,27,28","1,4","Programming the robot to move on its own, I'd never done that.",,,,,,,,,,,,,,,,,,,,,,,,,,,,2,1,1,2,2,3,3,3,1,"Programming the robot to move on its own, I'd never done that.",7,7,
2026-09-20 13:56:00,2026-09-20 14:14:38,IP Address,,100,1118,True,2026-09-20 14:14:42,R_MK0072100,,,,,,,anonymous,EN,1,2,2,"2,4,7",,30,17,Farmer,14,Police officer,1,,More time to write up what we found.,,21,"Longer, and less talking in front of everyone at the end.",,More time to write up what we found.,"I like science because we get to do experiments, and art.",More practice before tests.,,,,They explain what the job is really like.,,Maybe a teacher,1,"2,6",,There aren't those jobs near where I live.,They tell me what they think I would be good at.,,1,1,,A vet maybe,Someone I know started doing it.,1,13,2,1,3,5,4,1,3,4,2,1,2,3,4,,28,"2,8,9",,3,,2,2,1,2,2,2,1,2,3,3,"24,26,28","3,4,5",I liked that we could test our own ideas even when they didn't work.,9,,"7,8",,,"1,2,4,7",,"1,4",,,,,,,,1,2,2,2,3,3,1,3,5,4,Not sure yet,"1,3,7,12",,1,I went to a STEM activity and really liked it.,5,,"1,3,5",,,,,,,,,,,,,,,,,,,,,,"2,4,5",,16,"3,6,9,10",,2,,2,5,2,3,4,2,1,4,1,3,"22,23,26",2,Being in a small group where I wasn't scared to say the wrong thing.,,,,,,,,,,,,,,,,,,,,,"1,5",,12,"2,3,5,6,7",,2,,1,4,2,2,2,2,1,5,3,"20,24,27","5,6",I liked that we could test our own ideas even when they didn't work.,,,,,,,,,,,,,,,,,,,,,,,,,,,,2,4,4,3,2,1,5,2,3,Bellarine PS,4,,
2026-10-01 12:15:00,2026-10-01 12:28:59,IP Address,,100,839,True,2026-10-01 12:29:03,R_MK0073273,,,,,,,anonymous,EN,4,2,2,"1,9",,31,6,Hairdresser,18,Primary school teacher,1,2,,,18,More help with the maths parts.,I would keep it the same but add more group work.,,English and health. I don't really like maths.,Doing it with my friends.,,,,They explain what the job is really like.,1,"Something in health, I didn't know that was STEM",3,"5,7",,The work I want is mostly in Melbourne.,,A paramedic,3,1,I don't think I will need to move.,,Someone I know started doing it.,1,7,2,2,3,1,3,5,5,5,1,3,2,2,,,,,,,,,,,,,,,,,,,,,"4,6,10",,"2,3",,5,,,1,,,,,,,,3,1,4,4,3,2,4,1,1,1,A paramedic,"1,3,9,10",,,,"1,2,5",,"3,4",,,,,,,,,,,,,,,,,,,,,,5,,24,"2,5,10",,2,,3,2,4,2,2,3,2,4,5,3,"20,23,24","5,6","Finding out health jobs are STEM jobs, I thought STEM was just computers.","3,4",,15,"2,3",,1,,1,1,4,2,3,2,3,2,1,2,26,1,Organising my group and working out who did what.,,,,,,,,,,,,,,,,,,,,,,,,,,,,,,,,,,,,,,,,,,,,,,,2,3,2,2,4,4,2,4,2,Warrnambool West PS,2,,
2026-09-19 09:14:00,2026-09-19 09:26:15,IP Address,,100,735,True,2026-09-19 09:26:19,R_MK0074779,,,,,,,anonymous,EN,2,1,2,"3,7",,24,8,Cleaner,16,Cleaner,1,3,,,19,"Maybe explain the words at the start, I didn't know some of them.",More time to write up what we found.,,,,,,,They help me think about what I enjoy.,1,A scientist,4,"1,4,6",,There aren't those jobs near where I live.,They explain what the job is really like.,A vet maybe,2,,The work I want is mostly in Melbourne.,A scientist,I went to a STEM activity and really liked it.,2,15,1,3,4,2,3,2,3,4,4,1,1,3,,,,,,,,,,,,,,,,,,,,,,,2,,4,"1,2,5,7",,1,,,,,,,,2,3,3,3,3,2,3,2,1,4,A vet maybe,"1,3,4,12",,2,,"2,7",,"3,4",,,,,,,,,,,,,,,,,,,,,,3,,18,"4,5,6,9",,3,,1,1,1,4,1,1,2,3,1,1,"26,28","4,6",Being in a small group where I wasn't scared to say the wrong thing.,"2,3",,18,"4,6,9,10",,3,,3,3,2,4,1,2,2,2,3,4,"23,27","1,3,4",Doing the experiments myself instead of watching the teacher do it.,,,,,,,,,,,,,,,,,,,,,,,,,,,,,,,,,,,,,,,,,,,,,,,1,1,2,4,2,3,2,3,1,Ballarat East SC,1,,
2026-10-07 10:07:00,2026-10-07 10:29:14,IP Address,,100,1334,True,2026-10-07 10:29:18,R_MK0075960,,,,,,,anonymous,EN,1,2,1,"2,7",,27,14,Truck driver,,Farmer,1,2,,,20,"Nothing, it was good.",,,"Maths is alright, I like the puzzles.",Seeing people like me doing these jobs.,,,,They help me think about what I enjoy.,1,Something with robots,1,"1,4,6,7",,I would need to go to the city for university.,,Something with robots,2,1,I don't think I will need to move.,"I want to go to uni now, maybe engineering",I found out more about what the job involves.,2,20,2,3,4,2,1,2,1,3,3,2,1,2,,,,,,,,,,,,,,,,,,,,,"4,5,8,11",,"2,5,7,8,10",,4,,,2,,,,,,,,4,5,3,3,5,2,2,2,3,5,"I want to go to uni now, maybe engineering","5,10,11,12",,2,,"1,2",,3,,,,,,,,,,,,,,,,,,,,,,2,,16,"5,6,9",,3,,1,2,4,4,2,3,1,3,2,4,"24,26,27","2,4","Programming the robot to move on its own, I'd never done that.",,,,,,,,,,,,,,,,,,,,,,,,,,,,,,,,,,,,,,,,,,,,,,,,,,,,,,,,,,,,,,,,,,,2,4,2,1,1,1,1,2,1,Corio North PS,4,,
2026-09-25 14:15:00,2026-09-25 14:34:33,IP Address,,100,1173,True,2026-09-25 14:34:37,R_MK0076815,,,,,,,anonymous,EN,1,2,2,"1,5",,27,14,Electrician,18,Aged care worker,1,1,"Nothing, it was good.","Explain things more at the start, I didn't understand the words.",,,,"Nothing, it was good.","Maths is alright, I like the puzzles.",Seeing people like me doing these jobs.,,,,They tell me what they think I would be good at.,2,Maybe an engineer,4,"1,6",,The work I want is mostly in Melbourne.,I talk to them about it at home.,Maybe an engineer,1,1,There aren't those jobs near where I live.,"I want to go to uni now, maybe engineering",,2,19,2,2,2,2,5,2,1,3,3,1,3,5,"1,3",,18,"8,9",,3,,3,3,5,2,2,3,3,2,1,2,"20,23,25,26,27","2,5","Programming the robot to move on its own, I'd never done that.","8,10,11",,1,,5,"3,5,7",,4,,,,,,,,2,2,1,1,1,5,3,2,2,2,,"5,11",,1,Someone I know started doing it.,3,,"1,2,5,6",,"1,4",,11,"1,2,5,6,8,9",,3,,3,2,2,3,3,4,2,4,2,2,27,6,"Programming the robot to move on its own, I'd never done that.",,,,,,,,,,,,,,,,,,,,,,,,,,,,,,,,,,,,,,,,,2,,8,"2,3,6,10",,1,,3,5,2,5,2,5,2,1,1,"20,26,27",2,"Programming the robot to move on its own, I'd never done that.","Programming the robot to move on its own, I'd never done that.",3,,3,2,2,1,1,2,3,2,1,,,,,,,,,,,,,,,,3,5,2,5,3,4,1,2,1,Geelong West SC,3,,
2026-09-22 15:14:00,2026-09-22 15:42:51,IP Address,,100,1731,True,2026-09-22 15:42:55,R_MK0077888,,,,,,,anonymous,EN,1,2,2,"3,7",,31,4,Primary school teacher,20,Aged care worker,1,2,"More tools, we had to share.",,,,,,Woodwork and design. I like making things with my hands.,More practice before tests.,,,,I talk to them about it at home.,3,,2,4,,There aren't those jobs near where I live.,They tell me what they think I would be good at.,,2,1,I don't think I will need to move.,A carpenter or an engineer,I realised I was better at it than I thought.,1,16,1,4,3,2,1,2,2,1,3,2,2,1,5,,13,"1,5,6,10",,3,,1,2,4,2,2,2,2,1,2,2,"26,28",2,Making the model with real tools. It felt like proper work.,"8,11",,"2,3,7,10",,4,"3,5,7",,1,,,,,,,,3,2,2,2,2,3,1,1,4,2,A carpenter or an engineer,10,,1,I went to a STEM activity and really liked it.,"3,5,6,7",,"1,6,7",,,,,,,,,,,,,,,,,,,,,,,,,,,,,,,,,,,,,,,,,,,,,,,,,,,,,,,,,,,,,,,,,,,,,,,,,,,,,,,,,Making the model with real tools. It felt like proper work.,3,,5,2,2,3,2,2,1,3,4,"Using the 3D printer, I didn't know our school had one.",1,,4,2,2,2,2,3,4,2,1,,,,2,2,2,4,3,3,2,2,1,Geelong West SC,1,,
2026-09-26 09:07:00,2026-09-26 09:13:07,IP Address,,100,367,True,2026-09-26 09:13:11,R_MK0078970,,,,,,,anonymous,EN,3,1,2,2,,22,15,Warehouse supervisor,,Childcare educator,1,1,"Maybe explain the words at the start, I didn't know some of them.",,,,"Longer, and less talking in front of everyone at the end.",,,,,,,They tell me what they think I would be good at.,2,A vet maybe,4,,,I don't think I will need to move.,They help me think about what I enjoy.,Not sure yet,,1,I don't think I will need to move.,A scientist,I realised I was better at it than I thought.,2,19,1,2,3,3,1,1,4,2,1,4,1,4,"1,3",,29,"1,3,6,8",,1,,1,2,5,3,2,4,2,2,2,4,"20,23",6,I liked that we could test our own ideas even when they didn't work.,,,2,,5,"1,5",,3,,,,,,,,3,2,3,2,1,1,3,2,3,3,Not sure yet,"8,11,12",,1,I went to a STEM activity and really liked it.,,,"1,4",,,,,,,,,,,,,,,,,,,,,,,,,,,,,,,,,,,,,,,,,,3,,9,"1,3,8,9",,2,,2,3,2,2,2,1,1,1,2,1,"22,23,24,25,28","4,5",Being in a small group where I wasn't scared to say the wrong thing.,,,,,,,,,,,,,,,,,,,,,,,,,,,,,,,,,,,,,,,,,,,,,,,4,2,5,2,1,2,3,1,1,Bendigo South SC,1,,
2026-09-26 16:00:00,2026-09-26 16:21:44,IP Address,,100,1304,True,2026-09-26 16:21:48,R_MK0079797,,,,,,,anonymous,EN,1,2,2,"1,4,5,6",,27,14,Accountant,9,Warehouse supervisor,2,1,,More visits to the university.,22,"Explain things more at the start, I didn't understand the words.",,"Nothing, it was good.",,,I knew I enjoyed it so I kept choosing it.,"2,4,5","1,3,5,7,8",I talk to them about it at home.,2,Maybe an engineer,2,2,,I don't think I will need to move.,I talk to them about it at home.,,2,2,I would need to go to the city for university.,"I want to go to uni now, maybe engineering",I realised I was better at it than I thought.,2,19,3,1,3,2,2,2,1,1,2,1,4,2,,,,,,,,,,,,,,,,,,,,,,,,,,,,,,,1,"2,5",,,,2,2,3,2,3,1,2,4,1,2,,,,2,,"6,7",,"2,3,5",,1,,8,"3,5,7",,2,,2,3,2,3,1,3,4,1,3,4,"22,25","1,2","Going to the university campus, I'd never been to one.","1,2,4",,17,"4,5,8",,2,,2,3,1,2,1,2,1,1,3,4,"21,26","1,2,3,5,6","Going to the university campus, I'd never been to one.",,,,,,,,,,,,,,,,,,,,,2,,6,"2,5,7,8",,4,,3,1,3,1,2,2,3,1,4,"24,27","1,2,4,6","Programming the robot to move on its own, I'd never done that.",,,,,,,,,,,,,,,,,,,,,,,,,,,,1,3,3,2,1,2,1,1,2,"Going to the university campus, I'd never been to one.",8,7,
2026-09-23 13:57:00,2026-09-23 14:05:00,IP Address,,100,480,True,2026-09-23 14:05:04,R_MK0080488,,,,,,,anonymous,EN,3,2,1,"1,4,7,9",,27,7,,20,Warehouse supervisor,2,2,"More time on the analysis, we rushed that bit.",,,,"Nothing much, it was well run.",,,,My family talked to me about what options were out there.,"1,6","1,2,5,7,8,9",I talk to them about it at home.,1,Medicine or research,1,"2,3,4,6,7",,The work I want is mostly in Melbourne.,They tell me what they think I would be good at.,A doctor,3,,There aren't those jobs near where I live.,A biomedical scientist,I realised I was better at it than I thought.,2,16,1,2,3,2,1,1,2,2,5,1,1,2,"1,4",,11,"1,2,5,6",,3,,2,2,1,1,1,1,1,1,1,1,"22,24,25,26","1,3,5",Going deeper than we do in normal class.,,,,,,,,,,"Engineering, because I liked building things at school.",2,"1,4,5",,"1,2",,1,2,2,1,1,5,1,3,2,2,A doctor,,,2,I went to a STEM activity and really liked it.,"4,5,6",,"1,4,7",,,,,,,,,,,,,,,,,,,,,,,,,,,,,,,,,,,,,,,,,,"1,3,5",,10,"1,2,4,7,8,9,10",,2,,3,3,2,2,2,1,1,2,1,2,"20,21,25,26,27,28","2,4",Going deeper than we do in normal class.,,,,,,,,,,,,,,,,,,,,,,,,,,,,,,,,The research part where we had to find real evidence.,1,,2,5,3,2,2,2,2,2,5,,,,2,1,2,1,2,2,2,2,1,Going deeper than we do in normal class.,6,6,
2026-09-17 11:55:00,2026-09-17 12:24:20,IP Address,,24,1760,False,2026-09-17 12:24:24,R_MK0081834,,,,,,,anonymous,EN,3,2,1,,,21,11,Electrician,10,Council worker,2,3,More of the design side and less coding.,,,,Better materials for the making part.,,,,I knew I enjoyed it so I kept choosing it.,"2,4,6,7","1,2,5,6,7,8",They help me think about what I enjoy.,1,"A designer, maybe for apps",2,,,The work I want is mostly in Melbourne.,I talk to them about it at home.,"A designer, maybe for apps",3,1,I don't think I will need to move.,Design and technology together,I realised I was better at it than I thought.,1,19,2,2,2,2,2,4,2,2,5,1,4,3,"2,3,4,5",,23,"1,4,6,9",,1,,3,2,2,3,2,2,3,3,1,2,"21,23,24,25,27","2,3,4","Designing how our project looked, not just how it worked.",,,,,,,,,,"Teaching, because I had a great teacher.",2,"3,4,5,6",,,,1,3,3,4,1,4,1,2,1,1,Design and technology together,,,2,I went to a STEM activity and really liked it.,"4,6,7",,"1,4",,,,,,,,,,,,,,,,,,,,,,,,,,,,,,,,,,,,,,,,,,3,,15,"1,4,5,6,7,10",,1,,2,1,2,1,1,2,1,2,2,5,"22,24,26,28","4,6",Finding out design is part of engineering too.,,,,,,,,,,,,,,,,,,,,,,,,,,,,,,,,,,,,,,,,,,,,,,,4,2,1,3,3,1,4,1,5,"Designing how our project looked, not just how it worked.",,7,
2026-09-28 12:36:00,2026-09-28 12:47:17,IP Address,,100,677,True,2026-09-28 12:47:21,R_MK0082234,,,,,,,anonymous,EN,1,1,2,"2,4",,28,21,Primary school teacher,8,Builder,1,2,,"Nothing, I liked the making part.",22,Less sitting down at the start before we got to build.,,,Woodwork and design. I like making things with my hands.,Doing it with my friends.,,,,,2,Something where I build things,2,"1,7",,The work I want is mostly in Melbourne.,They tell me what they think I would be good at.,A carpenter or an engineer,1,1,,A carpenter or an engineer,I realised I was better at it than I thought.,2,5,3,3,1,2,1,2,3,5,3,3,3,2,,,,,,,,,,,,,,,,,,,,,,,"8,10",,4,"1,2,3,5",,"2,5",,,,,,,,2,5,2,1,3,1,2,2,1,2,Maybe an engineer,,,1,,"2,3",,"2,3,6",,5,,11,"1,2,4,8",,3,,1,2,1,3,2,3,2,2,2,1,"24,26,27","1,2,5,6",We made something for our town that people could actually use.,"1,3",,19,"1,2,3,7,9",,3,,2,1,2,1,2,2,1,1,1,2,"21,28","2,3,4,5,6",We made something for our town that people could actually use.,,,,,,,,,,,,,,,,,,,,,,,,,,,,,,,,,,,,,,,,We made something for our town that people could actually use.,2,,2,1,4,5,2,1,3,2,5,,,,,,,,,,,,,,,,,,,,,,,,,Waurn Ponds PS,5,,
2026-09-24 12:49:00,2026-09-24 13:09:57,IP Address,,100,1257,True,2026-09-24 13:10:01,R_MK0083500,,,,,,,anonymous,EN,3,2,2,"1,5",,25,8,Cleaner,19,Electrician,1,1,"Better internet, ours dropped out during the online session.",,,,,"More equipment, we had to share one set.",Agriculture and science. And PE.,Seeing people like me doing these jobs.,,,,They help me think about what I enjoy.,1,An agricultural scientist,4,,,I don't think I will need to move.,,,,1,I would need to go to the city for university.,An agricultural scientist,I found out more about what the job involves.,1,22,5,3,2,1,2,1,1,2,5,2,1,1,"1,3,4",,12,"1,3,4,6,9,10",,3,,2,1,2,5,1,1,3,1,2,1,"20,25,26,27","1,6",Getting to do it here instead of travelling to the city.,"8,10,11",,,,5,"1,2",,4,,,,,,,,2,2,2,2,5,2,5,3,2,2,A vet,"1,4,5,8,10",,1,Someone I know started doing it.,"3,7",,"1,5,6,7",,,,,,,,,,,,,,,,,,,,,,,,,,,,,,,,,,,,,,,,,,,,,,,,,,,,,,,,,,,,,,2,,11,"2,6,9",,2,,2,1,3,1,2,2,2,3,1,"23,25","1,2,6",The video call with the scientist who works with livestock.,The video call with the scientist who works with livestock.,1,,2,1,3,1,3,1,4,3,2,Getting to do it here instead of travelling to the city.,1,,2,1,4,1,3,3,5,2,1,,,,1,2,2,5,3,2,4,1,1,Bendigo South SC,1,,
2026-09-18 10:46:00,2026-09-18 11:12:46,IP Address,,100,1606,True,2026-09-18 11:12:50,R_MK0084276,,,,,,,anonymous,EN,3,2,2,1,,28,22,Mechanic,7,,1,3,"Nothing, it was good.",,18,More visits to the university.,,,I like art and sport. Science is okay.,Doing it with my friends.,,,,They help me think about what I enjoy.,2,,3,,,I don't think I will need to move.,They explain what the job is really like.,Something with robots,1,3,I don't think I will need to move.,Something with robots,Someone I know started doing it.,2,9,1,5,1,2,5,1,1,2,5,2,2,4,3,,23,"3,5,6",,2,,3,2,3,3,3,2,1,1,3,1,28,1,"Programming the robot to move on its own, I'd never done that.","7,8",,"4,7",,,"1,4,7",,4,,,,,,,,3,2,2,1,3,4,1,2,2,2,Maybe an engineer,"1,9,10",,1,I found out more about what the job involves.,"1,2,3,6",,"1,3,6",,,,,,,,,,,,,,,,,,,,,,"3,4",,20,"4,10",,2,,2,4,2,1,2,5,3,1,1,1,"21,22,26",4,The mentor said she was first in her family to go to uni too.,,,,,,,,,,,,,,,,,,,,,,,,,,,,,,,,,,,,,,,,"Programming the robot to move on its own, I'd never done that.",1,,2,3,2,1,2,1,3,3,1,,,,,,,,,,,,,,,,3,1,3,3,2,4,5,2,4,Eaglehawk PS,4,,
2026-10-06 14:25:00,2026-10-06 14:56:39,IP Address,,100,1899,True,2026-10-06 14:56:43,R_MK0085446,,,,,,,anonymous,EN,1,1,2,"1,2,3,4,6,7",,25,4,Nurse at the local hospital,16,Warehouse supervisor,1,2,Make it harder. Some of it we already knew.,,,,,,"Maths and digital technologies, I like solving things.",Doing it with my friends.,,,,They explain what the job is really like.,2,A game developer,2,"2,4",,I don't think I will need to move.,,A computer scientist,3,2,There aren't those jobs near where I live.,A computer scientist,I went to a STEM activity and really liked it.,1,12,1,2,2,2,3,1,2,3,1,1,1,1,4,,17,"4,10",,2,,3,3,1,4,2,1,3,2,1,1,"22,23,24,25,27,28","1,3,4,5","Meeting the mentor who works in tech, I asked her heaps of questions.","7,8",,"1,4,5,7,8",,5,6,,"1,3,4,5",,,,,,,,2,1,2,1,1,2,1,2,2,3,A game developer,"1,3,4,7,10",,2,I went to a STEM activity and really liked it.,"2,4,5,6,7",,1,,,,,,,,,,,,,,,,,,,,,,,,,,,,,,,,,,,,,,,,,,,,,,,,,,,,,,,,,,,,,,,,,,,,,,,,,,,,,,,,,,,,,,,,,,,,,,,,,,,,,,,,,,,,2,3,1,2,1,2,1,5,1,Waurn Ponds PS,3,,
2026-10-01 09:25:00,2026-10-01 09:31:25,IP Address,,100,385,True,2026-10-01 09:31:29,R_MK0086192,,,,,,,anonymous,EN,5,2,1,"1,3,4,9",,26,5,Nurse at the local hospital,20,,1,3,The data tables at the start were confusing.,,,,More field trips instead of classroom parts.,,,More practice before tests.,,,,I talk to them about it at home.,2,Something protecting rivers,1,"1,2,6",,I would need to go to the city for university.,They explain what the job is really like.,Something protecting rivers,2,1,I don't think I will need to move.,An environmental scientist,I went to a STEM activity and really liked it.,1,6,1,2,2,2,1,2,1,2,1,1,2,2,"1,3,4",,12,"2,3,7,8,10",,4,,1,5,3,3,2,1,3,3,2,1,"20,22,25,26,27","1,3,6",Learning science can fix real problems in our own town.,9,,"3,8",,5,3,,"1,4,5",,,,,,,,2,1,2,1,1,3,1,5,1,1,Something protecting rivers,"3,4,9,12",,1,I went to a STEM activity and really liked it.,"2,4,6,7",,"1,4,6",,,,,,,,,,,,,,,,,,,,,,,,,,,,,,,,,,,,,,,,,,"1,5",,13,"1,4,5,10",,2,,3,3,3,1,1,2,2,2,1,3,"27,28","2,3,4,6",Testing the water in the creek near us and finding what was in it.,,,,,,,,,,,,,,,,,,,,The excursion where we surveyed the wetlands.,1,,5,2,2,3,1,1,2,2,4,,,,,,,,,,,,,,,,1,3,4,2,1,1,2,2,1,Traralgon East PS,4,,
2026-10-10 12:38:00,2026-10-10 12:44:28,IP Address,,100,388,True,2026-10-10 12:44:32,R_MK0087696,,,,,,,anonymous,EN,1,1,2,"3,4,5,6,7,9",,29,9,Nurse at the local hospital,4,Builder,1,3,Make it harder. Some of it we already knew.,Make it harder. Some of it we already knew.,,,,,"Maths and digital technologies, I like solving things.",Knowing what jobs these subjects lead to.,,,,They tell me what they think I would be good at.,3,A software engineer,4,"1,3,4,6",,The work I want is mostly in Melbourne.,They explain what the job is really like.,A software engineer,2,1,The work I want is mostly in Melbourne.,A software engineer,I found out more about what the job involves.,2,6,3,2,2,5,2,1,1,1,2,1,2,2,"2,4,5",,26,"2,4,5,6",,1,,1,2,1,5,2,1,1,1,1,2,"21,26,27","4,6",The coding part. I do a bit at home but this was harder.,,,"1,3,4,5,7,10",,4,"1,2,3,6,7",,,,,,,,,,5,1,2,1,2,2,2,2,2,2,,"1,4,5,6,7,8,9,12",,2,I found out more about what the job involves.,"1,5,7",,"1,2",,"2,3,4",,11,"1,5,6,8",,1,,1,2,2,1,1,2,3,1,2,1,"22,25,28",3,"Getting to build something that actually worked, not just learn about it.",,,,,,,,,,,,,,,,,,,,,,,,,,,,,,,,,,,,,,,,,,,,,,,,,,,,,,,,,,,,,,,,,,,,,,,,,,,,,,,,,,,,,,,2,1,2,2,2,1,1,1,1,Waurn Ponds PS,1,,
2026-09-20 10:19:00,2026-09-20 10:42:26,IP Address,,100,1406,True,2026-09-20 10:42:30,R_MK0088288,,,,,,,anonymous,EN,1,2,2,,,31,6,Electrician,10,,1,2,,I would keep it the same but add more group work.,,,,I would keep it the same but add more group work.,"PE and English, and science sometimes.",Doing it with my friends.,,,,They tell me what they think I would be good at.,2,A paramedic,2,1,,,They explain what the job is really like.,"Something in health, I didn't know that was STEM",3,1,There aren't those jobs near where I live.,"Something in health, I didn't know that was STEM",Someone I know started doing it.,2,18,2,3,4,2,2,1,3,2,4,4,3,1,,,,,,,,,,,,,,,,,,,,,"8,10,11",,"1,5",,4,"6,7",,,,,,,,,,4,4,2,2,2,2,1,2,3,4,A nurse or maybe a doctor,"3,11",,2,,"1,3,4,5",,"2,5,6",,"1,3,5",,9,"2,3,5,7",,1,,2,1,2,4,3,4,4,4,1,2,27,6,"Presenting our project, I liked explaining it to the parents.",,,,,,,,,,,,,,,,,,,,,,,,,,,,,,,,,,,,,,,,,"3,5",,13,9,,1,,2,3,3,4,4,1,3,3,3,25,"1,4,5","Presenting our project, I liked explaining it to the parents.","Presenting our project, I liked explaining it to the parents.",2,,2,1,2,1,2,3,2,3,1,,,,,,,,,,,,,,,,3,2,3,3,3,4,4,1,1,Waurn Ponds PS,2,,
2026-09-16 12:42:00,2026-09-16 13:10:49,IP Address,,100,1729,True,2026-09-16 13:10:53,R_MK0089368,,,,,,,anonymous,EN,3,1,2,"2,5,6",,31,14,Truck driver,12,Warehouse supervisor,2,3,,,,,More help with the maths parts.,,,,My family talked to me about what options were out there.,"7,9","5,7",They help me think about what I enjoy.,2,A nurse or maybe a doctor,1,"1,2,3,4",,The work I want is mostly in Melbourne.,They explain what the job is really like.,A nurse or maybe a doctor,3,1,,A nurse or maybe a doctor,I found out more about what the job involves.,1,4,4,3,3,3,1,1,3,3,2,3,2,2,,,,,,,,,,,,,,,,,,,,,,,,,,,,,,A TAFE course in IT support.,2,1,,1,,2,2,2,3,4,2,1,2,4,2,A paramedic,,,2,,,,4,,,,,,,,,,,,,,,,,,,,,,,,,,,,,,,,,,,,,,,,,,2,,15,"1,6,10",,1,,1,2,3,1,4,2,4,3,3,3,"24,25",5,"Presenting our project, I liked explaining it to the parents.",,,,,,,,,,,,,,,,,,,,,,,,,,,,,,,,,,,,,,,,,,,,,,,,,,,,,,,,"Presenting our project, I liked explaining it to the parents.",8,3,
2026-09-15 15:34:00,2026-09-15 16:05:35,IP Address,,100,1895,True,2026-09-15 16:05:39,R_MK0090902,,,,,,,anonymous,EN,3,1,2,"2,3,4,6,9",,22,21,Office administrator,19,,1,2,,Harder content for people who want it.,21,Harder content for people who want it.,,,"Science and maths, they're my strongest.",,,,,They explain what the job is really like.,1,A doctor,4,"3,7",,,They tell me what they think I would be good at.,Medicine or research,2,2,There aren't those jobs near where I live.,A biomedical scientist,Someone I know started doing it.,1,6,1,1,1,2,1,2,1,1,1,2,1,1,,,,,,,,,,,,,,,,,,,,,"7,8,10,11",,"1,7,8",,4,"1,5,6,7",,"1,2",,,,,,,,2,1,4,2,1,1,2,1,1,1,A biomedical scientist,"1,4,5,7,8,12",,2,,"4,5",,"2,3,7",,"1,2,3,4",,14,"3,4,5,7,8",,2,,2,2,1,1,2,3,1,1,2,2,"22,24,27,28",2,The research part where we had to find real evidence.,"1,4,5",,24,"1,3,6,8",,4,,2,2,2,1,2,1,2,2,1,2,"21,22,24,26,27,28","1,2,3",The research part where we had to find real evidence.,,,,,,,,,,,,,,,,,,,,,,,,,,,,,,,,,,,,,,,,,,,,,,,,,,,,Talking to the women in STEM about their actual day to day jobs.,1,,2,2,2,1,2,3,1,1,2,,,,1,1,2,1,1,2,5,1,2,Kangaroo Flat PS,2,,
2026-09-21 14:35:00,2026-09-21 15:00:43,IP Address,,24,1543,False,2026-09-21 15:00:47,R_MK0091334,,,,,,,anonymous,EN,2,2,2,"1,2,5,6,7",,24,14,Accountant,18,Cleaner,2,2,,,,,Make it harder. Some of it we already knew.,,,,My teacher encouraged me to keep going with it.,"1,2,4,6","2,3,4,5",They help me think about what I enjoy.,2,A software engineer,,,,I would need to go to the city for university.,I talk to them about it at home.,A game developer,2,1,I would need to go to the city for university.,A software engineer,I went to a STEM activity and really liked it.,2,6,1,5,2,2,2,2,3,2,1,1,2,1,,,,,,,,,,,,,,,,,,,,,,,,,,,,,,,1,"1,3,4,7",,"2,3,4,5",,1,1,1,1,1,2,2,1,5,2,A game developer,,,,,"1,6",,"4,7",,,,,,,,,,,,,,,,,,,,,,,,,,,,,,,,,,,,,,,,,,"4,5",,14,"1,4,5,7",,2,,2,1,1,2,2,2,1,1,2,1,"20,25,26,28","4,6","Meeting the mentor who works in tech, I asked her heaps of questions.",,,,,,,,,,,,,,,,,,,,,,,,,,,,,,,,"Meeting the mentor who works in tech, I asked her heaps of questions.",1,,2,2,2,1,1,1,1,2,2,,,,2,1,2,1,1,1,1,1,1,"Meeting the mentor who works in tech, I asked her heaps of questions.",6,3,
2026-09-16 12:16:00,2026-09-16 12:46:06,IP Address,,24,1806,False,2026-09-16 12:46:10,R_MK0092677,,,,,,,anonymous,EN,2,1,1,"2,5,7,9",,25,6,Accountant,10,,2,1,,,,,,,,,My family talked to me about what options were out there.,"1,2,6","2,3,7,8",They help me think about what I enjoy.,2,Something where I build things,4,"1,4,6",,There aren't those jobs near where I live.,They help me think about what I enjoy.,Maybe an engineer,1,,I don't think I will need to move.,A carpenter or an engineer,Someone I know started doing it.,,13,1,3,3,1,2,2,1,2,1,2,4,3,,,,,,,,,,,,,,,,,,,,,,,,,,,,,,"Engineering, because I liked building things at school.",1,"1,2,3,5,7",,4,,2,1,4,3,1,3,2,1,2,3,,,,2,,3,,7,,,,,,,,,,,,,,,,,,,,,,,,,,,,,,,,,,,,,,,,,,,,,,,,,,,,,,,,,,,,,,,,,,,,,,,,,,,,,,,,,,,,,,,,,,,,,We made something for our town that people could actually use.,1,,2,5,1,4,1,2,2,3,2,,,,3,1,1,2,1,1,2,1,5,We made something for our town that people could actually use.,8,6,
2026-09-21 09:17:00,2026-09-21 09:45:45,IP Address,,100,1725,True,2026-09-21 09:45:49,R_MK0093567,,,,,,,anonymous,EN,2,1,2,"1,5",,25,16,Works at the supermarket,11,Builder,1,3,,Smaller steps for the graphs.,,,,,,Seeing people like me doing these jobs.,,,,They help me think about what I enjoy.,2,"Something in health, I didn't know that was STEM",3,1,,I would need to go to the city for university.,They tell me what they think I would be good at.,"Something in health, I didn't know that was STEM",1,2,,A nurse or maybe a doctor,I went to a STEM activity and really liked it.,1,6,1,4,2,3,2,5,4,5,1,2,4,3,,,,,,,,,,,,,,,,,,,,,"5,9,10",,"1,3,6",,4,7,,5,,,,,,,,2,2,2,1,2,5,1,5,3,3,A nurse or maybe a doctor,"1,9",,2,,"2,4,7",,2,,3,,9,"4,7",,4,,3,1,2,1,2,4,2,2,2,3,27,"1,2,4,6",Organising my group and working out who did what.,,,,,,,,,,,,,,,,,,,,,,,,,,,,,,,,,,,,,,,,,,,,,,,,,,,,,,,,,,,,,,,,,,,,,,,,,,,,,,,,,,,,,,,2,3,4,2,1,2,4,3,5,Sebastopol PS,1,,
2026-09-22 09:23:00,2026-09-22 09:53:32,IP Address,,100,1832,True,2026-09-22 09:53:36,R_MK0094899,,,,,,,anonymous,EN,1,2,1,"1,2,7",,29,10,Hairdresser,10,Cleaner,2,3,,,20,Let us pick our own groups.,,More choice about what we do.,,,My family talked to me about what options were out there.,"6,7","4,9",I talk to them about it at home.,3,I didn't think about it before but maybe IT,4,"4,7",,I would need to go to the city for university.,I talk to them about it at home.,I didn't think about it before but maybe IT,1,3,The work I want is mostly in Melbourne.,I didn't think about it before but maybe IT,I found out more about what the job involves.,2,9,4,3,2,5,2,3,3,2,1,1,4,4,,,,,,,,,,,,,,,,,,,,,,,,,,,,,,"Engineering, because I liked building things at school.",,"2,3,4",,5,,3,4,3,2,5,3,2,3,2,1,Something with computers,,,1,,7,,"3,5,6,7",,,,,,,,,,,,,,,,,,,,,,"1,3",,15,"3,6,8,10",,2,,2,1,4,1,3,2,3,5,2,3,20,1,The teachers actually listened to our ideas.,,,,,,,,,,,,,,,,,,,,,3,,7,9,,1,,4,1,3,1,1,3,1,4,4,"20,21,25",5,"It wasn't like normal school, we chose what our project was about.","Making a game, I didn't know you could learn that at school.",3,,3,4,1,2,3,4,3,2,1,The teachers actually listened to our ideas.,1,,2,3,3,3,3,3,3,4,4,,,,4,3,3,4,1,2,1,4,5,"Making a game, I didn't know you could learn that at school.",3,3,
2026-09-24 10:00:00,2026-09-24 10:26:55,IP Address,,100,1615,True,2026-09-24 10:26:59,R_MK0095728,,,,,,,anonymous,EN,6,1,1,"2,4,6,9",,23,9,Pharmacist,18,Warehouse supervisor,1,1,,,18,More time to write up what we found.,"Longer, and less talking in front of everyone at the end.",,Science and English. Maths is okay but harder.,,,,,They explain what the job is really like.,1,Not sure yet,4,3,,I would need to go to the city for university.,They help me think about what I enjoy.,Maybe a teacher,1,1,I would need to go to the city for university.,A scientist,I realised I was better at it than I thought.,1,22,1,2,2,2,5,1,3,2,3,1,3,5,,,,,,,,,,,,,,,,,,,,,"6,9",,"1,2,3,4,7",,4,"2,4,5,7",,5,,,,,,,,3,2,4,4,3,2,2,2,4,2,A scientist,"1,3,9,12",,,,"4,6",,"3,4",,,,,,,,,,,,,,,,,,,,,,"1,3,4",,21,"3,8,10",,2,,2,2,4,2,3,3,3,4,2,2,"21,23,28","3,6",I liked that we could test our own ideas even when they didn't work.,1,,14,"1,7",,4,,1,2,2,2,3,4,1,4,1,3,"21,25",1,Doing the experiments myself instead of watching the teacher do it.,,,,,,,,,,,,,,,,,,,,,,,,,,,,,,,,,,,,,,,,,,,,,,,5,1,2,1,1,2,3,3,2,Ararat West PS,2,,
2026-10-11 13:28:00,2026-10-11 13:56:31,IP Address,,100,1711,True,2026-10-11 13:56:35,R_MK0096360,,,,,,,anonymous,EN,5,1,2,4,,27,6,Electrician,10,Truck driver,1,3,,,22,"Explain things more at the start, I didn't understand the words.","Explain things more at the start, I didn't understand the words.",,"Maths is alright, I like the puzzles.",More hands-on activities instead of just worksheets.,,,,They tell me what they think I would be good at.,3,Maybe an engineer,,6,,I would need to go to the city for university.,They help me think about what I enjoy.,,1,3,There aren't those jobs near where I live.,Something with robots,I found out more about what the job involves.,1,11,1,2,2,4,4,2,4,2,2,1,2,3,,,,,,,,,,,,,,,,,,,,,"4,7,8,10",,"2,3,5",,5,"2,4,5",,2,,,,,,,,,,,,,,,,,,Something with robots,"1,3,4",,1,,"2,3,4,6,7",,"3,4,6",,,,,,,,,,,,,,,,,,,,,,1,,17,"5,7,9,10",,2,,2,2,2,1,1,3,2,1,1,4,"24,25,28","3,4",The mentor said she was first in her family to go to uni too.,5,,12,"5,7,9",,1,,1,1,3,2,2,1,4,2,3,1,"21,27,28","1,5","Programming the robot to move on its own, I'd never done that.",,,,,,,,,,,,,,,,,,,,"Going to the university campus, I'd never been to one.",3,,2,3,1,2,3,4,2,1,4,,,,,,,,,,,,,,,,4,3,3,1,2,1,2,3,4,Traralgon East PS,3,,
2026-09-17 11:11:00,2026-09-17 11:32:23,IP Address,,100,1283,True,2026-09-17 11:32:27,R_MK0097573,,,,,,,anonymous,EN,6,4,2,"3,6,7",,25,8,Truck driver,10,,1,3,,Smaller steps for the graphs.,,,,,English and health. I don't really like maths.,Getting help when I get stuck.,,,,They explain what the job is really like.,1,A nurse or maybe a doctor,4,6,,The work I want is mostly in Melbourne.,I talk to them about it at home.,A paramedic,1,2,There aren't those jobs near where I live.,A nurse or maybe a doctor,,1,22,2,4,3,3,3,3,4,4,1,3,5,4,,,,,,,,,,,,,,,,,,,,,"7,8,10",,"2,7",,5,,,"3,5",,,,,,,,3,5,2,5,1,3,2,3,3,3,"Something in health, I didn't know that was STEM","4,11,12",,,,6,,"2,6,7",,"1,3",,5,"2,6",,1,,1,3,3,2,1,3,2,2,2,2,"23,27",2,Organising my group and working out who did what.,,,,,,,,,,,,,,,,,,,,,,,,,,,,,,,,,,,,,,,,,,,,,,,,,,,,,,,,,,,,"Presenting our project, I liked explaining it to the parents.",3,,4,4,3,1,2,2,1,2,2,"Finding out health jobs are STEM jobs, I thought STEM was just computers.",1,,2,4,1,3,2,4,5,3,1,,,,,,,,,,,,,Pyrenees PS,3,,
2026-09-18 09:39:00,2026-09-18 09:49:03,IP Address,,100,603,True,2026-09-18 09:49:07,R_MK0098793,,,,,,,anonymous,EN,2,2,1,3,,30,8,,12,Nurse at the local hospital,1,2,,More field trips instead of classroom parts.,19,More field trips instead of classroom parts.,,,I like science because it's about real things.,Doing it with my friends.,,,,I talk to them about it at home.,2,An environmental scientist,3,,,I don't think I will need to move.,They explain what the job is really like.,An environmental scientist,,3,,An environmental scientist,I realised I was better at it than I thought.,2,5,2,2,2,1,2,2,1,1,1,1,1,2,,,,,,,,,,,,,,,,,,,,,,,"1,2,5,7,9",,5,"1,3,4,7",,,,,,,,,,2,2,1,3,1,2,2,1,1,5,An environmental scientist,"1,4,5,9,10,11",,2,,"1,5",,"2,3",,"1,2,5",,6,"2,4,5,9,10",,3,,2,2,2,1,1,2,2,1,1,2,"22,24,26,27,28","1,2,3",The excursion where we surveyed the wetlands.,"1,2,3,4",,23,"5,10",,2,,1,2,1,5,2,2,3,3,5,2,"20,21,22,24,26,27","1,2,3,5",Learning science can fix real problems in our own town.,,,,,,,,,,,,,,,,,,,,,,,,,,,,,,,,,,,,,,,,,,,,,,,,,,,,,,,,,,,,,,,,,,,1,3,1,4,2,2,1,2,1,Wendouree PS,3,,
2026-09-25 13:55:00,2026-09-25 14:03:29,IP Address,,100,509,True,2026-09-25 14:03:33,R_MK0099939,,,,,,,anonymous,EN,2,2,1,7,,29,17,Childcare educator,,Childcare educator,1,3,,More time to write up what we found.,,,More time to write up what we found.,"Longer, and less talking in front of everyone at the end.",Science and English. Maths is okay but harder.,More practice before tests.,,,,They explain what the job is really like.,2,Not sure yet,1,"2,4,7",,The work I want is mostly in Melbourne.,,A vet maybe,,1,There aren't those jobs near where I live.,A scientist,I found out more about what the job involves.,,17,1,3,3,3,1,1,2,2,3,3,2,4,,,,,,,,,,,,,,,,,,,,,10,,,,4,"2,5,7",,5,,,,,,,,5,2,2,4,4,3,2,4,4,5,A scientist,"4,8,10",,2,,"2,4",,"2,4,5,6",,2,,12,"6,7,9,10",,2,,1,3,1,2,4,1,2,5,3,2,"20,21,22,25,28","4,5",Being in a small group where I wasn't scared to say the wrong thing.,,,,,,,,,,,,,,,,,,,,,"2,4,5",,9,1,,2,,1,2,2,1,1,3,1,5,1,1,"20,28","5,6",I liked that we could test our own ideas even when they didn't work.,"2,5",,4,"1,2,5,6,7",,2,,1,3,1,1,2,1,5,1,1,"23,24,25,27",1,I liked that we could test our own ideas even when they didn't work.,Being in a small group where I wasn't scared to say the wrong thing.,2,,2,2,4,1,2,4,4,2,3,,,,,,,,,,,,,,,,1,3,3,3,1,1,1,4,3,Wendouree PS,3,,
2026-09-17 09:34:00,2026-09-17 09:47:18,IP Address,,100,798,True,2026-09-17 09:47:22,R_MK0100617,,,,,,,anonymous,EN,1,1,2,"1,7",,28,6,Accountant,15,Warehouse supervisor,1,1,,Less sitting down at the start before we got to build.,,,"Nothing, I liked the making part.",,Woodwork and design. I like making things with my hands.,Knowing what jobs these subjects lead to.,,,,I talk to them about it at home.,3,A carpenter or an engineer,1,,,I would need to go to the city for university.,They explain what the job is really like.,Something where I build things,2,1,There aren't those jobs near where I live.,Something where I build things,I realised I was better at it than I thought.,2,14,4,1,1,2,3,4,2,1,2,1,3,3,,,,,,,,,,,,,,,,,,,,,"5,6,8,10,11",,,,4,4,,4,,,,,,,,,,,,,,,,,,Something where I build things,"1,7,8,12",,1,,5,,"2,4,6",,"1,2,4",,10,"1,8,9",,4,,3,5,1,1,1,4,1,2,2,2,"22,24,25,27","2,3,6","Using the 3D printer, I didn't know our school had one.",,,,,,,,,,,,,,,,,,,,,"1,3",,17,"3,4,5,7,10",,2,,1,2,3,2,2,1,3,4,3,2,"21,22,27",4,We made something for our town that people could actually use.,,,,,,,,,,,,,,,,,,,,We made something for our town that people could actually use.,1,,2,2,2,1,4,1,4,5,1,,,,,,,,,,,,,,,,3,2,4,1,2,2,3,3,1,Corio North PS,1,,
2026-10-08 14:33:00,2026-10-08 14:57:46,IP Address,,100,1486,True,2026-10-08 14:57:50,R_MK0101904,,,,,,,anonymous,EN,5,2,2,"1,2,4",,31,17,Builder,8,,1,,"More tools, we had to share.","Nothing, I liked the making part.",,,,"More tools, we had to share.",Woodwork and design. I like making things with my hands.,More practice before tests.,,,,I talk to them about it at home.,,A carpenter or an engineer,1,"2,7",,The work I want is mostly in Melbourne.,They tell me what they think I would be good at.,A carpenter or an engineer,,1,I would need to go to the city for university.,A carpenter or an engineer,Someone I know started doing it.,1,5,2,2,3,4,3,1,2,2,2,2,2,2,"3,4",,13,"3,6",,3,,3,2,1,5,1,2,2,1,1,1,"22,26,28",3,Making the model with real tools. It felt like proper work.,"4,5,10",,"2,9,10",,4,"3,7",,"2,4,5",,,,,,,,5,1,2,3,2,3,4,2,1,5,Maybe an engineer,"1,4,12",,2,I found out more about what the job involves.,"2,6,7",,"1,2,5,7",,4,,7,"4,5,8",,3,,3,3,2,2,1,3,2,5,2,2,"21,22,24,26",4,"Using the 3D printer, I didn't know our school had one.",,,,,,,,,,,,,,,,,,,,,,,,,,,,,,,,,,,,,,,,,"2,4,5",,10,"6,8,9",,1,,2,3,5,1,3,1,1,1,1,"21,22","3,4",We made something for our town that people could actually use.,,,,,,,,,,,,,Making the model with real tools. It felt like proper work.,1,,2,4,3,1,2,3,2,3,3,,,,4,3,2,2,1,1,1,1,2,Latrobe Valley SC,2,,
2026-09-29 09:09:00,2026-09-29 09:14:27,IP Address,,100,327,True,2026-09-29 09:14:31,R_MK0102146,,,,,,,anonymous,EN,6,1,2,"1,3,6",,28,10,Primary school teacher,15,Electrician,2,2,"More tools, we had to share.",,18,Less sitting down at the start before we got to build.,"Nothing, I liked the making part.",,,,My teacher encouraged me to keep going with it.,3,"3,4,8",I talk to them about it at home.,,Something where I build things,1,2,,There aren't those jobs near where I live.,I talk to them about it at home.,Maybe an engineer,2,,There aren't those jobs near where I live.,Something where I build things,Someone I know started doing it.,1,21,2,1,1,1,3,3,1,2,2,3,2,1,"1,2,5",,24,"3,9,10",,1,,2,1,2,2,1,3,3,2,3,2,"20,21",5,We made something for our town that people could actually use.,,,,,,,,,,"Engineering, because I liked building things at school.",2,2,,"1,3",,1,1,5,2,4,1,2,2,3,4,A carpenter or an engineer,,,2,I found out more about what the job involves.,"1,4,6,7",,"1,3,4",,,,,,,,,,,,,,,,,,,,,,1,,20,9,,3,,2,1,3,2,2,2,2,2,5,1,"22,28",2,Making the model with real tools. It felt like proper work.,"2,3",,16,"2,9,10",,4,,1,4,4,3,2,2,4,1,2,2,"22,26,28","1,5",Making the model with real tools. It felt like proper work.,,,,,,,,,,,,,,,,,,,,,,,,,,,,,,,,,,,,,,,,,,,,,,,3,4,2,2,2,1,1,3,2,"Using the 3D printer, I didn't know our school had one.",6,1,
2026-09-20 13:59:00,2026-09-20 14:17:46,IP Address,,100,1126,True,2026-09-20 14:17:50,R_MK0103447,,,,,,,anonymous,EN,3,3,1,"5,6",,29,6,Builder,20,Farmer,2,2,"More tools, we had to share.","More tools, we had to share.",,,,,,,I knew I enjoyed it so I kept choosing it.,"5,6,9","5,6,8",They explain what the job is really like.,3,Something where I build things,3,"2,4,5,7",,,They tell me what they think I would be good at.,Maybe an engineer,3,1,,Maybe an engineer,I went to a STEM activity and really liked it.,1,14,4,1,2,2,1,2,1,2,2,5,2,3,4,,22,"1,2,7,8,10",,1,,1,2,3,1,5,2,3,2,1,1,"20,26,27","2,5",We made something for our town that people could actually use.,,,,,,,,,,"Teaching, because I had a great teacher.",2,"2,6",,,,4,1,3,3,2,3,4,1,3,3,Something where I build things,,,2,I went to a STEM activity and really liked it.,"4,5,7",,"1,2",,"4,5",,14,"4,6,8,10",,3,,3,1,1,3,2,1,4,5,1,1,"21,23,27,28","3,4,5,6","Using the 3D printer, I didn't know our school had one.",,,,,,,,,,,,,,,,,,,,,,,,,,,,,,,,,,,,,,,,,,,,,,,,,,,,,,,,,,,,,,,,,,,,,,,,,,,,,,,,,,,,,,,1,1,4,2,4,4,1,3,1,Making the model with real tools. It felt like proper work.,,4,
2026-09-21 10:17:00,2026-09-21 10:48:39,IP Address,,100,1899,True,2026-09-21 10:48:43,R_MK0104437,,,,,,,anonymous,EN,2,2,2,,,22,18,Runs a cafe,6,Electrician,1,3,"Longer, and less talking in front of everyone at the end.","Maybe explain the words at the start, I didn't know some of them.",22,More time to write up what we found.,,,Science and English. Maths is okay but harder.,Getting help when I get stuck.,,,,They help me think about what I enjoy.,3,Not sure yet,2,"1,2,3,4",,I don't think I will need to move.,They explain what the job is really like.,Maybe a teacher,2,2,There aren't those jobs near where I live.,A vet maybe,Someone I know started doing it.,1,17,2,5,3,5,3,1,3,2,4,1,3,1,"3,4",,15,"4,7,9",,3,,2,3,3,1,2,2,2,4,3,2,"21,22,24,27","1,5",Doing the experiments myself instead of watching the teacher do it.,"8,10,11",,"1,2,3,5,9",,4,"2,4,5,6",,"1,2,5",,,,,,,,2,2,1,2,3,2,5,3,3,2,A vet maybe,"5,12",,1,I realised I was better at it than I thought.,,,"1,2,3",,1,,14,"1,2,5,10",,1,,3,1,3,2,2,2,1,3,1,2,"21,23,25",3,Being in a small group where I wasn't scared to say the wrong thing.,"1,2,3",,20,"1,2,4",,2,,2,4,4,3,2,1,4,2,2,2,21,"3,4,6",Doing the experiments myself instead of watching the teacher do it.,,,,,,,,,,,,,,,,,,,,,,,,,,,,,,,,,,,,,,,,,,,,,,,,,,,,,,,,,,,,,,,,,,,3,2,1,1,2,1,3,2,3,Ballarat East SC,3,,
2026-09-21 11:47:00,2026-09-21 12:11:16,IP Address,,24,1456,False,2026-09-21 12:11:20,R_MK0105542,,,,,,,anonymous,EN,1,1,1,"3,6,9",,22,17,Electrician,5,Nurse at the local hospital,1,2,"More equipment, we had to share one set.",,21,"Better internet, ours dropped out during the online session.",,,Agriculture and science. And PE.,Seeing people like me doing these jobs.,,,,They tell me what they think I would be good at.,1,A vet,1,,,I don't think I will need to move.,They help me think about what I enjoy.,An agricultural scientist,1,2,There aren't those jobs near where I live.,A vet,I went to a STEM activity and really liked it.,1,7,4,2,1,3,2,2,3,1,2,1,1,1,5,,17,"1,2,4",,2,,1,2,2,4,3,3,4,2,3,1,"20,21,22,23,25,26,27,28","1,3,4",The video call with the scientist who works with livestock.,10,,"1,3,6,9,10",,4,,,3,,,,,,,,2,1,1,1,3,1,1,3,2,1,An agricultural scientist,"1,6,10,12",,2,I found out more about what the job involves.,,,"1,3,7",,,,,,,,,,,,,,,,,,,,,,2,,16,"3,5,6",,3,,3,1,3,3,1,2,2,1,1,2,"22,25,26,27",5,Getting to do it here instead of travelling to the city.,,,,,,,,,,,,,,,,,,,,,,,,,,,,,,,,,,,,,,,,,,,,,,,,,,,,The video call with the scientist who works with livestock.,1,,1,1,2,2,3,2,3,2,2,,,,1,1,3,1,1,3,2,3,2,Corio North PS,2,,
2026-10-12 14:39:00,2026-10-12 14:55:19,IP Address,,100,979,True,2026-10-12 14:55:23,R_MK0106701,,,,,,,anonymous,EN,2,2,2,"1,2,3,5,7",,25,16,Accountant,5,Police officer,1,3,,,21,"Explain things more at the start, I didn't understand the words.",,More visits to the university.,,If the teacher explained things more slowly.,,,,They explain what the job is really like.,3,,2,"2,5,6,7",,The work I want is mostly in Melbourne.,They help me think about what I enjoy.,Maybe an engineer,,1,,"I want to go to uni now, maybe engineering",Someone I know started doing it.,2,21,2,3,2,3,1,1,1,3,2,1,1,2,,,,,,,,,,,,,,,,,,,,,"4,5,7,10,11",,"1,5,6,7,8,10",,5,7,,"1,2,3,4",,,,,,,,5,2,2,2,2,3,2,4,3,5,Something with robots,"1,7",,1,,2,,"3,5",,,,,,,,,,,,,,,,,,,,,,1,,17,"1,2,8,9",,3,,1,3,3,3,3,2,3,3,2,1,"22,27",6,"Programming the robot to move on its own, I'd never done that.",,,,,,,,,,,,,,,,,,,,,"2,5",,14,"4,5,7",,1,,1,3,2,3,1,1,1,2,2,"21,27,28","4,5,6","Programming the robot to move on its own, I'd never done that.",,,,,,,,,,,,,,,,,,,,,,,,,,,,1,3,2,4,2,1,3,1,2,Wendouree PS,1,,
2026-10-04 12:48:00,2026-10-04 13:07:00,IP Address,,100,1140,True,2026-10-04 13:07:04,R_MK0107985,,,,,,,anonymous,EN,2,1,2,"1,9",,28,13,Nurse at the local hospital,17,Farmer,1,2,,,20,More time to write up what we found.,,,"I like science because we get to do experiments, and art.",Seeing people like me doing these jobs.,,,,They tell me what they think I would be good at.,1,A scientist,,"1,4,6",,The work I want is mostly in Melbourne.,,Not sure yet,2,2,,,,,21,3,2,2,4,3,4,3,2,3,1,5,4,,,,,,,,,,,,,,,,,,,,,"5,9,10,11",,,,5,"1,4,7",,"1,2",,,,,,,,3,3,3,3,2,3,1,3,3,4,A scientist,"3,7,12",,1,,"3,5,7",,"3,6,7",,,,,,,,,,,,,,,,,,,,,,5,,20,"2,4,6,7,8,9",,2,,2,5,2,2,4,2,3,2,2,1,"21,24,25,26",6,Being in a small group where I wasn't scared to say the wrong thing.,,,,,,,,,,,,,,,,,,,,,,,,,,,,,,,,,,,,,,,,I liked that we could test our own ideas even when they didn't work.,3,,3,2,1,1,3,3,3,1,3,Being in a small group where I wasn't scared to say the wrong thing.,1,,3,3,2,1,1,3,2,4,3,,,,2,2,2,1,2,2,4,3,4,Ballarat East SC,2,,
2026-09-28 09:28:00,2026-09-28 09:44:50,IP Address,,100,1010,True,2026-09-28 09:44:54,R_MK0108802,,,,,,,anonymous,EN,2,1,2,"1,2,5,7",,21,7,Accountant,19,,1,2,Better materials for the making part.,,,,,,"Visual arts, and design and tech.",Knowing what jobs these subjects lead to.,,,,I talk to them about it at home.,2,An architect,3,"2,3,5,6",,I would need to go to the city for university.,,An architect,2,3,There aren't those jobs near where I live.,"A designer, maybe for apps",I went to a STEM activity and really liked it.,1,4,3,4,1,3,2,1,1,5,1,1,2,2,1,,29,"1,5,6,8",,4,,1,2,2,5,1,2,1,1,1,3,"20,23,27",3,Finding out design is part of engineering too.,4,,,,4,"1,2,7",,"1,2,4,5",,,,,,,,3,2,2,3,2,1,5,2,1,3,Design and technology together,"1,3,5,12",,,Someone I know started doing it.,"3,5",,"1,6",,,,,,,,,,,,,,,,,,,,,,,,,,,,,,,,,,,,,,,,,,,,,,,,,,,,,,,,,,,,,,,,,,,,,,,,,,,,,,,,,Finding out design is part of engineering too.,2,,2,3,2,2,2,1,4,3,1,,,,,,,,,,,,,,,,1,3,2,1,2,1,3,2,3,Ballarat East SC,2,,
2026-09-20 14:21:00,2026-09-20 14:43:39,IP Address,,100,1359,True,2026-09-20 14:43:43,R_MK0109108,,,,,,,anonymous,EN,1,3,2,"1,7",,24,12,Truck driver,22,Warehouse supervisor,1,1,,"More equipment, we had to share one set.",,,,,Agriculture and science. And PE.,Getting help when I get stuck.,,,,They help me think about what I enjoy.,1,Something with animals and science,4,"2,3,4,7",,There aren't those jobs near where I live.,I talk to them about it at home.,A vet,3,1,The work I want is mostly in Melbourne.,A vet,I went to a STEM activity and really liked it.,2,18,4,2,3,3,2,2,3,4,3,2,2,3,,,,,,,,,,,,,,,,,,,,,"7,8,11",,"1,2,8",,5,"1,2,3,7",,4,,,,,,,,3,2,4,5,1,5,3,2,2,2,,"1,4,7",,2,,,,"2,6,7",,"2,4,5",,5,"1,9",,1,,3,1,1,1,1,1,2,2,1,1,"21,23,24","1,5",The video call with the scientist who works with livestock.,,,,,,,,,,,,,,,,,,,,,,,,,,,,,,,,,,,,,,,,,,,,,,,,,,,,,,,,,,,,Getting to do it here instead of travelling to the city.,2,,2,2,1,2,5,2,1,3,5,"Learning the science behind farming, which is what my family does.",1,,1,2,3,1,1,3,1,1,1,,,,2,1,5,4,1,3,5,1,4,Corio North PS,5,,
2026-10-09 10:26:00,2026-10-09 10:35:10,IP Address,,47,550,False,2026-10-09 10:35:14,R_MK0110505,,,,,,,anonymous,EN,6,1,2,,,30,20,Hairdresser,9,Electrician,2,1,"Nothing much, it was well run.",Harder content for people who want it.,,,,,,,My teacher encouraged me to keep going with it.,"2,4,6,7,8","2,6,7,8,9",They explain what the job is really like.,1,A doctor,,"2,7",,There aren't those jobs near where I live.,They explain what the job is really like.,A doctor,1,2,,A biomedical scientist,I found out more about what the job involves.,1,16,2,3,5,1,5,5,2,2,5,2,1,1,"1,3,4,5",,19,"1,3,4",,2,,2,2,1,3,2,1,1,1,2,1,"21,24,25,26,28","1,4,5,6",Talking to the women in STEM about their actual day to day jobs.,,,,,,,,,,"Environmental science, because I care about the outdoors.",1,"1,3,7",,"1,3,4",,1,5,1,1,1,2,1,1,1,5,Medicine or research,,,1,I went to a STEM activity and really liked it.,,,"1,2",,"3,5",,5,"1,2,3,7,9,10",,4,,1,3,2,2,2,1,2,1,2,1,"20,23,25,27,28","1,2,3,5,6",The research part where we had to find real evidence.,,,,,,,,,,,,,,,,,,,,,,,,,,,,,,,,,,,,,,,,,,,,,,,,,,,,,,,,,,,,,,,,,,,,,,,,,,,,,,,,,,,,,,,2,2,1,2,1,2,2,3,1,Going deeper than we do in normal class.,,4,
2026-10-04 14:46:00,2026-10-04 15:12:47,IP Address,,100,1607,True,2026-10-04 15:12:51,R_MK0111485,,,,,,,anonymous,EN,4,2,2,,,31,11,Pharmacist,,,2,2,Let us pick our own groups.,,,,Let us pick our own groups.,,,,My teacher encouraged me to keep going with it.,"4,5,9",,,1,I didn't think about it before but maybe IT,2,,,There aren't those jobs near where I live.,They explain what the job is really like.,,3,3,The work I want is mostly in Melbourne.,I didn't think about it before but maybe IT,Someone I know started doing it.,1,10,3,4,3,1,3,1,4,3,3,1,4,3,5,,10,5,,2,,1,1,3,1,5,2,3,3,2,4,"23,24,25,26",3,"Making a game, I didn't know you could learn that at school.",,,,,,,,,,"Environmental science, because I care about the outdoors.",,"1,6",,"3,5",,5,3,3,3,3,3,1,3,4,2,,,,1,I realised I was better at it than I thought.,4,,"1,4",,,,,,,,,,,,,,,,,,,,,,,,,,,,,,,,,,,,,,,,,,1,,9,"3,4,10",,2,,2,2,3,4,4,3,4,3,4,1,22,5,The teachers actually listened to our ideas.,,,,,,,,,,,,,,,,,,,,,,,,,,,,,,,,,,,,,,,,,,,,,,,3,3,1,4,3,2,2,4,3,"Making a game, I didn't know you could learn that at school.",5,3,
2026-09-24 13:50:00,2026-09-24 14:11:45,IP Address,,100,1305,True,2026-09-24 14:11:49,R_MK0112685,,,,,,,anonymous,EN,5,2,2,,,31,10,,16,,1,2,"More tools, we had to share.",,,,"More tools, we had to share.",Less sitting down at the start before we got to build.,"Design and tech, and PE.",More practice before tests.,,,,I talk to them about it at home.,1,Maybe an engineer,2,"5,6",,I would need to go to the city for university.,They tell me what they think I would be good at.,,3,2,,Maybe an engineer,I realised I was better at it than I thought.,,8,5,5,3,2,3,5,3,1,2,3,2,1,"1,2,5",,20,"3,4,7",,2,,2,3,3,5,1,1,1,1,2,4,"20,25,26","1,2",We made something for our town that people could actually use.,"10,11",,"1,5,7,9,10",,4,"2,7",,,,,,,,,,1,5,5,1,1,1,1,2,1,2,A carpenter or an engineer,9,,2,I realised I was better at it than I thought.,7,,"1,4,5,6",,,,,,,,,,,,,,,,,,,,,,,,,,,,,,,,,,,,,,,,,,"1,2,3,5",,13,"3,4,7,9",,1,,3,3,2,3,2,4,1,1,3,1,"23,24,28","5,6",Making the model with real tools. It felt like proper work.,"1,2,3,4",,14,"1,2,3,4,8,9",,4,,2,1,1,1,1,3,1,3,5,"22,24,28",5,We made something for our town that people could actually use.,We made something for our town that people could actually use.,3,,3,4,2,3,1,2,1,1,2,,,,,,,,,,,,,,,,1,3,3,2,1,1,5,1,1,Moe South PS,6,,
2026-09-30 14:22:00,2026-09-30 14:47:40,IP Address,,100,1540,True,2026-09-30 14:47:44,R_MK0113131,,,,,,,anonymous,EN,4,2,2,6,,29,17,Works at the supermarket,6,Childcare educator,1,3,,More choice about what we do.,,,,"Shorter instructions, they were too long.","I like digital tech, the rest is boring.",Knowing what jobs these subjects lead to.,,,,They explain what the job is really like.,3,I didn't think about it before but maybe IT,3,,,I don't think I will need to move.,I talk to them about it at home.,I didn't think about it before but maybe IT,,3,There aren't those jobs near where I live.,Maybe game design,,2,9,2,2,3,2,4,2,3,2,2,2,3,3,,,,,,,,,,,,,,,,,,,,,,,"2,3,6",,5,4,,1,,,,,,,,5,1,3,2,4,2,3,3,4,1,Maybe game design,,,,,"1,2,6",,"2,5,6,7",,1,,4,"1,3,4",,1,,3,2,4,3,1,3,4,4,4,2,24,2,"It wasn't like normal school, we chose what our project was about.",,,,,,,,,,,,,,,,,,,,,,,,,,,,,,,,,,,,,,,,,1,,5,"4,10",,4,,4,4,3,1,3,2,4,3,3,"21,28",2,The teachers actually listened to our ideas.,"It wasn't like normal school, we chose what our project was about.",1,,1,1,1,1,4,4,4,3,4,"It wasn't like normal school, we chose what our project was about.",1,,5,2,4,1,2,2,4,4,3,,,,4,4,5,3,2,4,2,2,1,Merri River PS,5,,
2026-09-30 12:46:00,2026-09-30 13:16:59,IP Address,,100,1859,True,2026-09-30 13:17:03,R_MK0114149,,,,,,,anonymous,EN,2,1,2,"1,4",,21,16,Works at the supermarket,4,Hairdresser,2,3,,Let us pick our own groups.,,,,,,,My family talked to me about what options were out there.,"4,9","4,5,8",They explain what the job is really like.,1,Something with computers,3,"4,7",,The work I want is mostly in Melbourne.,I talk to them about it at home.,I didn't think about it before but maybe IT,3,2,I would need to go to the city for university.,Something with computers,I realised I was better at it than I thought.,2,10,2,5,2,5,2,2,2,3,2,2,2,2,,,,,,,,,,,,,,,,,,,,,,,,,,,,,,A TAFE course in IT support.,1,"4,5",,2,,4,5,3,3,1,4,3,2,2,3,Maybe game design,,,,,"1,3,7",,2,,1,,10,8,,2,,3,3,3,4,2,5,2,1,3,3,"21,25","1,4","Making a game, I didn't know you could learn that at school.",,,,,,,,,,,,,,,,,,,,,,,,,,,,,,,,,,,,,,,,,,,,,,,,,,,,,,,,,,,,,,,,,,,,,,,,,,,,,,,,,,,,,,,3,3,4,2,3,5,2,5,2,The teachers actually listened to our ideas.,,2,
2026-10-09 09:28:00,2026-10-09 09:47:40,IP Address,,100,1180,True,2026-10-09 09:47:44,R_MK0115474,,,,,,,anonymous,EN,1,2,2,"3,4,5,9",,25,15,Pharmacist,11,Truck driver,1,1,,,20,More help with the maths parts.,,,English and health. I don't really like maths.,Seeing people like me doing these jobs.,,,,They tell me what they think I would be good at.,2,A nurse or maybe a doctor,1,"3,7",,The work I want is mostly in Melbourne.,They help me think about what I enjoy.,"Something in health, I didn't know that was STEM",1,1,I would need to go to the city for university.,A paramedic,I went to a STEM activity and really liked it.,2,16,3,2,2,2,2,3,4,2,3,2,2,2,,,,,,,,,,,,,,,,,,,,,6,,"1,3,5",,4,,,3,,,,,,,,3,3,3,2,4,3,5,2,4,3,A nurse or maybe a doctor,"1,3",,1,,,,"3,6,7",,,,,,,,,,,,,,,,,,,,,,1,,19,"6,10",,4,,2,2,4,2,2,3,3,2,4,2,25,"4,6",Organising my group and working out who did what.,,,,,,,,,,,,,,,,,,,,,,,,,,,,,,,,,,,,,,,,Organising my group and working out who did what.,1,,1,1,2,3,4,1,2,4,2,"Finding out health jobs are STEM jobs, I thought STEM was just computers.",1,,2,1,2,3,1,4,1,2,3,,,,1,3,3,1,4,1,1,2,1,Geelong West SC,2,,
2026-10-10 13:45:00,2026-10-10 13:59:13,IP Address,,47,853,False,2026-10-10 13:59:17,R_MK0116277,,,,,,,anonymous,EN,5,1,2,"3,4,6,7,9",,23,6,Primary school teacher,14,Pharmacist,1,2,,More visits to the university.,18,"Explain things more at the start, I didn't understand the words.",More visits to the university.,,"Maths is alright, I like the puzzles.",More hands-on activities instead of just worksheets.,,,,They explain what the job is really like.,1,Something with robots,1,,,There aren't those jobs near where I live.,They help me think about what I enjoy.,,2,2,I would need to go to the city for university.,Something with robots,,1,12,1,1,3,1,2,2,4,5,1,2,2,1,,,,,,,,,,,,,,,,,,,,,"4,6,8,10",,"2,7,10",,5,"1,2,3,6,7",,"1,3,4",,,,,,,,2,2,3,1,2,3,3,4,1,2,"I want to go to uni now, maybe engineering","1,3,4",,1,,"1,3",,"2,3,4",,"1,5",,14,"2,3,5,8,9",,2,,1,2,4,2,3,3,2,4,2,3,"21,25,28","1,3,4,6","Going to the university campus, I'd never been to one.",3,,15,"1,2,3,4,5,7,8",,3,,1,1,3,2,1,1,1,2,1,1,"21,23,24,28","1,5,6","Going to the university campus, I'd never been to one.","3,4,5",,11,"6,10",,4,,3,2,3,2,2,2,4,4,3,5,"20,22,24,25","2,3,5","Programming the robot to move on its own, I'd never done that.",,,,,,,,,,,,,,,,,,,,,,,,,,,,,,,,,,,,,,,,,,,,,,,4,3,2,2,2,1,1,2,4,Traralgon East PS,1,,
2026-10-01 13:31:00,2026-10-01 13:42:39,IP Address,,100,699,True,2026-10-01 13:42:43,R_MK0117960,,,,,,,anonymous,EN,1,2,2,"3,7,9",,23,21,Cleaner,15,Mechanic,2,2,,"Explain things more at the start, I didn't understand the words.",20,"Explain things more at the start, I didn't understand the words.","Nothing, it was good.",,,,My family talked to me about what options were out there.,"1,2,5,6","2,5,9",They help me think about what I enjoy.,1,"I want to go to uni now, maybe engineering",2,"1,4,6,7",,There aren't those jobs near where I live.,They tell me what they think I would be good at.,Something with robots,3,1,The work I want is mostly in Melbourne.,Maybe an engineer,I found out more about what the job involves.,2,18,3,2,3,1,5,2,2,1,1,2,3,3,,,,,,,,,,,,,,,,,,,,,,,,,,,,,,A TAFE course in IT support.,1,"3,6",,3,,,,,,,,,,,,"I want to go to uni now, maybe engineering",,,2,,"3,5,7",,"2,3,4",,4,,12,"4,5,6,8",,3,,3,3,2,1,3,2,1,2,4,2,28,1,The mentor said she was first in her family to go to uni too.,4,,24,"1,2,7,8,9",,3,,3,2,2,5,3,4,2,2,4,1,"24,27","2,6","Going to the university campus, I'd never been to one.",4,,15,"6,7,8,10",,3,,2,3,4,5,1,2,3,1,1,1,"21,22,28","1,5,6","Going to the university campus, I'd never been to one.",,,,,,,,,,,,,,,,,,,,,,,,,,,,,,,,,,,,,,,,,,,,,,,5,1,2,2,2,2,1,1,4,"Programming the robot to move on its own, I'd never done that.",8,7,
2026-09-23 12:33:00,2026-09-23 12:57:03,IP Address,,71,1443,False,2026-09-23 12:57:07,R_MK0118777,,,,,,,anonymous,EN,1,2,1,"3,6,9",,23,13,Mechanic,22,,1,1,,,,,,,Art and media. I like making things look good.,Getting help when I get stuck.,,,,They tell me what they think I would be good at.,1,Design and technology together,4,"5,7",,There aren't those jobs near where I live.,,An architect,3,2,The work I want is mostly in Melbourne.,,I found out more about what the job involves.,2,22,2,2,1,2,1,2,1,2,3,3,3,1,,,,,,,,,,,,,,,,,,,,,"4,8,11",,"1,3,4,5,10",,4,"1,3",,1,,,,,,,,2,4,2,1,1,2,2,1,2,5,An architect,"4,5,7,8,9,10",,2,,,,6,,,,,,,,,,,,,,,,,,,,,,,,,,,,,,,,,,,,,,,,,,,,,,,,,,,,,,,,,,,,,,,,,,,,,,,,,,,,,,,,,Finding out design is part of engineering too.,1,,3,3,1,1,5,3,2,1,2,,,,,,,,,,,,,,,,1,4,2,2,4,5,2,1,4,Geelong West SC,4,,
2026-09-23 10:04:00,2026-09-23 10:19:10,IP Address,,100,910,True,2026-09-23 10:19:14,R_MK0119891,,,,,,,anonymous,EN,6,2,2,"3,6",,24,14,Mechanic,20,,2,3,,,,,,More time to write up what we found.,,,I knew I enjoyed it so I kept choosing it.,"2,5,9","2,3,6,9",I talk to them about it at home.,,A vet maybe,3,"2,4",,I don't think I will need to move.,They help me think about what I enjoy.,,2,2,The work I want is mostly in Melbourne.,,I went to a STEM activity and really liked it.,1,,4,3,3,3,1,2,3,3,3,4,4,2,,,,,,,,,,,,,,,,,,,,,,,,,,,,,,A TAFE course in IT support.,2,,,"1,3,4",,2,3,3,2,2,5,4,1,3,2,,,,1,,,,"5,6",,,,,,,,,,,,,,,,,,,,,,,,,,,,,,,,,,,,,,,,,,,,,,,,,,,,,,,,,,,,,,"3,4",,13,"1,3,10",,3,,3,4,1,2,4,1,3,4,2,"20,25,26,27,28",4,I liked that we could test our own ideas even when they didn't work.,Being in a small group where I wasn't scared to say the wrong thing.,1,,3,2,2,2,2,1,3,2,2,,,,,,,,,,,,,,,,1,2,4,2,2,3,2,2,3,I liked that we could test our own ideas even when they didn't work.,1,6,
2026-10-09 10:32:00,2026-10-09 10:39:34,IP Address,,100,454,True,2026-10-09 10:39:38,R_MK0120690,,,,,,,anonymous,EN,4,2,2,"6,9",,27,5,Works at the supermarket,17,Pharmacist,1,1,,"More tools, we had to share.",,,,Less sitting down at the start before we got to build.,Woodwork and design. I like making things with my hands.,Seeing people like me doing these jobs.,,,,I talk to them about it at home.,3,Something where I build things,3,"2,3,5",,There aren't those jobs near where I live.,They tell me what they think I would be good at.,A carpenter or an engineer,1,1,I would need to go to the city for university.,A carpenter or an engineer,I found out more about what the job involves.,2,21,3,1,3,1,3,1,3,4,1,3,4,4,,,,,,,,,,,,,,,,,,,,,,,"2,5,7,10",,5,,,1,,,,,,,,2,1,4,4,2,2,5,4,5,3,Maybe an engineer,"1,8,10",,2,,"1,2,4",,"2,5,7",,"1,2,4",,7,"8,10",,3,,3,2,1,1,2,1,4,3,4,1,21,"3,4,5,6","Using the 3D printer, I didn't know our school had one.",,,,,,,,,,,,,,,,,,,,,,,,,,,,,,,,,,,,,,,,,"2,4,5",,5,"1,3,5,8,9",,2,,4,1,3,2,2,1,1,3,1,"20,24,27","1,4,6",Making the model with real tools. It felt like proper work.,,,,,,,,,,,,,We made something for our town that people could actually use.,1,,5,1,2,5,1,3,3,1,1,,,,,,,,,,,,,Warrnambool West PS,3,,
2026-09-25 15:01:00,2026-09-25 15:26:20,IP Address,,47,1520,False,2026-09-25 15:26:24,R_MK0121839,,,,,,,anonymous,EN,3,1,2,1,,30,10,Runs a cafe,5,Runs a cafe,1,1,,More help with the maths parts.,,,,,,Getting help when I get stuck.,,,,They explain what the job is really like.,1,"Something in health, I didn't know that was STEM",2,"4,7",,There aren't those jobs near where I live.,I talk to them about it at home.,A nurse or maybe a doctor,3,1,There aren't those jobs near where I live.,A nurse or maybe a doctor,I realised I was better at it than I thought.,1,12,4,4,2,2,2,2,1,2,3,2,2,1,,,,,,,,,,,,,,,,,,,,,8,,"1,2",,,"1,5,7",,4,,,,,,,,2,3,3,2,2,3,2,2,1,2,A nurse or maybe a doctor,"5,7,8,9,10",,2,,"3,5",,2,,"1,4",,10,"1,8",,4,,3,3,4,1,1,4,1,3,2,1,"21,23,28","3,6","Presenting our project, I liked explaining it to the parents.",,,,,,,,,,,,,,,,,,,,,,,,,,,,,,,,,,,,,,,,,,,,,,,,,,,,,,,,,,,,,,,,,,,,,,,,,,,,,,,,,,,,,,,3,3,4,3,2,1,2,2,2,Bendigo South SC,1,,
2026-09-17 15:50:00,2026-09-17 16:19:49,IP Address,,100,1789,True,2026-09-17 16:19:53,R_MK0122276,,,,,,,anonymous,EN,5,1,2,"4,5,6,7",,22,10,Farmer,20,Aged care worker,1,2,Make it harder. Some of it we already knew.,,21,"More time on the building, less on the planning.","More time on the building, less on the planning.",,Science and maths because they make sense to me.,More practice before tests.,,,,,1,A computer scientist,,"2,4,6",,There aren't those jobs near where I live.,I talk to them about it at home.,A computer scientist,1,2,The work I want is mostly in Melbourne.,,I went to a STEM activity and really liked it.,2,18,2,1,2,2,2,1,5,2,2,1,3,2,"1,5",,31,"2,3,4,8,9,10",,2,,1,2,1,5,1,2,4,1,1,1,"22,23,25,27","1,6","Meeting the mentor who works in tech, I asked her heaps of questions.","4,5,9",,,,5,1,,2,,,,,,,,5,2,2,3,1,2,2,2,1,2,A software engineer,"3,8,9,12",,2,I went to a STEM activity and really liked it.,"1,3,4,5,6",,"1,3,4",,,,,,,,,,,,,,,,,,,,,,"1,4",,20,"2,4,6,7,9",,3,,1,2,3,2,2,1,1,1,2,2,"22,23","1,4","Getting to build something that actually worked, not just learn about it.","1,5",,15,"3,5",,1,,1,1,2,1,2,2,3,1,1,2,"21,22,23,24","1,3,4","Meeting the mentor who works in tech, I asked her heaps of questions.",,,,,,,,,,,,,,,,,,,,,,,,,,,,,,,,,,,,,,,,,,,,,,,1,1,2,2,2,2,1,1,5,Traralgon East PS,2,,
2026-09-20 10:14:00,2026-09-20 10:28:00,IP Address,,100,840,True,2026-09-20 10:28:04,R_MK0123354,,,,,,,anonymous,EN,2,2,2,"2,3,7",,29,19,,18,Builder,1,3,Better materials for the making part.,I would add more art into it.,20,Better materials for the making part.,,,Art and media. I like making things look good.,More hands-on activities instead of just worksheets.,,,,I talk to them about it at home.,2,Design and technology together,2,"6,7",,The work I want is mostly in Melbourne.,They explain what the job is really like.,,1,2,There aren't those jobs near where I live.,An architect,I realised I was better at it than I thought.,2,7,2,1,3,1,2,2,1,4,1,2,4,2,4,,20,"1,5",,1,,2,3,2,1,4,1,1,3,2,3,"24,25,26","2,4,5,6",Finding out design is part of engineering too.,8,,"2,9,10",,4,"3,7",,4,,,,,,,,2,2,2,2,1,5,1,3,1,1,Design and technology together,"1,3,4,5,6,10,12",,,I found out more about what the job involves.,"1,3,6,7",,"1,2,3",,"2,5",,12,"1,2,3,4,8",,1,,3,1,3,2,1,1,2,3,4,2,"20,23,27,28","4,6","Designing how our project looked, not just how it worked.","2,3,4",,21,"1,7,8",,2,,1,3,3,4,1,2,1,1,1,2,"22,24,26,27","1,3,6",Finding out design is part of engineering too.,,,,,,,,,,,,,,,,,,,,,,,,,,,,,,,,,,,,,,,,,,,,,,,,,,,,,,,,,,,,,,,,,,,1,2,5,3,2,1,1,2,2,Sebastopol PS,5,,
2026-09-18 14:54:00,2026-09-18 15:03:53,IP Address,,100,593,True,2026-09-18 15:03:57,R_MK0124327,,,,,,,anonymous,EN,2,1,2,"5,9",,23,13,Mechanic,,,1,1,,,18,"Better internet, ours dropped out during the online session.",,,"Science, and I like maths a bit.",Seeing people like me doing these jobs.,,,,They explain what the job is really like.,2,Something with animals and science,2,,,I don't think I will need to move.,They tell me what they think I would be good at.,A vet,,3,The work I want is mostly in Melbourne.,,I went to a STEM activity and really liked it.,2,22,2,4,1,1,3,3,2,2,5,2,1,1,,,,,,,,,,,,,,,,,,,,,,,"1,3,10",,4,"1,7",,,,,,,,,,2,1,2,3,1,2,1,2,1,2,Something with animals and science,"3,5,10",,1,,"4,6",,"3,6",,,,,,,,,,,,,,,,,,,,,,1,,23,"4,5,6,7",,3,,2,3,1,3,2,5,2,4,2,1,"21,23,24","2,5","Learning the science behind farming, which is what my family does.",,,,,,,,,,,,,,,,,,,,,,,,,,,,,,,,,,,,,,,,"Learning the science behind farming, which is what my family does.",1,,5,4,1,1,4,1,3,2,4,,,,,,,,,,,,,,,,4,1,1,2,2,1,2,1,1,Ballarat East SC,3,,
2026-09-16 13:20:00,2026-09-16 13:28:53,IP Address,,100,533,True,2026-09-16 13:28:57,R_MK0125177,,,,,,,anonymous,EN,1,1,2,"1,3,5,7",,28,14,Hairdresser,12,Truck driver,2,2,,"More time on the analysis, we rushed that bit.",18,"Nothing much, it was well run.",,,,,,"4,5,6,9","2,4,5,6,7,9",I talk to them about it at home.,3,A doctor,4,"2,4,6,7",,The work I want is mostly in Melbourne.,,A doctor,3,1,I don't think I will need to move.,A biomedical scientist,I went to a STEM activity and really liked it.,2,16,1,1,2,2,1,1,2,1,2,1,2,1,,,,,,,,,,,,,,,,,,,,,,,,,,,,,,"Environmental science, because I care about the outdoors.",1,"1,2,7",,"1,2,3",,1,2,3,2,1,1,1,2,1,1,A doctor,,,1,,"1,6,7",,"2,3",,"1,2,4",,13,"2,4,6,8,10",,3,,3,3,1,5,5,1,2,2,1,2,"20,22,24,26,28","1,2,3,6",Talking to the women in STEM about their actual day to day jobs.,"1,4",,15,"1,3,5,9,10",,3,,3,1,2,2,1,2,2,1,1,2,"21,22,24,26,27,28","2,3,4,6",Talking to the women in STEM about their actual day to day jobs.,,,,,,,,,,,,,,,,,,,,,,,,,,,,,,,,,,,,,,,,,,,,,,,,,,,,,,,,,,,,,,,,,,,1,3,1,1,2,2,1,1,2,The research part where we had to find real evidence.,8,6,
2026-10-11 13:51:00,2026-10-11 14:18:16,IP Address,,24,1636,False,2026-10-11 14:18:20,R_MK0126685,,,,,,,anonymous,EN,2,1,2,"1,3,7",,28,13,,21,Farmer,1,1,I would add more art into it.,,,,,,,More hands-on activities instead of just worksheets.,,,,They help me think about what I enjoy.,1,,3,"4,6",,There aren't those jobs near where I live.,They tell me what they think I would be good at.,An architect,1,2,I would need to go to the city for university.,Design and technology together,Someone I know started doing it.,2,15,1,2,3,2,4,1,2,1,4,5,4,1,"1,4,5",,19,"1,2,4,7,8,9",,3,,3,2,3,1,5,2,3,1,2,3,"21,24,26,28","1,3,6","Designing how our project looked, not just how it worked.","4,6,9,11",,"1,9,10",,4,"1,4,5,7",,"1,2",,,,,,,,2,2,2,2,2,2,2,2,2,1,An architect,"1,6,11",,2,I realised I was better at it than I thought.,"2,7",,"1,6,7",,,,,,,,,,,,,,,,,,,,,,,,,,,,,,,,,,,,,,,,,,,,,,,,,,,,,,,,,,,,,,,,,,,,,,,,,,,,,,,,,Making the poster and the model together.,1,,1,3,4,3,2,2,2,2,1,"Designing how our project looked, not just how it worked.",1,,4,3,2,3,2,1,2,3,2,,,,1,2,3,1,3,2,3,2,5,Wendouree PS,1,,
2026-09-19 11:56:00,2026-09-19 12:15:47,IP Address,,100,1187,True,2026-09-19 12:15:51,R_MK0127143,,,,,,,anonymous,EN,1,2,2,"6,7",,28,4,Farmer,13,Works at the supermarket,1,3,,,22,"Shorter instructions, they were too long.",,"Shorter instructions, they were too long.","I like digital tech, the rest is boring.",More hands-on activities instead of just worksheets.,,,,They tell me what they think I would be good at.,3,Something with computers,1,"3,5,6,7",,I don't think I will need to move.,I talk to them about it at home.,I didn't think about it before but maybe IT,3,1,I would need to go to the city for university.,I didn't think about it before but maybe IT,Someone I know started doing it.,1,14,1,1,4,3,4,2,2,2,1,1,4,1,,,,,,,,,,,,,,,,,,,,,5,,,,5,4,,"2,3,4",,,,,,,,1,1,3,3,1,1,1,5,3,4,I didn't think about it before but maybe IT,"1,7,8",,1,,"2,3",,"3,5",,,,,,,,,,,,,,,,,,,,,,"1,2",,15,"2,7",,2,,1,4,2,3,2,2,2,3,2,5,27,3,The teachers actually listened to our ideas.,,,,,,,,,,,,,,,,,,,,,5,,12,"5,10",,2,,2,2,2,2,3,3,3,4,3,"20,27","4,5","It wasn't like normal school, we chose what our project was about.",,,,,,,,,,,,,,,,,,,,,,,,,,,,2,1,2,5,4,1,3,2,2,Bellarine PS,5,,
2026-09-30 11:09:00,2026-09-30 11:28:10,IP Address,,71,1150,False,2026-09-30 11:28:14,R_MK0128274,,,,,,,anonymous,EN,3,2,2,"2,7,9",,24,17,Mechanic,17,,1,1,,,22,Run it closer to us more often.,,,"Science, and I like maths a bit.",Knowing what jobs these subjects lead to.,,,,They tell me what they think I would be good at.,2,A vet,2,"1,4",,I would need to go to the city for university.,I talk to them about it at home.,,,2,There aren't those jobs near where I live.,An agricultural scientist,I found out more about what the job involves.,2,7,2,1,2,5,1,2,2,3,1,2,4,3,,,,,,,,,,,,,,,,,,,,,"4,5,6",,"5,8,10",,5,"1,2,3,7",,"1,5",,,,,,,,1,1,2,2,2,5,3,2,2,2,Something with animals and science,"1,7",,2,,,,3,,,,,,,,,,,,,,,,,,,,,,"2,3,4",,20,"3,5,6,7,9",,2,,3,3,2,1,3,1,1,3,2,2,"21,27,28","2,5,6","Learning the science behind farming, which is what my family does.",,,,,,,,,,,,,,,,,,,,,,,,,,,,,,,,,,,,,,,,,,,,,,,,,,,,,,,,,,,,,,,,,,,1,2,2,2,2,3,2,1,2,Bendigo South SC,4,,
2026-09-16 10:05:00,2026-09-16 10:18:11,IP Address,,100,791,True,2026-09-16 10:18:15,R_MK0129854,,,,,,,anonymous,EN,5,2,1,"4,7,9",,21,16,,18,Childcare educator,1,3,,"More time on the building, less on the planning.",18,Make it harder. Some of it we already knew.,,Make it harder. Some of it we already knew.,"Maths and digital technologies, I like solving things.",More practice before tests.,,,,I talk to them about it at home.,,,4,"3,4,5,6",,I would need to go to the city for university.,They help me think about what I enjoy.,A computer scientist,2,1,,A computer scientist,I realised I was better at it than I thought.,2,19,2,2,5,1,1,2,2,3,1,1,2,2,,,,,,,,,,,,,,,,,,,,,"7,8,9,10,11",,"1,2,8,9,10",,5,"1,4,5,6,7",,"1,2,3,5",,,,,,,,2,2,2,3,1,2,1,1,1,3,A computer scientist,,,2,,"2,3,7",,"2,3,5",,"3,5",,9,"1,6,7,8,9,10",,1,,3,2,1,1,1,1,1,1,1,2,"20,22,23,25,27","2,3,4,5,6","Getting to build something that actually worked, not just learn about it.","2,3",,21,"1,2,8,10",,4,,2,2,2,1,1,1,2,2,1,2,"24,26,27,28","2,3,4,5","Meeting the mentor who works in tech, I asked her heaps of questions.",,,,,,,,,,,,,,,,,,,,,"1,2,3",,4,"1,6,7,10",,3,,2,3,1,2,1,2,1,2,2,"23,24,26,27,28","3,4,5","Meeting the mentor who works in tech, I asked her heaps of questions.",,,,,,,,,,,,,,,,,,,,,,,,,,,,1,2,2,4,2,1,1,1,1,Latrobe Valley SC,4,,
2026-09-20 14:56:00,2026-09-20 15:15:02,IP Address,,100,1142,True,2026-09-20 15:15:06,R_MK0130286,,,,,,,anonymous,EN,6,2,1,"6,7,9",,30,8,Runs a cafe,17,Runs a cafe,1,2,,,21,The data tables at the start were confusing.,Longer so we could finish properly.,Longer so we could finish properly.,"Science, especially biology, and geography.",More hands-on activities instead of just worksheets.,,,,I talk to them about it at home.,1,A marine scientist,,"2,4,7",,The work I want is mostly in Melbourne.,They tell me what they think I would be good at.,A marine scientist,,1,I don't think I will need to move.,A marine scientist,I went to a STEM activity and really liked it.,2,6,3,2,1,2,2,1,1,2,2,2,3,2,,,,,,,,,,,,,,,,,,,,,4,,"2,4,8,10",,,2,,"1,2",,,,,,,,1,2,1,2,2,4,2,4,2,2,A marine scientist,"3,5,7,8,9,10,12",,2,,"1,2,3,5",,"3,4,5",,,,,,,,,,,,,,,,,,,,,,1,,20,"1,3,5,9",,3,,2,1,1,4,2,1,2,1,2,2,"21,22,23,25,26,27","2,3",Learning science can fix real problems in our own town.,"2,4,5",,10,"2,4,6,9",,3,,1,1,1,2,2,2,2,2,4,2,"20,21,25,26","1,3,4,6",Testing the water in the creek near us and finding what was in it.,3,,11,"2,3,5,6,9",,4,,1,3,1,1,2,1,1,1,1,"20,21,24,25,26","1,3,4,6",The excursion where we surveyed the wetlands.,,,,,,,,,,,,,,,,,,,,,,,,,,,,3,2,5,3,3,3,5,1,2,Pyrenees PS,1,,
2026-09-22 09:54:00,2026-09-22 10:10:45,IP Address,,71,1005,False,2026-09-22 10:10:49,R_MK0131993,,,,,,,anonymous,EN,6,1,2,"3,6,7,9",,21,19,,12,Police officer,1,2,,,,,,,Woodwork and design. I like making things with my hands.,More practice before tests.,,,,,3,Something where I build things,2,"1,2,6,7",,I would need to go to the city for university.,They tell me what they think I would be good at.,Maybe an engineer,3,2,,A carpenter or an engineer,I went to a STEM activity and really liked it.,2,15,2,1,2,2,2,3,3,2,3,4,2,1,,,,,,,,,,,,,,,,,,,,,,,,,4,"1,6",,"1,2,5",,,,,,,,4,2,2,3,2,4,4,2,2,2,A carpenter or an engineer,"5,9",,,,"1,3,7",,7,,,,,,,,,,,,,,,,,,,,,,,,,,,,,,,,,,,,,,,,,,,,,,,,,,,,,,,,,,,,,,,,,,,,,,,,,,,,,,,,,,,,,,,,,,,,,We made something for our town that people could actually use.,1,,1,2,2,3,2,2,2,1,1,,,,1,4,1,1,2,2,3,3,2,Pyrenees PS,4,,
2026-10-09 11:04:00,2026-10-09 11:23:40,IP Address,,100,1180,True,2026-10-09 11:23:44,R_MK0132539,,,,,,,anonymous,EN,6,2,2,"7,9",,29,11,Nurse at the local hospital,,Childcare educator,2,1,,More of the design side and less coding.,22,More of the design side and less coding.,Better materials for the making part.,I would add more art into it.,,,My family talked to me about what options were out there.,"4,6,7","8,9",,2,An architect,4,"1,4,6",,I don't think I will need to move.,They explain what the job is really like.,Design and technology together,1,2,,An architect,,1,6,5,1,4,5,2,2,5,5,1,2,1,1,,,,,,,,,,,,,,,,,,,,,,,,,,,,,,"Engineering, because I liked building things at school.",2,"2,4",,5,,4,4,3,3,2,2,2,3,4,1,"A designer, maybe for apps",,,1,,"5,6,7",,"2,3,4,5",,4,,14,"1,2,3",,3,,3,1,5,2,3,2,1,4,1,2,"20,23,24",6,Finding out design is part of engineering too.,"1,2,5",,17,"2,3,5,10",,4,,2,3,1,3,1,1,1,2,1,2,"20,23,26,28","1,3,5,6",Making the poster and the model together.,"1,2,3",,9,"3,8,9,10",,2,,3,2,2,4,3,1,5,1,1,1,"20,22,23,24","2,6","Designing how our project looked, not just how it worked.","3,5",,6,7,,2,,2,1,1,1,3,5,1,1,1,24,"1,2,3,5,6",Making the poster and the model together.,,,,,,,,,,,,,,,,,,,,,,,,,,,,2,2,1,4,2,2,2,1,4,Finding out design is part of engineering too.,3,1,
2026-10-03 09:21:00,2026-10-03 09:48:59,IP Address,,100,1679,True,2026-10-03 09:49:03,R_MK0133208,,,,,,,anonymous,EN,1,2,2,5,,29,20,Council worker,14,Aged care worker,1,1,,"Maybe explain the words at the start, I didn't know some of them.",,,,"Maybe explain the words at the start, I didn't know some of them.",Science and English. Maths is okay but harder.,More practice before tests.,,,,They explain what the job is really like.,1,Not sure yet,1,"1,2,7",,I would need to go to the city for university.,I talk to them about it at home.,A scientist,,2,I don't think I will need to move.,Maybe a teacher,I went to a STEM activity and really liked it.,2,10,1,4,1,5,3,5,2,1,2,3,1,3,,,,,,,,,,,,,,,,,,,,,"7,8",,,,5,3,,1,,,,,,,,1,2,3,3,4,2,1,1,1,3,,"3,4",,2,,"1,2,3,4",,"2,5",,2,,9,"2,8,9",,2,,1,3,3,4,1,2,4,1,2,3,25,"3,4,5,6",Doing the experiments myself instead of watching the teacher do it.,,,,,,,,,,,,,,,,,,,,,,,,,,,,,,,,,,,,,,,,,"2,3,5",,10,"4,8",,4,,2,4,2,5,2,2,2,3,1,"24,26",6,Being in a small group where I wasn't scared to say the wrong thing.,,,,,,,,,,,,,,,,,,,,,,,,,,,,2,5,2,3,3,2,2,3,4,Corio North PS,1,,
2026-09-27 14:10:00,2026-09-27 14:38:32,IP Address,,71,1712,False,2026-09-27 14:38:36,R_MK0134555,,,,,,,anonymous,EN,5,2,2,"2,3,4,7",,25,8,Farmer,12,,1,,,,,,"Nothing much, it was well run.","More time on the analysis, we rushed that bit.",Maths methods and chemistry. I want to do medicine.,Knowing what jobs these subjects lead to.,,,,They help me think about what I enjoy.,2,Medicine or research,4,"4,7",,I don't think I will need to move.,I talk to them about it at home.,A doctor,2,1,The work I want is mostly in Melbourne.,Medicine or research,I realised I was better at it than I thought.,,12,2,2,1,1,1,2,2,1,1,1,1,2,,,,,,,,,,,,,,,,,,,,,"4,5,6,8,10",,"1,3,5,7,8,9,10",,4,"3,5,6,7",,5,,,,,,,,1,1,1,2,1,2,2,2,1,2,,"5,8,9,10,12",,2,,"3,5,7",,"4,5,7",,,,,,,,,,,,,,,,,,,,,,,,,,,,,,,,,,,,,,,,,,"2,3,4,5",,9,"6,8,10",,3,,2,5,2,2,5,1,4,2,1,1,"20,21,24,25,26,28","1,2,5,6",The research part where we had to find real evidence.,"1,2,3,4,5",,7,"2,3,6,7,8,9,10",,2,,2,2,2,2,1,1,2,2,1,"20,22,24,26,27,28","1,2,5,6",Talking to the women in STEM about their actual day to day jobs.,,,,,,,,,,,,,Going deeper than we do in normal class.,1,,2,2,1,1,2,2,2,3,1,,,,1,2,5,2,1,1,2,2,1,Moe South PS,1,,
2026-09-21 12:38:00,2026-09-21 13:03:12,IP Address,,100,1512,True,2026-09-21 13:03:16,R_MK0135337,,,,,,,anonymous,EN,4,2,1,,,30,4,Cleaner,11,Police officer,1,1,Longer so we could finish properly.,,,,,,"Science, especially biology, and geography.",Seeing people like me doing these jobs.,,,,They explain what the job is really like.,3,An environmental scientist,4,,,I don't think I will need to move.,,,1,2,There aren't those jobs near where I live.,An environmental scientist,I realised I was better at it than I thought.,2,5,2,1,2,2,2,2,2,2,5,2,2,3,"1,2,5",,10,"2,5,6",,2,,3,1,1,2,2,2,3,2,2,2,"21,24","4,6",Learning science can fix real problems in our own town.,7,,"1,3,4,5,6",,4,"1,5",,"1,5",,,,,,,,2,3,1,1,2,1,4,2,2,2,An environmental scientist,"1,4,6,7",,2,Someone I know started doing it.,2,,"1,6",,,,,,,,,,,,,,,,,,,,,,,,,,,,,,,,,,,,,,,,,,,,,,,,,,,,,,,,,,,,,,,,,,,,,,,,,,,,,,,,,Learning science can fix real problems in our own town.,2,,1,1,1,2,3,4,1,3,5,,,,,,,,,,,,,,,,5,1,3,1,1,5,2,2,2,Warrnambool West PS,1,,
2026-09-22 09:25:00,2026-09-22 09:31:44,IP Address,,100,404,True,2026-09-22 09:31:48,R_MK0136152,,,,,,,anonymous,EN,3,2,2,6,,28,9,Pharmacist,,Aged care worker,2,3,More time to write up what we found.,More time to write up what we found.,,,,,,,My family talked to me about what options were out there.,"2,4,7,9","5,7,9",They tell me what they think I would be good at.,2,A scientist,2,,,I don't think I will need to move.,,Maybe a teacher,2,2,I would need to go to the city for university.,Maybe a teacher,Someone I know started doing it.,1,16,3,4,3,1,3,3,2,4,2,2,2,5,"2,4",,30,"1,2,3,4,6",,4,,3,3,3,1,1,3,3,2,2,2,"20,23","1,3",I liked that we could test our own ideas even when they didn't work.,,,,,,,,,,"Environmental science, because I care about the outdoors.",2,"2,7",,1,,3,2,4,3,3,3,2,1,1,4,Not sure yet,,,1,I found out more about what the job involves.,"3,5,7",,"1,2,6",,"3,5",,8,"5,8,9",,2,,1,4,1,4,3,2,2,3,3,4,"21,24","2,4",I liked that we could test our own ideas even when they didn't work.,,,,,,,,,,,,,,,,,,,,,,,,,,,,,,,,,,,,,,,,,,,,,,,,,,,,,,,,,,,,Being in a small group where I wasn't scared to say the wrong thing.,2,,4,1,3,3,2,4,5,1,4,,,,,,,,,,,,,,,,2,2,2,2,2,1,2,4,5,,1,1,
2026-09-30 12:54:00,2026-09-30 13:22:33,IP Address,,100,1713,True,2026-09-30 13:22:37,R_MK0137789,,,,,,,anonymous,EN,2,2,2,"2,3,6",,22,19,Childcare educator,6,Mechanic,1,1,,"Maybe explain the words at the start, I didn't know some of them.",18,More time to write up what we found.,,,"I like science because we get to do experiments, and art.",More practice before tests.,,,,I talk to them about it at home.,2,A scientist,,4,,There aren't those jobs near where I live.,They help me think about what I enjoy.,Maybe a teacher,,2,There aren't those jobs near where I live.,Not sure yet,Someone I know started doing it.,,17,1,1,1,1,4,3,3,1,4,2,4,1,,,,,,,,,,,,,,,,,,,,,"6,7,9",,"1,2,4,5",,5,"2,4,6",,,,,,,,,,4,2,3,2,4,3,5,1,1,1,Maybe a teacher,"3,4,7,11",,1,,4,,"2,3,7",,"2,4",,11,"1,2",,3,,1,2,4,2,5,2,1,1,2,2,"20,22,23,25,27","2,3",Doing the experiments myself instead of watching the teacher do it.,"1,3",,22,9,,4,,1,2,2,1,3,3,2,2,3,5,"22,25,27","3,5",Doing the experiments myself instead of watching the teacher do it.,,,,,,,,,,,,,,,,,,,,,,,,,,,,,,,,,,,,,,,,,,,,,,,,,,,,I liked that we could test our own ideas even when they didn't work.,1,,2,3,1,3,4,3,4,3,2,,,,,,,,,,,,,Wendouree PS,3,,
2026-09-29 10:51:00,2026-09-29 10:57:04,IP Address,,100,364,True,2026-09-29 10:57:08,R_MK0138469,,,,,,,anonymous,EN,4,1,2,"1,3,4,9",,30,7,Cleaner,6,Office administrator,2,,More visits to the university.,,20,"Nothing, it was good.",,,,,My family talked to me about what options were out there.,"7,9","2,3,5,7",They tell me what they think I would be good at.,1,"I want to go to uni now, maybe engineering",4,"5,6",,The work I want is mostly in Melbourne.,They tell me what they think I would be good at.,Maybe an engineer,3,1,The work I want is mostly in Melbourne.,Maybe an engineer,I went to a STEM activity and really liked it.,1,15,1,3,5,2,5,4,5,4,2,3,2,3,1,,19,"3,7",,1,,3,4,2,2,3,4,2,3,2,5,"21,22,25,27,28",3,"Going to the university campus, I'd never been to one.",,,,,,,,,,"Engineering, because I liked building things at school.",1,,,,,2,3,2,3,1,1,2,1,1,1,Maybe an engineer,,,1,Someone I know started doing it.,"2,5,6",,"1,3",,,,,,,,,,,,,,,,,,,,,,1,,16,"2,3,8",,2,,1,4,3,3,4,2,4,1,3,2,"21,23,24","1,3",The mentor said she was first in her family to go to uni too.,,,,,,,,,,,,,,,,,,,,,,,,,,,,,,,,,,,,,,,,,,,,,,,,,,,,,,,,,,,,,,,,,,,2,3,2,2,2,1,1,3,1,,3,5,
2026-10-04 14:34:00,2026-10-04 14:41:43,IP Address,,100,463,True,2026-10-04 14:41:47,R_MK0139523,,,,,,,anonymous,EN,2,2,2,"4,6,9",,24,14,,18,Aged care worker,1,2,,More help with the maths parts.,,,,Smaller steps for the graphs.,English and health. I don't really like maths.,If the teacher explained things more slowly.,,,,,1,A nurse or maybe a doctor,,5,,I would need to go to the city for university.,I talk to them about it at home.,A paramedic,1,1,I would need to go to the city for university.,"Something in health, I didn't know that was STEM",I found out more about what the job involves.,2,15,4,1,2,4,2,2,3,4,1,3,5,3,,,,,,,,,,,,,,,,,,,,,"7,11",,4,,5,,,,,,,,,,,1,4,1,1,2,4,4,1,2,3,A nurse or maybe a doctor,"3,4",,1,,5,,"2,5",,"2,4",,14,"1,6,7",,4,,1,3,4,3,3,1,2,1,1,2,"21,22,28","5,6","Finding out health jobs are STEM jobs, I thought STEM was just computers.",,,,,,,,,,,,,,,,,,,,,,,,,,,,,,,,,,,,,,,,,"1,2",,5,"2,3,5,6",,1,,3,2,1,1,1,3,2,4,2,26,"3,5",Organising my group and working out who did what.,,,,,,,,,,,,,,,,,,,,,,,,,,,,3,2,2,1,2,2,4,5,3,Ballarat East SC,4,,
2026-10-08 15:17:00,2026-10-08 15:40:46,IP Address,,100,1426,True,2026-10-08 15:40:50,R_MK0140750,,,,,,,anonymous,EN,2,2,1,"4,5",,27,17,Electrician,5,Council worker,1,3,"Longer, and less talking in front of everyone at the end.",,,,"Longer, and less talking in front of everyone at the end.",,Science and English. Maths is okay but harder.,Doing it with my friends.,,,,I talk to them about it at home.,2,Not sure yet,4,"5,6",,,They explain what the job is really like.,Not sure yet,2,1,I don't think I will need to move.,A scientist,I went to a STEM activity and really liked it.,2,10,1,1,2,5,2,5,3,2,3,4,2,2,"1,2,3,4",,20,"2,4,9",,3,,3,3,2,2,3,1,2,3,2,1,"22,28",6,Being in a small group where I wasn't scared to say the wrong thing.,"7,10,11",,"3,6",,5,"1,3,7",,3,,,,,,,,1,1,1,3,1,1,2,3,3,3,Not sure yet,"8,10,12",,1,I realised I was better at it than I thought.,,,"1,4",,,,,,,,,,,,,,,,,,,,,,,,,,,,,,,,,,,,,,,,,,1,,12,"1,2,4,9",,2,,3,1,2,2,2,5,2,3,4,3,"20,23,24,26,28",1,I liked that we could test our own ideas even when they didn't work.,,,,,,,,,,,,,,,,,,,,,,,,,,,,,,,,,,,,,,,,,,,,,,,3,5,3,1,2,3,4,2,2,Ballarat East SC,1,,
2026-10-01 11:45:00,2026-10-01 12:03:17,IP Address,,100,1097,True,2026-10-01 12:03:21,R_MK0141366,,,,,,,anonymous,EN,3,1,2,"4,6",,31,12,Mechanic,,Accountant,1,1,"Longer, and less talking in front of everyone at the end.",,,,"Maybe explain the words at the start, I didn't know some of them.",,"I like science because we get to do experiments, and art.",Doing it with my friends.,,,,They tell me what they think I would be good at.,2,Maybe a teacher,2,"1,2,5",,There aren't those jobs near where I live.,,,1,1,There aren't those jobs near where I live.,,,1,21,3,4,2,2,2,3,3,1,2,4,5,3,4,,17,"1,2,3,6",,3,,2,1,3,4,3,4,2,3,1,2,"24,27","3,5,6",Doing the experiments myself instead of watching the teacher do it.,"6,9",,,,5,"2,4,7",,"1,2,5",,,,,,,,2,2,2,3,1,5,4,4,2,1,A scientist,"5,9",,1,I found out more about what the job involves.,"2,5",,"1,4,7",,,,,,,,,,,,,,,,,,,,,,,,,,,,,,,,,,,,,,,,,,"3,4",,17,7,,2,,2,2,4,3,2,4,2,4,1,4,"20,23","1,2,3,6",I liked that we could test our own ideas even when they didn't work.,,,,,,,,,,,,,,,,,,,,,,,,,,,,,,,,Being in a small group where I wasn't scared to say the wrong thing.,1,,5,1,4,2,3,2,2,1,1,,,,2,3,4,4,3,5,2,1,4,Kangaroo Flat PS,3,,
2026-09-28 11:27:00,2026-09-28 11:35:49,IP Address,,100,529,True,2026-09-28 11:35:53,R_MK0142520,,,,,,,anonymous,EN,2,2,2,"2,3,4,7,9",,27,6,Runs a cafe,14,Nurse at the local hospital,1,3,,"More tools, we had to share.",,,,Less sitting down at the start before we got to build.,"Design and tech, and PE.",Seeing people like me doing these jobs.,,,,They tell me what they think I would be good at.,3,A carpenter or an engineer,2,"2,5,7",,There aren't those jobs near where I live.,I talk to them about it at home.,A carpenter or an engineer,2,2,I would need to go to the city for university.,A carpenter or an engineer,I realised I was better at it than I thought.,2,6,1,2,3,2,1,2,1,1,1,4,5,1,,,,,,,,,,,,,,,,,,,,,4,,"4,7",,4,,,"2,3,5",,,,,,,,2,3,2,2,4,2,3,1,2,3,Something where I build things,"1,6,10,11,12",,1,,4,,"2,5,7",,3,,10,"5,8,9",,3,,2,5,2,2,3,1,2,1,2,3,"23,24","1,4,5",We made something for our town that people could actually use.,,,,,,,,,,,,,,,,,,,,,,,,,,,,,,,,,,,,,,,,,"1,2,5",,14,"1,2",,1,,2,3,4,1,1,2,4,5,1,"20,21,24",4,"Using the 3D printer, I didn't know our school had one.",,,,,,,,,,,,,We made something for our town that people could actually use.,1,,3,2,2,1,1,1,2,2,5,,,,2,4,4,3,1,1,2,1,1,Ballarat East SC,3,,
2026-09-19 15:11:00,2026-09-19 15:29:35,IP Address,,100,1115,True,2026-09-19 15:29:39,R_MK0143289,,,,,,,anonymous,EN,1,2,2,,,21,4,Electrician,14,Police officer,1,,,More time to write up what we found.,18,"Maybe explain the words at the start, I didn't know some of them.",,More time to write up what we found.,,Getting help when I get stuck.,,,,They tell me what they think I would be good at.,1,A vet maybe,3,"2,7",,The work I want is mostly in Melbourne.,They explain what the job is really like.,Not sure yet,3,1,The work I want is mostly in Melbourne.,Not sure yet,Someone I know started doing it.,,11,3,2,1,1,2,2,1,1,1,3,1,1,,,,,,,,,,,,,,,,,,,,,"5,6,7",,"1,2,3,10",,4,"1,4",,"1,5",,,,,,,,5,2,4,3,1,2,1,5,2,3,A vet maybe,"1,3",,,,,,"2,3,5",,"1,3",,7,"3,8",,3,,1,1,3,2,1,3,2,2,2,3,"24,25,26","2,6",I liked that we could test our own ideas even when they didn't work.,5,,16,"3,4",,4,,1,3,2,1,4,3,2,1,5,2,"20,26,27","2,5",Being in a small group where I wasn't scared to say the wrong thing.,,,,,,,,,,,,,,,,,,,,,5,,4,"3,9",,4,,2,2,3,2,4,1,3,2,4,"25,26,27,28","2,3",Being in a small group where I wasn't scared to say the wrong thing.,,,,,,,,,,,,,,,,,,,,,,,,,,,,4,2,2,1,4,2,1,2,1,Waurn Ponds PS,2,,
2026-10-11 13:07:00,2026-10-11 13:23:57,IP Address,,100,1017,True,2026-10-11 13:24:01,R_MK0144762,,,,,,,anonymous,EN,3,2,1,"1,7,9",,28,10,Accountant,7,Runs a cafe,2,3,,,,,"Nothing, it was good.",More visits to the university.,,,My family talked to me about what options were out there.,"3,7,9","5,6,7,8",They explain what the job is really like.,1,Something with robots,1,"1,4",,I would need to go to the city for university.,They help me think about what I enjoy.,Maybe an engineer,,2,There aren't those jobs near where I live.,Something with robots,I realised I was better at it than I thought.,2,6,4,1,1,2,4,5,2,3,2,3,2,2,,,,,,,,,,,,,,,,,,,,,,,,,,,,,,A TAFE course in IT support.,1,"1,7",,,,3,3,4,2,4,2,4,3,3,4,"I want to go to uni now, maybe engineering",,,1,,"1,4,7",,"4,5",,,,,,,,,,,,,,,,,,,,,,,,,,,,,,,,,,,,,,,,,,"1,2,3",,10,"3,7,8",,1,,2,1,4,4,1,1,2,1,3,3,"20,25,26","1,2,3,5",The mentor said she was first in her family to go to uni too.,4,,5,"1,7,10",,3,,4,2,2,4,4,3,2,3,3,"23,24,28","2,3","Programming the robot to move on its own, I'd never done that.",,,,,,,,,,,,,,,,,,,,,,,,,,,,2,1,3,2,2,1,2,2,1,The mentor said she was first in her family to go to uni too.,1,1,
2026-09-24 11:20:00,2026-09-24 11:44:28,IP Address,,100,1468,True,2026-09-24 11:44:32,R_MK0145580,,,,,,,anonymous,EN,2,2,2,"2,3,5,7",,26,8,,19,Nurse at the local hospital,1,1,Better materials for the making part.,Better materials for the making part.,,,,,"Visual arts, and design and tech.",,,,,I talk to them about it at home.,1,Design and technology together,,"2,3,4,7",,The work I want is mostly in Melbourne.,,An architect,2,1,I don't think I will need to move.,Design and technology together,,1,11,1,4,4,1,2,2,2,2,2,3,1,3,3,,25,"3,5,6",,2,,1,1,2,3,1,3,1,4,2,2,"22,26,27",3,"Designing how our project looked, not just how it worked.",6,,"1,5,9",,5,"4,5",,5,,,,,,,,3,4,3,1,1,3,1,3,2,5,Design and technology together,"4,11",,,I found out more about what the job involves.,"1,3,5",,"1,2",,1,,13,"2,3,7,9",,3,,2,1,3,5,2,1,2,5,2,4,26,6,Finding out design is part of engineering too.,,,,,,,,,,,,,,,,,,,,,,,,,,,,,,,,,,,,,,,,,,,,,,,,,,,,,,,,,,,,,,,,,,,,,,,,,,,,,,,,,,,,,,,5,2,1,2,4,3,1,2,2,Ballarat East SC,4,,
2026-10-07 12:51:00,2026-10-07 13:10:28,IP Address,,24,1168,False,2026-10-07 13:10:32,R_MK0146512,,,,,,,anonymous,EN,2,2,2,"3,4,6,9",,21,5,Works at the supermarket,17,Electrician,1,2,,,22,More help with the maths parts.,Smaller steps for the graphs.,I would keep it the same but add more group work.,,Doing it with my friends.,,,,They help me think about what I enjoy.,3,A nurse or maybe a doctor,1,7,,,They tell me what they think I would be good at.,A nurse or maybe a doctor,3,2,I would need to go to the city for university.,"Something in health, I didn't know that was STEM",Someone I know started doing it.,2,7,1,4,4,2,1,4,2,2,3,2,3,1,,,,,,,,,,,,,,,,,,,,,"5,7",,"1,3,10",,4,"1,3,4",,"1,2",,,,,,,,2,5,2,2,2,3,1,2,2,3,"Something in health, I didn't know that was STEM",,,,,"1,3,7",,"3,4,5",,,,,,,,,,,,,,,,,,,,,,"1,3",,22,"2,5,7,9",,4,,1,1,4,2,2,5,4,4,3,2,"21,22,27,28","3,6","Finding out health jobs are STEM jobs, I thought STEM was just computers.",1,,4,"1,6,8,9",,3,,1,2,4,4,4,1,2,3,1,3,"20,23,24,25",1,"Presenting our project, I liked explaining it to the parents.","2,4",,7,"1,2,7",,3,,1,2,4,1,4,3,1,4,3,"21,25,27","2,3","Finding out health jobs are STEM jobs, I thought STEM was just computers.",,,,,,,,,,,,,,,,,,,,,,,,,,,,3,1,3,3,4,2,3,2,4,Ballarat East SC,3,,
2026-09-26 09:09:00,2026-09-26 09:19:06,IP Address,,100,606,True,2026-09-26 09:19:10,R_MK0147493,,,,,,,anonymous,EN,1,2,2,"2,4,5,7",,22,8,Childcare educator,20,Pharmacist,1,3,More time to write up what we found.,,,,"Maybe explain the words at the start, I didn't know some of them.","Longer, and less talking in front of everyone at the end.","I like science because we get to do experiments, and art.",If the teacher explained things more slowly.,,,,They explain what the job is really like.,1,Not sure yet,1,"4,5,6",,The work I want is mostly in Melbourne.,They explain what the job is really like.,A vet maybe,1,3,There aren't those jobs near where I live.,A scientist,I went to a STEM activity and really liked it.,,6,3,2,3,3,2,2,2,2,2,3,1,2,4,,9,"1,2,6,9",,1,,2,1,3,4,2,2,2,2,2,3,28,"2,3,6",I liked that we could test our own ideas even when they didn't work.,"6,10,11",,,,4,"1,3,4",,"3,5",,,,,,,,1,3,1,3,4,1,2,4,1,3,Maybe a teacher,"1,3,8,9",,1,I went to a STEM activity and really liked it.,"1,5",,"1,4,5,6",,,,,,,,,,,,,,,,,,,,,,,,,,,,,,,,,,,,,,,,,,5,,12,"1,3,8",,4,,1,2,1,3,1,3,2,3,1,1,"20,22,27","2,5,6",Being in a small group where I wasn't scared to say the wrong thing.,1,,11,"2,4,8,10",,2,,1,2,2,4,2,1,2,2,2,"21,22",6,Being in a small group where I wasn't scared to say the wrong thing.,Being in a small group where I wasn't scared to say the wrong thing.,2,,1,1,1,2,2,3,1,3,4,,,,,,,,,,,,,,,,2,3,2,2,1,2,2,3,3,Waurn Ponds PS,1,,
2026-09-17 12:45:00,2026-09-17 12:59:50,IP Address,,100,890,True,2026-09-17 12:59:54,R_MK0148724,,,,,,,anonymous,EN,1,2,1,"2,3,4",,28,8,Nurse at the local hospital,15,Primary school teacher,1,1,,,,,Smaller steps for the graphs.,I would keep it the same but add more group work.,English and health. I don't really like maths.,Seeing people like me doing these jobs.,,,,I talk to them about it at home.,3,A paramedic,2,,,There aren't those jobs near where I live.,,A nurse or maybe a doctor,3,1,I don't think I will need to move.,,I went to a STEM activity and really liked it.,2,14,2,3,2,3,3,4,2,3,4,2,4,3,,,,,,,,,,,,,,,,,,,,,,,"2,3,6",,4,"2,5,7",,3,,,,,,,,3,4,5,2,3,2,3,2,3,5,A paramedic,"4,5,6,8",,1,,,,"4,5,6",,,,,,,,,,,,,,,,,,,,,,,,,,,,,,,,,,,,,,,,,,"4,5",,10,"1,7",,1,,1,4,1,2,3,2,2,5,1,2,"22,24,25,27","2,4,5","Presenting our project, I liked explaining it to the parents.",2,,5,"1,7",,3,,3,4,2,4,4,5,3,2,4,"26,28","1,3,6",Organising my group and working out who did what.,"Finding out health jobs are STEM jobs, I thought STEM was just computers.",3,,4,2,4,1,1,1,1,3,2,,,,,,,,,,,,,,,,3,3,4,3,1,3,2,3,1,Corio North PS,4,,
2026-10-05 13:25:00,2026-10-05 13:56:15,IP Address,,100,1875,True,2026-10-05 13:56:19,R_MK0149982,,,,,,,anonymous,EN,6,2,2,"2,5,6",,31,22,,18,Electrician,2,3,,,,,,,,,I knew I enjoyed it so I kept choosing it.,"2,6","2,3,5",They help me think about what I enjoy.,2,"Something in health, I didn't know that was STEM",1,4,,,They tell me what they think I would be good at.,A paramedic,1,2,The work I want is mostly in Melbourne.,A paramedic,I realised I was better at it than I thought.,1,11,5,4,2,1,1,3,1,2,2,4,2,3,,,,,,,,,,,,,,,,,,,,,,,,,,,,,,"Engineering, because I liked building things at school.",1,"3,6",,3,,,,,,,,,,,,A nurse or maybe a doctor,,,2,,6,,6,,,,,,,,,,,,,,,,,,,,,,,,,,,,,,,,,,,,,,,,,,,,,,,,,,,,,,,,,,,,,,,,,,,,,,,,,,,,,,,,,"Presenting our project, I liked explaining it to the parents.",1,,3,2,3,2,2,4,2,1,2,,,,,,,,,,,,,,,,4,3,2,2,1,1,4,1,1,"Presenting our project, I liked explaining it to the parents.",,2,
2026-09-18 15:32:00,2026-09-18 15:53:04,IP Address,,100,1264,True,2026-09-18 15:53:08,R_MK0150206,,,,,,,anonymous,EN,6,2,1,5,,28,21,Builder,18,Office administrator,2,2,,More help with the maths parts.,,,,More help with the maths parts.,,,My teacher encouraged me to keep going with it.,"2,3,6","1,2,3,7",I talk to them about it at home.,1,A paramedic,4,"2,4",,The work I want is mostly in Melbourne.,I talk to them about it at home.,A paramedic,1,1,,,,1,19,1,5,1,1,5,3,3,1,1,2,1,2,,,,,,,,,,,,,,,,,,,,,,,,,,,,,,A TAFE course in IT support.,1,1,,"1,2",,1,2,3,3,1,4,1,1,2,2,"Something in health, I didn't know that was STEM",,,2,,"1,2,4",,"2,5",,4,,13,"7,8,9",,3,,3,3,1,1,4,3,3,3,2,1,21,5,"Presenting our project, I liked explaining it to the parents.",,,,,,,,,,,,,,,,,,,,,,,,,,,,,,,,,,,,,,,,,"2,4",,14,"4,7",,1,,2,4,1,5,2,5,2,2,1,"24,28",6,Organising my group and working out who did what.,,,,,,,,,,,,,,,,,,,,,,,,,,,,1,3,2,1,1,2,2,3,1,"Finding out health jobs are STEM jobs, I thought STEM was just computers.",4,2,
2026-09-17 14:12:00,2026-09-17 14:22:39,IP Address,,100,639,True,2026-09-17 14:22:43,R_MK0151887,,,,,,,anonymous,EN,2,1,2,"1,2,5",,21,10,Accountant,19,Mechanic,2,2,More visits to the university.,,22,"Nothing, it was good.",,,,,I knew I enjoyed it so I kept choosing it.,"4,9","2,5,7",They explain what the job is really like.,2,"I want to go to uni now, maybe engineering",4,,,The work I want is mostly in Melbourne.,They explain what the job is really like.,Something with robots,1,3,I would need to go to the city for university.,Something with robots,I found out more about what the job involves.,2,4,2,3,2,4,2,2,1,1,1,2,2,1,"1,2,4,5",,24,"2,5,6,7,8",,1,,3,2,1,2,3,2,5,1,1,4,"23,26,28","1,5",The mentor said she was first in her family to go to uni too.,,,,,,,,,,"Teaching, because I had a great teacher.",2,"2,4,5",,"1,2",,3,2,1,2,5,1,2,3,3,4,Maybe an engineer,,,2,I realised I was better at it than I thought.,"2,5,6",,"1,3,7",,,,,,,,,,,,,,,,,,,,,,"1,2,4,5",,23,"1,4,7",,3,,3,1,4,4,1,3,2,2,1,2,"20,24,25,26","1,3,4",The mentor said she was first in her family to go to uni too.,,,,,,,,,,,,,,,,,,,,,,,,,,,,,,,,,,,,,,,,,,,,,,,,,,,,"Programming the robot to move on its own, I'd never done that.",1,,2,1,3,4,2,4,1,1,1,,,,5,1,2,3,2,2,1,3,4,The mentor said she was first in her family to go to uni too.,,3,
2026-09-23 14:05:00,2026-09-23 14:34:07,IP Address,,24,1747,False,2026-09-23 14:34:11,R_MK0152251,,,,,,,anonymous,EN,1,2,2,"2,6,9",,23,22,Nurse at the local hospital,21,Police officer,2,1,,,,,,"Better internet, ours dropped out during the online session.",,,,,,They explain what the job is really like.,2,A vet,1,6,,,,A vet,3,3,,Something with animals and science,I went to a STEM activity and really liked it.,2,6,4,1,2,4,2,2,1,3,2,1,2,1,,,,,,,,,,,,,,,,,,,,,,,,,,,,,,A TAFE course in IT support.,1,"3,6",,1,,1,1,1,2,3,5,1,2,1,2,,,,2,,"1,4,5",,"5,7",,,,,,,,,,,,,,,,,,,,,,,,,,,,,,,,,,,,,,,,,,,,,,,,,,,,,,,,,,,,,,"1,4,5",,6,10,,1,,1,3,1,2,2,1,1,1,2,"20,21,25,28","1,4","Learning the science behind farming, which is what my family does.",,,,,,,,,,,,,The video call with the scientist who works with livestock.,1,,2,1,1,2,2,3,2,2,1,,,,1,1,2,5,2,3,5,2,2,"Learning the science behind farming, which is what my family does.",,2,
2026-10-01 09:14:00,2026-10-01 09:34:32,IP Address,,100,1232,True,2026-10-01 09:34:36,R_MK0153895,,,,,,,anonymous,EN,2,2,2,"3,7,9",,31,12,,13,Electrician,2,2,,,19,Less sitting down at the start before we got to build.,,"More tools, we had to share.",,,My teacher encouraged me to keep going with it.,,,I talk to them about it at home.,1,Maybe an engineer,1,"5,7",,I would need to go to the city for university.,They help me think about what I enjoy.,Maybe an engineer,2,2,I would need to go to the city for university.,Something where I build things,I went to a STEM activity and really liked it.,,,2,1,1,4,2,1,1,3,3,1,3,1,,,,,,,,,,,,,,,,,,,,,,,,,,,,,,"Bachelor of Nursing, because I want to help people.",2,3,,"4,5",,3,1,1,2,2,2,1,2,4,4,A carpenter or an engineer,,,1,,"3,4,6,7",,"3,5,6,7",,,,,,,,,,,,,,,,,,,,,,"3,4,5",,4,"4,7,10",,2,,1,2,2,3,3,2,2,1,2,1,"21,23,24",1,"Using the 3D printer, I didn't know our school had one.",,,,,,,,,,,,,,,,,,,,,"1,2,5",,5,"3,4,6,10",,2,,1,4,4,2,2,2,3,2,1,"23,25,26,27","2,5,6","Using the 3D printer, I didn't know our school had one.",We made something for our town that people could actually use.,1,,4,2,2,2,2,4,2,4,4,Making the model with real tools. It felt like proper work.,1,,2,1,2,2,3,1,1,2,2,,,,,,,,,,,,,We made something for our town that people could actually use.,7,7,
2026-09-19 11:43:00,2026-09-19 12:04:45,IP Address,,100,1305,True,2026-09-19 12:04:49,R_MK0154896,,,,,,,anonymous,EN,3,1,2,6,,27,15,Council worker,22,Police officer,2,3,,"Nothing, it was good.",,,More visits to the university.,,,,My family talked to me about what options were out there.,5,"1,2,7",,,Something with robots,1,"1,4,6",,There aren't those jobs near where I live.,They help me think about what I enjoy.,Something with robots,2,2,The work I want is mostly in Melbourne.,Something with robots,I went to a STEM activity and really liked it.,2,18,1,5,2,4,1,1,2,4,2,4,2,3,,,,,,,,,,,,,,,,,,,,,,,,,,,,,,"Bachelor of Nursing, because I want to help people.",2,3,,1,,2,2,3,2,3,1,3,2,4,2,Something with robots,,,1,,6,,"2,4,7",,"1,3",,5,"2,3,4",,4,,2,2,4,2,2,1,3,4,1,1,"26,27","2,5",The mentor said she was first in her family to go to uni too.,,,,,,,,,,,,,,,,,,,,,"2,3,4",,13,"5,10",,1,,3,4,2,3,4,4,1,1,1,2,"20,21,23,28",6,"Going to the university campus, I'd never been to one.",,,,,,,,,,,,,,,,,,,,,,,,,,,,,,,,"Programming the robot to move on its own, I'd never done that.",1,,1,1,1,4,1,1,3,1,3,,,,2,1,3,3,2,2,2,1,1,The mentor said she was first in her family to go to uni too.,3,6,
2026-10-10 10:33:00,2026-10-10 10:39:49,IP Address,,100,409,True,2026-10-10 10:39:53,R_MK0155270,,,,,,,anonymous,EN,1,1,1,"1,4,5,9",,22,7,Police officer,,Electrician,1,1,,"Longer, and less talking in front of everyone at the end.",,,More time to write up what we found.,,Science and English. Maths is okay but harder.,More practice before tests.,,,,They explain what the job is really like.,1,A vet maybe,1,,,I don't think I will need to move.,They explain what the job is really like.,Not sure yet,1,3,There aren't those jobs near where I live.,A vet maybe,I realised I was better at it than I thought.,2,13,3,4,5,3,2,3,1,3,3,2,3,2,,,,,,,,,,,,,,,,,,,,,,,"5,9,10",,5,5,,2,,,,,,,,3,2,2,2,2,3,1,4,1,2,A vet maybe,"4,6,9,10",,1,,"1,7",,"2,4,6",,4,,8,"2,4,5,7",,2,,2,1,2,2,2,1,2,3,2,1,"20,22,23,26","3,5,6",Being in a small group where I wasn't scared to say the wrong thing.,,,,,,,,,,,,,,,,,,,,,4,,11,"5,9",,1,,1,1,2,2,4,3,3,2,3,3,"20,24,25,27",1,Being in a small group where I wasn't scared to say the wrong thing.,,,,,,,,,,,,,,,,,,,,I liked that we could test our own ideas even when they didn't work.,3,,2,2,2,1,2,4,2,1,3,,,,,,,,,,,,,,,,3,4,2,2,3,3,1,4,4,Waurn Ponds PS,1,,
2026-09-30 09:53:00,2026-09-30 10:23:14,IP Address,,100,1814,True,2026-09-30 10:23:18,R_MK0156440,,,,,,,anonymous,EN,1,3,2,"3,5,9",,23,11,Cleaner,13,Warehouse supervisor,1,2,"Nothing, I liked the making part.",,,,,,"Design and tech, and PE.",More hands-on activities instead of just worksheets.,,,,They explain what the job is really like.,1,A carpenter or an engineer,3,"5,6,7",,I would need to go to the city for university.,They help me think about what I enjoy.,Something where I build things,2,1,The work I want is mostly in Melbourne.,A carpenter or an engineer,I went to a STEM activity and really liked it.,2,13,3,2,2,2,2,5,5,1,3,5,2,2,"2,4",,13,"4,6,7,10",,1,,3,4,4,2,4,2,5,2,2,3,"23,25,26,28","2,3,4,5,6",We made something for our town that people could actually use.,"7,9,11",,,,4,"1,5,6",,,,,,,,,,2,1,2,1,3,2,5,2,2,3,,"1,3,5",,1,I found out more about what the job involves.,6,,1,,,,,,,,,,,,,,,,,,,,,,,,,,,,,,,,,,,,,,,,,,,,,,,,,,,,,,,,,,,,,,,,,,,,,,,,,,,,,,,,,,,,,,,,,,,,,,,,,,,,,,,,,,,,,,,,,,,,,Bellarine PS,4,,
2026-09-16 13:26:00,2026-09-16 13:41:09,IP Address,,100,909,True,2026-09-16 13:41:13,R_MK0157413,,,,,,,anonymous,EN,3,2,2,"2,6",,30,22,Council worker,8,Accountant,1,3,More of the design side and less coding.,,,,Better materials for the making part.,,"Visual arts, and design and tech.",Knowing what jobs these subjects lead to.,,,,,3,"A designer, maybe for apps",3,"1,2,7",,,They tell me what they think I would be good at.,An architect,2,3,I don't think I will need to move.,"A designer, maybe for apps",I went to a STEM activity and really liked it.,2,12,3,3,5,5,2,2,1,1,4,1,5,2,5,,11,"4,10",,1,,1,4,4,1,2,1,3,1,1,1,"21,22,23,27,28","1,3,4,5","Designing how our project looked, not just how it worked.","6,11",,,,5,"2,7",,3,,,,,,,,,,,,,,,,,,"A designer, maybe for apps","1,4,5,7,10,12",,1,Someone I know started doing it.,"3,4,6",,"1,4",,,,,,,,,,,,,,,,,,,,,,,,,,,,,,,,,,,,,,,,,,1,,16,"1,6,9",,1,,1,4,2,2,2,1,2,2,3,1,"21,23,26,28","3,4,5,6",Finding out design is part of engineering too.,,,,,,,,,,,,,,,,,,,,,,,,,,,,,,,,,,,,,,,,,,,,,,,2,2,2,1,1,1,3,1,3,Eaglehawk PS,1,,
2026-10-11 10:48:00,2026-10-11 11:03:05,IP Address,,100,905,True,2026-10-11 11:03:09,R_MK0158940,,,,,,,anonymous,EN,6,2,1,"5,6",,24,15,Pharmacist,10,Electrician,2,1,More of the design side and less coding.,,,,,,,,My family talked to me about what options were out there.,"5,7,9","3,6,7,8",I talk to them about it at home.,,Design and technology together,,,,,They help me think about what I enjoy.,"A designer, maybe for apps",3,3,The work I want is mostly in Melbourne.,Design and technology together,I realised I was better at it than I thought.,2,9,2,5,4,3,5,2,1,3,2,1,2,3,5,,20,"1,2,6,8,9",,2,,2,1,1,1,3,5,3,5,2,2,"24,28","3,4",Making the poster and the model together.,,,,,,,,,,"Environmental science, because I care about the outdoors.",2,"2,4,6",,,,1,1,1,3,3,2,5,1,3,3,An architect,,,2,I realised I was better at it than I thought.,,,"1,6",,,,,,,,,,,,,,,,,,,,,,,,,,,,,,,,,,,,,,,,,,,,,,,,,,,,,,,,,,,,,,,,,,,,,,,,,,,,,,,,,"Designing how our project looked, not just how it worked.",2,,2,2,1,4,3,5,2,1,1,,,,,,,,,,,,,,,,3,5,1,5,2,5,2,1,2,,5,6,
2026-09-27 10:10:00,2026-09-27 10:24:38,IP Address,,100,878,True,2026-09-27 10:24:42,R_MK0159641,,,,,,,anonymous,EN,5,2,2,"1,3,9",,30,8,Council worker,12,Pharmacist,1,1,Make it harder. Some of it we already knew.,"More time on the building, less on the planning.",,,,,,Knowing what jobs these subjects lead to.,,,,They help me think about what I enjoy.,2,,4,"1,2,3,4",,I would need to go to the city for university.,They help me think about what I enjoy.,,3,1,I don't think I will need to move.,A software engineer,I went to a STEM activity and really liked it.,2,13,1,1,5,1,1,1,2,1,2,2,1,1,1,,16,"1,4,5,10",,3,,2,1,1,2,2,3,2,2,1,1,"21,23,25,27,28","1,2,3",The coding part. I do a bit at home but this was harder.,"4,5,6,10,11",,"1,3,7,8,10",,5,"2,5,7",,"1,2,3,5",,,,,,,,1,1,1,2,1,1,1,1,2,3,A game developer,"1,4,8,10,11",,,Someone I know started doing it.,"1,2,4,5",,"1,2",,5,,8,"2,3,5,9,10",,2,,1,1,1,2,2,2,2,1,2,1,"20,22,25,27","2,3","Getting to build something that actually worked, not just learn about it.",,,,,,,,,,,,,,,,,,,,,,,,,,,,,,,,,,,,,,,,,,,,,,,,,,,,,,,,,,,,,,,,,,,,,,,,,,,,,,,,,,,,,,,1,2,2,2,1,3,1,1,5,Latrobe Valley SC,3,,
2026-10-03 13:46:00,2026-10-03 13:51:01,IP Address,,100,301,True,2026-10-03 13:51:05,R_MK0160439,,,,,,,anonymous,EN,4,1,2,"4,6,7",,27,9,Primary school teacher,17,Farmer,1,3,,,22,Run it closer to us more often.,,,"Science, and I like maths a bit.",Getting help when I get stuck.,,,,I talk to them about it at home.,2,Something with animals and science,2,"2,3,4,7",,The work I want is mostly in Melbourne.,They explain what the job is really like.,A vet,1,3,The work I want is mostly in Melbourne.,Something with animals and science,I realised I was better at it than I thought.,1,4,2,2,2,1,2,1,4,3,2,1,3,2,,,,,,,,,,,,,,,,,,,,,"5,6,7,8",,"1,2,3,4,5",,4,"2,3,7",,"1,2,3",,,,,,,,2,1,2,2,2,3,2,2,2,2,A vet,"4,5,6,10,11",,1,,"1,5,6",,3,,,,,,,,,,,,,,,,,,,,,,1,,24,"4,6,8,9,10",,3,,2,2,3,5,1,2,2,1,1,2,"20,22,23,25,28","1,3",The video call with the scientist who works with livestock.,,,,,,,,,,,,,,,,,,,,,,,,,,,,,,,,,,,,,,,,,,,,,,,,,,,,,,,,,,,,,,,,,,,2,1,4,4,4,2,2,1,2,Emmanuel SC,1,,
2026-10-12 10:37:00,2026-10-12 10:47:49,IP Address,,100,649,True,2026-10-12 10:47:53,R_MK0161305,,,,,,,anonymous,EN,1,1,2,"1,2,3",,30,13,Aged care worker,6,Warehouse supervisor,2,1,,,,,,,,,My teacher encouraged me to keep going with it.,7,"1,8",They tell me what they think I would be good at.,3,Something with robots,3,,,,I talk to them about it at home.,Maybe an engineer,1,2,There aren't those jobs near where I live.,"I want to go to uni now, maybe engineering",I found out more about what the job involves.,2,16,2,2,2,2,4,3,4,2,1,2,2,4,,,,,,,,,,,,,,,,,,,,,,,,,,,,,,"Teaching, because I had a great teacher.",,"1,3,5",,1,,2,2,5,2,2,1,2,2,2,3,Something with robots,,,2,,4,,7,,,,,,,,,,,,,,,,,,,,,,,,,,,,,,,,,,,,,,,,,,,,,,,,,,,,,,,,,,,,,,,,,,,,,,,,,,,,,,,,,,,,,,,,,,,,,"Going to the university campus, I'd never been to one.",1,,4,2,2,1,2,2,2,1,3,,,,2,3,3,3,1,1,4,4,3,The mentor said she was first in her family to go to uni too.,4,7,
2026-10-03 09:24:00,2026-10-03 09:50:25,IP Address,,100,1585,True,2026-10-03 09:50:29,R_MK0162765,,,,,,,anonymous,EN,1,1,2,"1,4,5,6",,29,17,Primary school teacher,10,Warehouse supervisor,1,1,,Make it harder. Some of it we already knew.,,,"Nothing really, but it went too fast.",,"Maths and digital technologies, I like solving things.",More hands-on activities instead of just worksheets.,,,,They explain what the job is really like.,1,A game developer,4,"1,6",,The work I want is mostly in Melbourne.,I talk to them about it at home.,,2,2,I would need to go to the city for university.,,Someone I know started doing it.,1,18,2,1,1,1,2,2,1,2,2,5,1,1,,,,,,,,,,,,,,,,,,,,,"4,5,6,7,8,10",,"3,4",,4,"2,5,6",,,,,,,,,,2,1,2,2,2,2,2,1,1,1,A game developer,,,1,,"1,3,4",,"2,4,6",,4,,14,"2,4,6,7,8",,2,,3,3,5,1,2,3,1,2,1,1,"20,21,22,26","2,5,6","Getting to build something that actually worked, not just learn about it.",,,,,,,,,,,,,,,,,,,,,3,,13,"1,4,10",,1,,3,1,1,3,2,2,2,5,1,2,"20,21","1,4,6","Meeting the mentor who works in tech, I asked her heaps of questions.",,,,,,,,,,,,,,,,,,,,The coding part. I do a bit at home but this was harder.,3,,1,2,2,1,2,1,1,2,2,,,,,,,,,,,,,,,,1,2,5,2,1,1,1,1,1,Bellarine PS,4,,
2026-09-14 12:40:00,2026-09-14 12:49:47,IP Address,,100,587,True,2026-09-14 12:49:51,R_MK0163429,,,,,,,anonymous,EN,5,2,2,"1,4",,22,13,Aged care worker,22,Runs a cafe,1,3,"Longer, and less talking in front of everyone at the end.",,,,"Maybe explain the words at the start, I didn't know some of them.",More time to write up what we found.,"I like science because we get to do experiments, and art.",If the teacher explained things more slowly.,,,,They help me think about what I enjoy.,2,Not sure yet,4,"4,5",,There aren't those jobs near where I live.,,Not sure yet,1,3,I don't think I will need to move.,A scientist,I found out more about what the job involves.,1,12,1,3,3,4,1,2,2,1,2,1,1,2,4,,12,"1,2,4,6",,1,,2,2,2,2,4,3,3,2,3,5,"26,27","4,6",Being in a small group where I wasn't scared to say the wrong thing.,"4,5,6,8,11",,"1,3,9",,5,,,"2,3",,,,,,,,3,2,1,3,2,3,1,1,5,2,A scientist,"4,10",,,I found out more about what the job involves.,"1,3,4,6",,"1,4,5",,,,,,,,,,,,,,,,,,,,,,,,,,,,,,,,,,,,,,,,,,5,,14,5,,1,,2,5,4,1,2,1,2,1,1,1,"21,25,26,27","4,5",Being in a small group where I wasn't scared to say the wrong thing.,"1,2",,11,"1,4,6,9",,2,,4,1,1,2,2,2,3,3,3,"26,27","3,5",Doing the experiments myself instead of watching the teacher do it.,,,,,,,,,,,,,,,,,,,,,,,,,,,,,,,,,,,,,Traralgon East PS,5,,
2026-09-23 14:52:00,2026-09-23 15:03:32,IP Address,,100,692,True,2026-09-23 15:03:36,R_MK0164585,,,,,,,anonymous,EN,3,1,2,"6,7,9",,25,22,Nurse at the local hospital,18,Office administrator,1,2,,,19,More time to write up what we found.,More time to write up what we found.,,"I like science because we get to do experiments, and art.",More practice before tests.,,,,,1,Not sure yet,1,"2,5",,I would need to go to the city for university.,,A scientist,2,2,I don't think I will need to move.,Not sure yet,,2,17,3,2,3,2,5,1,1,3,2,3,3,3,,,,,,,,,,,,,,,,,,,,,,,5,,5,,,"2,5",,,,,,,,1,2,2,4,3,2,2,1,2,4,Maybe a teacher,"4,5,9",,1,,"3,5,7",,"3,4,7",,,,,,,,,,,,,,,,,,,,,,"3,4",,17,"2,6",,2,,1,3,2,3,2,2,1,4,4,1,"21,23,26,28",6,Being in a small group where I wasn't scared to say the wrong thing.,2,,14,"5,8,9,10",,4,,1,1,2,2,2,2,2,2,1,2,22,"4,6",Being in a small group where I wasn't scared to say the wrong thing.,,,,,,,,,,,,,,,,,,,,,,,,,,,,,,,,Being in a small group where I wasn't scared to say the wrong thing.,1,,2,2,3,2,2,1,3,3,1,,,,1,2,2,1,1,1,1,3,2,Bendigo South SC,4,,
2026-09-17 14:43:00,2026-09-17 14:59:43,IP Address,,100,1003,True,2026-09-17 14:59:47,R_MK0165540,,,,,,,anonymous,EN,1,4,2,"3,9",,22,19,Primary school teacher,11,Police officer,1,1,"Maybe explain the words at the start, I didn't know some of them.",,,,,,"I like science because we get to do experiments, and art.",More hands-on activities instead of just worksheets.,,,,They help me think about what I enjoy.,1,A vet maybe,2,7,,There aren't those jobs near where I live.,They help me think about what I enjoy.,A scientist,3,1,,,Someone I know started doing it.,1,15,3,2,2,4,4,4,4,5,1,4,2,2,"1,4,5",,25,"2,3,6,8,9",,4,,1,2,1,5,2,4,4,2,2,2,"20,28","4,5",I liked that we could test our own ideas even when they didn't work.,,,"2,6,7,10",,4,"1,2,6",,"1,5",,,,,,,,3,2,3,5,4,2,2,2,2,2,Maybe a teacher,,,,Someone I know started doing it.,"3,4,5,6",,"1,6",,,,,,,,,,,,,,,,,,,,,,,,,,,,,,,,,,,,,,,,,,,,,,,,,,,,,,,,,,,,,,,,,,,,,,,,,,,,,,,,,I liked that we could test our own ideas even when they didn't work.,3,,5,2,1,4,1,2,2,2,1,,,,,,,,,,,,,,,,2,3,4,2,3,3,3,2,2,Corio North PS,2,,
2026-10-12 11:41:00,2026-10-12 11:50:49,IP Address,,100,589,True,2026-10-12 11:50:53,R_MK0166413,,,,,,,anonymous,EN,5,2,2,,,30,6,Aged care worker,14,Warehouse supervisor,1,3,More of the design side and less coding.,More of the design side and less coding.,,,,,"Visual arts, and design and tech.",Getting help when I get stuck.,,,,They tell me what they think I would be good at.,3,An architect,3,"3,4,6",,,I talk to them about it at home.,Design and technology together,3,3,There aren't those jobs near where I live.,"A designer, maybe for apps",,1,6,3,1,1,1,1,4,1,2,2,1,2,2,2,,25,"5,6,9,10",,2,,2,4,4,1,2,2,1,1,2,5,"20,21,22,25","1,3","Designing how our project looked, not just how it worked.","6,8,9,10,11",,"1,2,3,4,5,7",,5,"4,5,7",,1,,,,,,,,3,1,2,1,1,4,2,4,3,1,"A designer, maybe for apps","1,4,5,7,10",,2,I found out more about what the job involves.,"1,7",,"1,2,6",,"3,4,5",,10,"7,9",,4,,2,1,3,1,2,3,3,1,2,1,"24,26",3,"Designing how our project looked, not just how it worked.",,,,,,,,,,,,,,,,,,,,,,,,,,,,,,,,,,,,,,,,,,,,,,,,,,,,,,,,,,,,Finding out design is part of engineering too.,2,,1,3,3,4,2,1,2,5,1,,,,,,,,,,,,,,,,1,2,3,1,4,3,2,2,4,Latrobe Valley SC,1,,
2026-10-01 11:45:00,2026-10-01 12:12:18,IP Address,,100,1638,True,2026-10-01 12:12:22,R_MK0167988,,,,,,,anonymous,EN,3,2,2,"2,5,9",,21,17,Primary school teacher,20,Accountant,2,2,,"Nothing much, it was well run.",,,,,,,I knew I enjoyed it so I kept choosing it.,"2,3,5,6,7,9","1,3,4,5,7,8",They help me think about what I enjoy.,1,Medicine or research,2,"1,3,6",,The work I want is mostly in Melbourne.,They explain what the job is really like.,A biomedical scientist,2,2,There aren't those jobs near where I live.,Medicine or research,Someone I know started doing it.,1,17,1,2,2,2,2,1,1,2,1,1,1,1,,,,,,,,,,,,,,,,,,,,,,,,,,,,,,"Engineering, because I liked building things at school.",2,"1,2,7",,"3,4",,,,,,,,,,,,,,,2,,"3,4,7",,"2,6",,"2,3",,7,"4,5,9,10",,1,,3,1,1,2,2,1,1,2,1,1,"20,22,23,24,25,28",4,The research part where we had to find real evidence.,,,,,,,,,,,,,,,,,,,,,,,,,,,,,,,,,,,,,,,,,,,,,,,,,,,,,,,,,,,,Talking to the women in STEM about their actual day to day jobs.,1,,2,2,1,2,2,1,2,1,2,,,,,,,,,,,,,,,,,,,,,,,,,Going deeper than we do in normal class.,1,4,
2026-09-18 11:02:00,2026-09-18 11:23:55,IP Address,,100,1315,True,2026-09-18 11:23:59,R_MK0168449,,,,,,,anonymous,EN,1,1,1,4,,27,8,Nurse at the local hospital,5,,1,2,,,,,,,Science and English. Maths is okay but harder.,More hands-on activities instead of just worksheets.,,,,They explain what the job is really like.,3,Maybe a teacher,3,6,,The work I want is mostly in Melbourne.,They tell me what they think I would be good at.,,2,2,I don't think I will need to move.,,I went to a STEM activity and really liked it.,1,9,1,2,2,5,3,4,2,1,1,2,1,4,,,,,,,,,,,,,,,,,,,,,"4,6",,,,4,3,,"2,3",,,,,,,,2,2,4,1,1,3,3,4,4,2,A scientist,"1,4,5,11,12",,2,,,,7,,,,,,,,,,,,,,,,,,,,,,,,,,,,,,,,,,,,,,,,,,,,,,,,,,,,,,,,,,,,,,,,,,,,,,,,,,,,,,,,,,,,,,,,,,,,,Being in a small group where I wasn't scared to say the wrong thing.,1,,3,3,3,1,2,5,1,4,2,,,,4,3,2,2,2,2,1,4,1,Waurn Ponds PS,5,,
2026-09-26 14:08:00,2026-09-26 14:36:43,IP Address,,100,1723,True,2026-09-26 14:36:47,R_MK0169100,,,,,,,anonymous,EN,1,1,2,3,,24,14,Office administrator,6,Works at the supermarket,1,,,,,,,,Woodwork and design. I like making things with my hands.,,,,,,3,Maybe an engineer,3,"2,4,7",,The work I want is mostly in Melbourne.,I talk to them about it at home.,A carpenter or an engineer,1,1,I don't think I will need to move.,Something where I build things,Someone I know started doing it.,1,7,3,1,3,2,3,4,4,1,4,3,1,4,,,,,,,,,,,,,,,,,,,,,"7,8",,"1,2,4,7",,4,3,,1,,,,,,,,,,,,,,,,,,A carpenter or an engineer,"1,3,5,8,12",,2,,"1,6",,6,,,,,,,,,,,,,,,,,,,,,,,,,,,,,,,,,,,,,,,,,,,,,,,,,,,,,,,,,,,,,,,,,,,,,,,,,,,,,,,,,"Using the 3D printer, I didn't know our school had one.",3,,3,2,1,3,3,4,3,2,2,,,,,,,,,,,,,,,,2,3,1,1,2,1,1,3,3,Waurn Ponds PS,3,,
2026-09-28 12:09:00,2026-09-28 12:24:40,IP Address,,100,940,True,2026-09-28 12:24:44,R_MK0170304,,,,,,,anonymous,EN,6,1,1,"1,3,5,7,9",,31,14,Farmer,17,Nurse at the local hospital,1,,,,,,"Nothing really, but it went too fast.",,"Maths and digital technologies, I like solving things.",If the teacher explained things more slowly.,,,,They help me think about what I enjoy.,1,,2,"1,2,5,6",,The work I want is mostly in Melbourne.,,A computer scientist,1,2,The work I want is mostly in Melbourne.,A computer scientist,I realised I was better at it than I thought.,1,4,2,1,2,2,2,1,1,1,2,2,1,2,,,,,,,,,,,,,,,,,,,,,"5,6,7,9,10,11",,"3,5,8",,5,"1,2,3,6,7",,,,,,,,,,2,2,2,1,1,1,1,5,2,5,A game developer,,,2,,"1,2,5,6",,4,,,,,,,,,,,,,,,,,,,,,,,,,,,,,,,,,,,,,,,,,,"1,4",,14,"1,2,3,6,7,10",,4,,1,1,2,1,5,1,1,1,2,1,"21,23,25,26",3,"Meeting the mentor who works in tech, I asked her heaps of questions.",,,,,,,,,,,,,,,,,,,,,,,,,,,,,,,,,,,,,,,,,,,,,,,2,1,1,1,1,2,2,1,2,Pyrenees PS,3,,
2026-09-18 09:07:00,2026-09-18 09:25:20,IP Address,,100,1100,True,2026-09-18 09:25:24,R_MK0171704,,,,,,,anonymous,EN,4,2,1,"1,3,5,6,7",,28,8,Cleaner,22,,1,3,,I would add more art into it.,,,,Better materials for the making part.,,Doing it with my friends.,,,,I talk to them about it at home.,,,1,"1,7",,There aren't those jobs near where I live.,They explain what the job is really like.,"A designer, maybe for apps",2,3,I would need to go to the city for university.,Design and technology together,Someone I know started doing it.,1,8,1,2,2,2,1,4,1,1,1,2,3,2,,,,,,,,,,,,,,,,,,,,,"5,7,10",,"3,4,5,8",,4,6,,"1,2",,,,,,,,2,2,4,1,1,2,4,4,2,1,"A designer, maybe for apps","1,4,8,10",,2,,,,"2,5,7",,"1,5",,11,"3,7,8,9",,3,,3,2,3,3,1,2,2,3,4,2,"22,23","1,3,4","Designing how our project looked, not just how it worked.",,,,,,,,,,,,,,,,,,,,,,,,,,,,,,,,,,,,,,,,,"1,2,3",,11,"2,4,5",,2,,2,1,2,1,2,1,2,5,3,"23,25,27","1,2,5","Designing how our project looked, not just how it worked.",,,,,,,,,,,,,Making the poster and the model together.,1,,5,1,2,2,2,2,2,2,1,,,,,,,,,,,,,Warrnambool West PS,1,,
2026-09-22 10:42:00,2026-09-22 11:03:08,IP Address,,100,1268,True,2026-09-22 11:03:12,R_MK0172426,,,,,,,anonymous,EN,5,2,1,"2,4,6,7",,23,16,Truck driver,15,Aged care worker,1,1,,,,,,More visits to the university.,I like art and sport. Science is okay.,Doing it with my friends.,,,,,1,Maybe an engineer,2,6,,,I talk to them about it at home.,,,2,I would need to go to the city for university.,Something with robots,I went to a STEM activity and really liked it.,1,19,3,1,3,3,2,4,1,3,3,2,3,2,,,,,,,,,,,,,,,,,,,,,8,,,,5,"4,6",,1,,,,,,,,3,3,3,2,3,1,2,2,4,1,"I want to go to uni now, maybe engineering","3,4,12",,1,,"1,6,7",,"5,6",,,,,,,,,,,,,,,,,,,,,,,,,,,,,,,,,,,,,,,,,,,,,,,,,,,,,,,,,,,,,,2,,10,"3,5",,1,,1,2,1,3,1,2,3,2,2,"21,24,25,27,28","3,4","Going to the university campus, I'd never been to one.","Going to the university campus, I'd never been to one.",3,,1,1,4,2,1,1,2,2,2,,,,,,,,,,,,,,,,4,2,2,3,1,2,2,4,4,Moe South PS,2,,
2026-09-19 14:37:00,2026-09-19 14:49:44,IP Address,,100,764,True,2026-09-19 14:49:48,R_MK0173585,,,,,,,anonymous,EN,1,2,1,"2,5,9",,25,19,Hairdresser,4,Primary school teacher,1,2,"Nothing much, it was well run.",,,,,"More time on the analysis, we rushed that bit.",Maths methods and chemistry. I want to do medicine.,If the teacher explained things more slowly.,,,,They tell me what they think I would be good at.,1,A doctor,4,"5,6",,There aren't those jobs near where I live.,They help me think about what I enjoy.,A doctor,1,3,I don't think I will need to move.,Medicine or research,I went to a STEM activity and really liked it.,2,14,1,2,1,1,2,1,1,3,1,3,5,3,5,,21,"4,6,8,9,10",,3,,3,2,1,1,1,2,2,5,1,1,"20,24,27,28","1,2,3,5,6",The research part where we had to find real evidence.,"4,7,8,9",,"5,6,9,10",,4,"1,7",,"1,2,4",,,,,,,,2,2,5,2,2,1,2,2,2,1,A biomedical scientist,"3,6,10,11,12",,1,I realised I was better at it than I thought.,"4,6",,"1,5",,,,,,,,,,,,,,,,,,,,,,,,,,,,,,,,,,,,,,,,,,,,,,,,,,,,,,,,,,,,,,"2,3,4",,8,"1,4,5,6",,3,,1,1,2,1,2,1,2,1,1,"21,22,23,26,27","2,3,6",The research part where we had to find real evidence.,,,,,,,,,,,,,,,,,,,,,,,,,,,,2,2,3,2,1,2,1,2,2,Corio North PS,1,,
2026-10-02 09:21:00,2026-10-02 09:30:15,IP Address,,100,555,True,2026-10-02 09:30:19,R_MK0174204,,,,,,,anonymous,EN,2,1,2,"1,3,4,5,6,7,9",,28,10,Mechanic,21,Childcare educator,1,1,,"More time on the analysis, we rushed that bit.",20,"More time on the analysis, we rushed that bit.",,,Maths methods and chemistry. I want to do medicine.,,,,,They tell me what they think I would be good at.,2,Medicine or research,2,"1,4,6",,I don't think I will need to move.,They help me think about what I enjoy.,A biomedical scientist,2,3,I don't think I will need to move.,Medicine or research,I realised I was better at it than I thought.,1,4,2,1,1,2,1,1,1,2,1,1,1,2,,,,,,,,,,,,,,,,,,,,,"4,5",,"1,2,4,9,10",,4,"1,2,4,6,7",,2,,,,,,,,,,,,,,,,,,A biomedical scientist,,,2,,"1,3,4,6",,"2,3",,"1,2,4,5",,7,"4,5,7,9,10",,4,,1,1,1,5,1,1,5,2,2,1,"20,22,23,28",6,Talking to the women in STEM about their actual day to day jobs.,"2,3,5",,18,"2,3,5,6,7,8",,3,,3,2,2,2,1,1,2,1,2,2,"21,22,23,26,28",3,The research part where we had to find real evidence.,,,,,,,,,,,,,,,,,,,,,,,,,,,,,,,,,,,,,,,,,,,,,,,,,,,,,,,,,,,,,,,,,,,2,2,1,3,1,1,2,2,5,Ballarat East SC,4,,
2026-09-17 10:11:00,2026-09-17 10:31:57,IP Address,,100,1257,True,2026-09-17 10:32:01,R_MK0175924,,,,,,,anonymous,EN,2,1,2,"2,7,9",,21,6,Primary school teacher,,Electrician,1,,,,,,,,"Maths and digital technologies, I like solving things.",More hands-on activities instead of just worksheets.,,,,They tell me what they think I would be good at.,1,A software engineer,2,"2,4,7",,There aren't those jobs near where I live.,They help me think about what I enjoy.,A computer scientist,1,1,I don't think I will need to move.,A software engineer,I realised I was better at it than I thought.,2,13,2,2,1,3,1,1,2,1,1,1,2,1,,,,,,,,,,,,,,,,,,,,,"5,6,8",,"1,2,3,5,7,9,10",,,"2,6",,1,,,,,,,,2,2,1,1,2,1,2,2,1,1,A software engineer,,,2,,"1,2,3",,7,,,,,,,,,,,,,,,,,,,,,,,,,,,,,,,,,,,,,,,,,,,,,,,,,,,,,,,,,,,,,,,,,,,,,,,,,,,,,,,,,,,,,,,,,,,,,"Getting to build something that actually worked, not just learn about it.",1,,3,1,1,2,1,1,1,2,2,,,,2,2,1,1,1,1,1,3,1,Sebastopol PS,2,,
2026-10-07 12:55:00,2026-10-07 13:08:58,IP Address,,100,838,True,2026-10-07 13:09:02,R_MK0176930,,,,,,,anonymous,EN,1,2,2,"2,7,9",,23,4,Police officer,8,,1,3,,"Maybe explain the words at the start, I didn't know some of them.",,,,"Maybe explain the words at the start, I didn't know some of them.","I like science because we get to do experiments, and art.",More practice before tests.,,,,They explain what the job is really like.,3,Maybe a teacher,4,"1,3",,I would need to go to the city for university.,,Maybe a teacher,2,2,There aren't those jobs near where I live.,,I found out more about what the job involves.,1,15,4,2,1,3,5,5,4,4,3,1,4,3,,,,,,,,,,,,,,,,,,,,,"4,7,9",,"4,8,9,10",,5,1,,"1,2",,,,,,,,,,,,,,,,,,A vet maybe,"1,10,12",,,,"1,4",,"2,5,6",,"1,2",,14,"2,7,8",,2,,2,1,1,1,1,2,3,1,2,3,"21,22,24,26,27",6,Doing the experiments myself instead of watching the teacher do it.,,,,,,,,,,,,,,,,,,,,,,,,,,,,,,,,,,,,,,,,,1,,10,8,,1,,3,3,3,3,1,3,2,3,3,"21,26,27",3,Doing the experiments myself instead of watching the teacher do it.,Doing the experiments myself instead of watching the teacher do it.,1,,1,1,4,2,2,2,2,3,1,,,,,,,,,,,,,,,,3,1,3,1,1,1,2,2,1,Waurn Ponds PS,2,,
2026-09-20 10:32:00,2026-09-20 10:52:09,IP Address,,100,1209,True,2026-09-20 10:52:13,R_MK0177326,,,,,,,anonymous,EN,4,1,2,"3,4",,24,15,Pharmacist,5,Primary school teacher,1,2,,,,,"Nothing, it was good.",,"Maths is alright, I like the puzzles.",Seeing people like me doing these jobs.,,,,They tell me what they think I would be good at.,1,Maybe an engineer,1,"1,4,6",,I don't think I will need to move.,,,1,2,I don't think I will need to move.,Something with robots,I realised I was better at it than I thought.,1,8,3,2,1,1,1,1,1,3,2,3,2,3,,,,,,,,,,,,,,,,,,,,,"7,9,10",,"3,4,6,7",,5,"6,7",,"2,3,5",,,,,,,,3,4,3,2,2,2,2,2,2,5,Maybe an engineer,"6,7,9",,1,,"2,4,6",,4,,,,,,,,,,,,,,,,,,,,,,,,,,,,,,,,,,,,,,,,,,5,,13,"1,3,4,6,7",,2,,2,2,2,2,2,2,3,2,5,2,"22,23,24,28",2,The mentor said she was first in her family to go to uni too.,,,,,,,,,,,,,,,,,,,,,,,,,,,,,,,,,,,,,,,,,,,,,,,3,4,1,4,5,2,2,1,2,Emmanuel SC,4,,
2026-09-18 12:43:00,2026-09-18 13:00:49,IP Address,,100,1069,True,2026-09-18 13:00:53,R_MK0178832,,,,,,,anonymous,EN,5,1,2,3,,28,14,,14,,1,3,Longer so we could finish properly.,More field trips instead of classroom parts.,,,Longer so we could finish properly.,,I like science because it's about real things.,Seeing people like me doing these jobs.,,,,I talk to them about it at home.,,Something protecting rivers,4,"2,4",,There aren't those jobs near where I live.,They explain what the job is really like.,Something protecting rivers,3,2,I don't think I will need to move.,An environmental scientist,I realised I was better at it than I thought.,1,13,4,2,2,1,1,2,5,2,5,1,1,1,"1,4",,12,"4,5,6,8",,2,,1,2,3,4,3,2,3,1,2,1,"20,21,26","2,3,6",The excursion where we surveyed the wetlands.,,,"1,3,4,6,7,8",,,"1,4,6,7",,1,,,,,,,,,,,,,,,,,,Something protecting rivers,"4,7,12",,1,Someone I know started doing it.,"4,6",,"1,2,4",,"4,5",,14,"2,5,7,8,10",,4,,3,2,2,1,3,1,3,2,1,1,"20,21,24,26",5,Learning science can fix real problems in our own town.,,,,,,,,,,,,,,,,,,,,,"1,4",,14,"1,2,5,9",,3,,1,5,2,1,2,3,3,2,2,2,"21,22,26,27",5,Testing the water in the creek near us and finding what was in it.,,,,,,,,,,,,,,,,,,,,,,,,,,,,,,,,,,,,,,,,,,,,,,,2,2,3,1,2,2,1,4,4,Moe South PS,2,,
2026-09-20 12:13:00,2026-09-20 12:22:15,IP Address,,100,555,True,2026-09-20 12:22:19,R_MK0179611,,,,,,,anonymous,EN,1,1,2,"1,2",,25,7,Police officer,14,Mechanic,2,,,,18,"Nothing, I liked the making part.",,,,,My family talked to me about what options were out there.,"2,3,4,6,9","1,4,5,6",I talk to them about it at home.,1,A carpenter or an engineer,4,6,,I don't think I will need to move.,They tell me what they think I would be good at.,Something where I build things,2,1,The work I want is mostly in Melbourne.,Something where I build things,I realised I was better at it than I thought.,2,18,3,3,1,1,3,1,2,4,2,3,4,1,,,,,,,,,,,,,,,,,,,,,,,,,,,,,,"Bachelor of Nursing, because I want to help people.",1,,,"2,3,4",,1,5,3,5,2,1,4,2,2,3,Something where I build things,,,2,,"2,5",,"3,6,7",,,,,,,,,,,,,,,,,,,,,,"1,2,3,4",,22,"1,3",,1,,2,1,2,2,5,2,1,2,4,3,"22,27,28","3,4,6",Making the model with real tools. It felt like proper work.,,,,,,,,,,,,,,,,,,,,,,,,,,,,,,,,,,,,,,,,"Using the 3D printer, I didn't know our school had one.",3,,1,1,1,5,3,4,2,1,3,"Using the 3D printer, I didn't know our school had one.",1,,5,1,1,1,1,1,3,1,2,,,,2,3,2,2,3,3,2,1,1,"Using the 3D printer, I didn't know our school had one.",5,5,
2026-09-30 14:54:00,2026-09-30 15:13:12,IP Address,,100,1152,True,2026-09-30 15:13:16,R_MK0180235,,,,,,,anonymous,EN,1,2,2,"2,4,7",,30,11,Builder,14,,1,3,Make it harder. Some of it we already knew.,"More time on the building, less on the planning.",18,"Nothing really, but it went too fast.",,"More time on the building, less on the planning.",Science and maths because they make sense to me.,Seeing people like me doing these jobs.,,,,They explain what the job is really like.,1,A computer scientist,1,"1,3,6,7",,I don't think I will need to move.,They help me think about what I enjoy.,A computer scientist,2,1,I would need to go to the city for university.,A game developer,I realised I was better at it than I thought.,2,22,1,1,2,2,1,2,4,1,1,2,2,1,2,,22,"2,3,6,7,8,10",,1,,2,4,2,2,1,3,2,1,2,1,"20,22,23,25,27,28","2,3",The coding part. I do a bit at home but this was harder.,"4,5,6,7,8,11",,"1,2,5,7,8",,5,"2,3,5,7",,"1,2,4,5",,,,,,,,,,,,,,,,,,A software engineer,"1,3,5,8,10",,1,I went to a STEM activity and really liked it.,"3,5",,"1,2,3,5",,"1,2,3,4,5",,11,"1,7",,3,,2,5,2,2,3,2,1,1,2,1,"20,22,25,27","1,2,4,6","Getting to build something that actually worked, not just learn about it.","4,5",,19,"1,3,6,7,8,9",,2,,1,1,1,1,1,1,2,2,1,2,"22,26,28","3,5,6",The coding part. I do a bit at home but this was harder.,,,,,,,,,,,,,,,,,,,,,"1,2,3",,13,"2,3,5",,2,,1,2,2,1,1,5,1,1,2,"21,22,25,27","1,3,4,6","Getting to build something that actually worked, not just learn about it.",,,,,,,,,,,,,,,,,,,,,,,,,,,,,,,,,,,,,Waurn Ponds PS,1,,
2026-09-28 14:06:00,2026-09-28 14:21:55,IP Address,,100,955,True,2026-09-28 14:21:59,R_MK0181635,,,,,,,anonymous,EN,6,1,2,5,,25,18,Works at the supermarket,14,Runs a cafe,2,2,,,,,,,,,My teacher encouraged me to keep going with it.,"2,3","2,3,6,7",They tell me what they think I would be good at.,2,,3,"3,4,6",,,They tell me what they think I would be good at.,Something with animals and science,2,3,I would need to go to the city for university.,Something with animals and science,Someone I know started doing it.,1,10,2,5,2,2,2,1,5,2,3,2,1,1,,,,,,,,,,,,,,,,,,,,,,,,,,,,,,"Teaching, because I had a great teacher.",1,"1,3,7",,"1,2,4",,2,2,2,3,1,3,3,2,2,5,,,,1,,"1,2,4,6",,6,,,,,,,,,,,,,,,,,,,,,,,,,,,,,,,,,,,,,,,,,,,,,,,,,,,,,,,,,,,,,,,,,,,,,,,,,,,,,,,,,Getting to do it here instead of travelling to the city.,3,,1,1,1,1,2,1,2,1,1,,,,,,,,,,,,,,,,2,2,2,2,1,3,2,1,2,"Learning the science behind farming, which is what my family does.",5,7,
2026-10-12 13:57:00,2026-10-12 14:28:02,IP Address,,100,1862,True,2026-10-12 14:28:06,R_MK0182344,,,,,,,anonymous,EN,2,2,2,"1,3,4,5,7,9",,25,14,Electrician,5,Pharmacist,2,2,,,,,Harder content for people who want it.,,,,My family talked to me about what options were out there.,"5,7,8","1,2,4,7,8",They tell me what they think I would be good at.,2,Medicine or research,4,"1,2,3,4,5,6",,The work I want is mostly in Melbourne.,I talk to them about it at home.,A doctor,2,3,There aren't those jobs near where I live.,A biomedical scientist,I found out more about what the job involves.,2,17,1,1,2,1,1,2,1,1,1,2,1,1,,,,,,,,,,,,,,,,,,,,,,,,,,,,,,"Environmental science, because I care about the outdoors.",1,3,,"1,2,5",,,,,,,,,,,,A biomedical scientist,,,2,,"1,3,4,7",,"4,6,7",,,,,,,,,,,,,,,,,,,,,,,,,,,,,,,,,,,,,,,,,,"1,5",,18,"1,5,6,7,9,10",,3,,3,1,1,2,2,1,1,1,1,2,"23,25,27,28","2,4,6",Going deeper than we do in normal class.,,,,,,,,,,,,,,,,,,,,Going deeper than we do in normal class.,1,,1,1,1,2,1,1,2,1,2,Going deeper than we do in normal class.,1,,5,1,1,2,2,2,1,1,2,,,,,,,,,,,,,Going deeper than we do in normal class.,6,6,
2026-09-19 09:30:00,2026-09-19 09:55:23,IP Address,,100,1523,True,2026-09-19 09:55:27,R_MK0183805,,,,,,,anonymous,EN,3,1,2,"1,3,5,9",,30,13,Mechanic,16,Cleaner,1,3,,,20,More time to write up what we found.,,,"I like science because we get to do experiments, and art.",,,,,They help me think about what I enjoy.,1,A scientist,1,"2,4,6,7",,I would need to go to the city for university.,They tell me what they think I would be good at.,A scientist,2,3,There aren't those jobs near where I live.,Not sure yet,Someone I know started doing it.,1,18,2,3,4,2,3,2,1,2,2,2,1,3,,,,,,,,,,,,,,,,,,,,,"7,9",,"5,7",,5,"3,4,7",,,,,,,,,,1,4,2,2,3,2,2,4,3,1,,"1,3,9,12",,1,,"3,7",,"3,6",,,,,,,,,,,,,,,,,,,,,,"3,4",,21,"2,6,7",,4,,3,1,3,1,2,3,1,3,1,1,"20,21,28","2,3,4",Being in a small group where I wasn't scared to say the wrong thing.,,,,,,,,,,,,,,,,,,,,,,,,,,,,,,,,,,,,,,,,Being in a small group where I wasn't scared to say the wrong thing.,3,,1,4,3,2,2,3,2,4,2,,,,,,,,,,,,,,,,4,5,3,3,1,4,3,1,2,Eaglehawk PS,1,,
2026-09-20 10:30:00,2026-09-20 10:38:06,IP Address,,100,486,True,2026-09-20 10:38:10,R_MK0184262,,,,,,,anonymous,EN,2,2,2,"1,2,4,6",,24,6,Runs a cafe,16,Childcare educator,2,1,Longer so we could finish properly.,,22,More field trips instead of classroom parts.,,Longer so we could finish properly.,,,My teacher encouraged me to keep going with it.,"1,2,4,7,9","2,9",I talk to them about it at home.,3,An environmental scientist,3,"1,3,6,7",,There aren't those jobs near where I live.,They explain what the job is really like.,A marine scientist,3,1,I don't think I will need to move.,An environmental scientist,Someone I know started doing it.,1,16,2,2,3,2,3,2,2,2,1,1,1,1,"1,4",,28,"6,9,10",,2,,2,2,2,5,2,2,3,3,1,3,"22,26,28",4,Testing the water in the creek near us and finding what was in it.,,,,,,,,,,"Engineering, because I liked building things at school.",2,"4,5",,"2,3,5",,1,2,4,1,1,2,2,1,3,4,A marine scientist,,,2,I went to a STEM activity and really liked it.,"1,2,5,6",,"1,3,5",,,,,,,,,,,,,,,,,,,,,,"1,3,5",,21,6,,3,,3,2,4,2,2,3,3,4,2,1,"20,22,23,24,28","1,2,5",Learning science can fix real problems in our own town.,,,,,,,,,,,,,,,,,,,,,"2,5",,8,"3,6,7",,3,,1,2,2,2,2,2,4,2,3,"22,26,28","4,5,6",The excursion where we surveyed the wetlands.,,,,,,,,,,,,,,,,,,,,,,,,,,,,1,1,1,1,2,1,1,2,1,The excursion where we surveyed the wetlands.,1,5,
2026-10-12 09:30:00,2026-10-12 09:42:10,IP Address,,100,730,True,2026-10-12 09:42:14,R_MK0185851,,,,,,,anonymous,EN,5,1,2,"2,7",,27,17,Pharmacist,20,,1,2,,,21,Smaller steps for the graphs.,,,"PE and English, and science sometimes.",Getting help when I get stuck.,,,,They help me think about what I enjoy.,3,A paramedic,1,"4,5",,I would need to go to the city for university.,I talk to them about it at home.,A paramedic,,1,I don't think I will need to move.,A paramedic,Someone I know started doing it.,1,7,3,2,1,3,4,3,3,1,3,2,1,2,,,,,,,,,,,,,,,,,,,,,"7,11",,"1,2,4,9",,5,"2,6,7",,5,,,,,,,,3,2,1,1,2,4,2,1,4,4,A paramedic,"3,7,10",,1,,1,,"3,7",,,,,,,,,,,,,,,,,,,,,,4,,16,"1,6,9",,1,,3,3,2,5,4,4,5,2,4,2,"23,24,28","4,5","Finding out health jobs are STEM jobs, I thought STEM was just computers.",,,,,,,,,,,,,,,,,,,,,,,,,,,,,,,,,,,,,,,,,,,,,,,,,,,,"Presenting our project, I liked explaining it to the parents.",1,,1,5,1,4,3,4,5,3,4,,,,3,3,4,3,1,3,3,2,2,Moe South PS,4,,
2026-09-25 12:25:00,2026-09-25 12:35:01,IP Address,,100,601,True,2026-09-25 12:35:05,R_MK0186326,,,,,,,anonymous,EN,6,2,1,"2,6,7,9",,25,19,Council worker,,Cleaner,1,3,,,20,"More time on the analysis, we rushed that bit.","Nothing much, it was well run.",,"Science and maths, they're my strongest.",If the teacher explained things more slowly.,,,,They tell me what they think I would be good at.,1,Medicine or research,2,"4,6",,I would need to go to the city for university.,They help me think about what I enjoy.,A doctor,3,3,I would need to go to the city for university.,A biomedical scientist,I found out more about what the job involves.,2,12,1,1,1,2,1,2,1,2,1,2,2,2,,,,,,,,,,,,,,,,,,,,,"5,7,8,9,11",,"1,2,3",,,"3,4,5",,3,,,,,,,,2,1,2,5,3,2,1,2,2,2,Medicine or research,"1,3,4,5,7,11",,1,,"1,3,6,7",,"3,4,6",,,,,,,,,,,,,,,,,,,,,,4,,22,"2,3,7,9,10",,2,,2,2,2,5,1,2,3,2,1,2,"20,21,25,26,27","2,3,4,5",Going deeper than we do in normal class.,"2,5",,15,"3,4,6,8",,4,,3,1,2,1,2,4,2,1,5,2,"20,23,24,28",4,Going deeper than we do in normal class.,,,,,,,,,,,,,,,,,,,,Going deeper than we do in normal class.,1,,1,2,2,4,1,2,1,2,5,,,,,,,,,,,,,,,,1,2,1,2,3,1,1,1,1,Ararat West PS,2,,
2026-10-08 09:59:00,2026-10-08 10:19:24,IP Address,,100,1224,True,2026-10-08 10:19:28,R_MK0187735,,,,,,,anonymous,EN,3,2,2,"5,6",,27,13,Warehouse supervisor,22,Warehouse supervisor,1,2,Smaller steps for the graphs.,,,,,Smaller steps for the graphs.,"PE and English, and science sometimes.",If the teacher explained things more slowly.,,,,They explain what the job is really like.,2,,,"1,2,5,7",,The work I want is mostly in Melbourne.,I talk to them about it at home.,A nurse or maybe a doctor,2,2,I would need to go to the city for university.,A paramedic,Someone I know started doing it.,1,9,2,1,1,3,3,3,2,4,2,1,1,4,"1,2,4",,14,"2,7,8",,4,,3,2,4,1,1,1,1,3,1,1,"20,22,23,25,26,27,28","3,5","Finding out health jobs are STEM jobs, I thought STEM was just computers.","4,6,7,9",,"1,2,8,9,10",,5,"2,4",,1,,,,,,,,3,3,2,2,1,2,3,3,3,2,"Something in health, I didn't know that was STEM","3,5,8",,1,I realised I was better at it than I thought.,,,"1,5,6",,,,,,,,,,,,,,,,,,,,,,,,,,,,,,,,,,,,,,,,,,,,,,,,,,,,,,,,,,,,,,1,,8,"2,10",,4,,2,2,2,1,3,1,3,2,2,"20,21,28","3,4,5,6","Finding out health jobs are STEM jobs, I thought STEM was just computers.","Presenting our project, I liked explaining it to the parents.",1,,2,1,3,4,2,3,2,3,2,,,,,,,,,,,,,,,,3,2,1,2,4,4,3,4,3,Eaglehawk PS,2,,
2026-09-24 14:19:00,2026-09-24 14:34:15,IP Address,,100,915,True,2026-09-24 14:34:19,R_MK0188783,,,,,,,anonymous,EN,2,1,2,"2,5",,22,17,Nurse at the local hospital,12,Primary school teacher,1,3,Run it closer to us more often.,,,,,,"Science, and I like maths a bit.",More hands-on activities instead of just worksheets.,,,,They tell me what they think I would be good at.,2,Something with animals and science,3,,,I don't think I will need to move.,I talk to them about it at home.,An agricultural scientist,2,1,The work I want is mostly in Melbourne.,Something with animals and science,I went to a STEM activity and really liked it.,,4,2,2,2,3,1,2,3,1,1,2,1,3,3,,27,"3,7",,4,,3,2,4,4,1,3,2,2,1,2,"26,28","2,5,6",The video call with the scientist who works with livestock.,"4,5",,"1,2,3,8,9",,5,,,1,,,,,,,,2,2,2,3,1,4,1,3,3,3,A vet,"1,6,11",,1,I realised I was better at it than I thought.,"1,3,4,5,7",,"1,7",,,,,,,,,,,,,,,,,,,,,,,,,,,,,,,,,,,,,,,,,,,,,,,,,,,,,,,,,,,,,,,,,,,,,,,,,,,,,,,,,,,,,,,,,,,,,The video call with the scientist who works with livestock.,1,,2,3,3,1,3,1,2,1,4,,,,4,3,1,2,2,3,3,2,2,Wendouree PS,4,,
2026-09-21 14:50:00,2026-09-21 15:16:40,IP Address,,71,1600,False,2026-09-21 15:16:44,R_MK0189690,,,,,,,anonymous,EN,3,1,2,,,23,11,Council worker,8,Office administrator,1,3,Smaller steps for the graphs.,,,,,,English and health. I don't really like maths.,Knowing what jobs these subjects lead to.,,,,They tell me what they think I would be good at.,2,"Something in health, I didn't know that was STEM",2,,,I would need to go to the city for university.,They explain what the job is really like.,A nurse or maybe a doctor,1,2,The work I want is mostly in Melbourne.,,I went to a STEM activity and really liked it.,,11,2,1,3,2,1,3,1,3,4,4,1,2,1,,10,"8,9,10",,1,,2,2,2,2,5,1,1,1,4,4,"22,25","3,6","Finding out health jobs are STEM jobs, I thought STEM was just computers.","5,7",,"1,2,5",,4,"1,3,4",,2,,,,,,,,2,1,3,2,2,2,3,2,3,2,"Something in health, I didn't know that was STEM","1,5",,1,I realised I was better at it than I thought.,"5,6",,1,,,,,,,,,,,,,,,,,,,,,,,,,,,,,,,,,,,,,,,,,,,,,,,,,,,,,,,,,,,,,,,,,,,,,,,,,,,,,,,,,,,,,,,,,,,,,,,,,,,,,,,,,,,,2,4,3,3,3,1,4,2,3,Kangaroo Flat PS,5,,
2026-09-17 12:32:00,2026-09-17 12:47:09,IP Address,,100,909,True,2026-09-17 12:47:13,R_MK0190108,,,,,,,anonymous,EN,1,2,1,"1,6",,26,7,Mechanic,19,Truck driver,2,3,,Run it closer to us more often.,,,"More equipment, we had to share one set.","More equipment, we had to share one set.",,,My teacher encouraged me to keep going with it.,"5,6,7,8,9","2,6,7,9",They tell me what they think I would be good at.,3,A vet,2,"2,3",,The work I want is mostly in Melbourne.,They explain what the job is really like.,An agricultural scientist,1,1,,Something with animals and science,I found out more about what the job involves.,,13,1,5,1,3,3,2,1,2,2,4,2,2,,,,,,,,,,,,,,,,,,,,,,,,,,,,,,"Bachelor of Nursing, because I want to help people.",1,"2,5",,"1,3,4",,1,4,2,1,2,3,1,1,2,5,Something with animals and science,,,2,,"3,4,5",,"2,4,5,6",,"1,2,3,5",,6,"2,4,9,10",,4,,3,4,3,2,2,2,2,2,5,1,20,"2,3,4,5",Getting to do it here instead of travelling to the city.,,,,,,,,,,,,,,,,,,,,,"2,3,4",,9,"6,7,8",,4,,1,3,1,1,1,1,1,2,2,2,"23,25,27","1,5",Getting to do it here instead of travelling to the city.,5,,9,"2,3,5,7,9,10",,3,,3,2,2,3,1,2,1,1,1,"20,21,27","2,5",The video call with the scientist who works with livestock.,The video call with the scientist who works with livestock.,3,,3,2,1,2,2,4,1,2,1,,,,,,,,,,,,,,,,3,1,1,1,3,3,5,3,1,"Learning the science behind farming, which is what my family does.",2,5,
2026-09-14 12:02:00,2026-09-14 12:08:59,IP Address,,71,419,False,2026-09-14 12:09:03,R_MK0191708,,,,,,,anonymous,EN,1,2,2,"4,6",,25,16,Works at the supermarket,9,Childcare educator,1,1,More time to write up what we found.,,,,,,,Seeing people like me doing these jobs.,,,,They help me think about what I enjoy.,3,A scientist,2,"2,4,5",,I don't think I will need to move.,I talk to them about it at home.,A scientist,1,3,The work I want is mostly in Melbourne.,Not sure yet,I found out more about what the job involves.,1,17,2,3,2,5,2,2,2,2,2,2,1,3,1,,9,"1,4,10",,3,,1,2,3,4,3,3,1,2,3,1,25,2,Being in a small group where I wasn't scared to say the wrong thing.,"7,8,9,10",,"1,3",,4,2,,2,,,,,,,,1,3,2,1,1,4,1,3,5,1,Not sure yet,"3,4,6,9,10",,2,I realised I was better at it than I thought.,"2,5",,"1,6",,,,,,,,,,,,,,,,,,,,,,,,,,,,,,,,,,,,,,,,,,,,,,,,,,,,,,,,,,,,,,,,,,,,,,,,,,,,,,,,,Doing the experiments myself instead of watching the teacher do it.,2,,1,3,2,1,1,1,1,2,2,,,,,,,,,,,,,,,,2,1,3,1,1,3,2,5,3,Waurn Ponds PS,6,,
2026-09-18 11:09:00,2026-09-18 11:25:19,IP Address,,100,979,True,2026-09-18 11:25:23,R_MK0192208,,,,,,,anonymous,EN,2,2,2,,,29,18,Nurse at the local hospital,12,Accountant,1,2,"Maybe explain the words at the start, I didn't know some of them.",,,,More time to write up what we found.,More time to write up what we found.,Science and English. Maths is okay but harder.,Knowing what jobs these subjects lead to.,,,,They explain what the job is really like.,3,,3,"2,3,4,5",,I don't think I will need to move.,They help me think about what I enjoy.,Maybe a teacher,2,3,I don't think I will need to move.,,Someone I know started doing it.,,12,1,2,2,2,2,2,1,5,2,1,1,2,3,,20,"3,7",,4,,2,3,2,3,2,2,2,2,2,1,"20,26","3,5",Being in a small group where I wasn't scared to say the wrong thing.,,,"1,3,9",,4,"1,4",,2,,,,,,,,1,2,1,1,2,2,2,4,1,2,,"4,5,8,10",,2,I realised I was better at it than I thought.,2,,"1,4,5,7",,,,,,,,,,,,,,,,,,,,,,,,,,,,,,,,,,,,,,,,,,"2,5",,16,"3,6,8",,4,,1,1,2,3,3,2,3,4,2,2,"23,25,27","5,6",Being in a small group where I wasn't scared to say the wrong thing.,"3,4,5",,6,"2,10",,4,,2,4,2,3,1,3,2,3,2,"22,24,28",6,Doing the experiments myself instead of watching the teacher do it.,,,,,,,,,,,,,Doing the experiments myself instead of watching the teacher do it.,1,,4,2,3,2,3,2,2,2,5,,,,3,2,3,2,3,3,1,1,2,Wendouree PS,4,,
2026-10-11 09:46:00,2026-10-11 10:17:35,IP Address,,100,1895,True,2026-10-11 10:17:39,R_MK0193622,,,,,,,anonymous,EN,3,4,1,"1,3,5,9",,26,5,Primary school teacher,20,Aged care worker,1,3,Longer so we could finish properly.,,,,,,"Science, especially biology, and geography.",If the teacher explained things more slowly.,,,,,,An environmental scientist,1,2,,,They explain what the job is really like.,A marine scientist,3,3,I would need to go to the city for university.,,I went to a STEM activity and really liked it.,2,11,2,1,2,3,2,3,2,1,2,1,1,2,2,,17,"2,4,8,9",,3,,2,1,2,5,2,1,2,1,2,2,"20,24,25,26,27","5,6",Learning science can fix real problems in our own town.,,,"1,4,8,9",,5,"3,4,5,7",,"3,5",,,,,,,,2,2,2,1,3,2,2,1,1,3,Something protecting rivers,"3,5,7",,2,I found out more about what the job involves.,3,,1,,,,,,,,,,,,,,,,,,,,,,,,,,,,,,,,,,,,,,,,,,,,,,,,,,,,,,,,,,,,,,,,,,,,,,,,,,,,,,,,,,,,,,,,,,,,,,,,,,,,,,,,,,,,1,1,3,1,5,1,3,1,2,Kangaroo Flat PS,2,,
2026-09-14 09:19:00,2026-09-14 09:29:49,IP Address,,71,649,False,2026-09-14 09:29:53,R_MK0194908,,,,,,,anonymous,EN,2,1,1,"2,4,5",,26,4,Council worker,,Electrician,1,,"More tools, we had to share.",,,,,,Woodwork and design. I like making things with my hands.,Doing it with my friends.,,,,They explain what the job is really like.,3,Something where I build things,1,,,,I talk to them about it at home.,Maybe an engineer,3,1,I don't think I will need to move.,,Someone I know started doing it.,1,7,3,4,3,2,2,5,1,1,1,2,2,2,4,,30,"1,3,4,8,10",,3,,1,4,3,1,3,3,1,3,3,2,"20,21,22,24,25","3,6",Making the model with real tools. It felt like proper work.,"6,8",,"3,10",,5,,,1,,,,,,,,1,4,1,4,2,5,2,1,1,1,Something where I build things,"8,9",,,Someone I know started doing it.,"1,5",,1,,,,,,,,,,,,,,,,,,,,,,,,,,,,,,,,,,,,,,,,,,,,,,,,,,,,,,,,,,,,,,,,,,,,,,,,,,,,,,,,,,,,,,,,,,,,,,,,,,,,,,,,,,,,,,,,,,,,,Wendouree PS,3,,
2026-09-28 09:01:00,2026-09-28 09:17:52,IP Address,,100,1012,True,2026-09-28 09:17:56,R_MK0195235,,,,,,,anonymous,EN,4,1,2,"1,5",,29,4,Electrician,22,Hairdresser,2,3,"Longer, and less talking in front of everyone at the end.",,20,More time to write up what we found.,,,,,I knew I enjoyed it so I kept choosing it.,2,"6,7",,2,Maybe a teacher,1,"1,2,4,5",,,They help me think about what I enjoy.,A vet maybe,1,1,I don't think I will need to move.,Maybe a teacher,I went to a STEM activity and really liked it.,,9,1,1,1,1,3,2,2,3,1,3,1,3,4,,10,1,,2,,1,4,4,2,1,2,1,3,1,3,"21,24,27","1,4,6",I liked that we could test our own ideas even when they didn't work.,,,,,,,,,,"Bachelor of Nursing, because I want to help people.",1,"1,2,6,7",,"4,5",,2,3,3,1,4,1,1,2,4,4,A scientist,,,1,I realised I was better at it than I thought.,1,,"1,3",,,,,,,,,,,,,,,,,,,,,,4,,17,"1,2,7",,2,,3,4,3,3,4,2,3,1,2,3,"20,22,25","4,5",Being in a small group where I wasn't scared to say the wrong thing.,,,,,,,,,,,,,,,,,,,,,,,,,,,,,,,,,,,,,,,,,,,,,,,,,,,,,,,,,,,,,,,,,,,2,2,3,2,1,2,2,2,3,Doing the experiments myself instead of watching the teacher do it.,7,1,
2026-09-19 12:30:00,2026-09-19 12:54:50,IP Address,,100,1490,True,2026-09-19 12:54:54,R_MK0196876,,,,,,,anonymous,EN,3,1,1,"5,9",,25,21,,13,Police officer,1,1,"Explain things more at the start, I didn't understand the words.",,,,,,"Maths is alright, I like the puzzles.",Getting help when I get stuck.,,,,I talk to them about it at home.,3,,1,"2,4,7",,I don't think I will need to move.,They help me think about what I enjoy.,Maybe an engineer,,,The work I want is mostly in Melbourne.,Maybe an engineer,Someone I know started doing it.,1,18,2,2,4,4,1,2,2,4,2,1,1,1,3,,10,"2,7,8",,3,,1,1,3,2,2,3,1,3,2,3,"21,22,23,25","5,6",The mentor said she was first in her family to go to uni too.,,,"1,2,3,4",,5,5,,"1,2,4,5",,,,,,,,,,,,,,,,,,"I want to go to uni now, maybe engineering","3,7",,1,Someone I know started doing it.,"4,6",,1,,,,,,,,,,,,,,,,,,,,,,,,,,,,,,,,,,,,,,,,,,,,,,,,,,,,,,,,,,,,,,,,,,,,,,,,,,,,,,,,,,,,,,,,,,,,,,,,,,,,,,,,,,,,4,2,1,2,2,3,2,1,2,Bendigo South SC,4,,
2026-09-30 11:10:00,2026-09-30 11:35:22,IP Address,,100,1522,True,2026-09-30 11:35:26,R_MK0197283,,,,,,,anonymous,EN,5,1,1,"1,2,3",,27,8,Police officer,18,Builder,1,2,,,,,"More equipment, we had to share one set.",,Agriculture and science. And PE.,More hands-on activities instead of just worksheets.,,,,I talk to them about it at home.,1,An agricultural scientist,,2,,I would need to go to the city for university.,They help me think about what I enjoy.,A vet,2,2,I don't think I will need to move.,A vet,Someone I know started doing it.,2,21,2,1,4,2,5,3,2,3,1,1,3,3,,,,,,,,,,,,,,,,,,,,,"7,10,11",,,,5,"1,3",,"1,5",,,,,,,,2,2,1,3,2,1,3,2,3,2,A vet,"1,4,7",,2,,"2,5",,4,,,,,,,,,,,,,,,,,,,,,,,,,,,,,,,,,,,,,,,,,,2,,9,"1,2,3,5",,2,,1,4,4,5,2,2,5,3,1,3,"24,28",2,Getting to do it here instead of travelling to the city.,,,,,,,,,,,,,,,,,,,,,,,,,,,,,,,,,,,,,,,,,,,,,,,3,1,2,1,2,2,2,3,1,Traralgon East PS,5,,
2026-09-23 11:30:00,2026-09-23 11:45:03,IP Address,,100,903,True,2026-09-23 11:45:07,R_MK0198749,,,,,,,anonymous,EN,6,2,2,"3,6",,27,14,Accountant,20,Childcare educator,1,2,,,,,,Longer so we could finish properly.,"Science, especially biology, and geography.",,,,,They tell me what they think I would be good at.,2,Something protecting rivers,2,"2,5,6",,I don't think I will need to move.,They help me think about what I enjoy.,A marine scientist,3,2,I don't think I will need to move.,An environmental scientist,Someone I know started doing it.,2,4,2,2,2,3,1,1,1,3,2,2,4,1,,,,,,,,,,,,,,,,,,,,,"4,5,9,10,11",,,,4,"1,6",,5,,,,,,,,2,1,2,2,2,1,2,2,1,3,A marine scientist,"4,8",,2,,"1,6",,"5,6,7",,,,,,,,,,,,,,,,,,,,,,,,,,,,,,,,,,,,,,,,,,,,,,,,,,,,,,,,,,,,,,"2,3",,5,"2,3,5,7,9",,3,,1,1,2,2,1,1,2,2,1,"22,24,25","3,4",Learning science can fix real problems in our own town.,The excursion where we surveyed the wetlands.,3,,2,1,2,3,1,5,4,1,5,Testing the water in the creek near us and finding what was in it.,1,,2,3,2,2,1,3,1,2,2,,,,3,2,4,1,2,2,1,2,1,Ararat West PS,1,,
2026-09-29 14:44:00,2026-09-29 14:54:48,IP Address,,100,648,True,2026-09-29 14:54:52,R_MK0199179,,,,,,,anonymous,EN,2,1,2,"2,3,5,6,7,9",,27,12,Builder,18,Warehouse supervisor,1,3,,"Nothing much, it was well run.",,,"More time on the analysis, we rushed that bit.",,,Doing it with my friends.,,,,They help me think about what I enjoy.,3,,2,"1,4,6",,There aren't those jobs near where I live.,They help me think about what I enjoy.,Medicine or research,,2,There aren't those jobs near where I live.,Medicine or research,I realised I was better at it than I thought.,2,20,1,2,1,1,2,2,5,2,1,2,2,2,,,,,,,,,,,,,,,,,,,,,"6,8,9,11",,"3,8,10",,4,"1,2,4,6",,"1,2,3,4,5",,,,,,,,2,1,1,1,1,1,1,1,1,1,A biomedical scientist,"1,3,4,7,11,12",,2,,"1,2,3,4",,"2,4",,"2,3",,11,"1,2,3,5,7,10",,3,,2,2,5,3,2,2,1,2,1,2,"20,21,23,24,25,28","2,4,5",The research part where we had to find real evidence.,,,,,,,,,,,,,,,,,,,,,"1,2,4",,15,"2,8",,3,,1,2,1,2,2,2,1,1,1,2,"20,21,23,24,25,28","2,4",The research part where we had to find real evidence.,,,,,,,,,,,,,,,,,,,,,,,,,,,,,,,,,,,,,,,,,,,,,,,1,1,1,2,1,2,2,2,1,Sebastopol PS,6,,
